episode,reward,td_error,epsilon,hops,delay_ms,dropped,avg_util
1,0.10000000000000003,0.35,0.9999917000172225,2,9.0,0.0,0.006923076923076922
2,0.19999999999999996,0.39999999999999997,0.9999792501722243,3,8.0,0.0,0.006923076923076922
3,-3.2,0.3975,0.9999460513433347,8,22.0,0.0,0.045
4,0.6,0.6,0.9999419015672216,1,4.0,0.0,0.0038461538461538464
5,-2.7,0.3585428571428571,0.9999128536166302,7,17.0,1.0,0.055
6,-0.19999999999999996,0.45,0.9998962551665859,4,12.0,0.0,0.016153846153846154
7,-3.0,0.36524999999999996,0.9998630590930904,8,20.0,0.0,0.030000000000000002
8,-2.0,0.392,0.9998423121068148,5,10.0,1.0,0.051153846153846154
9,-2.9,0.3625,0.999809117824203,8,19.0,0.0,0.038461538461538464
10,0.5,0.35,0.9998008194257443,2,5.0,0.0,0.01153846153846154
11,-0.9000000000000001,0.26285714285714284,0.999771775573538,7,19.0,0.0,0.03461538461538462
12,-1.5000000000000002,0.4044,0.9997427325650451,7,25.0,0.0,0.02423076923076923
13,-0.29999999999999993,0.7000000000000001,0.9997302858196789,3,13.0,0.0,0.00923076923076923
14,0.10000000000000009,0.375,0.9997136904002414,4,9.0,0.0,0.030000000000000002
15,-0.30000000000000004,0.24124857142857145,0.9996846490791019,7,13.0,0.0,0.065
16,0.7,0.7,0.9996805003878083,1,3.0,0.0,0.0023076923076923075
17,-0.30000000000000004,0.29535,0.9996639057948036,4,13.0,0.0,0.019230769230769232
18,-4.1,0.42087499999999994,0.9996307174351952,8,31.0,0.0,0.033846153846153845
19,-4.1,0.46138650000000003,0.9995975301774244,8,31.0,0.0,0.024615384615384612
20,-3.2,0.36102999999999996,0.9995643440214544,8,22.0,0.0,0.02961538461538462
21,-0.30000000000000004,0.46249999999999997,0.9995477513566335,4,13.0,0.0,0.016153846153846154
22,0.6000000000000001,0.48100000000000004,0.9995394551275121,2,4.0,0.0,0.006153846153846154
23,0.4,0.6000000000000001,0.9995311589672492,2,6.0,0.0,0.015000000000000001
24,-3.0,0.36377499999999996,0.9994979750147714,8,20.0,0.0,0.023076923076923075
25,0.10000000000000003,0.28368,0.9994896791987927,2,9.0,0.0,0.007692307692307693
26,-2.7,0.3225525,0.9994564966234234,8,17.0,0.0,0.030000000000000002
27,-1.4000000000000001,0.304335,0.9994233151496995,8,24.0,0.0,0.03115384615384615
28,0.49999999999999994,0.38035,0.9994150199533964,2,5.0,0.0,0.010384615384615384
29,-0.8999999999999998,0.2697,0.999381839856678,8,19.0,0.0,0.060000000000000005
30,0.10000000000000003,0.23749199999999998,0.9993735450046191,2,9.0,0.0,0.006923076923076922
31,-3.9999999999999996,0.42840975,0.9993403662848491,8,30.0,0.0,0.05192307692307692
32,-0.10000000000000009,0.305565,0.9993237773380355,4,11.0,0.0,0.015384615384615385
33,0.5,0.45,0.9993196301443595,1,5.0,0.0,0.00923076923076923
34,-3.1999999999999997,0.3078633275,0.9992864532145367,8,22.0,0.0,0.05500000000000001
35,-3.4000000000000004,0.373815,0.999253277386172,8,24.0,0.0,0.03461538461538462
36,-3.7,0.37886240000000004,0.9992201026592287,8,27.0,0.0,0.033846153846153845
37,-3.6999999999999993,0.34659054,0.9991869290336706,8,27.0,0.0,0.03807692307692308
38,-3.0,0.3408957975,0.9991537565094608,8,20.0,0.0,0.04230769230769231
39,-2.2,0.36572144,0.999133024241092,5,12.0,1.0,0.05538461538461538
40,-3.9000000000000004,0.35381329249999993,0.9990998535064952,8,29.0,0.0,0.025
41,-2.6,0.300224625,0.999066683873151,8,16.0,0.0,0.06153846153846154
42,0.8,0.72,0.999062537746413,1,2.0,0.0,0.006153846153846154
43,0.8,0.648,0.9990583916368814,1,2.0,0.0,0.006923076923076922
44,-0.30000000000000004,0.38615499999999997,0.9990418073708177,4,13.0,0.0,0.03461538461538461
45,-3.5,0.35154928475,0.9990086396645771,8,25.0,0.0,0.030769230769230767
46,-2.9000000000000004,0.2869782125,0.9989754730594882,8,19.0,0.0,0.060000000000000005
47,0.7,0.63,0.998971327311275,1,3.0,0.0,0.0026923076923076926
48,-0.09999999999999998,0.39353333333333335,0.9989588901698643,3,11.0,0.0,0.010384615384615384
49,0.39999999999999997,0.393165,0.9989505988282804,2,6.0,0.0,0.006153846153846154
50,-3.6,0.43237734274999995,0.9989174341501195,8,26.0,0.0,0.049230769230769224
51,-0.7,0.22186933333333328,0.9988925613640658,6,17.0,0.0,0.02692307692307692
52,-2.8,0.29480153,0.9988593986127207,8,18.0,0.0,0.04153846153846154
53,-3.4000000000000004,0.366010398,0.9988262369623628,8,24.0,0.0,0.060000000000000005
54,-4.0,0.42555293435249997,0.9987930764129558,8,30.0,0.0,0.02153846153846154
55,-3.2,0.3717395,0.9987599169644629,8,22.0,0.0,0.02076923076923077
56,0.4,0.204525,0.9987516272743532,2,6.0,0.0,0.02153846153846154
57,-3.3000000000000003,0.35973829953975,0.9987184692019518,8,23.0,0.0,0.030000000000000002
58,-0.7999999999999999,0.25249,0.9986936013700738,6,18.0,0.0,0.016153846153846154
59,-3.6,0.36583812250000003,0.9986604452241045,8,26.0,0.0,0.04230769230769232
60,-3.1,0.34110346732245,0.9986272901789033,8,21.0,0.0,0.026923076923076925
61,0.5,0.32349333333333335,0.9986148573207372,3,5.0,0.0,0.01846153846153846
62,-1.0000000000000002,0.29986007,0.9985899920687682,6,20.0,0.0,0.043076923076923075
63,-0.20000000000000007,0.30956327100000003,0.998573415578089,4,12.0,0.0,0.015384615384615385
64,0.20000000000000007,0.49805999999999995,0.9985651274359376,2,8.0,0.0,0.00923076923076923
65,-0.09999999999999998,0.2576148,0.9985485513580088,4,11.0,0.0,0.026923076923076925
66,-3.7,0.38969295967499995,0.9985154000276301,8,27.0,0.0,0.02076923076923077
67,-4.1,0.36554139179077494,0.9984822497978594,8,31.0,0.0,0.04
68,-0.8,0.35179333333333335,0.9984573878477836,6,18.0,0.0,0.01884615384615385
69,0.8,0.8,0.998453244249624,1,2.0,0.0,0.005384615384615385
70,0.6000000000000001,0.40536,0.9984449571048927,2,4.0,0.0,0.010384615384615384
71,-2.9,0.270188477125,0.998411809213793,8,19.0,0.0,0.06461538461538462
72,-3.5,0.39126525,0.9983786624231874,8,25.0,0.0,0.02692307692307693
73,-3.3,0.3569812041736993,0.9983455167330392,8,23.0,0.0,0.015384615384615385
74,-1.2000000000000004,0.25912193099999997,0.9983123721433119,8,22.0,0.0,0.045
75,-0.09999999999999998,0.2933846666666667,0.998299943205859,3,11.0,0.0,0.017307692307692305
76,0.9,0.81,0.9982958002610948,1,1.0,0.0,0.004615384615384615
77,-3.7,0.3267530495,0.9982626573219305,8,27.0,0.0,0.01269230769230769
78,-0.09999999999999998,0.23516088333333332,0.9982378008396505,6,11.0,0.0,0.03807692307692308
79,0.6000000000000001,0.33728400000000003,0.9982295154830958,2,4.0,0.0,0.00923076923076923
80,-3.2,0.3096134425758923,0.9981963747445541,8,22.0,0.0,0.05384615384615386
81,0.6,0.43739999999999996,0.998192232229599,1,4.0,0.0,0.0026923076923076926
82,0.7,0.567,0.9981880897318353,1,3.0,0.0,0.003461538461538461
83,0.7,0.7,0.9981839472512629,1,3.0,0.0,0.0038461538461538464
84,-2.7,0.25453739327245,0.9981508080255646,8,17.0,0.0,0.050769230769230775
85,-3.3,0.383452425,0.9981176699000724,8,23.0,0.0,0.038461538461538464
86,0.8,0.72,0.9981135277117423,1,2.0,0.0,0.007692307692307693
87,-4.2,0.42581098250000005,0.9980803908239387,8,32.0,0.0,0.02307692307692308
88,0.9,0.81,0.9980762487903169,1,1.0,0.0,0.005384615384615385
89,0.8,0.52488,0.9980721067738844,1,2.0,0.0,0.006153846153846154
90,-0.30000000000000004,0.27317749999999996,0.9980555388800475,4,13.0,0.0,0.028846153846153848
91,-3.2,0.31631379919943403,0.9980224039174451,8,22.0,0.0,0.038461538461538464
92,0.0,0.37714831199999993,0.9980099785900817,3,10.0,0.0,0.02
93,-4.1,0.40410130917091003,0.9979768451400589,8,31.0,0.0,0.02769230769230769
94,-3.5999999999999996,0.35156723434624026,0.9979437127900508,8,26.0,0.0,0.02538461538461539
95,0.19999999999999996,0.4112485,0.9979354298744217,2,8.0,0.0,0.013846153846153845
96,0.10000000000000009,0.3285549475,0.9979188642494072,4,9.0,0.0,0.02
97,0.29999999999999993,0.34783200000000003,0.9979105815400207,2,7.0,0.0,0.005384615384615385
98,0.09999999999999998,0.48376349999999996,0.9979022988993804,2,9.0,0.0,0.008461538461538461
99,0.6000000000000001,0.42331949999999996,0.997894016327486,2,4.0,0.0,0.012692307692307694
100,-4.0,0.37426840775000003,0.9978608867273545,8,30.0,0.0,0.057692307692307696
101,0.5,0.45,0.9978567456046746,1,5.0,0.0,0.0038461538461538464
102,0.6,0.6,0.9978526044991803,1,4.0,0.0,0.004230769230769231
103,-3.4,0.3243253941835059,0.9978194762739017,8,24.0,0.0,0.04153846153846154
104,-0.6,0.27264704108000004,0.9977987716916178,5,16.0,0.0,0.030000000000000002
105,0.8,0.648,0.9977946308267153,1,2.0,0.0,0.006153846153846154
106,0.20000000000000007,0.33682800599999996,0.997786349148464,2,8.0,0.0,0.01846153846153846
107,-2.9000000000000004,0.350163819797525,0.9977532231228309,8,19.0,0.0,0.05076923076923076
108,-2.7,0.25969707415514204,0.9977200981969657,8,17.0,0.0,0.060000000000000005
109,-3.4,0.31381037519142857,0.9976911147889587,7,24.0,1.0,0.058846153846153854
110,-0.4,0.17311483628,0.9976704128701535,5,14.0,0.0,0.033846153846153845
111,0.6000000000000001,0.30941676,0.997662132222909,2,4.0,0.0,0.013846153846153845
112,-4.1,0.32760526465,0.997629010321218,8,31.0,0.0,0.060000000000000005
113,-0.6,0.28878490657672007,0.9976124497827363,4,16.0,0.0,0.01730769230769231
114,-0.40000000000000013,0.30446525,0.997595889519158,4,14.0,0.0,0.02
115,0.29999999999999993,0.28778895,0.9975876094904561,2,7.0,0.0,0.01076923076923077
116,0.8,0.5831999999999999,0.9975834695018767,1,2.0,0.0,0.00923076923076923
117,0.09999999999999987,0.26657586666666666,0.997571049639224,3,9.0,0.0,0.023076923076923075
118,-4.7,0.37576445299999994,0.9975379307614308,8,37.0,0.0,0.023076923076923075
119,-3.6000000000000005,0.3172382709407585,0.9975048129831684,8,26.0,0.0,0.05192307692307692
120,-3.4,0.32698796081122106,0.9974716963044002,8,24.0,0.0,0.04653846153846154
121,-3.8999999999999995,0.28894998730905574,0.9974385807250898,8,29.0,0.0,0.04307692307692308
122,-0.20000000000000007,0.26857228141156997,0.9974220233477199,4,12.0,0.0,0.011538461538461537
123,0.8,0.72,0.997417884046323,1,2.0,0.0,0.004230769230769231
124,-0.5000000000000002,0.23634560848400002,0.9973971877970087,5,15.0,0.0,0.03230769230769231
125,-3.5999999999999996,0.30701396909048045,0.9973640746913448,8,26.0,0.0,0.03807692307692308
126,-1.5999999999999999,0.22258747318270874,0.99733096268502,8,26.0,0.0,0.04153846153846154
127,-3.0,0.2794139717525,0.9972978517779979,8,20.0,0.0,0.04615384615384615
128,0.7,0.63,0.997293712991913,1,3.0,0.0,0.004230769230769231
129,0.3,0.23266169999999997,0.9972854354712711,2,7.0,0.0,0.006153846153846154
130,0.29999999999999993,0.24714355500000001,0.9972771580193325,2,7.0,0.0,0.004615384615384615
131,0.0,0.29198003290200003,0.9972606033215627,4,10.0,0.0,0.023076923076923075
132,0.09999999999999998,0.29205242666666664,0.9972481874785774,3,9.0,0.0,0.015384615384615385
133,-1.5,0.343650438336,0.9972233562563344,6,25.0,0.0,0.029615384615384616
134,-3.9000000000000004,0.324086818386275,0.9971902489217939,8,29.0,0.0,0.02769230769230769
135,-0.5000000000000002,0.19816832745000001,0.9971736956667061,4,15.0,0.0,0.012307692307692308
136,-3.3,0.3054866982818413,0.9971405899808732,8,23.0,0.0,0.03461538461538462
137,-0.5,0.20052364757142854,0.9971116234073701,7,15.0,0.0,0.033846153846153845
138,-0.8000000000000002,0.20179832377321663,0.9970867955855373,6,18.0,0.0,0.029615384615384616
139,-3.3999999999999995,0.32749409209305946,0.9970536927847451,8,24.0,0.0,0.04230769230769231
140,0.19999999999999996,0.24125646846666662,0.9970412795177851,3,8.0,0.0,0.013846153846153845
141,0.29999999999999993,0.3089519633333333,0.9970288664053697,3,7.0,0.0,0.015384615384615385
142,0.4,0.29159999999999997,0.9970247287355741,1,6.0,0.0,0.003076923076923077
143,-1.0000000000000002,0.26751798888534595,0.997004040644165,5,20.0,0.0,0.006923076923076922
144,-1.2,0.24842888,0.9969792155011152,6,22.0,0.0,0.01846153846153846
145,0.7,0.45926999999999996,0.996975078037371,1,3.0,0.0,0.005384615384615385
146,0.0,0.33660897500000003,0.9969585283540977,4,10.0,0.0,0.016923076923076923
147,0.0,0.28368,0.99694611627193,3,10.0,0.0,0.02
148,0.39999999999999997,0.25856577,0.9969378416363349,2,6.0,0.0,0.013846153846153845
149,0.6,0.35429399999999994,0.9969337043442922,1,4.0,0.0,0.0038461538461538464
150,-3.8000000000000003,0.2933499093643825,0.9969006066260554,8,28.0,0.0,0.038461538461538464
151,-1.4999999999999996,0.1820277075332306,0.9968716470239821,7,25.0,0.0,0.01846153846153846
152,-0.4999999999999999,0.20956792143999997,0.9968509621089919,5,15.0,0.0,0.020769230769230766
153,-3.1,0.24475883435120177,0.9968178671377576,8,21.0,0.0,0.03230769230769231
154,-3.2,0.3423329079964983,0.9967847732652603,8,22.0,0.0,0.03230769230769231
155,-2.5999999999999996,0.266962029549498,0.9967516804914636,8,16.0,0.0,0.03807692307692308
156,-0.7999999999999998,0.28922678088000003,0.9967268616321163,6,18.0,0.0,0.029615384615384616
157,-3.2,0.3214041261942272,0.9966937707809579,8,22.0,0.0,0.02
158,-0.5,0.2216530246061029,0.9966772257673561,4,15.0,0.0,0.018461538461538463
159,0.4,0.4705695,0.9966689533635475,2,6.0,0.0,0.012307692307692308
160,0.6000000000000001,0.4148334,0.9966606810283998,2,4.0,0.0,0.00576923076923077
161,-3.0999999999999996,0.2844720132456827,0.9966275923744055,8,21.0,0.0,0.04230769230769231
162,-3.4999999999999996,0.2998654841645336,0.9965945048189384,8,25.0,0.0,0.024230769230769236
163,0.8,0.648,0.9965903689517435,1,2.0,0.0,0.003461538461538461
164,-0.8,0.21356127496373345,0.9965696898732248,5,18.0,0.0,0.02769230769230769
165,0.7,0.37200869999999997,0.9965655541090118,1,3.0,0.0,0.004230769230769231
166,0.8,0.52488,0.9965614183619623,1,2.0,0.0,0.01076923076923077
167,-1.4000000000000001,0.35265206216644623,0.9965324686131853,7,24.0,0.0,0.02769230769230769
168,0.6,0.31886459999999994,0.9965283330034406,1,4.0,0.0,0.003076923076923077
169,-3.4,0.28828252439405366,0.9964952487433368,8,24.0,0.0,0.04307692307692308
170,0.7,0.41334299999999996,0.9964911132880546,1,3.0,0.0,0.005
171,0.0,0.257178145476,0.9964787070251804,3,10.0,0.0,0.02
172,-1.5999999999999996,0.17799503598419253,0.9964456244126353,8,26.0,0.0,0.045
173,0.49999999999999994,0.27960904349999993,0.996437353931114,2,5.0,0.0,0.0023076923076923075
174,-0.19999999999999996,0.17173022724110906,0.996412542898417,6,12.0,0.0,0.05076923076923076
175,0.20000000000000007,0.29379429257175,0.996396002553169,4,8.0,0.0,0.023076923076923075
176,-2.9000000000000004,0.2650084832168809,0.9963629226863724,8,19.0,0.0,0.029615384615384616
177,0.8,0.72,0.9963587877802432,1,2.0,0.0,0.004615384615384615
178,-3.0,0.23192225418294418,0.9963257091489592,8,20.0,0.0,0.04307692307692308
179,-0.29999999999999993,0.25876754999999996,0.9963091702451424,4,13.0,0.0,0.025384615384615387
180,-3.0,0.2920631479911,0.9962760932611366,8,20.0,0.0,0.05384615384615385
181,-3.5999999999999996,0.30807023091122754,0.9962430173752708,8,26.0,0.0,0.03076923076923077
182,0.0,0.28997317958361224,0.9962264798441289,4,10.0,0.0,0.017307692307692305
183,-2.5,0.22078167924500003,0.9961934056054046,8,15.0,0.0,0.046538461538461535
184,-4.199999999999999,0.3378948925707008,0.9961603324647289,8,32.0,0.0,0.05
185,-0.6000000000000001,0.23899597070652,0.9961355283297948,6,16.0,0.0,0.01076923076923077
186,0.49999999999999994,0.25979670431999996,0.9961272604220656,2,5.0,0.0,0.006923076923076922
187,0.2,0.21710609999999997,0.9961189925829599,2,8.0,0.0,0.015000000000000001
188,-0.7,0.21578107496285717,0.9960900556864919,7,17.0,0.0,0.051923076923076926
189,0.8,0.4251528,0.9960859219127608,1,2.0,0.0,0.005769230769230769
190,-0.30000000000000004,0.1907882763175215,0.9960611196306302,6,13.0,0.0,0.04230769230769231
191,-3.8999999999999995,0.265687963566875,0.9960280508817851,8,29.0,0.0,0.024230769230769236
192,0.09999999999999998,0.28342945103309997,0.9960156503840139,3,9.0,0.0,0.012307692307692308
193,0.4,0.324,0.9960115169190648,1,6.0,0.0,0.005
194,-2.8,0.21483582822686395,0.995978449817006,8,18.0,0.0,0.05
195,-2.1000000000000005,0.2701864514565,0.995945383812759,8,31.0,0.0,0.015384615384615384
196,-3.0999999999999996,0.2551528013014513,0.9959123189062872,8,21.0,0.0,0.038461538461538464
197,0.8,0.47239200000000003,0.9959081858701637,1,2.0,0.0,0.006923076923076922
198,-0.30000000000000004,0.28479337940781,0.9958916538971901,4,13.0,0.0,0.01884615384615385
199,-0.7000000000000001,0.21474288239000416,0.9958709893168886,5,17.0,0.0,0.023076923076923075
200,-3.0,0.27149419686188386,0.9958379268802782,8,20.0,0.0,0.045
201,-0.6,0.17410742615361424,0.9958172634148029,5,16.0,0.0,0.01884615384615385
202,0.0,0.20051107273357055,0.9958007329511328,4,10.0,0.0,0.01730769230769231
203,-0.6000000000000001,0.32007847992320004,0.9957800702574252,5,16.0,0.0,0.026923076923076925
204,0.5,0.2971801305,0.9957718052999919,2,5.0,0.0,0.007692307692307693
205,0.8,0.4251528,0.9957676728469999,1,2.0,0.0,0.01076923076923077
206,-0.30000000000000016,0.18489826111702512,0.995751143206528,4,13.0,0.0,0.013461538461538462
207,0.4,0.26244,0.9957470108392837,1,6.0,0.0,0.0026923076923076926
208,-3.5999999999999996,0.2719244183386529,0.9957139525186991,8,26.0,0.0,0.05076923076923076
209,-4.0,0.304213628800525,0.9956808952956347,8,30.0,0.0,0.033846153846153845
210,0.5,0.292941465705,0.995672631161352,2,5.0,0.0,0.008461538461538461
211,-0.5999999999999999,0.20907752204924082,0.9956519711257344,5,16.0,0.0,0.03230769230769231
212,-2.7,0.28330773572611667,0.9956189159604224,8,17.0,0.0,0.03461538461538462
213,-2.6,0.2860040498120956,0.9955858618925261,8,16.0,0.0,0.05500000000000001
214,0.0,0.1940653130382,0.9955734668999849,3,10.0,0.0,0.016923076923076923
215,-4.199999999999999,0.282915264881365,0.9955404143409754,8,32.0,0.0,0.030769230769230767
216,-0.4999999999999999,0.09341861784071674,0.9955114942519961,7,15.0,0.0,0.03692307692307692
217,-3.5,0.3844892328969267,0.9954784437504486,8,25.0,0.0,0.04153846153846154
218,0.9,0.5314409999999999,0.995474312514907,1,1.0,0.0,0.006153846153846154
219,-0.8,0.187483248,0.9954536565943672,5,18.0,0.0,0.013846153846153845
220,-1.9000000000000001,0.2520788887738374,0.9954206080130023,8,29.0,0.0,0.023076923076923075
221,-0.4999999999999998,0.21514316369244568,0.9953999532068216,5,15.0,0.0,0.011538461538461537
222,-3.9,0.31249673032917935,0.9953669064083832,8,29.0,0.0,0.038461538461538464
223,-1.2999999999999996,0.1586202624954,0.9953379913597465,7,23.0,0.0,0.024615384615384615
224,-3.1,0.2686768000418016,0.9953049466184113,8,21.0,0.0,0.02961538461538462
225,0.19999999999999996,0.1352223558,0.9952925551232508,3,8.0,0.0,0.013846153846153845
226,-3.1,0.30711322947243047,0.9952595118903768,8,21.0,0.0,0.04230769230769231
227,-2.9000000000000004,0.24587838387464817,0.9952264697545221,8,19.0,0.0,0.03807692307692308
228,-3.2,0.2778309932267242,0.9951934287156504,8,22.0,0.0,0.05
229,-2.7,0.22450797573780026,0.9951603887737256,8,17.0,0.0,0.06346153846153846
230,0.8,0.5831999999999999,0.9951562588581122,1,2.0,0.0,0.0023076923076923075
231,-0.9000000000000001,0.2028468426085321,0.9951314797243516,6,19.0,0.0,0.04038461538461538
232,0.4,0.29159999999999997,0.9951273499287108,1,6.0,0.0,0.003461538461538461
233,-3.8,0.2836994481715288,0.9950943121805695,8,28.0,0.0,0.04153846153846154
234,-3.7,0.27873890380315813,0.9950612755292656,8,27.0,0.0,0.021153846153846155
235,0.4,0.183674560367592,0.9950488870677976,3,6.0,0.0,0.013846153846153845
236,0.6,0.35429399999999994,0.9950447576149163,1,4.0,0.0,0.003461538461538461
237,-3.3,0.327873509271971,0.9950117226088001,8,23.0,0.0,0.04230769230769231
238,-3.7,0.2875631376416602,0.9949786886994303,8,27.0,0.0,0.06769230769230769
239,-1.5999999999999999,0.23269880157645084,0.9949497849283777,7,26.0,0.0,0.03461538461538461
240,-1.4999999999999998,0.27612410739013526,0.994916753075309,8,25.0,0.0,0.02538461538461538
241,-3.5999999999999996,0.2875848931997854,0.9948837223188817,8,26.0,0.0,0.07192307692307692
242,0.9,0.59049,0.9948795935514341,1,1.0,0.0,0.006153846153846154
243,-3.5999999999999996,0.217937227985687,0.9948465640286851,8,26.0,0.0,0.038461538461538464
244,0.6,0.31886459999999994,0.9948424354154444,1,4.0,0.0,0.0011538461538461537
245,-1.6000000000000003,0.19458836921493422,0.9948135356025003,7,26.0,0.0,0.04230769230769231
246,-0.10000000000000009,0.1807012702999029,0.9948011502253816,3,11.0,0.0,0.01076923076923077
247,-0.40000000000000013,0.1688737219729295,0.9947805082728436,5,14.0,0.0,0.04576923076923077
248,-0.10000000000000009,0.10901894062499999,0.9947639950192017,4,11.0,0.0,0.01846153846153846
249,-3.0999999999999996,0.2881778016866804,0.9947309693342683,8,21.0,0.0,0.07
250,0.8,0.38263752,0.9947268412007456,1,2.0,0.0,0.004615384615384615
251,-0.20000000000000007,0.15255872457047998,0.9947103288379715,4,12.0,0.0,0.026923076923076925
252,-1.6,0.1393976426983213,0.9946773049347295,8,26.0,0.0,0.04
253,-3.5999999999999996,0.2627586222252627,0.994644282127865,8,26.0,0.0,0.02307692307692308
254,-3.6,0.2784260524852811,0.9946112604173419,8,26.0,0.0,0.033846153846153845
255,-3.2,0.2367994900060745,0.9945782398031238,8,22.0,0.0,0.02769230769230769
256,-0.09999999999999998,0.17615240249590802,0.9945658573554256,3,11.0,0.0,0.00923076923076923
257,-0.29999999999999993,0.11243671334171998,0.994545220285174,5,13.0,0.0,0.02153846153846154
258,-3.3999999999999995,0.2306757027130817,0.9945122018634562,8,24.0,0.0,0.03846153846153847
259,0.09999999999999998,0.265617,0.9945039474293088,2,9.0,0.0,0.01153846153846154
260,-0.30000000000000004,0.19855093280399996,0.9944915659065469,3,13.0,0.0,0.00923076923076923
261,-0.19999999999999996,0.13854714313089647,0.9944791845379342,3,12.0,0.0,0.01076923076923077
262,0.4,0.25826460342430324,0.9944709303778299,2,6.0,0.0,0.011538461538461537
263,0.29999999999999993,0.17100150166085398,0.9944626762862351,2,7.0,0.0,0.007692307692307693
264,0.7,0.30132704699999996,0.9944585492661285,1,3.0,0.0,0.004615384615384615
265,-0.29999999999999993,0.11999065199999999,0.9944461683085712,3,13.0,0.0,0.023076923076923075
266,-3.5999999999999996,0.2756847213006202,0.9944131531753313,8,26.0,0.0,0.030769230769230767
267,-2.8,0.27521301035051854,0.9943801391381779,8,18.0,0.0,0.04615384615384615
268,0.8,0.52488,0.9943760124606005,1,2.0,0.0,0.006153846153846154
269,-0.8,0.20023353842609953,0.9943553793295976,5,18.0,0.0,0.024615384615384615
270,-1.3,0.14792087188450984,0.9943306201375304,6,23.0,0.0,0.02076923076923077
271,0.10000000000000009,0.1758320864640036,0.9943182407726842,3,9.0,0.0,0.013846153846153845
272,-3.8,0.24841105435155256,0.994285229886577,8,28.0,0.0,0.04615384615384615
273,-0.30000000000000004,0.2661073261209387,0.994268724854505,4,13.0,0.0,0.021153846153846155
274,-4.3,0.24409306295266806,0.9942357156123022,8,33.0,0.0,0.030769230769230767
275,0.09999999999999987,0.20075732490982612,0.9942233374290125,3,9.0,0.0,0.016153846153846154
276,-0.7000000000000001,0.1938082166771143,0.9942027074659903,5,17.0,0.0,0.02769230769230769
277,-4.0,0.22150264510513973,0.9941697004155329,8,30.0,0.0,0.03115384615384615
278,-3.5999999999999996,0.22725039596649382,0.9941366944608938,8,26.0,0.0,0.04153846153846154
279,-3.6,0.2784257986645805,0.9941036896020363,8,26.0,0.0,0.04153846153846153
280,0.29999999999999993,0.189655788108825,0.9940954385585337,2,7.0,0.0,0.006923076923076922
281,-4.4,0.2176034536603319,0.9940624350693522,8,34.0,0.0,0.015384615384615385
282,-3.0,0.2586216948543255,0.9940294326758708,8,20.0,0.0,0.04153846153846154
283,-3.3,0.3101215194878037,0.9939964313780532,8,23.0,0.0,0.029615384615384616
284,0.8,0.30993639120000005,0.993992306292863,1,2.0,0.0,0.005384615384615385
285,-0.09999999999999998,0.14585167728750695,0.9939799311400067,3,11.0,0.0,0.006923076923076922
286,-3.3000000000000003,0.2624793654250305,0.9939469314856162,8,23.0,0.0,0.06923076923076922
287,-0.40000000000000013,0.22856526506390748,0.9939263072579697,5,14.0,0.0,0.025384615384615387
288,-0.10000000000000009,0.15247203344690466,0.9939098081839763,4,11.0,0.0,0.02423076923076923
289,-3.3999999999999995,0.25728553647265706,0.9938768108576339,8,24.0,0.0,0.03807692307692308
290,0.6000000000000001,0.35218439999999995,0.9938685616972208,2,4.0,0.0,0.016153846153846154
291,-0.7999999999999998,0.21325361376504431,0.993839690174956,7,18.0,0.0,0.04230769230769231
292,0.19999999999999996,0.22837427424425047,0.9938231925387974,4,8.0,0.0,0.02307692307692308
293,0.3,0.1625544627309,0.9938149438234155,2,7.0,0.0,0.008461538461538461
294,0.19999999999999996,0.3194352686400231,0.9937984465980438,4,8.0,0.0,0.01730769230769231
295,0.49999999999999994,0.26593307639999997,0.9937901980880528,2,5.0,0.0,0.016153846153846154
296,-3.9,0.26614308970150835,0.993757204732708,8,29.0,0.0,0.027692307692307697
297,0.8,0.52488,0.9937530806403084,1,2.0,0.0,0.0023076923076923075
298,0.8,0.47239200000000003,0.9937489565650238,1,2.0,0.0,0.0026923076923076926
299,-3.7,0.31803069425869035,0.9937159645788776,8,27.0,0.0,0.07615384615384616
300,-1.8000000000000003,0.10954786969036685,0.9936870974895039,7,28.0,0.0,0.04
301,-0.7,0.21372026106929704,0.9936664786533682,5,17.0,0.0,0.02769230769230769
302,-3.3999999999999995,0.2855492743224586,0.9936334894054488,8,24.0,0.0,0.02076923076923077
303,-0.30000000000000004,0.14986946943248625,0.9936169951922015,4,13.0,0.0,0.01846153846153846
304,-3.0999999999999996,0.2235500383664382,0.9935840075871091,8,21.0,0.0,0.021153846153846155
305,-3.5999999999999996,0.22820954929054788,0.9935510210771894,8,26.0,0.0,0.030769230769230767
306,0.09999999999999998,0.12838037215628997,0.9935386514183112,3,9.0,0.0,0.015384615384615385
307,-3.0,0.302872127213635,0.9935056664141944,8,20.0,0.0,0.049999999999999996
308,-1.5,0.16152740189085416,0.9934726825051637,8,25.0,0.0,0.05076923076923076
309,0.5,0.274984632,0.993464436699009,2,5.0,0.0,0.011538461538461537
310,-1.0,0.1936103964517493,0.9934355769164293,7,20.0,0.0,0.015384615384615385
311,-3.0,0.21852043989618009,0.9934025953343363,8,20.0,0.0,0.021538461538461538
312,0.5,0.19371024449999996,0.9933984727135656,1,5.0,0.0,0.006923076923076922
313,0.7,0.34413461955,0.9933902275233509,2,3.0,0.0,0.015000000000000001
314,-3.6000000000000005,0.25795868327593074,0.993357247446836,8,26.0,0.0,0.04230769230769232
315,-3.5999999999999996,0.27511298034175224,0.9933242684652435,8,26.0,0.0,0.03461538461538462
316,-2.9000000000000004,0.275836956441109,0.9932912905785374,8,19.0,0.0,0.045
317,-1.4999999999999998,0.14877096893136094,0.9932624358257899,7,25.0,0.0,0.03461538461538462
318,-3.3,0.2317284392631786,0.9932294599918976,8,23.0,0.0,0.026923076923076925
319,-2.6,0.2061571552862937,0.9931964852527871,8,16.0,0.0,0.023076923076923075
320,0.0,0.13712373104850004,0.9931841200078617,3,10.0,0.0,0.02
321,0.29999999999999993,0.21618593414999998,0.9931758765967708,2,7.0,0.0,0.004615384615384615
322,-3.3999999999999995,0.22075319607249544,0.9931429036366034,8,24.0,0.0,0.04846153846153847
323,-3.3,0.1963901408205747,0.9931099317711221,8,23.0,0.0,0.05384615384615385
324,-3.5,0.2664945181981116,0.9930769610002907,8,25.0,0.0,0.03807692307692308
325,-0.8999999999999997,0.15554545307671963,0.9930439913240732,8,19.0,0.0,0.046538461538461535
326,0.7,0.33480783,0.9930398701915092,1,3.0,0.0,0.004615384615384615
327,-0.10000000000000009,0.14935049405332687,0.9930233858322794,4,11.0,0.0,0.025384615384615387
328,-0.7000000000000004,0.18708004013907797,0.9929904179347319,8,17.0,0.0,0.045
329,-3.8999999999999995,0.2538774375219104,0.9929574511317023,8,29.0,0.0,0.04230769230769231
330,0.4,0.26244,0.9929533303582802,1,6.0,0.0,0.0038461538461538464
331,0.39999999999999997,0.26927469865535,0.9929450888627394,2,6.0,0.0,0.00923076923076923
332,0.7,0.27119434229999995,0.9929409681406206,1,3.0,0.0,0.004230769230769231
333,0.8,0.4251528,0.9929368474356028,1,2.0,0.0,0.007692307692307693
334,0.8,0.38263752,0.992932726747686,1,2.0,0.0,0.003076923076923077
335,0.39999999999999997,0.255771348733665,0.9929244854231547,2,6.0,0.0,0.005384615384615385
336,0.6000000000000001,0.3034173816,0.9929162441670264,2,4.0,0.0,0.00576923076923077
337,-3.1999999999999997,0.3045065693463562,0.9928832798265304,8,22.0,0.0,0.02307692307692308
338,-3.4000000000000004,0.32291152799309053,0.9928503165804343,8,24.0,0.0,0.03384615384615385
339,-2.9000000000000004,0.32466735217148324,0.9928173544287022,8,19.0,0.0,0.04153846153846154
340,-0.30000000000000004,0.16983273292345022,0.9927967536395852,5,13.0,0.0,0.04923076923076923
341,-0.8,0.17621002229019045,0.9927720332568949,6,18.0,0.0,0.01846153846153846
342,0.8,0.2789427520800001,0.9927679132529569,1,2.0,0.0,0.01
343,-0.7,0.16290436513413203,0.9927473134897357,5,17.0,0.0,0.029615384615384616
344,-0.9,0.14457270365664976,0.9927225943380923,6,19.0,0.0,0.02423076923076923
345,0.20000000000000007,0.2688461604,0.9927143547576565,2,8.0,0.0,0.004615384615384615
346,-3.8999999999999995,0.30107223908320646,0.9926813971197913,8,29.0,0.0,0.04846153846153847
347,-3.3000000000000003,0.3533364150948273,0.9926484405761039,8,23.0,0.0,0.03115384615384615
348,-3.4,0.26776162568335077,0.9926154851265577,8,24.0,0.0,0.031153846153846157
349,-3.3,0.3691556998331058,0.9925825307711166,8,23.0,0.0,0.04653846153846154
350,0.5,0.3239672598465795,0.992574292353206,2,5.0,0.0,0.01153846153846154
351,0.0,0.16278006448776117,0.99256193485455,3,10.0,0.0,0.010384615384615384
352,-1.0999999999999996,0.1808447002867833,0.9925331012893225,7,21.0,0.0,0.04615384615384616
353,-1.1,0.12903992972467665,0.9925042685616996,7,21.0,0.0,0.03807692307692308
354,0.8,0.25104847687200005,0.992500149668985,1,2.0,0.0,0.004230769230769231
355,-1.0,0.1265102866156051,0.9924754366716569,6,20.0,0.0,0.04576923076923077
356,-3.0,0.2459177738264296,0.9924424869657571,8,20.0,0.0,0.03807692307692308
357,-3.6000000000000005,0.2764511238563595,0.9924095383537715,8,26.0,0.0,0.05076923076923078
358,0.7,0.5103,0.9924054198541874,1,3.0,0.0,0.005384615384615385
359,-1.4000000000000001,0.14031227051177192,0.992376590835664,7,24.0,0.0,0.02769230769230769
360,0.09999999999999998,0.18946469626250398,0.9923642357983816,3,9.0,0.0,0.016923076923076923
361,-3.4000000000000004,0.22916474328361983,0.992331289784297,8,24.0,0.0,0.060000000000000005
362,-0.30000000000000004,0.16926840355125594,0.9923189353110105,3,13.0,0.0,0.02153846153846154
363,0.29999999999999993,0.21907913565704895,0.9923106990809377,2,7.0,0.0,0.01076923076923077
364,0.19999999999999996,0.1849143132571966,0.9922942268258733,4,8.0,0.0,0.023076923076923075
365,-3.1999999999999997,0.250744450699597,0.9922612831360529,8,22.0,0.0,0.04230769230769231
366,-0.20000000000000007,0.20051130378557563,0.992244811701288,4,12.0,0.0,0.017307692307692305
367,0.8,0.25104847687200005,0.9922406938853194,1,2.0,0.0,0.01076923076923077
368,0.5,0.27656547027613565,0.992232458304649,2,5.0,0.0,0.01076923076923077
369,-3.8000000000000003,0.32852876349246557,0.9921995166655138,8,28.0,0.0,0.04230769230769231
370,0.09999999999999998,0.1151715463799895,0.9921871638327957,3,9.0,0.0,0.01846153846153846
371,0.8,0.4251528,0.9921830462560658,1,2.0,0.0,0.0038461538461538464
372,-3.6000000000000005,0.25918308510333227,0.9921501062573866,8,26.0,0.0,0.02153846153846154
373,-3.9,0.3448566106889263,0.9921171673522997,8,29.0,0.0,0.07192307692307692
374,-3.1000000000000005,0.23434700736946118,0.9920842295407685,8,21.0,0.0,0.09230769230769233
375,-0.5,0.10823250956190439,0.9920595268997442,6,15.0,0.0,0.04307692307692308
376,-4.4,0.3342544777588442,0.9920265910018482,8,34.0,0.0,0.03461538461538461
377,0.09999999999999998,0.18564647511804475,0.9920142403220457,3,9.0,0.0,0.012307692307692308
378,-3.2,0.24722455111865663,0.9919813059276422,8,22.0,0.0,0.021153846153846155
379,0.0,0.2388490995514074,0.99196483914047,4,10.0,0.0,0.011538461538461537
380,-2.9000000000000004,0.1896589796425524,0.9919319063861619,8,19.0,0.0,0.04230769230769231
381,-0.20000000000000018,0.17388861778848774,0.9919113239699392,5,12.0,0.0,0.02153846153846154
382,-0.4999999999999999,0.23118818447846526,0.9918907419807981,5,15.0,0.0,0.04846153846153845
383,0.4,0.300556654988324,0.9918825093047225,2,6.0,0.0,0.01846153846153846
384,0.8,0.20334926626632,0.991878392992309,1,2.0,0.0,0.007692307692307693
385,-4.2,0.2099245573177895,0.9918454631079713,8,32.0,0.0,0.050769230769230775
386,-0.7000000000000002,0.23529009659089334,0.9918248824854318,5,17.0,0.0,0.02076923076923077
387,-3.1,0.2721318315027354,0.9917919543776171,8,21.0,0.0,0.021153846153846155
388,0.39999999999999997,0.21591471388181005,0.991783722521477,2,6.0,0.0,0.008461538461538461
389,0.4,0.23619600000000002,0.9917796066190285,1,6.0,0.0,0.0026923076923076926
390,-2.8,0.21096046494280687,0.991746680014351,8,18.0,0.0,0.01269230769230769
391,-3.8,0.1841347562818071,0.9917137545028207,8,28.0,0.0,0.026923076923076925
392,-3.0999999999999996,0.2458540116668476,0.9916808300844017,8,21.0,0.0,0.04230769230769231
393,-3.3999999999999995,0.22743252433328695,0.9916479067590572,8,24.0,0.0,0.060000000000000005
394,0.4,0.28158352450100604,0.9916396760985098,2,6.0,0.0,0.019615384615384614
395,-3.6000000000000005,0.2763963962735757,0.9916067541394579,8,26.0,0.0,0.03115384615384615
396,-1.7,0.1941946646444202,0.9915738332733991,8,27.0,0.0,0.02692307692307693
397,-1.0999999999999999,0.18634655949623646,0.9915409135002972,8,21.0,0.0,0.04615384615384616
398,-3.5,0.31217823134693784,0.9915079948201159,8,25.0,0.0,0.04153846153846154
399,0.29999999999999993,0.20509264783799996,0.9914997653208351,2,7.0,0.0,0.005384615384615385
400,-3.3,0.24380122032247004,0.9914668480067537,8,23.0,0.0,0.04230769230769231
401,0.4,0.23754131789695224,0.9914545042957226,3,6.0,0.0,0.019230769230769232
402,0.0,0.1736511412600128,0.9914339317855111,5,10.0,0.0,0.03807692307692308
403,-0.6000000000000001,0.13688628623274424,0.9914133597021756,5,16.0,0.0,0.02307692307692308
404,-0.09999999999999998,0.20770600276733978,0.9914010166570711,3,11.0,0.0,0.012692307692307694
405,-3.0999999999999996,0.2253382352076227,0.9913681026213975,8,21.0,0.0,0.03807692307692308
406,-0.3999999999999999,0.19613555419712944,0.9913393037365645,7,14.0,0.0,0.02769230769230769
407,0.4,0.244471588960549,0.9913310756374168,2,6.0,0.0,0.02076923076923077
408,0.7,0.17793060798302995,0.991326961613453,1,3.0,0.0,0.005
409,-0.30000000000000004,0.20463425835703408,0.9913022778282045,6,13.0,0.0,0.03076923076923077
410,0.7,0.16013754718472695,0.9912981639237515,1,3.0,0.0,0.0023076923076923075
411,0.5,0.2442512829171687,0.9912899361660635,2,5.0,0.0,0.006153846153846154
412,-3.6,0.3365174221048265,0.9912570258182086,8,26.0,0.0,0.02769230769230769
413,0.29999999999999993,0.22617094936004992,0.9912487984019663,2,7.0,0.0,0.007692307692307693
414,0.49999999999999994,0.27342768640562864,0.9912405710540114,2,5.0,0.0,0.00923076923076923
415,0.4,0.19131876,0.9912364574056416,1,6.0,0.0,0.0038461538461538464
416,-0.4999999999999999,0.14563309775471578,0.9912200029828778,4,15.0,0.0,0.015384615384615385
417,0.7,0.14412379246625429,0.9912158894198655,1,3.0,0.0,0.004615384615384615
418,-1.9000000000000004,0.09568402185338178,0.991182981530327,8,29.0,0.0,0.04615384615384616
419,0.30000000000000004,0.24089934890974485,0.991174754728651,2,7.0,0.0,0.015000000000000001
420,-3.4000000000000004,0.27544926892808497,0.9911418482047644,8,24.0,0.0,0.023076923076923075
421,0.6000000000000001,0.29922041261414223,0.9911336217444943,2,4.0,0.0,0.008076923076923077
422,-3.4000000000000004,0.2661074580138483,0.9911007165862029,8,24.0,0.0,0.027692307692307697
423,-3.0,0.29099610075816973,0.9910678125203471,8,20.0,0.0,0.03076923076923077
424,-3.2,0.32684299702457764,0.9910349095468901,8,22.0,0.0,0.03076923076923077
425,-0.19999999999999996,0.16955733462314893,0.9910143457431974,5,12.0,0.0,0.035
426,-3.3,0.20988578547661801,0.990981444544812,8,23.0,0.0,0.03846153846153847
427,-1.4000000000000001,0.17509648710220332,0.9909526568922563,7,24.0,0.0,0.03076923076923077
428,-3.5999999999999996,0.21275363382131735,0.9909197577419108,8,26.0,0.0,0.024230769230769236
429,-3.3,0.24784998832614785,0.9908868596838013,8,23.0,0.0,0.06346153846153846
430,-0.7,0.169626953019178,0.9908580747789016,7,17.0,0.0,0.03076923076923077
431,-3.5999999999999996,0.24943259109887955,0.9908251787686366,8,26.0,0.0,0.03076923076923077
432,-3.5,0.2241871662655861,0.9907922838505032,8,25.0,0.0,0.02076923076923077
433,-2.0999999999999996,0.28310037424978873,0.9907717250812519,5,11.0,1.0,0.05230769230769231
434,-0.5000000000000001,0.0826321118626325,0.9907511667385914,5,15.0,0.0,0.02769230769230769
435,-3.8,0.2501705308365332,0.9907182742776219,8,28.0,0.0,0.045
436,-3.2,0.2510958932848846,0.9906853829086663,8,22.0,0.0,0.026923076923076925
437,-3.3,0.30548270243201103,0.9906524926316882,8,23.0,0.0,0.027692307692307697
438,0.29999999999999993,0.21697797436789493,0.9906442702330609,2,7.0,0.0,0.005384615384615385
439,-3.1999999999999997,0.2628879720629133,0.9906113813210039,8,22.0,0.0,0.03807692307692308
440,-3.4,0.24394087603268616,0.9905784935008428,8,24.0,0.0,0.029615384615384616
441,-0.30000000000000004,0.2629355622552352,0.9905620500002119,4,13.0,0.0,0.007692307692307693
442,-3.3,0.30770594970567844,0.9905291638178269,8,23.0,0.0,0.03807692307692308
443,0.5,0.21523360499999994,0.9905250531217971,1,5.0,0.0,0.007692307692307693
444,0.09999999999999998,0.09743744872575,0.9905168317809155,2,9.0,0.0,0.010384615384615384
445,-1.3,0.2343087203066943,0.9904880576251927,7,23.0,0.0,0.02153846153846154
446,-4.1,0.3180744338032463,0.9904551738993186,8,31.0,0.0,0.02307692307692308
447,0.3,0.16195443635518747,0.9904469531384335,2,7.0,0.0,0.008076923076923077
448,-0.29999999999999993,0.14379441868085102,0.9904346221250407,3,13.0,0.0,0.02
449,-3.2,0.2552869941588067,0.9904017401731997,8,22.0,0.0,0.02692307692307692
450,-0.4,0.15533237135973502,0.9903852996066558,4,14.0,0.0,0.017307692307692305
451,0.6000000000000001,0.4369687012914926,0.990377079425726,2,4.0,0.0,0.010384615384615384
452,0.6000000000000001,0.27893629507185,0.9903688593130235,2,4.0,0.0,0.012692307692307694
453,-3.2,0.28590005508024563,0.990335979544476,8,22.0,0.0,0.03230769230769231
454,0.8,0.14824161510814726,0.990331869650161,1,2.0,0.0,0.006153846153846154
455,-0.30000000000000004,0.15876708784937377,0.9903154302434605,4,13.0,0.0,0.013846153846153845
456,-0.6999999999999998,0.17659982517849176,0.9902948813688394,5,17.0,0.0,0.02769230769230769
457,-3.9,0.26118571693220594,0.990262004056324,8,29.0,0.0,0.04230769230769231
458,-4.0,0.2094882084205943,0.9902291278353196,8,30.0,0.0,0.04153846153846154
459,-3.5,0.2423248008135254,0.9901962527057899,8,25.0,0.0,0.03230769230769231
460,-0.6000000000000001,0.10881986757016442,0.9901715970749011,6,16.0,0.0,0.033846153846153845
461,-0.5,0.20499280137142437,0.9901469420579311,6,15.0,0.0,0.04038461538461538
462,-0.10000000000000009,0.2488627789088618,0.9901346147796608,3,11.0,0.0,0.013846153846153845
463,0.3,0.14142617726941065,0.9901263966794107,2,7.0,0.0,0.012692307692307694
464,-1.0999999999999999,0.14980913444998673,0.9900935249605058,8,21.0,0.0,0.019230769230769232
465,0.3,0.21083407937846999,0.9900853072013006,2,7.0,0.0,0.006153846153846154
466,0.39999999999999997,0.2816122516084654,0.9900770895103026,2,6.0,0.0,0.006153846153846154
467,-1.7000000000000004,0.27290075752559523,0.990044219428372,8,27.0,0.0,0.050769230769230775
468,-3.7,0.27375067973066386,0.990011350437712,8,27.0,0.0,0.03692307692307692
469,-0.09999999999999998,0.13859667642956186,0.9899949163515973,4,11.0,0.0,0.008076923076923077
470,-3.9,0.1736850877986015,0.9899620489977758,8,29.0,0.0,0.02153846153846154
471,-3.1999999999999997,0.2045043582364115,0.9899291827351346,8,22.0,0.0,0.024230769230769236
472,-3.3,0.19793040266990553,0.9898963175636378,8,23.0,0.0,0.05076923076923078
473,0.6000000000000001,0.277402042973844,0.9898881014412506,2,4.0,0.0,0.01153846153846154
474,-3.7,0.2556624194918535,0.9898552376336326,8,27.0,0.0,0.065
475,0.29999999999999993,0.19341990230183093,0.9898470218522081,2,7.0,0.0,0.006153846153846154
476,-2.9000000000000004,0.2735226759037222,0.9898141594084127,8,19.0,0.0,0.01730769230769231
477,-2.9000000000000004,0.279445395857638,0.9897812980556346,8,19.0,0.0,0.023076923076923075
478,-0.10000000000000009,0.14177621040218588,0.9897689753296134,3,11.0,0.0,0.015000000000000001
479,-0.9000000000000001,0.12568535013359958,0.9897443303378208,6,19.0,0.0,0.033846153846153845
480,-2.3,0.14316019893490078,0.9897114713033341,8,33.0,0.0,0.03461538461538461
481,0.39999999999999997,0.1624031493042517,0.9896991494466524,3,6.0,0.0,0.013461538461538462
482,0.30000000000000004,0.227394373710054,0.9896909349607571,2,7.0,0.0,0.016153846153846154
483,0.6,0.25828032599999995,0.989686827743377,1,4.0,0.0,0.005384615384615385
484,-3.6,0.27824857941290865,0.9896539706179487,8,26.0,0.0,0.033846153846153845
485,-3.2,0.2950353230515419,0.9896211145833611,8,22.0,0.0,0.06346153846153846
486,-1.0999999999999999,0.1791458374553986,0.9895964732732629,6,21.0,0.0,0.018461538461538463
487,0.8,0.38263752,0.9895923664478988,1,2.0,0.0,0.004230769230769231
488,-3.2,0.3063929603749761,0.98955951245854,8,22.0,0.0,0.04615384615384615
489,-3.5,0.2202237654744792,0.9895266595599178,8,25.0,0.0,0.016923076923076923
490,-1.3,0.19085943608152037,0.9894979141683398,7,23.0,0.0,0.01346153846153846
491,-3.3999999999999995,0.2503719756934831,0.9894650633147513,8,24.0,0.0,0.04615384615384616
492,-3.4000000000000004,0.26799950831930924,0.9894322135517951,8,24.0,0.0,0.05
493,-1.2,0.13421993319865383,0.9893993648794353,8,22.0,0.0,0.04230769230769231
494,-3.4000000000000004,0.2651840048082159,0.9893665172976355,8,24.0,0.0,0.04615384615384616
495,-0.7,0.18108999990885297,0.9893459881127946,5,17.0,0.0,0.023076923076923075
496,-0.7,0.1759287004310019,0.9893172479696568,7,17.0,0.0,0.03230769230769231
497,-3.0999999999999996,0.20369681435666714,0.9892844031140988,8,21.0,0.0,0.02769230769230769
498,0.8,0.30993639120000005,0.989280297583826,1,2.0,0.0,0.004230769230769231
499,-0.6,0.08322023980112324,0.9892597701880292,5,16.0,0.0,0.019230769230769232
500,0.20000000000000007,0.1905376399976347,0.9892474539550029,3,8.0,0.0,0.00923076923076923
501,-1.0,0.1904954418671062,0.9892228219489579,6,20.0,0.0,0.025384615384615387
502,-2.9000000000000004,0.1753522498492082,0.9891899802282984,8,19.0,0.0,0.024230769230769236
503,-0.09999999999999998,0.1848179350287146,0.9891776648641535,3,11.0,0.0,0.00923076923076923
504,-0.9000000000000002,0.1376946093480512,0.989157139597968,5,19.0,0.0,0.025
505,0.7,0.37200869999999997,0.9891530345958387,1,3.0,0.0,0.0038461538461538464
506,-2.5,0.34271312339272253,0.9891201951920855,8,15.0,0.0,0.04230769230769231
507,-3.0,0.32682676622966933,0.9890873568785846,8,20.0,0.0,0.03076923076923077
508,-1.2999999999999998,0.14066373915769959,0.9890545196553,8,23.0,0.0,0.05384615384615386
509,-0.8,0.216638034465679,0.9890298924532691,6,18.0,0.0,0.04
510,-0.10000000000000009,0.12861152128973585,0.9890134746592556,4,11.0,0.0,0.015384615384615385
511,0.49999999999999994,0.22567140990159085,0.9890052658644493,2,5.0,0.0,0.006153846153846154
512,-3.7,0.24031737777008036,0.9889724313665469,8,27.0,0.0,0.02307692307692308
513,0.7,0.33165480670074754,0.9889642229123992,2,3.0,0.0,0.010384615384615384
514,0.6000000000000001,0.3315449753105311,0.9889560145263815,2,4.0,0.0,0.017307692307692305
515,0.0,0.08068632636350855,0.9889437020750975,3,10.0,0.0,0.017307692307692305
516,-0.5000000000000001,0.09640624543760788,0.9889231816635997,5,15.0,0.0,0.016153846153846154
517,-3.0,0.2231765020603722,0.9888903498908531,8,20.0,0.0,0.04615384615384616
518,-3.8,0.2235796865289088,0.9888575192081057,8,28.0,0.0,0.04153846153846153
519,-0.5000000000000002,0.10669553057506322,0.9888411042754702,4,15.0,0.0,0.015384615384615385
520,0.7000000000000001,0.2058015465753954,0.9888328969113351,2,3.0,0.0,0.010384615384615384
521,0.7000000000000001,0.2823143778929808,0.988824689615321,2,3.0,0.0,0.013846153846153845
522,-0.6999999999999998,0.13633959862268824,0.988795964615716,7,17.0,0.0,0.04230769230769231
523,-0.5999999999999999,0.21871714987237353,0.988775447269745,5,16.0,0.0,0.01884615384615385
524,0.6,0.1372607547297659,0.9887713438516388,1,4.0,0.0,0.006153846153846154
525,0.6000000000000001,0.28034834292339117,0.988763137066514,2,4.0,0.0,0.019615384615384614
526,-3.1,0.30242066813667223,0.9887303106071708,8,21.0,0.0,0.04615384615384615
527,-1.5000000000000002,0.16703310331694088,0.9886974852376502,8,25.0,0.0,0.04230769230769231
528,0.0,0.1539129335367319,0.9886851760050426,3,10.0,0.0,0.016923076923076923
529,0.7,0.27119434229999995,0.9886810729615622,1,3.0,0.0,0.005384615384615385
530,-0.19999999999999996,0.13086067822150926,0.9886687639332864,3,12.0,0.0,0.01846153846153846
531,-0.8,0.10205597012755466,0.9886482492267076,5,18.0,0.0,0.016153846153846154
532,-3.5999999999999996,0.21781411944008258,0.9886154265815853,8,26.0,0.0,0.03692307692307692
533,0.0,0.14192325892634997,0.9886031183706036,3,10.0,0.0,0.013846153846153845
534,-0.7000000000000001,0.17487024181057179,0.9885785024083481,6,17.0,0.0,0.024230769230769236
535,0.6,0.16945772188859992,0.9885743998075631,1,4.0,0.0,0.0023076923076923075
536,-0.8999999999999999,0.16265123246001817,0.9885456820787866,7,19.0,0.0,0.012307692307692308
537,-3.0,0.2761132371633547,0.9885128628388443,8,20.0,0.0,0.027692307692307697
538,-3.1,0.19782550880506528,0.9884800446884848,8,21.0,0.0,0.038461538461538464
539,-3.8,0.2590941594327104,0.9884472276276721,8,28.0,0.0,0.05230769230769231
540,-1.2,0.1752105881153736,0.9884226155470559,6,22.0,0.0,0.04307692307692308
541,0.7,0.33480783,0.9884185135932014,1,3.0,0.0,0.0023076923076923075
542,0.8,0.13341745359733248,0.98841441165637,1,2.0,0.0,0.003076923076923077
543,0.6,0.12353467925678929,0.9884103097365616,1,4.0,0.0,0.003461538461538461
544,-3.8000000000000003,0.26880895996201115,0.9883774949909155,8,28.0,0.0,0.03807692307692308
545,0.7,0.3784073746932095,0.9883692914747295,2,3.0,0.0,0.00576923076923077
546,0.7,0.17793060798302995,0.9883651897421699,1,3.0,0.0,0.0038461538461538464
547,0.30000000000000004,0.33133880801455845,0.9883569863281172,2,7.0,0.0,0.010384615384615384
548,-0.7000000000000001,0.1332002426159308,0.9883323764944859,6,17.0,0.0,0.027692307692307697
549,-4.7,0.18909700396427934,0.988299564336186,8,37.0,0.0,0.04
550,-3.0,0.28373272929692495,0.988266753267234,8,20.0,0.0,0.10153846153846155
551,0.6000000000000001,0.2520854618774901,0.9882585506702024,2,4.0,0.0,0.007692307692307693
552,-3.7,0.2661303670036588,0.9882257409628844,8,27.0,0.0,0.03461538461538462
553,-0.7000000000000002,0.1474948752501258,0.988205235448956,5,17.0,0.0,0.026923076923076925
554,-3.3999999999999995,0.34786147552138674,0.9881724275116774,8,24.0,0.0,0.06538461538461539
555,-3.1,0.32486455142306014,0.9881396206636066,8,21.0,0.0,0.019230769230769232
556,-0.40000000000000013,0.19204347244564868,0.9881191169366595,5,14.0,0.0,0.016153846153846154
557,-3.6,0.25986612157622774,0.9880863118584741,8,26.0,0.0,0.04153846153846154
558,-0.09999999999999998,0.12298459500369076,0.9880740102349433,3,11.0,0.0,0.013846153846153845
559,-3.2,0.2829225153361699,0.9880412066542786,8,22.0,0.0,0.02692307692307693
560,-1.4,0.15235862601267736,0.988008404162677,8,24.0,0.0,0.03461538461538461
561,-3.0,0.2664340934926899,0.9879756027601022,8,20.0,0.0,0.03230769230769231
562,-1.1,0.18710856515104202,0.9879510024228233,6,21.0,0.0,0.024230769230769226
563,-3.6999999999999997,0.279383214163976,0.9879182029259587,8,27.0,0.0,0.038461538461538464
564,-0.3999999999999999,0.1590175013395738,0.9878936040179207,6,14.0,0.0,0.029615384615384616
565,-0.20000000000000007,0.18285454928851244,0.9878772050861778,4,12.0,0.0,0.012307692307692308
566,-0.9999999999999998,0.20477677131283722,0.987848507610656,7,20.0,0.0,0.023076923076923075
567,-3.4999999999999996,0.2780174334707058,0.9878157115165698,8,25.0,0.0,0.04230769230769231
568,-3.5,0.23744692931453948,0.9877829165112979,8,25.0,0.0,0.02538461538461538
569,-0.40000000000000013,0.17714253836409422,0.9877665194169561,4,14.0,0.0,0.011538461538461537
570,-0.30000000000000004,0.14509303008784166,0.9877501225948044,4,13.0,0.0,0.03692307692307692
571,0.7,0.27119434229999995,0.9877460234317957,1,3.0,0.0,0.0019230769230769232
572,-3.8000000000000003,0.3733776810926658,0.9877132307401347,8,28.0,0.0,0.026923076923076925
573,0.09999999999999998,0.11778087436210022,0.9877009337614447,3,9.0,0.0,0.00923076923076923
574,-0.4,0.2663492110675409,0.9876804391371755,5,14.0,0.0,0.04923076923076923
575,-3.2,0.26921738833600806,0.9876476486228815,8,22.0,0.0,0.02769230769230769
576,-3.6999999999999997,0.1616683816987469,0.9876148591972166,8,27.0,0.0,0.03461538461538461
577,-0.7,0.08587310332782847,0.9875984648926088,4,17.0,0.0,0.02
578,0.4,0.13947137604000004,0.9875943663589796,1,6.0,0.0,0.005
579,-3.8,0.2653471657602655,0.9875615787022602,8,28.0,0.0,0.01730769230769231
580,-3.1,0.2018858892068127,0.9875287921340752,8,21.0,0.0,0.03076923076923077
581,-4.1,0.35533453715919744,0.9874960066543887,8,31.0,0.0,0.04846153846153847
582,-3.1,0.33267254635370247,0.9874632222631642,8,21.0,0.0,0.03807692307692308
583,0.6,0.23245229339999995,0.9874591242907919,1,4.0,0.0,0.003461538461538461
584,-0.9000000000000001,0.17068163960635796,0.9874345368136934,6,19.0,0.0,0.01846153846153846
585,-3.5,0.30766433550314926,0.9874017544632379,8,25.0,0.0,0.045
586,0.6,0.1372607547297659,0.9873976567459568,1,4.0,0.0,0.005384615384615385
587,-0.6000000000000001,0.1836901315632424,0.9873730707993844,6,16.0,0.0,0.03807692307692308
588,-3.8,0.208639872283014,0.9873402904895708,8,28.0,0.0,0.021153846153846155
589,-0.5000000000000002,0.13161538814317394,0.9873198033485873,5,15.0,0.0,0.007692307692307693
590,-3.2,0.20423539077167427,0.9872870248072274,8,22.0,0.0,0.013846153846153845
591,0.29999999999999993,0.19765848409560385,0.9872747331347792,3,7.0,0.0,0.017307692307692305
592,-0.09999999999999998,0.13586345440158146,0.9872624416153616,3,11.0,0.0,0.012692307692307694
593,-1.9999999999999998,0.17489920639289863,0.9872296649783837,8,30.0,0.0,0.02076923076923077
594,-4.300000000000001,0.20949281657330743,0.9871968894295743,8,33.0,0.0,0.04153846153846153
595,-3.8,0.36017368954011664,0.9871641149688974,8,28.0,0.0,0.06346153846153846
596,-1.5,0.14662646918773875,0.9871313415963168,8,25.0,0.0,0.03076923076923077
597,-0.10000000000000009,0.16703883477112194,0.9871149553180513,4,11.0,0.0,0.01730769230769231
598,0.09999999999999998,0.09441078952977675,0.9871067622809228,2,9.0,0.0,0.008076923076923077
599,-1.8000000000000003,0.11303745498453233,0.9870739908124238,8,28.0,0.0,0.033846153846153845
600,-3.5999999999999996,0.27792984111712393,0.9870412204319217,8,26.0,0.0,0.04846153846153847
601,-3.3999999999999995,0.3164725860914521,0.9870084511393803,8,24.0,0.0,0.03807692307692308
602,-3.6000000000000005,0.27183700936272776,0.9869756829347638,8,26.0,0.0,0.015384615384615384
603,0.8,0.2789427520800001,0.9869715869856797,1,2.0,0.0,0.003461538461538461
604,0.49999999999999994,0.17071646179817584,0.9869633951385058,2,5.0,0.0,0.008461538461538461
605,-0.7,0.12627058467130475,0.986942915818036,5,17.0,0.0,0.03076923076923077
606,-0.30000000000000004,0.1549980319564075,0.9869265326676189,4,13.0,0.0,0.02
607,0.7,0.21966741726299993,0.9869224369225084,1,3.0,0.0,0.0038461538461538464
608,-1.3,0.18158889098893147,0.9868978628087869,6,23.0,0.0,0.016153846153846154
609,-3.6999999999999997,0.32153447622240694,0.9868650982756496,8,27.0,0.0,0.04653846153846154
610,-4.0,0.2659517744279436,0.9868323348302792,8,30.0,0.0,0.04230769230769231
611,0.6000000000000001,0.24251612366961095,0.9868241441388959,2,4.0,0.0,0.00923076923076923
612,-3.5999999999999996,0.2712338591148809,0.986791382053183,8,26.0,0.0,0.049999999999999996
613,-3.3999999999999995,0.2983920654643548,0.9867586210551553,8,24.0,0.0,0.04615384615384616
614,-0.7999999999999999,0.15334332856347274,0.9867299560740947,7,18.0,0.0,0.02769230769230769
615,0.7,0.12971141321962887,0.9867258611447771,1,3.0,0.0,0.0007692307692307692
616,-3.3,0.2640826664701825,0.9866931023220121,8,23.0,0.0,0.03461538461538461
617,-3.3000000000000003,0.2749414101025996,0.9866603445868242,8,23.0,0.0,0.03384615384615385
618,0.8,0.16471290567571917,0.9866562499463941,1,2.0,0.0,0.006923076923076922
619,0.6000000000000001,0.2875620398210092,0.9866480607165122,2,4.0,0.0,0.00923076923076923
620,-4.2,0.3268428207288702,0.986615304476684,8,32.0,0.0,0.051923076923076926
621,0.0,0.12701107367952,0.9866030211671192,3,10.0,0.0,0.013461538461538462
622,0.5,0.15678823523857166,0.9865948323790353,2,5.0,0.0,0.012692307692307694
623,-3.3,0.1894044257389049,0.9865620779063623,8,23.0,0.0,0.023076923076923075
624,-3.6999999999999997,0.16548799658372593,0.9865293245211221,8,27.0,0.0,0.05923076923076923
625,0.7,0.0945596202371094,0.9865252304244253,1,3.0,0.0,0.0015384615384615385
626,-2.9,0.25075529826056575,0.9864924782625035,8,19.0,0.0,0.05076923076923076
627,-1.7000000000000002,0.1795278787024577,0.9864597271879376,8,27.0,0.0,0.05384615384615386
628,0.7,0.116740271897666,0.9864556333800698,1,3.0,0.0,0.0026923076923076926
629,-0.30000000000000004,0.22253952746167074,0.9864310708896358,6,13.0,0.0,0.045
630,-0.5000000000000002,0.23792203496194175,0.9864065090108013,6,15.0,0.0,0.04846153846153847
631,-0.7000000000000001,0.11727652450600758,0.9863819477435514,6,17.0,0.0,0.0376923076923077
632,0.29999999999999993,0.11736824684306923,0.9863696673392658,3,7.0,0.0,0.012307692307692308
633,0.10000000000000009,0.26413753079988483,0.9863573870878707,3,9.0,0.0,0.015384615384615385
634,0.09999999999999998,0.25115196304860776,0.9863410136571701,4,9.0,0.0,0.015384615384615385
635,0.0,0.15180333077394378,0.9863287337625118,3,10.0,0.0,0.021153846153846155
636,-1.5999999999999999,0.17046626171872734,0.9862959881241844,8,26.0,0.0,0.06461538461538463
637,0.6,0.1000630901979993,0.9862918949958337,1,4.0,0.0,0.005
638,0.49999999999999994,0.17632582434020974,0.9862837087900918,2,5.0,0.0,0.005384615384615385
639,-3.5,0.1731193024610171,0.9862509646465717,8,25.0,0.0,0.03846153846153847
640,-3.6,0.34228125070848064,0.9862182215901414,8,26.0,0.0,0.05
641,0.7,0.08510365821339849,0.9862141287845219,1,3.0,0.0,0.003461538461538461
642,-0.09999999999999998,0.1585235074996027,0.9861977577318942,4,11.0,0.0,0.009615384615384616
643,-3.7,0.25378441709186034,0.9861650164419078,8,27.0,0.0,0.02076923076923077
644,-3.0999999999999996,0.2704737350568455,0.9861322762389164,8,21.0,0.0,0.04153846153846154
645,0.10000000000000009,0.16469101590355079,0.9861199989430282,3,9.0,0.0,0.016923076923076923
646,-3.3,0.23096381753026166,0.986087260234596,8,23.0,0.0,0.05076923076923076
647,-0.7,0.15430874665267053,0.9860667990937745,5,17.0,0.0,0.025384615384615387
648,0.6000000000000001,0.17651639633305688,0.9860586147563246,2,4.0,0.0,0.006923076923076922
649,-0.6000000000000001,0.1616800858922972,0.9860340621515518,6,16.0,0.0,0.026923076923076925
650,-3.5999999999999996,0.2157545714312506,0.9860013262961798,8,26.0,0.0,0.02769230769230769
651,-2.9,0.24141770236579274,0.9859685915276224,8,19.0,0.0,0.046538461538461535
652,0.5,0.06754258588364959,0.9859644997579676,1,5.0,0.0,0.01
653,-3.3999999999999995,0.253619231650137,0.9859317662120335,8,24.0,0.0,0.04230769230769231
654,-3.7,0.24651582671070127,0.9858990337528374,8,27.0,0.0,0.038461538461538464
655,0.8,0.25104847687200005,0.9858949422718474,1,2.0,0.0,0.0019230769230769232
656,0.3,0.07288374101775329,0.9858867593608062,2,7.0,0.0,0.008461538461538461
657,-0.09999999999999998,0.23044074692047797,0.9858703937424772,4,11.0,0.0,0.017307692307692305
658,-2.8,0.28341042482199896,0.9858376633208175,8,18.0,0.0,0.03461538461538462
659,-0.19999999999999984,0.2206442924982382,0.9858172073590887,5,12.0,0.0,0.013846153846153845
660,0.8,0.2789427520800001,0.9858131162176782,1,2.0,0.0,0.006153846153846154
661,-3.3,0.3124129941298369,0.9857803876976046,8,23.0,0.0,0.01730769230769231
662,-0.5999999999999999,0.177625263630647,0.9857640238450343,4,16.0,0.0,0.017307692307692305
663,0.4,0.17360881267354447,0.9857517511338693,3,6.0,0.0,0.017307692307692305
664,-0.09999999999999998,0.1523992256922065,0.9857353877566629,4,11.0,0.0,0.03230769230769231
665,-0.40000000000000013,0.1781421259384921,0.9857149339171346,5,14.0,0.0,0.02153846153846154
666,0.7,0.14412379246625429,0.9857108432001589,1,3.0,0.0,0.003076923076923077
667,-2.5,0.39731798290651527,0.9856985711510902,3,15.0,1.0,0.03692307692307692
668,0.09999999999999987,0.1356601799561506,0.985682208656666,4,9.0,0.0,0.02307692307692308
669,-3.2,0.3056019581088434,0.9856494844826603,8,22.0,0.0,0.021153846153846155
670,-0.7999999999999999,0.06578389429275293,0.9856290324256103,5,18.0,0.0,0.011538461538461537
671,-0.6000000000000001,0.17306831878442272,0.9856044905173266,6,16.0,0.0,0.024230769230769236
672,0.09999999999999998,0.09038945492922043,0.9855963100170299,2,9.0,0.0,0.010384615384615384
673,-3.0,0.2285668801158664,0.9855635886948177,8,20.0,0.0,0.03807692307692308
674,0.19999999999999996,0.2000436277119805,0.9855513184790602,3,8.0,0.0,0.01846153846153846
675,-3.3000000000000007,0.25935617336917066,0.9855185986505453,8,23.0,0.0,0.05500000000000001
676,-3.2,0.2758761301537921,0.9854858799083129,8,22.0,0.0,0.038461538461538464
677,-1.2999999999999998,0.19876405255551416,0.9854572518999223,7,23.0,0.0,0.029615384615384616
678,-0.10000000000000009,0.21563911935300273,0.9854408934113728,4,11.0,0.0,0.043846153846153854
679,1.1102230246251565e-16,0.2237078069835485,0.9854245351943723,4,10.0,0.0,0.01846153846153846
680,-0.40000000000000024,0.1499987290500396,0.9853999983780168,6,14.0,0.0,0.02153846153846154
681,-3.6,0.1731460031889661,0.9853672835732562,8,26.0,0.0,0.024615384615384615
682,-3.0999999999999996,0.2350605901349596,0.9853345698546113,8,21.0,0.0,0.046538461538461535
683,-0.3999999999999999,0.20186030166964192,0.9853141243319855,5,14.0,0.0,0.02307692307692308
684,-3.0,0.3296610685868294,0.985281412378202,8,20.0,0.0,0.01076923076923077
685,-3.9000000000000004,0.2880346961217829,0.9852487015104395,8,29.0,0.0,0.038461538461538464
686,0.6000000000000001,0.24620028888795203,0.9852405239631855,2,4.0,0.0,0.01153846153846154
687,-0.19999999999999996,0.22323616170593744,0.9852200803919956,5,12.0,0.0,0.04307692307692308
688,-2.7,0.157430857218126,0.9851873715604255,8,17.0,0.0,0.016923076923076926
689,0.7,0.08510365821339849,0.9851832830328335,1,3.0,0.0,0.003461538461538461
690,-3.5,0.35136448678499793,0.985150575422918,8,25.0,0.0,0.03807692307692308
691,-3.1,0.25205852677215607,0.9851178688988793,8,21.0,0.0,0.046538461538461535
692,-3.7,0.29327173564054304,0.9850851634606814,8,27.0,0.0,0.051923076923076926
693,-2.4000000000000004,0.2655797685986253,0.9850524591082883,8,14.0,0.0,0.04153846153846154
694,-1.1000000000000003,0.22515772822699812,0.9850238436906152,7,21.0,0.0,0.04
695,0.8,0.25104847687200005,0.9850197558416639,1,2.0,0.0,0.004230769230769231
696,-3.6,0.280817423794113,0.9849870536607722,8,26.0,0.0,0.049999999999999996
697,-3.0000000000000004,0.3016526480883008,0.9849543525655773,8,20.0,0.0,0.04923076923076923
698,0.9,0.18530201888518405,0.9849502650050141,1,1.0,0.0,0.013846153846153845
699,-3.5999999999999996,0.31095524514885464,0.9849175651311847,8,26.0,0.0,0.04230769230769231
700,0.7,0.08510365821339849,0.9849134777232894,1,3.0,0.0,0.003076923076923077
701,-3.7,0.2747302933662099,0.9848807790707801,8,27.0,0.0,0.017307692307692305
702,-3.8999999999999995,0.22351614510906873,0.9848480815038502,8,29.0,0.0,0.04230769230769231
703,-3.4000000000000004,0.3271002418210289,0.9848153850224637,8,24.0,0.0,0.038461538461538464
704,-0.29999999999999993,0.07885022815502195,0.9847949502728338,5,13.0,0.0,0.01884615384615385
705,0.8,0.16471290567571917,0.9847908633737902,1,2.0,0.0,0.01076923076923077
706,0.10000000000000009,0.1420068158852221,0.9847786027784229,3,9.0,0.0,0.02
707,-3.8,0.26103538305317703,0.9847459086036965,8,28.0,0.0,0.06769230769230769
708,0.39999999999999997,0.14107090946909545,0.9847377352296149,2,6.0,0.0,0.0038461538461538464
709,-0.19999999999999996,0.07203443758086352,0.9847254752956902,3,12.0,0.0,0.010384615384615384
710,-3.4000000000000004,0.27037835662082843,0.9846927828847707,8,24.0,0.0,0.04230769230769231
711,-3.7,0.21097164137920987,0.9846600915592235,8,27.0,0.0,0.02
712,-1.1,0.19117644101792824,0.9846274013190125,8,21.0,0.0,0.03115384615384615
713,-3.5999999999999996,0.33342103073994944,0.9845947121641018,8,26.0,0.0,0.04230769230769231
714,-3.0,0.3506944581783865,0.9845620240944553,8,20.0,0.0,0.065
715,-3.0,0.26779243118769547,0.9845293371100369,8,20.0,0.0,0.023076923076923075
716,-1.5000000000000002,0.18285731631044216,0.9845007368888685,7,25.0,0.0,0.04153846153846154
717,-3.3999999999999995,0.36108490597512577,0.9844680519391559,8,24.0,0.0,0.024230769230769236
718,-0.9999999999999999,0.11699461057034631,0.9844394534982999,7,20.0,0.0,0.03115384615384615
719,-3.5,0.2604531904015561,0.9844067705831662,8,25.0,0.0,0.05384615384615386
720,0.8,0.09726132367245544,0.9844026852950682,1,2.0,0.0,0.01076923076923077
721,-3.5,0.29053675855643396,0.9843700036006213,8,25.0,0.0,0.04153846153846153
722,-0.8,0.1587160529840445,0.9843373229911906,8,18.0,0.0,0.04230769230769231
723,-0.4,0.1857894550253267,0.9843168981612654,5,14.0,0.0,0.013846153846153845
724,-0.9999999999999998,0.1808607394285647,0.9842923889247859,6,20.0,0.0,0.02153846153846154
725,-3.3,0.24953430056257875,0.984259710892125,8,23.0,0.0,0.05384615384615386
726,0.0,0.2068090285268777,0.9842474569095786,3,10.0,0.0,0.015384615384615385
727,0.8,0.08753519130520993,0.9842433722826325,1,2.0,0.0,0.006923076923076922
728,0.09999999999999998,0.19833527717220842,0.9842270339443592,4,9.0,0.0,0.023076923076923075
729,0.9,0.15009463529699907,0.9842229494021684,1,1.0,0.0,0.006923076923076922
730,-3.9999999999999996,0.2343255642224128,0.9841902736748662,8,30.0,0.0,0.033846153846153845
731,0.7,0.21966741726299993,0.9841861892852305,1,3.0,0.0,0.003076923076923077
732,-3.0,0.25832217589063333,0.9841535147783466,8,20.0,0.0,0.04230769230769231
733,0.5,0.307278171182354,0.9841453463211235,2,5.0,0.0,0.006923076923076922
734,-3.8,0.40905260711588937,0.9841126731702062,8,28.0,0.0,0.05000000000000001
735,-2.6,0.2065989456804496,0.9840800011040218,8,16.0,0.0,0.060000000000000005
736,-0.09999999999999987,0.22958631109398345,0.9840514139359021,7,11.0,0.0,0.021153846153846155
737,-3.0,0.18028908916568787,0.9840187439034948,8,20.0,0.0,0.06538461538461539
738,-3.0999999999999996,0.2538692280879509,0.9839860749557167,8,21.0,0.0,0.06923076923076922
739,-0.09999999999999998,0.05360472343315643,0.9839738243799235,3,11.0,0.0,0.00923076923076923
740,0.30000000000000004,0.17313522373396834,0.9839656574141277,2,7.0,0.0,0.006923076923076922
741,-3.2,0.21606620848229519,0.9839329902287954,8,22.0,0.0,0.033846153846153845
742,0.7,0.1977006755366999,0.9839289069068861,1,3.0,0.0,0.004615384615384615
743,-1.2,0.12062585590458393,0.9839003241279982,7,22.0,0.0,0.05538461538461538
744,0.8,0.12007570823759928,0.9838962409416531,1,2.0,0.0,0.004230769230769231
745,0.4,0.08235645283785958,0.9838921577722531,1,6.0,0.0,0.0015384615384615385
746,-3.1999999999999997,0.2898156970697775,0.9838594930270738,8,22.0,0.0,0.02153846153846154
747,-1.1,0.10859804847296901,0.9838349951798641,6,21.0,0.0,0.01884615384615385
748,0.8,0.22594362918480004,0.983830912264634,1,2.0,0.0,0.004615384615384615
749,-2.8000000000000003,0.3205945775861388,0.9837982495527757,8,18.0,0.0,0.04230769230769231
750,0.10000000000000003,0.06094523013833119,0.983790084044248,2,9.0,0.0,0.006153846153846154
751,-3.8,0.20465337764109634,0.9837574226878669,8,28.0,0.0,0.05538461538461538
752,-1.5000000000000002,0.13363849829210234,0.9837247624158272,8,25.0,0.0,0.04153846153846154
753,0.09999999999999987,0.145271078660881,0.9837125150933617,3,9.0,0.0,0.015384615384615385
754,0.39999999999999997,0.15799694876894407,0.9837043502964284,2,6.0,0.0,0.012692307692307694
755,-1.2000000000000002,0.1947334898411089,0.983675774040829,7,22.0,0.0,0.03461538461538461
756,-3.0,0.2743407945411649,0.983643116479485,8,20.0,0.0,0.03807692307692308
757,-1.2999999999999996,0.19799894438051513,0.9836227060542254,5,23.0,0.0,0.013461538461538462
758,-0.9000000000000001,0.15403906493600697,0.9835982141029501,6,19.0,0.0,0.02769230769230769
759,-3.3,0.3334444348915632,0.9835655591165587,8,23.0,0.0,0.049999999999999996
760,-3.1000000000000005,0.2586197163999727,0.983532905214297,8,21.0,0.0,0.06153846153846154
761,-0.7999999999999998,0.1673346071077946,0.983504333939115,7,18.0,0.0,0.04153846153846154
762,-3.3,0.3858946994153608,0.9834716820694996,8,23.0,0.0,0.04230769230769231
763,-3.0,0.2523793404149421,0.9834390312839106,8,20.0,0.0,0.03807692307692308
764,-1.4000000000000001,0.1612085972225518,0.9834104627357324,7,24.0,0.0,0.038461538461538464
765,0.6,0.06565139347890736,0.9834063815823121,1,4.0,0.0,0.0019230769230769232
766,-0.5,0.1837314372274786,0.9833859760692608,5,15.0,0.0,0.01730769230769231
767,-3.1,0.15934169396535877,0.9833533281290697,8,21.0,0.0,0.02769230769230769
768,0.8,0.16471290567571917,0.983349247212758,1,2.0,0.0,0.003076923076923077
769,-0.29999999999999993,0.22854039133929183,0.983328842885235,5,13.0,0.0,0.01153846153846154
770,-3.5,0.16416367430298923,0.983296196841838,8,25.0,0.0,0.04230769230769231
771,-0.5000000000000002,0.16119228386993079,0.9832798742265791,4,15.0,0.0,0.01076923076923077
772,0.10000000000000009,0.17377722609831125,0.9832676324429486,3,9.0,0.0,0.013846153846153845
773,0.0,0.18864627176930696,0.9832513103018559,4,10.0,0.0,0.021153846153846155
774,0.30000000000000004,0.10902068173230807,0.9832431493329145,2,7.0,0.0,0.01153846153846154
775,0.8,0.08753519130520993,0.9832390688738447,1,2.0,0.0,0.0023076923076923075
776,-1.1,0.16129135496499367,0.9832064258109017,8,21.0,0.0,0.02538461538461538
777,0.8,0.22594362918480004,0.9832023455042346,1,2.0,0.0,0.004230769230769231
778,0.19999999999999996,0.14301711996746544,0.9831901046858326,3,8.0,0.0,0.013846153846153845
779,-3.7,0.20892285157594734,0.9831574632484769,8,27.0,0.0,0.05538461538461538
780,-3.6999999999999993,0.2866579611319385,0.9831248228948013,8,27.0,0.0,0.017307692307692305
781,-0.20000000000000007,0.24252210777486777,0.9831085031243323,4,12.0,0.0,0.030000000000000002
782,-3.5,0.3585705093354229,0.9830758643961094,8,25.0,0.0,0.03461538461538462
783,0.10000000000000009,0.13006636510335837,0.9830636251523908,3,9.0,0.0,0.015384615384615385
784,-1.1,0.06355502351070723,0.9830391471220854,6,21.0,0.0,0.03461538461538462
785,-2.8,0.14832032814791804,0.9830065106964482,8,18.0,0.0,0.019230769230769232
786,0.7,0.16013754718472695,0.9830024312194288,1,3.0,0.0,0.0038461538461538464
787,0.4,0.07412080755407363,0.9829983517593393,1,6.0,0.0,0.004230769230769231
788,-2.7,0.2807738461564614,0.9829657166880884,8,17.0,0.0,0.046538461538461535
789,-1.8,0.1847407289543295,0.982937161889528,7,28.0,0.0,0.03846153846153847
790,-3.4000000000000004,0.29708369373093946,0.9829045288497512,8,24.0,0.0,0.06461538461538462
791,-4.2,0.2902977019871381,0.9828718968933758,8,32.0,0.0,0.03807692307692308
792,0.10000000000000009,0.18627097379527924,0.982859660189042,3,9.0,0.0,0.012692307692307694
793,0.0,0.1068702850068008,0.9828474236370546,3,10.0,0.0,0.007692307692307693
794,-4.0,0.27969785355425203,0.9828147935765446,8,30.0,0.0,0.03807692307692308
795,-3.8000000000000003,0.30644348112684405,0.9827821645993368,8,28.0,0.0,0.03076923076923077
796,-0.3999999999999999,0.18279670327249053,0.9827617720386803,5,14.0,0.0,0.023076923076923075
797,-0.09999999999999987,0.27497751446542096,0.982745458294818,4,11.0,0.0,0.029615384615384616
798,-0.8,0.15258149652775174,0.9827169098946843,7,18.0,0.0,0.019230769230769232
799,0.5,0.14645243215110512,0.9827087533612571,2,5.0,0.0,0.00576923076923077
800,-0.8999999999999999,0.20839540855984362,0.9826802060273884,7,19.0,0.0,0.03692307692307692
801,-2.7,0.27609896754192575,0.9826557375441202,6,17.0,1.0,0.06538461538461539
802,0.7,0.062040566837567535,0.9826516595228094,1,3.0,0.0,0.0026923076923076926
803,-1.1102230246251565e-16,0.15206472017435707,0.9826353476068036,4,10.0,0.0,0.019230769230769232
804,0.9,0.15009463529699907,0.982631269670111,1,1.0,0.0,0.004615384615384615
805,-0.5999999999999999,0.11276415551948056,0.9826068024053455,6,16.0,0.0,0.02423076923076923
806,0.39999999999999997,0.23390342164166647,0.9825986467858084,2,6.0,0.0,0.005384615384615385
807,0.0,0.15692093508172295,0.9825864134834243,3,10.0,0.0,0.01846153846153846
808,-3.5,0.17903333077245726,0.9825537920883254,8,25.0,0.0,0.02692307692307693
809,0.29999999999999993,0.17163229163860141,0.9825456369087731,2,7.0,0.0,0.006923076923076922
810,-3.6,0.19819368250857186,0.982513016867437,8,26.0,0.0,0.038461538461538464
811,0.6,0.1000630901979993,0.982508939438417,1,4.0,0.0,0.0019230769230769232
812,-0.40000000000000013,0.16388391650639011,0.9824885525471356,5,14.0,0.0,0.021153846153846155
813,0.8,0.12007570823759928,0.9824844752196426,1,2.0,0.0,0.004615384615384615
814,-3.5999999999999996,0.31309162379569955,0.982451857208845,8,26.0,0.0,0.04230769230769231
815,-3.0999999999999996,0.18432976971487874,0.9824192402809496,8,21.0,0.0,0.031153846153846157
816,-3.8,0.28585735301117643,0.9823866244359204,8,28.0,0.0,0.02692307692307693
817,-3.5,0.35351377217692026,0.9823540096737217,8,25.0,0.0,0.05
818,-1.2000000000000004,0.1752549823133034,0.9823213959943173,8,22.0,0.0,0.051923076923076926
819,-0.30000000000000004,0.20170762941052212,0.9823050895606519,4,13.0,0.0,0.021153846153846155
820,-3.2,0.206100719947411,0.9822724775053717,8,22.0,0.0,0.060000000000000005
821,-0.30000000000000016,0.19740129919981758,0.9822520955206347,5,13.0,0.0,0.03115384615384615
822,-1.5999999999999999,0.1733759107857467,0.9822317139588205,5,26.0,0.0,0.02307692307692308
823,-2.6999999999999997,0.2392118930159752,0.982199104339575,8,17.0,0.0,0.045
824,-3.3,0.1740198920240223,0.9821664958029531,8,23.0,0.0,0.060000000000000005
825,-3.8000000000000003,0.29975598458146513,0.9821338883489189,8,28.0,0.0,0.02769230769230769
826,0.7,0.0765932923920587,0.9821298124932822,1,3.0,0.0,0.006153846153846154
827,-3.6000000000000005,0.2757033994773072,0.982097206257116,8,26.0,0.0,0.0553846153846154
828,-2.7,0.3382598278488333,0.9820646011034613,8,17.0,0.0,0.046538461538461535
829,-0.9000000000000001,0.16687800901666633,0.9820442234321238,5,19.0,0.0,0.01846153846153846
830,0.3,0.048065023594110634,0.9820360724819827,2,7.0,0.0,0.006153846153846154
831,-3.3,0.27519148528865583,0.9820034693579397,8,23.0,0.0,0.03230769230769231
832,-3.4000000000000004,0.31834566113812757,0.9819708673163048,8,24.0,0.0,0.02076923076923077
833,-3.5999999999999996,0.18912596827642175,0.9819382663570418,8,26.0,0.0,0.027692307692307686
834,-3.3,0.30741374750666883,0.981905666480115,8,23.0,0.0,0.04153846153846154
835,0.5,0.044314690598262485,0.9819015915715992,1,5.0,0.0,0.01
836,-2.8000000000000003,0.27303603638031615,0.9818689929122576,8,18.0,0.0,0.03230769230769231
837,0.5,0.08338590849833283,0.981864918155937,1,5.0,0.0,0.006153846153846154
838,0.3,0.12307377341660655,0.9818567686940265,2,7.0,0.0,0.012307692307692308
839,-3.0,0.1878203007229008,0.9818241715227829,8,20.0,0.0,0.05192307692307692
840,-2.7,0.22794608331242264,0.9817915754337495,8,17.0,0.0,0.06923076923076923
841,-0.7000000000000002,0.09662274202158384,0.9817671290771536,6,17.0,0.0,0.029615384615384616
842,-3.5,0.2816447445724448,0.981734534881902,8,25.0,0.0,0.03230769230769231
843,0.4,0.16646697973412164,0.9817223123376665,3,6.0,0.0,0.023076923076923075
844,-1.0000000000000002,0.14472689333878952,0.9816937936595527,7,20.0,0.0,0.03461538461538461
845,-2.5999999999999996,0.30379117193649313,0.9816612018990015,8,16.0,0.0,0.05538461538461538
846,-0.7,0.12645002249257745,0.9816408325981281,5,17.0,0.0,0.013846153846153845
847,-3.0,0.2980773260108136,0.9816082425958588,8,20.0,0.0,0.030000000000000002
848,0.5,0.19637703711323146,0.981600095264351,2,5.0,0.0,0.00923076923076923
849,-0.5999999999999999,0.15050611858912505,0.981583800804203,4,16.0,0.0,0.019230769230769232
850,0.39999999999999997,0.07213650174295413,0.9815756536755618,2,6.0,0.0,0.017307692307692305
851,0.5,0.1383513150349438,0.9815675066145415,2,5.0,0.0,0.010384615384615384
852,0.09999999999999998,0.21565791040112145,0.9815552861497993,3,9.0,0.0,0.009615384615384616
853,-2.9000000000000004,0.2200449622471271,0.9815226989876307,8,19.0,0.0,0.050769230769230775
854,-1.1,0.167665549093321,0.9814901129073401,8,21.0,0.0,0.033846153846153845
855,0.4,0.13415623558435558,0.9814819665563067,2,6.0,0.0,0.00923076923076923
856,0.8,0.13341745359733248,0.9814778934061456,1,2.0,0.0,0.0023076923076923075
857,0.8,0.10806813741383936,0.981473820272888,1,2.0,0.0,0.005384615384615385
858,-0.4999999999999999,0.17229778023442327,0.981453454860151,5,15.0,0.0,0.02423076923076923
859,-0.09999999999999998,0.15033240129425082,0.9814330898699929,5,11.0,0.0,0.013461538461538462
860,-1.0,0.1928555567628993,0.981404579593687,7,20.0,0.0,0.058846153846153854
861,0.9,0.13508517176729917,0.9814005067646817,1,1.0,0.0,0.006153846153846154
862,0.6000000000000001,0.1875375250643706,0.9813923611573778,2,4.0,0.0,0.00923076923076923
863,-0.8999999999999999,0.16227107106371916,0.9813638520642264,7,19.0,0.0,0.04615384615384615
864,-2.9000000000000004,0.31796425182711585,0.9813312712575771,8,19.0,0.0,0.021153846153846155
865,-0.9999999999999998,0.29363518103880004,0.9813149812598799,4,20.0,0.0,0.003076923076923077
866,-3.9000000000000004,0.3124604712976049,0.9812824020757179,8,29.0,0.0,0.015384615384615385
867,0.0,0.12580320085534558,0.9812701851605125,3,10.0,0.0,0.013461538461538462
868,0.8,0.051688655113813264,0.981266112889244,1,2.0,0.0,0.013076923076923078
869,0.2,0.08797090361828014,0.981257968397407,2,8.0,0.0,0.012692307692307694
870,-3.4,0.24742837875226614,0.9812253911060443,8,24.0,0.0,0.054999999999999986
871,0.8,0.09726132367245544,0.9812213190206712,1,2.0,0.0,0.006153846153846154
872,0.7,0.062040566837567535,0.9812172469521973,1,3.0,0.0,0.003076923076923077
873,0.8,0.16471290567571917,0.9812131749006224,1,2.0,0.0,0.004230769230769231
874,-0.10000000000000009,0.25176700690288367,0.9812009588472917,3,11.0,0.0,0.007692307692307693
875,-3.3,0.3906765538496785,0.9811683834486188,8,23.0,0.0,0.04615384615384615
876,-3.1,0.34093879552886597,0.9811358091314333,8,21.0,0.0,0.05
877,-1.2999999999999996,0.1868044461530281,0.9811032358956994,8,23.0,0.0,0.03692307692307692
878,0.8,0.08753519130520993,0.9810991643172704,1,2.0,0.0,0.00923076923076923
879,-1.4999999999999998,0.21784057086406386,0.9810665922981268,8,25.0,0.0,0.06153846153846154
880,0.8,0.14824161510814726,0.9810625208717687,1,2.0,0.0,0.003076923076923077
881,0.0,0.22377742942849668,0.981050306694073,3,10.0,0.0,0.009615384615384616
882,-3.1,0.3208178232624781,0.9810177362969787,8,21.0,0.0,0.046538461538461535
883,-3.5,0.2616234269656532,0.9809851669812061,8,25.0,0.0,0.05384615384615386
884,-3.4,0.3813540803617894,0.980952598746719,8,24.0,0.0,0.04923076923076923
885,-3.9,0.24233361444429533,0.9809200315934816,8,29.0,0.0,0.024230769230769236
886,0.9,0.12157665459056921,0.9809159607753505,1,1.0,0.0,0.007692307692307693
887,-3.3,0.31255326071705614,0.9808833948384761,8,23.0,0.0,0.05
888,-3.5,0.2171949632635355,0.9808508299827751,8,25.0,0.0,0.01846153846153846
889,-3.3000000000000003,0.3225469163210323,0.9808182662082114,8,23.0,0.0,0.050769230769230775
890,-1.7,0.1438001790557193,0.9807857035147496,8,27.0,0.0,0.04230769230769231
891,-3.0,0.28888596513440984,0.9807531419023533,8,20.0,0.0,0.06461538461538462
892,-3.9000000000000004,0.26686252709010205,0.9807205813709869,8,29.0,0.0,0.02769230769230769
893,-0.4999999999999998,0.14614828840044936,0.9807002315878275,5,15.0,0.0,0.024615384615384615
894,-1.1,0.159533004960115,0.9806798822269225,5,21.0,0.0,0.029615384615384616
895,-0.29999999999999993,0.14693986107526905,0.9806595332882633,5,13.0,0.0,0.028846153846153848
896,0.10000000000000009,0.14215475435864247,0.980647324127742,3,9.0,0.0,0.015384615384615385
897,0.0,0.1577015017732091,0.9806351151192242,3,10.0,0.0,0.017307692307692305
898,0.7,0.1991068405330656,0.9806269758646577,2,3.0,0.0,0.00923076923076923
899,-3.4,0.3537854129149124,0.9805944195219429,8,24.0,0.0,0.0423076923076923
900,0.6000000000000001,0.15660072723060856,0.9805862806051493,2,4.0,0.0,0.010384615384615384
901,-2.9000000000000004,0.1897296953634535,0.9805537256134974,8,19.0,0.0,0.0676923076923077
902,-3.0,0.2939080470239037,0.980521171702656,8,20.0,0.0,0.05076923076923076
903,-0.30000000000000004,0.19547501824392688,0.9804967569787847,6,13.0,0.0,0.0376923076923077
904,0.10000000000000009,0.16958976242533175,0.98048454984482,3,9.0,0.0,0.019230769230769232
905,0.6000000000000001,0.14754481846061568,0.9804764118399428,2,4.0,0.0,0.00576923076923077
906,-4.1,0.2520869647731816,0.9804438604958811,8,31.0,0.0,0.03461538461538461
907,-3.5999999999999996,0.26689431229667404,0.9804113102325082,8,26.0,0.0,0.026923076923076925
908,-0.5,0.09889151128171961,0.9803909668666716,5,15.0,0.0,0.03230769230769231
909,0.49999999999999994,0.10518852795277953,0.9803828296385314,2,5.0,0.0,0.006923076923076922
910,-0.20000000000000007,0.17833774896642485,0.9803624868636622,5,12.0,0.0,0.033846153846153845
911,0.29999999999999993,0.07321138842236385,0.9803543498719056,2,7.0,0.0,0.006153846153846154
912,-2.8,0.30229736643806376,0.9803218025802424,8,18.0,0.0,0.04230769230769231
913,0.10000000000000003,0.046691804880308316,0.9803136659261645,2,9.0,0.0,0.01076923076923077
914,-4.1,0.3278341596785631,0.9802811199851885,8,31.0,0.0,0.045
915,-3.4,0.24002265954900748,0.9802485751247222,8,24.0,0.0,0.05076923076923076
916,0.49999999999999994,0.12393526007255086,0.9802404390784311,2,5.0,0.0,0.011538461538461537
917,-0.40000000000000013,0.14166748689779762,0.9802200992581415,5,14.0,0.0,0.02076923076923077
918,-0.30000000000000004,0.1352997192612149,0.9802038277057846,4,13.0,0.0,0.02153846153846154
919,-2.7,0.21872477352798975,0.9801712854113847,8,17.0,0.0,0.046538461538461535
920,0.5,0.2706677865464537,0.9801631500065968,2,5.0,0.0,0.010384615384615384
921,-0.30000000000000004,0.22697170561182514,0.9801387441973732,6,13.0,0.0,0.02769230769230769
922,-2.9,0.2391563060330376,0.980114338995848,6,19.0,1.0,0.05538461538461539
923,-3.8999999999999995,0.30188080401171224,0.9800817996724301,8,29.0,0.0,0.04230769230769231
924,-4.3,0.29336417532930137,0.980049261429302,8,33.0,0.0,0.04615384615384616
925,-0.30000000000000004,0.20910075366262423,0.980037059866634,3,13.0,0.0,0.015384615384615385
926,-3.9,0.28173497934260294,0.9800045231088461,8,29.0,0.0,0.04307692307692308
927,-0.30000000000000004,0.16649477511047264,0.9799882551350312,4,13.0,0.0,0.025
928,-0.9,0.07375962779924901,0.979967920547515,5,19.0,0.0,0.020769230769230766
929,-0.8,0.16394730206523814,0.9799435195994545,6,18.0,0.0,0.029615384615384616
930,0.7,0.03297090088072374,0.9799394528338482,1,3.0,0.0,0.004615384615384615
931,0.7,0.036634334311915207,0.979935386085119,1,3.0,0.0,0.005
932,-2.0999999999999996,0.25954304528377076,0.9799028527028514,8,31.0,0.0,0.06346153846153846
933,-0.5000000000000002,0.155627784201337,0.9798865864167545,4,15.0,0.0,0.00923076923076923
934,0.8,0.10806813741383936,0.9798825198874209,1,2.0,0.0,0.005384615384615385
935,-0.9,0.14181961739243387,0.9798621874938929,5,19.0,0.0,0.023076923076923075
936,-3.4000000000000004,0.21579177603904925,0.9798296565417832,8,24.0,0.0,0.038461538461538464
937,-0.19999999999999996,0.14924740272948336,0.9798133914707351,4,12.0,0.0,0.015384615384615385
938,0.30000000000000004,0.16116955830334664,0.9798011928446357,3,7.0,0.0,0.01076923076923077
939,-1.6,0.09808678127796788,0.979768663917519,8,26.0,0.0,0.03692307692307692
940,0.7,0.045227573224586703,0.9797645978775638,1,3.0,0.0,0.005384615384615385
941,-3.3,0.3250915687905466,0.9797320701653823,8,23.0,0.0,0.038461538461538464
942,0.29999999999999993,0.1804865534946301,0.9797158067142581,4,7.0,0.0,0.02307692307692308
943,0.0,0.13681765907664425,0.9797036093030839,3,10.0,0.0,0.012307692307692308
944,-1.4,0.15532926134600866,0.9796751492675632,7,24.0,0.0,0.05538461538461538
945,0.8,0.08753519130520993,0.9796710836156938,1,2.0,0.0,0.00923076923076923
946,0.10000000000000009,0.13706156312366924,0.9796507556094319,5,9.0,0.0,0.026923076923076925
947,0.9,0.07976644307687242,0.9796466900587961,1,1.0,0.0,0.01
948,0.9,0.07178979876918523,0.9796426245250324,1,1.0,0.0,0.006923076923076922
949,-3.7,0.2485838226002939,0.9796101008623075,8,27.0,0.0,0.045
950,-0.5000000000000001,0.0672782381849762,0.9795938394358609,4,15.0,0.0,0.013846153846153845
951,-2.5,0.3304829901371442,0.9795613173927772,8,15.0,0.0,0.05500000000000001
952,0.09999999999999987,0.13927891206667817,0.9795450567761312,4,9.0,0.0,0.025
953,-3.3,0.3036972196326353,0.9795125363526085,8,23.0,0.0,0.027692307692307697
954,-3.4000000000000004,0.2797907998460125,0.9794800170087481,8,24.0,1.0,0.06538461538461539
955,-0.20000000000000007,0.09396859530271963,0.9794678225331436,3,12.0,0.0,0.00923076923076923
956,-3.5999999999999996,0.32729573791775946,0.9794353046737605,8,26.0,0.0,0.06153846153846154
957,-3.5,0.19013293846013835,0.9794027878939546,8,25.0,0.0,0.02692307692307693
958,-1.9000000000000004,0.21035091009649579,0.979374336597187,7,29.0,0.0,0.033846153846153845
959,-1.0,0.14359891320394852,0.9793499504292135,6,20.0,0.0,0.029615384615384616
960,-1.1,0.16226129087255786,0.9793255648684493,6,21.0,0.0,0.01846153846153846
961,-4.0,0.30671036263029405,0.979293051731952,8,30.0,0.0,0.033846153846153845
962,-3.6,0.4117825572056998,0.9792605396748753,8,26.0,0.0,0.05538461538461538
963,-1.4000000000000001,0.13218513387847794,0.9792280286971831,8,24.0,0.0,0.07615384615384616
964,-3.0,0.31790276851246213,0.9791955187988396,8,20.0,0.0,0.033846153846153845
965,0.8,0.06381315446149793,0.9791914551374366,1,2.0,0.0,0.0026923076923076926
966,-3.8,0.31165326489254486,0.9791589464533177,8,28.0,0.0,0.02769230769230769
967,-0.10000000000000009,0.10939742586578233,0.9791426925159878,4,11.0,0.0,0.012307692307692308
968,0.4,0.04376759565260496,0.9791386290738139,1,6.0,0.0,0.005384615384615385
969,-2.8000000000000003,0.1242421673769924,0.9791061221434948,8,18.0,0.0,0.03076923076923077
970,0.5,0.20177840744331313,0.979093932322862,3,5.0,0.0,0.007692307692307693
971,-0.19999999999999996,0.20409113204381663,0.97907767946476,4,12.0,0.0,0.026923076923076925
972,0.3,0.07864509812070594,0.9790695531368826,2,7.0,0.0,0.01846153846153846
973,-0.5,0.21362097200879307,0.9790451745579385,6,15.0,0.0,0.024230769230769236
974,0.3,0.13361909559084878,0.9790370484998513,2,7.0,0.0,0.008461538461538461
975,0.10000000000000009,0.1665996324187148,0.9790207965860148,4,9.0,0.0,0.015384615384615385
976,-3.8,0.28631061121950646,0.9789882935676776,8,28.0,0.0,0.06461538461538462
977,0.8,0.06381315446149793,0.9789842307662593,1,2.0,0.0,0.006153846153846154
978,-3.5,0.23814313814284793,0.9789517289618896,8,25.0,0.0,0.02538461538461538
979,-0.4999999999999998,0.23116333776345668,0.9789273533167373,6,15.0,0.0,0.01884615384615385
980,0.2,0.12607940237191934,0.9789192282365644,2,8.0,0.0,0.013076923076923078
981,-0.09999999999999998,0.11206690954453903,0.9789029782785322,4,11.0,0.0,0.009615384615384616
982,-2.8,0.2800416434338105,0.978870479171706,8,18.0,0.0,0.03461538461538462
983,-0.7000000000000004,0.15842427237551812,0.9788420433383144,7,17.0,0.0,0.04846153846153847
984,-3.8,0.33206908931463897,0.9788095462544989,8,28.0,0.0,0.03692307692307692
985,0.8,0.14824161510814726,0.978805484194882,1,2.0,0.0,0.003076923076923077
986,0.09999999999999987,0.09259021655834615,0.9787932981171763,3,9.0,0.0,0.015384615384615385
987,-2.2,0.3669614642739094,0.9787608026516785,8,12.0,0.0,0.045
988,-2.7,0.20956101783578418,0.9787283082650144,8,17.0,0.0,0.02153846153846154
989,0.10000000000000003,0.0363263708836767,0.978720184836912,2,9.0,0.0,0.008461538461538461
990,0.09999999999999998,0.17818341129181772,0.9787079998211788,3,9.0,0.0,0.038461538461538464
991,0.49999999999999994,0.16594503600352445,0.9786998765616362,2,5.0,0.0,0.015000000000000001
992,-1.0,0.11400311762635712,0.978667384197689,8,20.0,0.0,0.026923076923076925
993,0.8,0.09726132367245544,0.9786633227280446,1,2.0,0.0,0.0019230769230769232
994,0.9,0.06461081889226672,0.9786592612752553,1,1.0,0.0,0.01076923076923077
995,-1.0000000000000002,0.14339365213479724,0.9786308315776672,7,20.0,0.0,0.01730769230769231
996,-1.6999999999999997,0.134322556256703,0.9786064639227767,6,27.0,0.0,0.030000000000000002
997,0.6000000000000001,0.09631456527239532,0.9785983415059802,2,4.0,0.0,0.00923076923076923
998,-0.29999999999999993,0.13738467517346278,0.9785861580071903,3,13.0,0.0,0.007692307692307693
999,-1.0,0.19460695820931656,0.9785536694186443,8,20.0,0.0,0.05500000000000001
1000,0.0,0.1680592708984391,0.9785414864760195,3,10.0,0.0,0.01846153846153846
1001,-0.10000000000000009,0.15144910277183865,0.9785211819087037,5,11.0,0.0,0.02307692307692308
1002,-4.0,0.32572316075668806,0.9784886954773329,8,30.0,0.0,0.019230769230769232
1003,-3.2,0.3453459667510933,0.9784562101244959,8,22.0,0.0,0.03230769230769231
1004,0.29999999999999993,0.10106802589579471,0.9784440283952343,3,7.0,0.0,0.02769230769230769
1005,0.2,0.1111262866335095,0.9784359073266499,2,8.0,0.0,0.013846153846153845
1006,-1.0,0.09933133274034467,0.9784156049500834,5,20.0,0.0,0.025384615384615387
1007,-3.0,0.2174945827452354,0.9783831220238167,8,20.0,0.0,0.045
1008,-0.4999999999999999,0.20261350220636554,0.9783587605368301,6,15.0,0.0,0.02153846153846154
1009,0.7,0.045227573224586703,0.9783547003479739,1,3.0,0.0,0.0023076923076923075
1010,-0.7,0.12434472765846712,0.9783384597610462,4,17.0,0.0,0.016923076923076923
1011,0.6000000000000001,0.12914503706285543,0.9783303395686797,2,4.0,0.0,0.004615384615384615
1012,-3.0999999999999996,0.30448650975188046,0.9782978594731826,8,21.0,0.0,0.04153846153846154
1013,-3.0,0.3403555208795273,0.978265380456009,8,20.0,0.0,0.050769230769230775
1014,-1.5999999999999999,0.10600313841940755,0.9782329025171229,8,26.0,0.0,0.04615384615384616
1015,0.9,0.05233476330273601,0.9782288428505775,1,1.0,0.0,0.012307692307692308
1016,0.8,0.10806813741383936,0.9782247832008797,1,2.0,0.0,0.004230769230769231
1017,-0.40000000000000013,0.15678305938558657,0.9782044852051024,5,14.0,0.0,0.01846153846153846
1018,0.49999999999999994,0.22024443450255224,0.9781963661247224,2,5.0,0.0,0.00923076923076923
1019,-3.5,0.22654972889393282,0.9781638904770789,8,25.0,0.0,0.04230769230769231
1020,-3.8,0.29827108082380627,0.9781314159076112,8,28.0,0.0,0.038461538461538464
1021,0.6,0.1372607547297659,0.9781273566622353,1,4.0,0.0,0.0026923076923076926
1022,0.7,0.040704815902128044,0.9781232974337052,1,3.0,0.0,0.003076923076923077
1023,-3.3,0.2523151472685994,0.9780908242119072,8,23.0,0.0,0.03807692307692308
1024,-3.0,0.2887003833981891,0.9780583520682042,8,20.0,0.0,0.03807692307692308
1025,-3.6999999999999997,0.15781263813413654,0.9780258810025609,8,27.0,0.0,0.038461538461538464
1026,-1.4000000000000004,0.1806333023977614,0.9779974697044406,7,24.0,0.0,0.033846153846153845
1027,0.7,0.12971141321962887,0.9779934110149413,1,3.0,0.0,0.004230769230769231
1028,0.30000000000000004,0.1149198845984871,0.9779852936864734,2,7.0,0.0,0.008076923076923077
1029,-0.8999999999999999,0.11495609983989945,0.9779609421053096,6,19.0,0.0,0.04153846153846154
1030,-3.6,0.2382586206302884,0.97792847427363,8,26.0,0.0,0.02153846153846154
1031,0.39999999999999997,0.19901445437916487,0.977920357484136,2,6.0,0.0,0.01153846153846154
1032,0.8,0.057431839015348096,0.9779162991146524,1,2.0,0.0,0.008461538461538461
1033,-2.6999999999999997,0.3670107528607153,0.9778838327650987,8,17.0,0.0,0.023076923076923075
1034,-0.5,0.1915824746233701,0.9778594837102857,6,15.0,0.0,0.035
1035,0.5,0.06754258588364959,0.9778554255934284,1,5.0,0.0,0.006923076923076922
1036,0.10000000000000003,0.04700501560892591,0.9778473094102371,2,9.0,0.0,0.01076923076923077
1037,-1.4000000000000001,0.21114173804957576,0.9778148453511082,8,24.0,0.0,0.04230769230769231
1038,0.4,0.028715919507674048,0.9778107874195,1,6.0,0.0,0.003461538461538461
1039,0.30000000000000004,0.15784524645396678,0.9777986137257176,3,7.0,0.0,0.015384615384615385
1040,-3.4000000000000004,0.2541362344963989,0.9777661512832619,8,24.0,0.0,0.03230769230769231
1041,0.5,0.060788327295284605,0.9777620935537341,1,5.0,0.0,0.01
1042,-2.9,0.24581973367498952,0.9777296323237306,8,19.0,0.0,0.038461538461538464
1043,0.5,0.054709494565756134,0.9777255747457564,1,5.0,0.0,0.006153846153846154
1044,-3.3,0.2922613832182012,0.9776931147281598,8,23.0,0.0,0.04230769230769232
1045,-1.3,0.1283650471987756,0.9776647130967794,7,23.0,0.0,0.024230769230769236
1046,-3.3,0.3564573051081558,0.97763225509976,8,23.0,0.0,0.024230769230769236
1047,-3.0,0.22415854807059465,0.9775997981803306,8,20.0,0.0,0.033846153846153845
1048,-0.3999999999999999,0.13120314828608265,0.9775835701247009,4,14.0,0.0,0.03076923076923077
1049,-4.300000000000001,0.3988105267877327,0.9775511148215892,8,33.0,0.0,0.017307692307692305
1050,0.4,0.11371759305102677,0.9775430011641721,2,6.0,0.0,0.01846153846153846
1051,-2.7,0.2614715413670414,0.9775105472079304,8,17.0,0.0,0.02307692307692308
1052,-0.9999999999999999,0.16296641126134664,0.9774821508800704,7,20.0,0.0,0.03461538461538462
1053,-2.8999999999999995,0.3187481896481078,0.9774496989440287,8,19.0,0.0,0.030000000000000002
1054,0.6,0.09005678117819937,0.9774456425277781,1,4.0,0.0,0.0015384615384615385
1055,-2.9000000000000004,0.22495429101542236,0.977413191803796,8,19.0,0.0,0.02076923076923077
1056,-3.7,0.2108602767982697,0.9773807421571624,8,27.0,0.0,0.019230769230769232
1057,0.10000000000000009,0.09722254566185436,0.9773685738174215,3,9.0,0.0,0.008076923076923077
1058,-1.1,0.0537285664729372,0.9773401816138371,7,21.0,0.0,0.026923076923076925
1059,-1.9000000000000001,0.15376256155041793,0.9773117902350359,7,29.0,0.0,0.03115384615384615
1060,-3.1,0.3783669148645672,0.9772793439548854,8,21.0,0.0,0.03769230769230769
1061,-3.5,0.28711632415293636,0.9772468987519355,8,25.0,0.0,0.03115384615384615
1062,0.29999999999999993,0.08059307372243076,0.9772387876195066,2,7.0,0.0,0.006923076923076922
1063,0.7,0.02967381079265141,0.977234732078538,1,3.0,0.0,0.0038461538461538464
1064,0.8,0.024722523506106042,0.9772306765543999,1,2.0,0.0,0.0023076923076923075
1065,0.6,0.03876649133535992,0.9772266210470922,1,4.0,0.0,0.003076923076923077
1066,-3.6,0.2808873559842136,0.9771941775945177,8,26.0,0.0,0.03846153846153847
1067,-3.9000000000000004,0.2955443394058005,0.9771617352190499,8,29.0,0.0,0.015384615384615385
1068,-3.1,0.2880921410091664,0.9771292939206535,8,21.0,0.0,0.03230769230769231
1069,-3.2,0.3198801756794838,0.9770968536992927,8,22.0,0.0,0.04230769230769231
1070,0.29999999999999993,0.09844776889514015,0.9770887438122351,2,7.0,0.0,0.011538461538461537
1071,0.6,0.034889842201823895,0.9770846888939483,1,4.0,0.0,0.004230769230769231
1072,-1.1000000000000003,0.1791137705569992,0.9770563049371183,7,21.0,0.0,0.03115384615384615
1073,-0.09999999999999998,0.1392059270342322,0.9770400859034202,4,11.0,0.0,0.02076923076923077
1074,-0.9999999999999999,0.13562629348661595,0.9770117032422909,7,20.0,0.0,0.049999999999999996
1075,-0.10000000000000009,0.09396149306393138,0.9769995394970653,3,11.0,0.0,0.01153846153846154
1076,0.09999999999999987,0.15137681327264274,0.9769833214056677,4,9.0,0.0,0.018461538461538463
1077,-3.7,0.33930008335679307,0.9769508860305239,8,27.0,0.0,0.07192307692307692
1078,0.3,0.03107867814075807,0.9769427773549955,2,7.0,0.0,0.006923076923076922
1079,0.8,0.06381315446149793,0.9769387230424694,1,2.0,0.0,0.003461538461538461
1080,-3.3999999999999995,0.36395293324127853,0.9769062891479698,8,24.0,0.0,0.05538461538461538
1081,-3.3,0.27008028886065233,0.9768738563302598,8,23.0,0.0,0.030769230769230767
1082,-0.30000000000000004,0.13200269596425313,0.9768535863659825,5,13.0,0.0,0.016153846153846154
1083,0.29999999999999993,0.11143764110581943,0.9768454784980395,2,7.0,0.0,0.006923076923076922
1084,-3.7000000000000006,0.35190069233983945,0.9768130476992138,8,27.0,0.0,0.04153846153846154
1085,0.39999999999999997,0.12654568525472362,0.9768049401677411,2,6.0,0.0,0.004615384615384615
1086,-1.0,0.16291905407427063,0.9767765643375104,7,20.0,0.0,0.02769230769230769
1087,-3.3,0.12653394884153596,0.9767441358266016,8,23.0,0.0,0.04615384615384616
1088,0.9,0.04710128697246241,0.9767400823384379,1,1.0,0.0,0.004615384615384615
1089,-0.19999999999999996,0.1756948731788309,0.9767238685540023,4,12.0,0.0,0.03230769230769231
1090,-0.29999999999999993,0.10983315048353068,0.9766954950788727,7,13.0,0.0,0.036923076923076927
1091,-1.0999999999999999,0.19181401827084793,0.9766630692594241,8,21.0,0.0,0.024615384615384615
1092,-3.3999999999999995,0.33947379462904215,0.9766306445164972,8,24.0,0.0,0.019230769230769232
1093,-1.1,0.17034079366283203,0.9766063266657476,6,21.0,0.0,0.04615384615384614
1094,-0.3999999999999999,0.23508299821669607,0.9765941679674395,3,14.0,0.0,0.015000000000000001
1095,-0.19999999999999996,0.21177287623382307,0.9765779566051673,4,12.0,0.0,0.015384615384615385
1096,-0.40000000000000024,0.12621564641094787,0.9765576927807583,5,14.0,0.0,0.02153846153846154
1097,-1.4999999999999998,0.17628206856765322,0.9765252715362797,8,25.0,0.0,0.02769230769230769
1098,0.8,0.02746947056234006,0.9765212189564028,1,2.0,0.0,0.00923076923076923
1099,0.19999999999999996,0.17299644903874412,0.9765090613176811,3,8.0,0.0,0.015384615384615385
1100,0.20000000000000007,0.16871148796465385,0.9764969038303215,3,8.0,0.0,0.01153846153846154
1101,0.10000000000000009,0.13903619696839434,0.9764847464943219,3,9.0,0.0,0.02
1102,-3.3,0.15999549840989064,0.9764523276716247,8,23.0,0.0,0.038461538461538464
1103,-3.0999999999999996,0.20279811280811477,0.9764199099252169,8,21.0,0.0,0.05076923076923076
1104,0.39999999999999997,0.11544545919934249,0.9764118056567809,2,6.0,0.0,0.005384615384615385
1105,-2.3,0.31826688401577174,0.9763793892556843,8,13.0,0.0,0.04615384615384616
1106,-2.8000000000000003,0.32801668190170635,0.9763469739307967,8,18.0,0.0,0.016923076923076926
1107,-3.5999999999999996,0.19692036693919476,0.9763145596820823,8,26.0,0.0,0.038461538461538464
1108,-0.30000000000000004,0.11421547898459598,0.976302404616258,3,13.0,0.0,0.013846153846153845
1109,-3.5999999999999996,0.14462924774784153,0.9762699918472233,8,26.0,0.0,0.04230769230769231
1110,-3.8,0.20426510112230178,0.9762375801542769,8,28.0,0.0,0.030769230769230767
1111,-3.2,0.24768351502379557,0.976205169537383,8,22.0,0.0,0.05538461538461538
1112,0.6000000000000001,0.08536451353204269,0.9761970670512886,2,4.0,0.0,0.015000000000000001
1113,-0.9000000000000002,0.15382770126656428,0.9761768111302723,5,19.0,0.0,0.00923076923076923
1114,0.8,0.022250271155495494,0.9761727599965061,1,2.0,0.0,0.004615384615384615
1115,-1.4,0.18631363454823974,0.9761444025308806,7,24.0,0.0,0.024615384615384615
1116,-2.8999999999999995,0.27134035762477016,0.9761119950074392,8,19.0,0.0,0.04307692307692308
1117,-3.6999999999999997,0.14571738251956612,0.9760795885599117,8,27.0,0.0,0.02423076923076923
1118,-3.3,0.27610604421935275,0.9760471831882628,8,23.0,0.0,0.05076923076923078
1119,-3.1999999999999997,0.27440486960403254,0.9760147788924564,8,22.0,0.0,0.02153846153846154
1120,-4.0,0.26980056868459673,0.975982375672457,8,30.0,0.0,0.026923076923076925
1121,-0.8999999999999999,0.19110982217325523,0.9759540237374275,7,19.0,0.0,0.03807692307692308
1122,-4.3,0.2074433087100527,0.9759216225344699,8,33.0,0.0,0.05538461538461538
1123,-3.5999999999999996,0.2786245646077307,0.9758892224072168,8,26.0,0.0,0.05076923076923076
1124,-3.8,0.2621302693125502,0.9758568233556322,8,28.0,0.0,0.030769230769230767
1125,-3.4000000000000004,0.20289191520559363,0.9758244253796804,8,24.0,0.0,0.05923076923076923
1126,-0.6,0.13103262708810096,0.9758001276035791,6,16.0,0.0,0.026923076923076925
1127,0.6,0.05908625413101665,0.9757960780330496,1,4.0,0.0,0.005
1128,0.09999999999999998,0.13726466436055149,0.9757839294222951,3,9.0,0.0,0.013846153846153845
1129,0.8,0.07090350495721998,0.975779879918988,1,2.0,0.0,0.008461538461538461
1130,0.8,0.024722523506106042,0.9757758304324863,1,2.0,0.0,0.007692307692307693
1131,-3.4000000000000004,0.31215746744270334,0.9757434351454606,8,24.0,0.0,0.033846153846153845
1132,-3.5999999999999996,0.2595859061645556,0.9757110409339427,8,26.0,0.0,0.02692307692307693
1133,0.9,0.0343368382029251,0.9757069917331228,1,1.0,0.0,0.005384615384615385
1134,-3.3,0.293733028561109,0.9756745987315087,8,23.0,0.0,0.013846153846153845
1135,-0.19999999999999996,0.11753943491541556,0.9756624516331651,3,12.0,0.0,0.03923076923076923
1136,0.6000000000000001,0.07890051880562676,0.9756543536516199,2,4.0,0.0,0.017307692307692305
1137,0.8,0.03391292662017298,0.9756503046860523,1,2.0,0.0,0.004615384615384615
1138,-2.9000000000000004,0.3908199641023313,0.9756179135664208,8,19.0,0.0,0.038461538461538464
1139,-1.9999999999999998,0.17262748716333232,0.9755855235221589,8,30.0,0.0,0.02423076923076923
1140,0.8,0.057431839015348096,0.9755814748422362,1,2.0,0.0,0.01076923076923077
1141,-3.4000000000000004,0.3232696206663967,0.9755490860077223,8,24.0,0.0,0.04653846153846154
1142,-0.4999999999999998,0.12403999398635719,0.975528843532201,5,15.0,0.0,0.025384615384615387
1143,0.7,0.036634334311915207,0.9755247950875005,1,3.0,0.0,0.005
1144,-3.3,0.2916365481413979,0.9754924081347272,8,23.0,0.0,0.03807692307692308
1145,-3.7,0.33259928482590995,0.9754600222571849,8,27.0,0.0,0.04615384615384616
1146,-3.7,0.2783624544904351,0.9754276374548382,8,27.0,0.0,0.030769230769230767
1147,0.10000000000000009,0.1562817057673541,0.975411445456852,4,9.0,0.0,0.021153846153846155
1148,-0.19999999999999996,0.1526538316717289,0.9753912058373484,5,12.0,0.0,0.04307692307692308
1149,0.4,0.19415690394844765,0.9753790622672318,3,6.0,0.0,0.019230769230769232
1150,-3.5,0.260524864097148,0.9753466801527179,8,25.0,0.0,0.024230769230769236
1151,0.7,0.10506624470789938,0.9753426324639952,1,3.0,0.0,0.005769230769230769
1152,-0.5,0.156503799622814,0.9753183466844131,6,15.0,0.0,0.01076923076923077
1153,-3.3,0.21907072289733015,0.9752859665856274,8,23.0,0.0,0.016923076923076923
1154,-4.0,0.35787138663011164,0.9752535875618453,8,30.0,0.0,0.03076923076923077
1155,-3.4,0.36012697030113777,0.975221209613031,8,24.0,0.0,0.02538461538461538
1156,0.6,0.19253790939371315,0.9752131152937871,2,4.0,0.0,0.01153846153846154
1157,-0.9000000000000001,0.20505286400789946,0.9751807386886326,8,19.0,0.0,0.033846153846153845
1158,-0.7999999999999998,0.13904444338550317,0.9751524100408675,7,18.0,0.0,0.029615384615384616
1159,0.6,0.05317762871791498,0.9751483631583658,1,4.0,0.0,0.0019230769230769232
1160,0.4,0.0593949526013762,0.9751402694437461,2,6.0,0.0,0.006923076923076922
1161,-3.3,0.3356097615153734,0.9751078952570388,8,23.0,0.0,0.021153846153846155
1162,-0.7,0.2028520658813601,0.9750836153223525,6,17.0,0.0,0.03807692307692308
1163,-1.0,0.14781457380162383,0.9750552894959861,7,20.0,0.0,0.024615384615384615
1164,-3.8000000000000003,0.30546241312671485,0.9750229181305718,8,28.0,0.0,0.030769230769230767
1165,-3.5,0.3661109046708888,0.9749905478398717,8,25.0,0.0,0.05500000000000001
1166,-0.19999999999999996,0.21031098102970924,0.9749703169539211,5,12.0,0.0,0.026923076923076925
1167,-0.29999999999999993,0.20194962329187371,0.9749460404448991,6,13.0,0.0,0.03461538461538461
1168,-0.5000000000000001,0.17685886636795334,0.9749217645403557,6,15.0,0.0,0.026923076923076925
1169,0.8,0.06381315446149793,0.974917718615033,1,2.0,0.0,0.003461538461538461
1170,-0.8000000000000002,0.16663960119469143,0.9748974892402763,5,18.0,0.0,0.020769230769230766
1171,0.09999999999999987,0.11401671227986059,0.9748853518169057,3,9.0,0.0,0.00923076923076923
1172,0.6,0.04785986584612345,0.9748813060426957,1,4.0,0.0,0.0038461538461538464
1173,-0.5000000000000001,0.1630310326312121,0.9748610774234936,5,15.0,0.0,0.03076923076923077
1174,-3.7,0.3208219942653545,0.9748287125058266,8,27.0,0.0,0.05500000000000001
1175,-2.8999999999999995,0.30714658425852204,0.9747963486626593,8,19.0,0.0,0.045
1176,-1.0,0.08549055972775532,0.9747720764854028,6,20.0,0.0,0.01884615384615385
1177,-0.6,0.11864607398423328,0.9747558953696611,4,16.0,0.0,0.017307692307692305
1178,0.10000000000000009,0.15280535615822416,0.9747397145225242,4,9.0,0.0,0.02
1179,-3.5,0.2821432589633571,0.974707353634047,8,25.0,0.0,0.03076923076923077
1180,-3.5,0.3224297640341619,0.9746749938199358,8,25.0,0.0,0.021153846153846155
1181,-0.20000000000000007,0.2240025999915365,0.9746547694816771,5,12.0,0.0,0.03461538461538462
1182,-2.6,0.337162738134572,0.9746224114133343,8,16.0,0.0,0.050769230769230775
1183,0.7,0.0945596202371094,0.974618366730327,1,3.0,0.0,0.003076923076923077
1184,-0.9000000000000001,0.09106530566606173,0.9745940989847746,6,19.0,0.0,0.020769230769230766
1185,0.4,0.18314148475493597,0.974586009870538,2,6.0,0.0,0.02923076923076923
1186,0.4,0.028715919507674048,0.9745819653385971,1,6.0,0.0,0.0023076923076923075
1187,-2.7,0.2032987756516747,0.9745496096873166,8,17.0,0.0,0.03076923076923077
1188,-3.5,0.28981601737630835,0.9745172551102282,8,25.0,0.0,0.03846153846153847
1189,-0.6,0.1571131990096181,0.9744970340450203,5,16.0,0.0,0.043846153846153854
1190,-3.4000000000000004,0.2681620183659347,0.9744646812134179,8,24.0,0.0,0.045
1191,0.7,0.02403578674204765,0.9744606371849909,1,3.0,0.0,0.003076923076923077
1192,-0.30000000000000004,0.08703435784090321,0.9744444612391092,4,13.0,0.0,0.015384615384615385
1193,-0.30000000000000016,0.09914900138290417,0.9744282855617467,4,13.0,0.0,0.007692307692307693
1194,-3.5,0.20238270623684518,0.9743959350125608,8,25.0,0.0,0.03461538461538461
1195,-0.5,0.10810308822883638,0.9743757164647241,5,15.0,0.0,0.035
1196,-3.6000000000000005,0.2706174938722415,0.9743433676608071,8,26.0,0.0,0.04230769230769231
1197,-1.0000000000000002,0.10430517362884217,0.9743191067626605,6,20.0,0.0,0.020769230769230766
1198,0.19999999999999996,0.1728226978831123,0.974306976540122,3,8.0,0.0,0.02
1199,0.10000000000000009,0.09793125830740015,0.9742908031449912,4,9.0,0.0,0.015384615384615385
1200,0.19999999999999996,0.1378102999581254,0.9742746300183371,4,8.0,0.0,0.013461538461538462
1201,-3.4000000000000004,0.2635600620234849,0.9742422845704413,8,24.0,0.0,0.033846153846153845
1202,-1.2000000000000002,0.206121428751017,0.9742180261892376,6,22.0,0.0,0.013461538461538462
1203,-2.5999999999999996,0.24621902261190265,0.9741856826205614,8,16.0,0.0,0.04230769230769231
1204,-4.9,0.18772175047884443,0.9741533401256761,8,39.0,0.0,0.02423076923076923
1205,-0.3999999999999999,0.15270550425908586,0.9741371692808941,4,14.0,0.0,0.015384615384615385
1206,-0.30000000000000004,0.1019523694083064,0.9741169561024017,5,13.0,0.0,0.03076923076923077
1207,-4.1,0.23997019245172235,0.9740846158892037,8,31.0,1.0,0.07
1208,0.7,0.08510365821339849,0.9740805734380478,1,3.0,0.0,0.0011538461538461537
1209,-1.4999999999999996,0.1415169266041051,0.9740482344327367,8,25.0,0.0,0.03461538461538462
1210,-3.4000000000000004,0.31788481239502964,0.974015896501065,8,24.0,0.0,0.04615384615384615
1211,-3.3,0.3392024189820773,0.973983559642997,8,23.0,0.0,0.05076923076923078
1212,0.0,0.11695965168454846,0.9739673916165533,4,10.0,0.0,0.013461538461538462
1213,0.8,0.057431839015348096,0.9739633496518781,1,2.0,0.0,0.003076923076923077
1214,-4.1,0.45637368715130544,0.9739310145383403,8,31.0,0.0,0.033846153846153845
1215,-3.7999999999999994,0.28522746082831957,0.9738986804983126,8,28.0,0.0,0.023076923076923075
1216,-3.4000000000000004,0.3054585251873781,0.9738663475317595,8,24.0,0.0,0.026923076923076925
1217,0.8,0.024722523506106042,0.9738623059864172,1,2.0,0.0,0.007692307692307693
1218,-0.7000000000000002,0.1281894552405407,0.9738340156386452,7,17.0,0.0,0.045
1219,-3.3000000000000007,0.25250994656394216,0.9738016848189345,8,23.0,0.0,0.029615384615384616
1220,0.6,0.06565139347890736,0.9737976435419425,1,4.0,0.0,0.0026923076923076926
1221,-3.2,0.2694198131904118,0.9737653139297678,8,22.0,0.0,0.03461538461538462
1222,-0.6,0.09533050772155384,0.9737491495261805,4,16.0,0.0,0.017307692307692305
1223,-3.4000000000000004,0.349516633546442,0.9737168215239835,8,24.0,0.0,0.04615384615384616
1224,0.0,0.0956233463541915,0.973704698799865,3,10.0,0.0,0.01076923076923077
1225,-4.1,0.2035237304074643,0.9736723722734106,8,31.0,0.0,0.05384615384615386
1226,-3.0999999999999996,0.23605887344149923,0.9736400468201815,8,21.0,0.0,0.05
1227,0.4,0.1669256986140656,0.9736319656245613,2,6.0,0.0,0.00923076923076923
1228,0.8,0.04651978960243197,0.973627925051904,1,2.0,0.0,0.007692307692307693
1229,-3.0999999999999996,0.2012769015005329,0.9735956010743012,8,21.0,0.0,0.01730769230769231
1230,-3.4000000000000004,0.24966137356436696,0.9735632781698389,8,24.0,0.0,0.02769230769230769
1231,0.49999999999999994,0.12847554853880183,0.9735551976113973,2,5.0,0.0,0.006153846153846154
1232,-3.1,0.3762460709250396,0.9735228760483103,8,21.0,0.0,0.03692307692307692
1233,-2.8,0.2679697828586163,0.9734905555582837,8,18.0,0.0,0.04307692307692308
1234,-0.7999999999999999,0.17352511955554517,0.9734663158949382,6,18.0,0.0,0.02153846153846154
1235,-3.3,0.20255504884147657,0.9734339972826814,8,23.0,0.0,0.029615384615384616
1236,-3.7,0.304752911973437,0.9734016797433869,8,27.0,0.0,0.02076923076923077
1237,-3.5,0.21020979800982864,0.9733693632770192,8,25.0,0.0,0.019230769230769232
1238,-0.6,0.08435905941677167,0.9733491660303691,5,16.0,0.0,0.01730769230769231
1239,0.8,0.06381315446149793,0.9733451266313301,1,2.0,0.0,0.006923076923076922
1240,-0.6999999999999998,0.12129949182626187,0.9733249298875861,5,17.0,0.0,0.03230769230769231
1241,-3.6000000000000005,0.20201320346389753,0.9732926159692765,8,26.0,0.0,0.027692307692307697
1242,0.4,0.01695646331008649,0.9732885768049203,1,6.0,0.0,0.004615384615384615
1243,-3.5999999999999996,0.36685971202614354,0.9732562640935157,8,26.0,0.0,0.05538461538461538
1244,-0.20000000000000007,0.20330380779913163,0.973240108140103,4,12.0,0.0,0.02153846153846154
1245,0.4,0.01526081697907783,0.9732360691936542,1,6.0,0.0,0.0038461538461538464
1246,-1.4000000000000001,0.10624396187924495,0.9732037582254769,8,24.0,0.0,0.05384615384615385
1247,0.7,0.05583651015381075,0.9731997194298803,1,3.0,0.0,0.003461538461538461
1248,0.5,0.039883221538436264,0.9731956806510447,1,5.0,0.0,0.006923076923076922
1249,-1.2999999999999996,0.16551024583884472,0.9731674096684976,7,23.0,0.0,0.02076923076923077
1250,-3.2,0.24035307542595108,0.9731351009797835,8,22.0,0.0,0.03461538461538461
1251,0.7,0.10943974640787657,0.9731270239752052,2,3.0,0.0,0.015000000000000001
1252,0.8,0.06381315446149793,0.9731229854980558,1,2.0,0.0,0.005769230769230769
1253,0.20000000000000007,0.17128824146190139,0.9731108701671651,3,8.0,0.0,0.00923076923076923
1254,0.19999999999999996,0.15982157443307637,0.9730987549871097,3,8.0,0.0,0.00923076923076923
1255,-0.30000000000000004,0.09435611820132113,0.9730866399578877,3,13.0,0.0,0.012307692307692308
1256,-3.4000000000000004,0.32393528346053146,0.973054333950689,8,24.0,0.0,0.03076923076923077
1257,-3.8,0.2940613661232303,0.973022029016034,8,28.0,0.0,0.02769230769230769
1258,-1.1999999999999997,0.18088554039799898,0.9729897251538874,8,22.0,0.0,0.02769230769230769
1259,0.0,0.21909611672517504,0.9729735736249935,4,10.0,0.0,0.023076923076923075
1260,-0.7000000000000001,0.1267071974941925,0.9729533845909104,5,17.0,0.0,0.029615384615384616
1261,0.8,0.016220447672356197,0.9729493468343644,1,2.0,0.0,0.005
1262,0.09999999999999998,0.1813577993214212,0.9729291583029832,5,9.0,0.0,0.013461538461538462
1263,0.8,0.10806813741383936,0.9729251206469762,1,2.0,0.0,0.003461538461538461
1264,-0.30000000000000004,0.14344932925655857,0.9729089701905105,4,13.0,0.0,0.02307692307692308
1265,0.6,0.05908625413101665,0.9729049326182843,1,4.0,0.0,0.0038461538461538464
1266,-3.0,0.3422290886823793,0.9728726326436817,8,20.0,0.0,0.05
1267,-0.9000000000000001,0.10880975118678897,0.9728443710455625,7,19.0,0.0,0.04153846153846154
1268,-3.5999999999999996,0.32438891554027516,0.972812073081575,8,26.0,0.0,0.04615384615384616
1269,-0.8,0.13686845135380196,0.9727918873986005,5,18.0,0.0,0.02769230769230769
1270,-3.2,0.39858305208170597,0.9727595911770445,8,22.0,0.0,0.04230769230769231
1271,-0.4,0.1960904238278348,0.9727353697145231,6,14.0,0.0,0.05192307692307692
1272,0.10000000000000009,0.12318035442526303,0.9727232592094289,3,9.0,0.0,0.02153846153846154
1273,0.6,0.04785986584612345,0.9727192224079032,1,4.0,0.0,0.0023076923076923075
1274,-2.8,0.4804245600976071,0.972703075369327,4,18.0,1.0,0.04576923076923078
1275,0.3,0.047929303326544506,0.9726950019505539,2,7.0,0.0,0.01076923076923077
1276,-3.5999999999999996,0.2640829020075074,0.9726627089455481,8,26.0,0.0,0.05500000000000001
1277,-3.6,0.31447632467187864,0.9726304170126545,8,26.0,0.0,0.01153846153846154
1278,0.6,0.020602102921755017,0.9726263805964239,1,4.0,0.0,0.004615384615384615
1279,-1.2999999999999998,0.06776446328767702,0.9726061987665365,5,23.0,0.0,0.01730769230769231
1280,-0.9000000000000002,0.19393377773112006,0.9725779449082249,7,19.0,0.0,0.04615384615384616
1281,-1.0999999999999999,0.12461574597229393,0.9725537279686488,6,21.0,0.0,0.03115384615384615
1282,-0.19999999999999996,0.03468999228102995,0.972541619724985,3,12.0,0.0,0.015384615384615385
1283,-0.9000000000000001,0.1820273879159452,0.9725214396538712,5,19.0,0.0,0.04153846153846154
1284,0.09999999999999998,0.11656793391911105,0.9725133677426713,2,9.0,0.0,0.013846153846153845
1285,-0.9,0.186201420834462,0.9724851165810673,7,19.0,0.0,0.02538461538461538
1286,-3.5,0.36615919552536547,0.9724528305441545,8,25.0,0.0,0.06346153846153846
1287,-3.3,0.27494449819718536,0.9724205455791226,8,23.0,0.0,0.04153846153846154
1288,0.9,0.027812838944369367,0.9724165100338584,1,1.0,0.0,0.01
1289,0.5,0.11340194237910703,0.9724084389935727,2,5.0,0.0,0.006923076923076922
1290,-1.4999999999999996,0.1701196015112506,0.9723761555023188,8,25.0,0.0,0.03461538461538462
1291,0.0,0.13534686389302777,0.9723600141586177,4,10.0,0.0,0.01730769230769231
1292,0.5,0.008211601634130372,0.9723559788645589,1,5.0,0.0,0.008461538461538461
1293,-1.4000000000000004,0.20973517993164772,0.972327732275045,7,24.0,0.0,0.024230769230769236
1294,-3.1999999999999997,0.2956385515367909,0.9722954514632154,8,22.0,0.0,0.02076923076923077
1295,-0.09999999999999987,0.12369636356828755,0.9722752765000505,5,11.0,0.0,0.02307692307692308
1296,-3.9000000000000004,0.31160101317206057,0.9722429974297273,8,29.0,0.0,0.04307692307692308
1297,-0.5,0.09883962089140713,0.9722187888302567,6,15.0,0.0,0.024615384615384615
1298,-3.6000000000000005,0.3021469333971587,0.972186511635297,8,26.0,0.0,0.023076923076923075
1299,0.6,0.02289122546861666,0.9721824770612737,1,4.0,0.0,0.003461538461538461
1300,-0.3999999999999999,0.14251364827812832,0.9721582699687448,6,14.0,0.0,0.01884615384615385
1301,0.7000000000000001,0.1242146398147159,0.972150201071847,2,3.0,0.0,0.01153846153846154
1302,-0.09999999999999987,0.20110341072572224,0.9721380978520723,3,11.0,0.0,0.013846153846153845
1303,0.2,0.12024543691952469,0.9721300291226028,2,8.0,0.0,0.006923076923076922
1304,-0.9999999999999998,0.20547829081404387,0.972109857591923,5,20.0,0.0,0.015384615384615385
1305,-0.8999999999999999,0.1831079595164753,0.972081618152143,7,19.0,0.0,0.029615384615384616
1306,-0.5,0.16500547665551443,0.9720654816977317,4,15.0,0.0,0.023076923076923075
1307,-3.2,0.3094949724305243,0.9720332095924947,8,22.0,0.0,0.05384615384615385
1308,0.19999999999999996,0.1043355075694364,0.9720130400708035,5,8.0,0.0,0.03076923076923077
1309,0.8,0.016220447672356197,0.9720090062166872,1,2.0,0.0,0.01076923076923077
1310,0.10000000000000009,0.1377347006388109,0.971996904754781,3,9.0,0.0,0.026923076923076925
1311,-3.4000000000000004,0.3446457300610444,0.9719646349262654,8,24.0,0.0,0.02692307692307693
1312,-3.3,0.3192662974849141,0.9719323661690927,8,23.0,0.0,0.02769230769230769
1313,-3.0,0.34237666041696413,0.9719000984832272,8,20.0,0.0,0.05500000000000001
1314,0.0,0.19516421315928248,0.9718839650420235,4,10.0,0.0,0.028846153846153848
1315,0.0,0.18466436107698225,0.9718718651368735,3,10.0,0.0,0.006923076923076922
1316,-0.8,0.1310145071780108,0.9718436326106883,7,18.0,0.0,0.03076923076923077
1317,-3.9000000000000004,0.32875654678886684,0.971811367870734,8,29.0,0.0,0.03076923076923077
1318,-3.6999999999999993,0.22046587964838588,0.9717791042019535,8,27.0,0.0,0.05
1319,-0.20000000000000007,0.11152870249898313,0.9717670056023155,3,12.0,0.0,0.01076923076923077
1320,0.49999999999999994,0.16799916892274253,0.9717589399529053,2,5.0,0.0,0.006923076923076922
1321,-1.3000000000000003,0.1481422945739461,0.9717307107071559,7,23.0,0.0,0.02153846153846154
1322,0.7,0.015769879681457377,0.9717266780247065,1,3.0,0.0,0.0038461538461538464
1323,-0.9000000000000001,0.160801328830621,0.9716984497161545,7,19.0,0.0,0.045
1324,-3.6000000000000005,0.3886549259148783,0.9716661897962025,8,26.0,0.0,0.04615384615384615
1325,-4.1,0.36781459221374363,0.971633930947264,8,31.0,0.0,0.03230769230769231
1326,-0.9,0.18967221428689313,0.9716016731693039,8,19.0,0.0,0.024230769230769236
1327,-3.3,0.17907964604630985,0.9715694164622863,8,23.0,0.0,0.02076923076923077
1328,-1.6000000000000003,0.12420323140834102,0.9715371608261761,8,26.0,0.0,0.02692307692307693
1329,-0.4,0.1026071795835064,0.9715170015974114,5,14.0,0.0,0.02769230769230769
1330,0.10000000000000009,0.12237283338981121,0.9715008745155763,4,9.0,0.0,0.016923076923076923
1331,-3.4000000000000004,0.29556679738059055,0.9714686211550255,8,24.0,0.0,0.030769230769230767
1332,-3.0,0.2174244581435543,0.971436368865271,8,20.0,0.0,0.03807692307692308
1333,-1.7000000000000002,0.19814999809966713,0.9714081489900949,7,27.0,0.0,0.04615384615384615
1334,-3.5999999999999996,0.41147195371191836,0.9713758987079868,8,26.0,0.0,0.023076923076923075
1335,-1.7,0.14036070421245023,0.9713436494965726,8,27.0,0.0,0.04230769230769231
1336,-0.4999999999999998,0.15243495776567212,0.9713234942831346,5,15.0,0.0,0.013461538461538462
1337,-0.19999999999999996,0.1059911712025809,0.9713033394879138,5,12.0,0.0,0.03230769230769231
1338,0.5,0.20256177397993474,0.9712952776869244,2,5.0,0.0,0.008076923076923077
1339,-3.7000000000000006,0.30517634067149363,0.9712630311520891,8,27.0,0.0,0.030769230769230767
1340,0.9,0.022528399544939126,0.9712590004105098,1,1.0,0.0,0.004615384615384615
1341,0.7,0.014192891713311617,0.9712549696856582,1,3.0,0.0,0.005
1342,-0.9000000000000001,0.14937016756562554,0.9712227244890291,8,19.0,0.0,0.03807692307692308
1343,0.19999999999999996,0.17782187287824458,0.9712106328162898,3,8.0,0.0,0.01846153846153846
1344,-3.3,0.2971786108400774,0.9711783890916236,8,23.0,0.0,0.03461538461538462
1345,-0.5000000000000002,0.06616829181368356,0.9711622676307212,4,15.0,0.0,0.017307692307692305
1346,-1.3,0.09839581581683142,0.9711340557180869,7,23.0,0.0,0.05384615384615385
1347,0.4,0.011125135577747747,0.9711300255117556,1,6.0,0.0,0.004230769230769231
1348,-1.6000000000000003,0.08391904888088499,0.9710977844632129,8,26.0,0.0,0.04230769230769231
1349,-0.19999999999999984,0.119514804368538,0.9710736043792494,6,12.0,0.0,0.04846153846153847
1350,0.10000000000000003,0.1462790201941118,0.9710655444850574,2,9.0,0.0,0.008461538461538461
1351,0.4,0.11738027069949755,0.9710574846577625,2,6.0,0.0,0.01076923076923077
1352,0.8,0.018022719635951368,0.9710534547692012,1,2.0,0.0,0.005384615384615385
1353,-0.8,0.08299362378903385,0.9710333055772539,5,18.0,0.0,0.02769230769230769
1354,0.30000000000000004,0.17773943333293069,0.9710171865247228,4,7.0,0.0,0.016153846153846154
1355,-0.09999999999999998,0.10397761536753834,0.9710010677397664,4,11.0,0.0,0.016153846153846154
1356,-3.1,0.30311884484308693,0.9709688309725595,8,21.0,0.0,0.04230769230769231
1357,0.6000000000000001,0.10277793656773998,0.970960771947985,2,4.0,0.0,0.003461538461538461
1358,-1.2999999999999998,0.09415468157249607,0.9709285365185789,8,23.0,0.0,0.03692307692307692
1359,-3.2,0.18521203023285637,0.9708963021593735,8,22.0,0.0,0.04230769230769231
1360,-0.4999999999999999,0.07775356470100257,0.9708801853810851,4,15.0,0.0,0.015384615384615385
1361,-0.4999999999999999,0.18423821756261516,0.9708560107152826,6,15.0,0.0,0.027692307692307697
1362,-0.7000000000000002,0.22237129617924314,0.9708358656202654,5,17.0,0.0,0.02307692307692308
1363,0.7,0.062040566837567535,0.970831836651423,1,3.0,0.0,0.004615384615384615
1364,0.8,0.03768102957796993,0.970827807699301,1,2.0,0.0,0.006923076923076922
1365,-4.0,0.31999549577970204,0.970795576684244,8,30.0,0.0,0.02769230769230769
1366,-3.0,0.29647637370206054,0.970767375423849,7,20.0,1.0,0.06153846153846154
1367,0.6000000000000001,0.172072791541066,0.9707593180713521,2,4.0,0.0,0.015000000000000001
1368,0.6000000000000001,0.12811687654110193,0.970751260785731,2,4.0,0.0,0.013846153846153845
1369,-3.1,0.33708013165620576,0.9707190323119946,8,21.0,0.0,0.04846153846153847
1370,0.0,0.08324120434416475,0.970706946910197,3,10.0,0.0,0.025
1371,-1.2000000000000002,0.15063546484371163,0.970678748224465,7,22.0,0.0,0.02769230769230769
1372,-3.5,0.37935623209804514,0.9706465221581105,8,25.0,0.0,0.02076923076923077
1373,0.4,0.008110223836178099,0.9706424939750437,1,6.0,0.0,0.004230769230769231
1374,-3.6,0.24513991941917385,0.970610269112313,8,26.0,0.0,0.04230769230769231
1375,-1.5,0.16532765133206218,0.970578045319432,8,25.0,0.0,0.03807692307692308
1376,0.8,0.03768102957796993,0.9705740174205439,1,2.0,0.0,0.0023076923076923075
1377,-2.4000000000000004,0.0771849825581319,0.9705458225963656,7,34.0,0.0,0.04307692307692308
1378,-3.0,0.25745627045804786,0.9705136009430779,8,20.0,0.0,0.050769230769230775
1379,0.6,0.020602102921755017,0.970509573311634,1,4.0,0.0,0.003076923076923077
1380,-3.0,0.19290937058052104,0.9704773528618053,8,20.0,0.0,0.04230769230769231
1381,-3.6,0.3681112393949111,0.9704451334816797,8,26.0,0.0,0.04230769230769231
1382,-1.1,0.12676822759316395,0.9704169424015331,7,21.0,0.0,0.02692307692307693
1383,0.7,0.02163220806784283,0.9704129151712222,1,3.0,0.0,0.003076923076923077
1384,-0.6000000000000001,0.1424997007023961,0.9703927792703612,5,16.0,0.0,0.036923076923076927
1385,-0.3999999999999999,0.14184127555037954,0.9703726437873165,5,14.0,0.0,0.025384615384615387
1386,-0.30000000000000004,0.07004270262020681,0.9703525087220798,5,13.0,0.0,0.02769230769230769
1387,-3.2,0.2671182366474646,0.9703202934867196,8,22.0,0.0,0.05076923076923076
1388,-1.2,0.1031226040132456,0.9702921060331295,7,22.0,0.0,0.010384615384615384
1389,-3.6,0.1869239405637868,0.9702598928031095,8,26.0,0.0,0.02692307692307693
1390,0.5,0.08113138470210249,0.9702518396627096,2,5.0,0.0,0.007692307692307693
1391,-0.10000000000000009,0.09484614952593877,0.970235733582432,4,11.0,0.0,0.028846153846153848
1392,0.7,0.03297090088072374,0.9702317071041376,1,3.0,0.0,0.004615384615384615
1393,-2.5,0.24875125398313214,0.970199495879333,8,15.0,0.0,0.03807692307692308
1394,-3.8000000000000003,0.29750661490814856,0.9701672857239253,8,28.0,0.0,0.038461538461538464
1395,-3.5,0.3010592811131625,0.9701350766378792,8,25.0,0.0,0.02076923076923077
1396,0.3,0.2113449707437948,0.9701270245334513,2,7.0,0.0,0.01846153846153846
1397,-3.0,0.3569904860989901,0.9700948167840575,8,20.0,0.0,0.045
1398,-2.9000000000000004,0.22135353043938105,0.9700626101039453,8,19.0,0.0,0.057692307692307696
1399,-1.4000000000000001,0.1308529955688733,0.9700304044930794,8,24.0,0.0,0.045000000000000005
1400,-1.3,0.17783807530553272,0.9700022254606598,7,23.0,0.0,0.01923076923076923
1401,0.10000000000000003,0.19336582778932346,0.9699941744588945,2,9.0,0.0,0.0038461538461538464
1402,-1.2999999999999998,0.12183726828368072,0.9699619711200591,8,23.0,0.0,0.01846153846153846
1403,0.5,0.07638096794070293,0.969953920452404,2,5.0,0.0,0.008076923076923077
1404,0.8,0.009578012146049697,0.9699498951436342,1,2.0,0.0,0.003461538461538461
1405,-1.4000000000000001,0.12335222302546034,0.9699217184499822,7,24.0,0.0,0.033846153846153845
1406,-3.3,0.3351852975081846,0.9698895175166512,8,23.0,0.0,0.03461538461538462
1407,0.7,0.08298917992275023,0.9698814674503597,2,3.0,0.0,0.00923076923076923
1408,-2.4,0.15617551686448647,0.9698492678533426,8,14.0,0.0,0.04230769230769231
1409,-3.9000000000000004,0.2759360445585213,0.9698170693253365,8,29.0,0.0,0.029615384615384616
1410,-3.4,0.22722089471411072,0.969784871866306,8,24.0,0.0,0.03461538461538461
1411,0.6000000000000001,0.10588135063874993,0.9697768226685717,2,4.0,0.0,0.016153846153846154
1412,-2.5,0.3388848753245055,0.9697446265457108,8,15.0,0.0,0.03461538461538462
1413,-1.1,0.1790260632418,0.9697164558150374,7,21.0,0.0,0.04230769230769231
1414,0.8,0.01064223571783296,0.9697124314917458,1,2.0,0.0,0.006923076923076922
1415,0.5,0.04353572256334823,0.9697043828952654,2,5.0,0.0,0.01076923076923077
1416,0.10000000000000009,0.16228598990998266,0.9696923101258005,3,9.0,0.0,0.012692307692307694
1417,-3.8,0.2236244992913694,0.9696601168087152,8,28.0,0.0,0.031153846153846157
1418,-3.5,0.3452819415493136,0.9696279245604327,8,25.0,0.0,0.049999999999999996
1419,-0.30000000000000016,0.11834410591514583,0.969603781075601,6,13.0,0.0,0.04230769230769231
1420,0.7,0.010346618059004165,0.9695997572199095,1,3.0,0.0,0.005384615384615385
1421,0.8,0.013138562614608551,0.9695957333809171,1,2.0,0.0,0.005384615384615385
1422,-0.10000000000000009,0.14199653551360805,0.9695756144364376,5,11.0,0.0,0.026923076923076925
1423,-2.4000000000000004,0.2686092602972867,0.9695434249935928,8,14.0,0.0,0.03076923076923077
1424,-3.3,0.18790244712452553,0.9695112366194223,8,23.0,0.0,0.03230769230769231
1425,-3.5,0.30850142502080546,0.9694790493138901,8,25.0,0.0,0.02769230769230769
1426,-4.2,0.3172027263537157,0.9694468630769613,8,32.0,0.0,0.04846153846153847
1427,0.7,0.01752208853495263,0.9694428398724795,1,3.0,0.0,0.003461538461538461
1428,-3.9000000000000004,0.3177358023249585,0.9694106548376863,8,29.0,0.0,0.04230769230769231
1429,-3.3,0.33633076171022724,0.9693784708714209,8,23.0,0.0,0.023076923076923075
1430,-3.0999999999999996,0.24692375387966647,0.9693462879736476,8,21.0,0.0,0.06923076923076922
1431,-0.7000000000000001,0.07229050354593644,0.9693221515014943,6,17.0,0.0,0.02153846153846154
1432,-0.7000000000000001,0.18014549297752275,0.969306060853944,4,17.0,0.0,0.015384615384615385
1433,-4.0,0.3324533652180506,0.9692738803601484,8,30.0,0.0,0.05384615384615386
1434,-1.0999999999999999,0.1785017077491903,0.9692417009347295,8,21.0,0.0,0.050769230769230775
1435,0.4,0.01695646331008649,0.9692376785816706,1,6.0,0.0,0.005769230769230769
1436,-0.10000000000000009,0.1364544017098529,0.9692175670667663,5,11.0,0.0,0.04923076923076923
1437,-3.5,0.3037623992754391,0.9691853895109216,8,25.0,0.0,0.03807692307692308
1438,-3.1,0.23869892165339202,0.9691532130233563,8,21.0,0.0,0.02
1439,-2.8,0.2712525225927423,0.9691210376040349,8,18.0,0.0,0.03807692307692308
1440,-0.9,0.1129952395197074,0.9690969067405576,6,19.0,0.0,0.018461538461538463
1441,-3.3000000000000003,0.23549499385945147,0.9690647331905777,8,23.0,0.0,0.050769230769230775
1442,-0.30000000000000004,0.0544259239963641,0.9690446252642605,5,13.0,0.0,0.01884615384615385
1443,-0.7999999999999998,0.15666175153234416,0.9690204963034307,6,18.0,0.0,0.01884615384615385
1444,0.6,0.1466692707666407,0.9690124534500004,2,4.0,0.0,0.00576923076923077
1445,-3.4,0.38277455292338797,0.9689843039886905,7,24.0,1.0,0.06153846153846154
1446,0.6000000000000001,0.12073589389644346,0.9689762614356557,2,4.0,0.0,0.01153846153846154
1447,-1.2000000000000002,0.1930535854588065,0.968948113025711,7,22.0,0.0,0.033846153846153845
1448,-0.4999999999999999,0.17207782663302862,0.9689320285871609,4,15.0,0.0,0.013461538461538462
1449,-3.1999999999999997,0.18711817491260668,0.9688998605110561,8,22.0,0.0,0.03461538461538462
1450,-0.6,0.15059004832673747,0.9688797560058187,5,16.0,0.0,0.013846153846153845
1451,0.8,0.01064223571783296,0.9688757351548313,1,2.0,0.0,0.003076923076923077
1452,-3.1,0.2021873093827016,0.9688435689476415,8,21.0,0.0,0.029615384615384616
1453,-0.5000000000000001,0.14743360017562465,0.9688194449930622,6,15.0,0.0,0.016153846153846154
1454,-1.4,0.08414168429792879,0.9687953216391632,6,24.0,0.0,0.026923076923076925
1455,-0.7999999999999999,0.1684815860583963,0.9687752193030894,5,18.0,0.0,0.021153846153846155
1456,-3.8,0.16864207293198574,0.9687430564329774,8,28.0,0.0,0.04230769230769231
1457,-3.9,0.3708761728606609,0.9687108946306571,8,29.0,0.0,0.02538461538461538
1458,0.7,0.00931195625310377,0.9687068744804443,1,3.0,0.0,0.005
1459,0.4,0.005912353176573848,0.9687028543469153,1,6.0,0.0,0.003076923076923077
1460,-0.30000000000000004,0.13507424369059798,0.9686827539295219,5,13.0,0.0,0.03076923076923077
1461,-3.5,0.22771802175779948,0.9686505941292156,8,25.0,0.0,0.04653846153846154
1462,-0.20000000000000007,0.1696393215694963,0.9686345146294485,4,12.0,0.0,0.024615384615384615
1463,-1.2,0.1684697559801132,0.9686023564306635,8,22.0,0.0,0.029615384615384616
1464,-3.5,0.2616024597147324,0.9685701992995156,8,25.0,0.0,0.045
1465,-0.19999999999999996,0.15080725208490703,0.9685541211342942,4,12.0,0.0,0.009615384615384616
1466,-3.1,0.22751133050368275,0.9685219656045346,8,21.0,0.0,0.05884615384615385
1467,-3.5,0.22648130372025463,0.9684898111423231,8,25.0,0.0,0.027692307692307697
1468,0.39999999999999997,0.11112088728858037,0.9684817726935705,2,6.0,0.0,0.0007692307692307692
1469,-1.0000000000000002,0.13173937996759164,0.9684536386483448,7,20.0,0.0,0.02423076923076923
1470,-0.30000000000000016,0.13148377225404434,0.9684295244029291,6,13.0,0.0,0.04846153846153847
1471,0.7,0.00838076062779336,0.9684255054204028,1,3.0,0.0,0.004615384615384615
1472,0.19999999999999996,0.12691349722672882,0.9684134485728965,3,8.0,0.0,0.013461538461538462
1473,-3.8,0.3470732420991699,0.9683812977133981,8,28.0,0.0,0.033846153846153845
1474,-3.3,0.33605599671926645,0.9683491479212927,8,23.0,0.0,0.030000000000000002
1475,-0.09999999999999998,0.09483983734954762,0.9683330734255013,4,11.0,0.0,0.02423076923076923
1476,-2.7,0.28703900250901715,0.9683009252344191,8,17.0,0.0,0.050769230769230775
1477,-0.8,0.11108989546521277,0.9682768147915279,6,18.0,0.0,0.02692307692307692
1478,0.4,0.13416481932655416,0.9682687781106414,2,6.0,0.0,0.01076923076923077
1479,-1.1,0.12759584856325784,0.9682366320541326,8,21.0,0.0,0.03807692307692308
1480,-0.09999999999999998,0.05497657106070386,0.9682245775580899,3,11.0,0.0,0.01846153846153846
1481,0.0,0.09688977830184961,0.9682085051301538,4,10.0,0.0,0.015384615384615385
1482,-3.7,0.2840173302452209,0.9681763610746789,8,27.0,0.0,0.04
1483,-3.6,0.3104745453104954,0.9681442180863712,8,26.0,0.0,0.03461538461538462
1484,-3.0,0.29672104994099024,0.9681120761651952,8,20.0,0.0,0.05
1485,-0.29999999999999993,0.19464012980779027,0.9680960056047706,4,13.0,0.0,0.017307692307692305
1486,0.09999999999999998,0.10695350109027617,0.9680839528595199,3,9.0,0.0,0.019230769230769232
1487,-4.0,0.34870393066897676,0.9680518129391205,8,30.0,0.0,0.03461538461538462
1488,-3.6,0.19731333438282578,0.9680196740857507,8,26.0,0.0,0.03807692307692308
1489,-1.3000000000000003,0.04619414985054769,0.9679915534643223,7,23.0,0.0,0.02153846153846154
1490,-1.0999999999999999,0.15663966895580161,0.9679714678062996,5,21.0,0.0,0.01846153846153846
1491,-3.8000000000000003,0.23416209444344266,0.9679393316203496,8,28.0,0.0,0.03076923076923077
1492,-4.5,0.3124252005932152,0.9679071965013056,8,35.0,0.0,0.031153846153846157
1493,0.9,0.018248003631400667,0.9679031796864401,1,1.0,0.0,0.012307692307692308
1494,-0.10000000000000009,0.11177260150691952,0.9678830958621581,5,11.0,0.0,0.016153846153846154
1495,-1.1,0.18974913082751435,0.9678549792082778,7,21.0,0.0,0.02076923076923077
1496,-1.0,0.1641632939611138,0.9678348963841473,5,20.0,0.0,0.03230769230769231
1497,-3.9000000000000004,0.3331967756617655,0.9678027647323026,8,29.0,0.0,0.03692307692307692
1498,-0.4999999999999999,0.17617589877543238,0.9677866993064158,4,15.0,0.0,0.023076923076923075
1499,-3.4000000000000004,0.28580408385553463,0.9677545692546908,8,24.0,0.0,0.04230769230769231
1500,-0.19999999999999996,0.1602910519586298,0.9677385046288438,4,12.0,0.0,0.016923076923076923
1501,-3.3999999999999995,0.24911847713927596,0.9677063761771592,8,24.0,0.0,0.033846153846153845
1502,-0.7000000000000002,0.16956412874336796,0.967686296436516,5,17.0,0.0,0.02076923076923077
1503,0.8,0.011824706353147696,0.9676822805383859,1,2.0,0.0,0.007692307692307693
1504,-2.9,0.24487050359686865,0.9676501539533137,8,19.0,0.0,0.06346153846153846
1505,0.8,0.03052163395815566,0.9676461382051748,1,2.0,0.0,0.006923076923076922
1506,-3.4,0.2564804365603657,0.9676140128200106,8,24.0,0.0,0.05538461538461538
1507,0.6,0.034889842201823895,0.9676099972218574,1,4.0,0.0,0.004230769230769231
1508,-0.09999999999999987,0.15026892107067955,0.9675939349958913,4,11.0,0.0,0.00923076923076923
1509,0.8,0.03768102957796993,0.9675899194810611,1,2.0,0.0,0.004230769230769231
1510,-3.7,0.3281726725642666,0.9675577959623314,8,27.0,0.0,0.05076923076923076
1511,-1.1,0.1264920776045019,0.9675337040231672,6,21.0,0.0,0.02153846153846154
1512,-4.0,0.303781189613035,0.9675015823707638,8,30.0,0.0,0.027692307692307686
1513,-0.29999999999999993,0.10532929963079188,0.967485521944473,4,13.0,0.0,0.023076923076923075
1514,-1.1,0.13325488767115454,0.967457416839971,7,21.0,0.0,0.031153846153846157
1515,-3.5999999999999996,0.24766448196380483,0.9674252977202653,8,26.0,0.0,0.02769230769230769
1516,-1.1,0.17825910619627866,0.9673971943652554,7,21.0,0.0,0.029615384615384616
1517,0.29999999999999993,0.016718525719570637,0.9673891649852031,2,7.0,0.0,0.005384615384615385
1518,-2.5,0.3753725473617241,0.9673570481314259,8,15.0,0.0,0.046538461538461535
1519,0.0,0.17559762514784802,0.9673409901043886,4,10.0,0.0,0.016153846153846154
1520,-0.8,0.0493577346631453,0.9673249323439129,4,18.0,0.0,0.016153846153846154
1521,-0.30000000000000004,0.15876391515131807,0.9673088748499944,4,13.0,0.0,0.025384615384615387
1522,0.6,0.012165335754267037,0.9673048605181638,1,4.0,0.0,0.005384615384615385
1523,-0.30000000000000004,0.12127391978480609,0.9672888033574354,4,13.0,0.0,0.015384615384615385
1524,-4.2,0.3235217391867917,0.9672566898356159,8,32.0,0.0,0.03807692307692308
1525,-3.3,0.2553176646002719,0.9672245773799497,8,23.0,0.0,0.06461538461538462
1526,-1.7,0.15575955401248973,0.9671924659904018,8,27.0,0.0,0.033846153846153845
1527,-3.5999999999999996,0.21166960323713685,0.9671603556669366,8,26.0,0.0,0.02153846153846154
1528,-3.5,0.32441937612297245,0.9671282464095187,8,25.0,0.0,0.057692307692307696
1529,0.8,0.06381315446149793,0.9671242328272961,1,2.0,0.0,0.003076923076923077
1530,-0.9999999999999998,0.163038539815904,0.9670921247691389,8,20.0,0.0,0.07
1531,-0.7999999999999999,0.13420356904233083,0.9670720577741067,5,18.0,0.0,0.011538461538461537
1532,0.8,0.011824706353147696,0.9670680444250669,1,2.0,0.0,0.007692307692307693
1533,0.8,0.006982370854470177,0.9670640310926826,1,2.0,0.0,0.01076923076923077
1534,-2.9,0.3155654442697229,0.9670319250331939,8,19.0,0.0,0.04153846153846154
1535,0.6,0.01501893302995938,0.967027911850705,1,4.0,0.0,0.0019230769230769232
1536,0.4,0.0983209463827864,0.9670198855356913,2,6.0,0.0,0.004615384615384615
1537,0.6,0.010948802178840311,0.9670158724031663,1,4.0,0.0,0.004230769230769231
1538,-2.7,0.29579390823704566,0.9669837679425228,8,17.0,0.0,0.04
1539,0.0,0.11367198967373572,0.9669717290445735,3,10.0,0.0,0.016923076923076923
1540,-0.20000000000000007,0.14199445822554943,0.9669556774137933,4,12.0,0.0,0.013846153846153845
1541,-2.1000000000000005,0.14398754782593617,0.9669235749515945,8,31.0,0.0,0.05076923076923076
1542,0.8,0.057431839015348096,0.9669195622187585,1,2.0,0.0,0.007307692307692308
1543,0.6000000000000001,0.059192527693532115,0.9669115368030449,2,4.0,0.0,0.00576923076923077
1544,0.19999999999999996,0.01862739983222325,0.966903511453942,2,8.0,0.0,0.008076923076923077
1545,0.7,0.045227573224586703,0.9668994988043695,1,3.0,0.0,0.005769230769230769
1546,0.7,0.062217766718141665,0.9668914735551819,2,3.0,0.0,0.01153846153846154
1547,-0.5999999999999999,0.15694543755787396,0.9668714107236279,5,16.0,0.0,0.033846153846153845
1548,-3.3999999999999995,0.2824352080350133,0.9668393110590425,8,24.0,0.0,0.024230769230769236
1549,-1.0000000000000002,0.10539579898897104,0.9668192493098514,5,20.0,0.0,0.026923076923076925
1550,0.09999999999999998,0.09269972657836499,0.9668112247267332,2,9.0,0.0,0.007692307692307693
1551,0.5,0.0048488686489376875,0.9668072124601506,1,5.0,0.0,0.007692307692307693
1552,-0.30000000000000004,0.07731401086016472,0.9667871513769998,5,13.0,0.0,0.011538461538461537
1553,-3.5999999999999996,0.2790053806715506,0.9667550545097842,8,26.0,0.0,0.03807692307692308
1554,-2.5,0.3124649748413336,0.966722958708169,8,15.0,0.0,0.05538461538461538
1555,-1.0,0.1394292143391827,0.9666948757558533,7,20.0,0.0,0.03807692307692308
1556,-1.4000000000000001,0.1256540717452091,0.9666667936193374,7,24.0,0.0,0.030769230769230767
1557,0.6,0.025434694965129623,0.9666627819521438,1,4.0,0.0,0.005384615384615385
1558,-1.4000000000000001,0.13281867943530623,0.966630689213933,8,24.0,0.0,0.04615384615384616
1559,0.7,0.02967381079265141,0.9666266776965728,1,3.0,0.0,0.0038461538461538464
1560,-4.300000000000001,0.3365203649545575,0.966594586157006,8,33.0,0.0,0.024230769230769236
1561,-3.9000000000000004,0.2699445567337034,0.9665624956828627,8,29.0,0.0,0.04153846153846154
1562,-1.6,0.12924584361904948,0.9665344173919399,7,26.0,0.0,0.02769230769230769
1563,-1.1,0.05565688655685901,0.9665063399166814,7,21.0,0.0,0.03076923076923077
1564,0.7,0.036634334311915207,0.9665023289153708,1,3.0,0.0,0.003076923076923077
1565,-3.0999999999999996,0.22723107145396737,0.9664702415041235,8,21.0,0.0,0.04615384615384616
1566,-0.8999999999999999,0.13258783298435098,0.9664421658931512,7,19.0,0.0,0.03461538461538462
1567,0.8,0.051688655113813264,0.9664381551581628,1,2.0,0.0,0.003461538461538461
1568,-0.9,0.1858637742579424,0.9664140910977654,6,19.0,0.0,0.03807692307692308
1569,-1.9000000000000001,0.1003012548265818,0.9663860171179423,7,29.0,0.0,0.04923076923076923
1570,-3.3,0.17596901116770777,0.9663539335681907,8,23.0,0.0,0.05384615384615386
1571,-0.20000000000000007,0.09702122748919992,0.9663378921927515,4,12.0,0.0,0.021153846153846155
1572,-0.40000000000000013,0.10044362260569002,0.9663218510835974,4,14.0,0.0,0.01076923076923077
1573,-0.7,0.12810700071786177,0.9662977899191413,6,17.0,0.0,0.029615384615384616
1574,-1.7,0.13257048412485611,0.96626570929849,8,27.0,0.0,0.033846153846153845
1575,-2.8,0.27838173625487483,0.9662336297428998,8,18.0,0.0,0.02538461538461538
1576,-3.6000000000000005,0.2224153475824543,0.9662015512523355,8,26.0,0.0,0.02769230769230769
1577,0.6,0.012165335754267037,0.9661975415158979,1,4.0,0.0,0.0023076923076923075
1578,0.8,0.0077581898383002335,0.9661935317961006,1,2.0,0.0,0.00923076923076923
1579,-1.0,0.15301019252276005,0.9661654642234452,7,20.0,0.0,0.02153846153846154
1580,-3.8,0.3241890164222013,0.9661333879959432,8,28.0,0.0,0.038461538461538464
1581,-0.19999999999999996,0.08323825928580683,0.9661173502815377,4,12.0,0.0,0.021153846153846155
1582,-3.0,0.3191728299257565,0.9660852756513955,8,20.0,0.0,0.04615384615384616
1583,-3.2,0.2712033775059812,0.9660532020861153,8,22.0,0.0,0.04
1584,-3.3,0.2331304721173066,0.9660211295856621,8,23.0,0.0,0.033846153846153845
1585,-0.5,0.15280562980114237,0.9660010848135957,5,15.0,0.0,0.009615384615384616
1586,-2.0000000000000004,0.14649404160297336,0.9659690140434108,8,30.0,0.0,0.03076923076923077
1587,0.4,0.08059297877858895,0.9659609965172307,2,6.0,0.0,0.00923076923076923
1588,-3.4000000000000004,0.3058360492216807,0.965928927077958,8,24.0,0.0,0.05538461538461538
1589,-0.3999999999999999,0.13385012349675848,0.9659048756972083,6,14.0,0.0,0.02153846153846154
1590,0.39999999999999997,0.030061116091383067,0.9658968587033754,2,6.0,0.0,0.00923076923076923
1591,-0.19999999999999984,0.1324004361286163,0.96587280812112,6,12.0,0.0,0.02423076923076923
1592,0.8,0.008620210931444716,0.9658687997489663,1,2.0,0.0,0.00923076923076923
1593,0.09999999999999998,0.0741674719930771,0.9658487581377178,5,9.0,0.0,0.04
1594,-1.7,0.11323295180406687,0.965816692424705,8,27.0,0.0,0.03461538461538461
1595,-3.2,0.28530045122847886,0.9657846277762586,8,22.0,0.0,0.04230769230769231
1596,-1.4999999999999998,0.14103080307659693,0.965752564192343,8,25.0,0.0,0.04153846153846153
1597,0.8,0.024722523506106042,0.9657485563192016,1,2.0,0.0,0.003076923076923077
1598,0.6000000000000001,0.04810519310649586,0.9657405406228169,2,4.0,0.0,0.01153846153846154
1599,-3.2,0.21897411848255646,0.9657084785025735,8,22.0,0.0,0.03230769230769231
1600,-0.8999999999999998,0.09331134750842798,0.9656884402179632,5,19.0,0.0,0.033846153846153845
1601,0.0,0.0799746533093117,0.9656764174467771,3,10.0,0.0,0.01076923076923077
1602,-3.8,0.2638645752543124,0.9656443574553923,8,28.0,0.0,0.04153846153846154
1603,-0.30000000000000004,0.1206589400507226,0.9656283278588432,4,13.0,0.0,0.02
1604,-0.7000000000000002,0.1402338602303394,0.9656002767051578,7,17.0,0.0,0.02423076923076923
1605,0.8,0.02746947056234006,0.9655962694640094,1,2.0,0.0,0.007692307692307693
1606,-0.9000000000000001,0.10299038501172238,0.9655722263663482,6,19.0,0.0,0.033846153846153845
1607,-0.8999999999999999,0.14934577382781591,0.965548183867354,6,19.0,0.0,0.030000000000000002
1608,-3.2,0.2001747918530964,0.9655161281332623,8,22.0,0.0,0.04230769230769231
1609,-0.8,0.15851694941436334,0.9654960938398889,5,18.0,0.0,0.023076923076923075
1610,-2.5,0.24328057050932922,0.9654640398351607,8,15.0,0.0,0.023076923076923075
1611,0.8,0.005090148352908774,0.9654600331593954,1,2.0,0.0,0.01
1612,-3.9,0.28376749922294775,0.9654279803518646,8,29.0,0.0,0.02076923076923077
1613,0.6000000000000001,0.06763074162763533,0.9654199673162548,2,4.0,0.0,0.006923076923076922
1614,-1.3,0.12067063198348014,0.9653879158388906,8,23.0,0.0,0.02538461538461539
1615,-1.2999999999999998,0.11793730305900851,0.96535586542562,8,23.0,0.0,0.024615384615384615
1616,-3.5,0.2918802309667387,0.9653238160764077,8,25.0,0.0,0.03807692307692308
1617,-3.7,0.2846426845732116,0.9652917677912185,8,27.0,0.0,0.045
1618,0.8,0.018022719635951368,0.9652877618303822,1,2.0,0.0,0.003076923076923077
1619,-3.4000000000000004,0.19910770981717615,0.9652557147421765,8,24.0,0.0,0.03461538461538462
1620,-3.5,0.39234026978901315,0.9652236687179185,8,25.0,0.0,0.02769230769230769
1621,-1.0999999999999999,0.13129379399396282,0.9651996348979196,6,21.0,0.0,0.04846153846153847
1622,-3.4,0.2612689852729484,0.9651675907354855,8,24.0,0.0,0.02769230769230769
1623,0.4,0.0038790949191501167,0.965163585289984,1,6.0,0.0,0.005384615384615385
1624,-0.7000000000000001,0.15019136345158077,0.965139552966047,6,17.0,0.0,0.021538461538461538
1625,0.20000000000000007,0.07613714444229691,0.9651315423243796,2,8.0,0.0,0.003461538461538461
1626,0.8,0.04651978960243197,0.965127537028479,1,2.0,0.0,0.005
1627,-3.8,0.33471706615284924,0.9650954952596592,8,28.0,0.0,0.026923076923076925
1628,-0.09999999999999998,0.11971460452179676,0.9650754696943455,5,11.0,0.0,0.01153846153846154
1629,-0.5999999999999999,0.08327720810116183,0.965051439564464,6,16.0,0.0,0.02307692307692308
1630,0.6000000000000001,0.09399091020140357,0.9650434296541363,2,4.0,0.0,0.00923076923076923
1631,0.3,0.07136876574334915,0.9650354198102906,2,7.0,0.0,0.010384615384615384
1632,0.30000000000000004,0.09500343566516178,0.9650194003220435,4,7.0,0.0,0.025384615384615387
1633,0.7,0.002130276905519257,0.9650153954915321,1,3.0,0.0,0.003461538461538461
1634,0.5,0.01545157719131629,0.9650113906776409,1,5.0,0.0,0.006923076923076922
1635,0.8,0.04186781064218881,0.9650073858803696,1,2.0,0.0,0.003461538461538461
1636,-3.8,0.24436213993851796,0.9649753481005101,8,28.0,0.0,0.02076923076923077
1637,-1.4000000000000001,0.22505048708377945,0.9649433113842897,8,24.0,0.0,0.05538461538461538
1638,-3.4000000000000004,0.20320681836589793,0.9649112757316726,8,24.0,0.0,0.036923076923076927
1639,-3.7,0.31560496485051936,0.9648792411426236,8,27.0,0.0,0.038461538461538464
1640,-0.10000000000000009,0.09453237084564721,0.9648592200645456,5,11.0,0.0,0.021153846153846155
1641,-2.0,0.0948012786167618,0.9648271872037197,8,30.0,0.0,0.06538461538461539
1642,0.30000000000000004,0.07084573836889461,0.9648191791546827,2,7.0,0.0,0.010384615384615384
1643,-3.5,0.24600766028363427,0.964787147623196,8,25.0,0.0,0.02307692307692308
1644,-0.30000000000000004,0.05502972080597038,0.9647711322562414,4,13.0,0.0,0.016923076923076923
1645,-3.4000000000000004,0.2625298623082499,0.9647391023198884,8,24.0,0.0,0.06346153846153846
1646,0.19999999999999996,0.11747976325536116,0.964723087750481,4,8.0,0.0,0.01846153846153846
1647,0.09999999999999998,0.09718829687158781,0.9647110769978834,3,9.0,0.0,0.010384615384615384
1648,0.20000000000000007,0.10135353458636374,0.964703069912559,2,8.0,0.0,0.0015384615384615385
1649,-0.09999999999999998,0.05998761846339563,0.9646910594091824,3,11.0,0.0,0.01846153846153846
1650,-3.7999999999999994,0.23062048461587856,0.9646590321312094,8,28.0,0.0,0.033846153846153845
1651,0.7,0.005498617047895227,0.9646550287962261,1,3.0,0.0,0.003076923076923077
1652,0.6,0.007183509109537134,0.9646510254778566,1,4.0,0.0,0.003461538461538461
1653,-1.3999999999999997,0.12273361111191282,0.9646189995289907,8,24.0,0.0,0.060000000000000005
1654,-3.4,0.21872441700248058,0.9645869746433707,8,24.0,0.0,0.04153846153846154
1655,-0.10000000000000009,0.14253300125854304,0.9645709625992671,4,11.0,0.0,0.030000000000000002
1656,0.2,0.04357455407276575,0.9645629566768898,2,8.0,0.0,0.013846153846153845
1657,0.49999999999999994,0.06724232805976457,0.9645549508209617,2,5.0,0.0,0.008461538461538461
1658,-3.6999999999999997,0.34061768363783673,0.9645229280617279,8,27.0,0.0,0.01846153846153846
1659,-0.10000000000000009,0.10495331233309836,0.9645069170807908,4,11.0,0.0,0.025
1660,-3.3,0.26486121869805845,0.9644748959162542,8,23.0,0.0,0.05000000000000001
1661,0.6,0.009853921960956247,0.9644708933454362,1,4.0,0.0,0.0023076923076923075
1662,-1.5999999999999999,0.1467671301116585,0.9644388733768702,8,26.0,0.0,0.03461538461538462
1663,-3.3,0.2889396655695674,0.9644068544713518,8,23.0,0.0,0.023076923076923075
1664,-0.7,0.08550220599519662,0.9643908454172244,4,17.0,0.0,0.01884615384615385
1665,-3.2,0.27899757352488497,0.9643588281062112,8,22.0,0.0,0.034999999999999996
1666,-3.4000000000000004,0.31542008203977745,0.964326811858157,8,24.0,0.0,0.04615384615384615
1667,-0.09999999999999998,0.13227895687524885,0.9643108041327287,4,11.0,0.0,0.015384615384615385
1668,0.3,0.02096235255937018,0.9643028003696623,2,7.0,0.0,0.007692307692307693
1669,-1.2999999999999996,0.21324055232268374,0.964282791252631,5,23.0,0.0,0.015384615384615385
1670,-3.8,0.2737987368817444,0.9642507775289637,8,28.0,0.0,0.04230769230769231
1671,0.8,0.03391292662017298,0.9642467758882369,1,2.0,0.0,0.0023076923076923075
1672,-3.0,0.3412482383810085,0.9642187648681365,7,20.0,1.0,0.06923076923076923
1673,-3.0,0.37778173485998057,0.9641867532701146,8,20.0,0.0,0.04846153846153846
1674,-4.1,0.366706794172046,0.9641547427348621,8,31.0,0.0,0.03807692307692308
1675,-4.2,0.3796816017457984,0.964122733262344,8,32.0,0.0,0.02769230769230769
1676,0.49999999999999994,0.09869387927101367,0.9641147310602625,2,5.0,0.0,0.010384615384615384
1677,0.6,0.07324395820460058,0.9641067289245991,2,4.0,0.0,0.015000000000000001
1678,0.6,0.06633441003521628,0.9640987268553535,2,4.0,0.0,0.01153846153846154
1679,0.2,0.1800607700392424,0.9640907248525248,2,8.0,0.0,0.005384615384615385
1680,0.8,0.03052163395815566,0.9640867238760167,1,2.0,0.0,0.0015384615384615385
1681,-0.20000000000000007,0.12887549490196645,0.9640747210461164,3,12.0,0.0,0.013846153846153845
1682,-3.7,0.36060060256398246,0.9640427142302799,8,27.0,0.0,0.04230769230769231
1683,-2.6,0.17772592405154128,0.9640107084770542,8,16.0,0.0,0.023076923076923075
1684,0.6000000000000001,0.019450481351994786,0.9640027072047765,2,4.0,0.0,0.008461538461538461
1685,-3.5,0.33828393462117656,0.9639707027797646,8,25.0,0.0,0.03230769230769231
1686,-1.0000000000000002,0.1427767911292732,0.9639426997794882,7,20.0,0.0,0.021153846153846155
1687,-0.6000000000000001,0.16781025806496186,0.963918697855285,6,16.0,0.0,0.02153846153846154
1688,-0.30000000000000004,0.19550539277060852,0.9639066971172999,3,13.0,0.0,0.00923076923076923
1689,0.09999999999999998,0.07188193886140598,0.9638946965287234,3,9.0,0.0,0.019230769230769232
1690,0.29999999999999993,0.007066906326065797,0.9638866962193429,2,7.0,0.0,0.008461538461538461
1691,-1.5,0.4552808598098529,0.963866695736401,5,5.0,1.0,0.05384615384615384
1692,-3.7,0.3436145269388947,0.9638346958269045,8,27.0,0.0,0.04846153846153846
1693,0.49999999999999994,0.06253298364094345,0.9638266960155288,2,5.0,0.0,0.005384615384615385
1694,-3.3,0.18522250571528898,0.9637946974340036,8,23.0,0.0,0.04615384615384616
1695,0.8,0.0077581898383002335,0.9637906976860092,1,2.0,0.0,0.006923076923076922
1696,0.7,0.0194689872610585,0.9637866979546138,1,3.0,0.0,0.0023076923076923075
1697,0.30000000000000004,0.10190745011737364,0.9637746988600208,3,7.0,0.0,0.01730769230769231
1698,-1.8999999999999995,0.10668971501332675,0.9637427020047761,8,29.0,0.0,0.05884615384615384
1699,1.1102230246251565e-16,0.12468325733578048,0.9637267039755109,4,10.0,0.0,0.028846153846153848
1700,-3.4000000000000004,0.31058971163628696,0.963694708713673,8,24.0,0.0,0.038461538461538464
1701,-3.5,0.2956890148102499,0.9636627145140625,8,25.0,0.0,0.03461538461538462
1702,0.29999999999999993,0.059484392312570245,0.9636547161301288,2,7.0,0.0,0.008461538461538461
1703,-1.8,0.11252262646032847,0.963630721376644,6,28.0,0.0,0.0376923076923077
1704,-3.7,0.23458840999069608,0.9635987293013822,8,27.0,0.0,0.035
1705,-3.2,0.358267586821589,0.963566738288242,8,22.0,0.0,0.05923076923076923
1706,0.20000000000000007,0.02642187998013576,0.9635547419321354,3,8.0,0.0,0.01846153846153846
1707,0.6,0.02289122546861666,0.9635507431799564,1,4.0,0.0,0.003076923076923077
1708,-3.5,0.2000329512867186,0.9635187537599321,8,25.0,0.0,0.03076923076923077
1709,-4.2,0.3795473565430878,0.9634867654019412,8,32.0,0.0,0.03807692307692308
1710,-3.8,0.3806957712354213,0.9634547781059484,8,28.0,0.0,0.06461538461538462
1711,-3.0,0.20262518824125608,0.9634227918719184,8,20.0,0.0,0.026923076923076925
1712,0.29999999999999993,0.049751460801486944,0.9634147954793384,2,7.0,0.0,0.006153846153846154
1713,-0.09999999999999987,0.17364639374920607,0.9633988028932877,4,11.0,0.0,0.011538461538461537
1714,-4.0,0.309895361179782,0.9633668185176076,8,30.0,0.0,0.02769230769230769
1715,0.5,0.04705343615091778,0.9633588225896056,2,5.0,0.0,0.005384615384615385
1716,0.0,0.14156106582918718,0.9633468288220387,3,10.0,0.0,0.008076923076923077
1717,-4.1,0.38697590481802824,0.9633148461718728,8,31.0,0.0,0.065
1718,-3.4000000000000004,0.3479864396543155,0.9632828645835153,8,24.0,0.0,0.04230769230769231
1719,-3.5,0.252422663770889,0.9632508840569312,8,25.0,0.0,0.03692307692307692
1720,0.8,0.022250271155495494,0.9632468865657623,1,2.0,0.0,0.003076923076923077
1721,-3.5,0.30152692470195486,0.9632149072336311,8,25.0,0.0,0.031153846153846157
1722,-1.9000000000000001,0.09564823472885696,0.963186926188942,7,29.0,0.0,0.02769230769230769
1723,0.49999999999999994,0.05393232138679621,0.9631789317540431,2,5.0,0.0,0.011538461538461537
1724,-3.8,0.1972525398462298,0.963146954677979,8,28.0,0.0,0.03076923076923077
1725,-3.2,0.23490515527477768,0.9631149786635382,8,22.0,0.0,0.04230769230769231
1726,-0.4,0.12110846649329467,0.9630909973493769,6,14.0,0.0,0.029615384615384616
1727,-3.6000000000000005,0.2931548105732645,0.9630590231926925,8,26.0,0.0,0.03461538461538462
1728,-1.2000000000000002,0.06812773619970885,0.9630310466763785,7,22.0,0.0,0.024615384615384615
1729,-0.5000000000000001,0.12989076551045806,0.9630110639480174,5,15.0,0.0,0.015384615384615385
1730,-3.3000000000000003,0.33375499251575413,0.9629790924450834,8,23.0,0.0,0.038461538461538464
1731,0.30000000000000004,0.1361948558708904,0.9629671034051371,3,7.0,0.0,0.01846153846153846
1732,-1.3000000000000003,0.08119542531906408,0.9629391295590596,7,23.0,0.0,0.03692307692307692
1733,-3.0999999999999996,0.327050941952282,0.9629071604443127,8,21.0,0.0,0.07
1734,-2.6999999999999997,0.3470878749826525,0.9628751923909251,8,17.0,0.0,0.03807692307692308
1735,-3.3,0.33830712968029253,0.9628432253988615,8,23.0,0.0,0.03807692307692308
1736,-3.5999999999999996,0.23396685802033818,0.9628112594680862,8,26.0,0.0,0.045
1737,-0.5,0.15163512492436335,0.9627872857164544,6,15.0,0.0,0.018461538461538463
1738,-2.8,0.2354000480109836,0.9627553216428498,8,18.0,0.0,0.03230769230769231
1739,-3.6999999999999997,0.3375070297748709,0.9627233586304369,8,27.0,0.0,0.04615384615384615
1740,0.5,0.011264199772469619,0.9627193633284986,1,5.0,0.0,0.011538461538461537
1741,0.20000000000000007,0.08354890410401414,0.9627113727743635,2,8.0,0.0,0.01076923076923077
1742,0.6,0.12059659441304549,0.9627033822865498,2,4.0,0.0,0.01846153846153846
1743,0.19999999999999996,0.10172084788521595,0.9626913966791808,3,8.0,0.0,0.016923076923076923
1744,0.8,0.02746947056234006,0.9626874015098846,1,2.0,0.0,0.0023076923076923075
1745,0.6,0.004241790294090553,0.9626834063571684,1,4.0,0.0,0.0026923076923076926
1746,0.0,0.12911064451850743,0.9626714209984988,3,10.0,0.0,0.013846153846153845
1747,-0.7000000000000002,0.1286306004787162,0.9626474507288088,6,17.0,0.0,0.02769230769230769
1748,0.5,0.0839296189177079,0.9626354658177848,3,5.0,0.0,0.007692307692307693
1749,-3.0,0.2755734006360364,0.9626035067845277,8,20.0,0.0,0.05538461538461538
1750,0.09999999999999998,0.11954112971991825,0.9625955171919998,2,9.0,0.0,0.006923076923076922
1751,0.6000000000000001,0.12298810795506213,0.9625875276657854,2,4.0,0.0,0.01153846153846154
1752,-3.4000000000000004,0.417629234390822,0.9625555702240517,8,24.0,0.0,0.04230769230769231
1753,-3.1,0.32300233071517026,0.9625236138432899,8,21.0,0.0,0.05076923076923076
1754,0.4,0.009011359817975684,0.9625196193702924,1,6.0,0.0,0.0015384615384615385
1755,-4.0,0.32279788916769897,0.9624876641830814,8,30.0,0.0,0.06461538461538462
1756,0.6000000000000001,0.020770556740513313,0.9624796755520452,2,4.0,0.0,0.008076923076923077
1757,-3.5,0.2562094733485979,0.9624477216909497,8,25.0,0.0,0.03115384615384615
1758,0.5,0.12656707064261868,0.9624397333914355,2,5.0,0.0,0.01153846153846154
1759,0.8,0.0033396463343434712,0.9624357392665419,1,2.0,0.0,0.00923076923076923
1760,-2.0000000000000004,0.12274916682589088,0.96240378686411,8,30.0,0.0,0.04230769230769231
1761,0.4,0.086509211039938,0.9623957989292541,2,6.0,0.0,0.010384615384615384
1762,-2.3000000000000003,0.23715263046283347,0.962367841679365,7,13.0,1.0,0.046538461538461535
1763,0.30000000000000004,0.04673371874091875,0.9623598540428535,2,7.0,0.0,0.008076923076923077
1764,0.19999999999999996,0.19823791722017392,0.9623478727123934,3,8.0,0.0,0.02153846153846154
1765,-4.1,0.23265928868890656,0.9623159232270886,8,31.0,0.0,0.05076923076923078
1766,-0.19999999999999996,0.15751258654390868,0.9622999488822037,4,12.0,0.0,0.013461538461538462
1767,-3.7,0.22902117756854923,0.962268000987947,8,27.0,0.0,0.045000000000000005
1768,-3.8000000000000003,0.30745260729207563,0.962236054154345,8,28.0,0.0,0.033846153846153845
1769,0.49999999999999994,0.17249389487290637,0.9622280676116677,2,5.0,0.0,0.005384615384615385
1770,-4.5,0.35265333089556095,0.9621961221038345,8,35.0,0.0,0.04153846153846154
1771,0.39999999999999997,0.0661643056612441,0.9621881358925924,2,6.0,0.0,0.004615384615384615
1772,0.30000000000000004,0.11092573714789676,0.9621801497476359,2,7.0,0.0,0.008076923076923077
1773,-2.5,0.31345772949551387,0.9621482058306527,8,15.0,0.0,0.03076923076923077
1774,-0.8,0.05962176936556555,0.9621282414210871,5,18.0,0.0,0.025384615384615387
1775,0.9,0.009697737297875264,0.9621242485888852,1,1.0,0.0,0.00923076923076923
1776,-1.9000000000000001,0.2096134718482724,0.9620923065277937,8,29.0,0.0,0.05923076923076924
1777,-2.3,0.3099843811307458,0.9620603655271631,8,13.0,1.0,0.04615384615384615
1778,0.6,0.01668770336662151,0.9620563729766461,1,4.0,0.0,0.005
1779,-3.5,0.2846239139888976,0.9620244331689922,8,25.0,0.0,0.045
1780,-2.8,0.3023192350618559,0.9619924944217244,8,18.0,0.0,0.046538461538461535
1781,0.7,0.02967381079265141,0.9619885021528726,1,3.0,0.0,0.005769230769230769
1782,-0.30000000000000004,0.13394829260936583,0.9619645488876853,6,13.0,0.0,0.03461538461538462
1783,0.6,0.0038176112646814975,0.9619605567348075,1,4.0,0.0,0.005
1784,-0.30000000000000004,0.05426813137392976,0.9619405962189282,5,13.0,0.0,0.026923076923076925
1785,0.8,0.003005681700909091,0.9619366041654539,1,2.0,0.0,0.007692307692307693
1786,0.20000000000000007,0.12689143304096243,0.9619286201082063,2,8.0,0.0,0.010384615384615384
1787,-0.7999999999999999,0.08585315575278481,0.9619126521925133,4,18.0,0.0,0.017307692307692305
1788,-4.6,0.19865640866388062,0.96188071715632,8,36.0,0.0,0.03461538461538461
1789,-0.40000000000000013,0.056621811368463136,0.9618607582970982,5,14.0,0.0,0.02692307692307692
1790,0.6000000000000001,0.040140248918854204,0.9618527748693699,2,4.0,0.0,0.012692307692307694
1791,-3.3000000000000003,0.30288375250336064,0.961820841821075,8,23.0,0.0,0.04846153846153847
1792,0.30000000000000004,0.0946428518133087,0.9618128587246528,2,7.0,0.0,0.013846153846153845
1793,0.6,0.008868529764860633,0.9618088672012891,1,4.0,0.0,0.005
1794,-3.9000000000000004,0.21799675708027028,0.9617769356107073,8,29.0,0.0,0.024615384615384615
1795,-3.8000000000000003,0.3047353557807648,0.9617450050802389,8,28.0,0.0,0.04615384615384616
1796,-3.0,0.32749796184973756,0.9617130756098489,8,20.0,0.0,0.03461538461538462
1797,-3.0,0.3038304403072412,0.961681147199502,8,20.0,0.0,0.038461538461538464
1798,-3.7,0.31948219996879945,0.9616492198491629,8,27.0,0.0,0.024615384615384612
1799,0.8,0.004123020165856084,0.9616452290049005,1,2.0,0.0,0.003461538461538461
1800,-3.3,0.24719575923279902,0.961613302847028,8,23.0,0.0,0.03807692307692307
1801,0.6000000000000001,0.1252135628605806,0.9616053214731757,2,4.0,0.0,0.010384615384615384
1802,-0.20000000000000007,0.13013723710119526,0.9615893589242066,4,12.0,0.0,0.030000000000000002
1803,-3.0999999999999996,0.2821109601112643,0.9615574346211938,8,21.0,0.0,0.04230769230769231
1804,0.30000000000000004,0.08254252257743255,0.9615494537110469,2,7.0,0.0,0.015000000000000001
1805,-0.30000000000000004,0.09201101244016872,0.9615295017254847,5,13.0,0.0,0.02076923076923077
1806,-3.2,0.2956709338164345,0.961497579409702,8,22.0,0.0,0.01730769230769231
1807,0.7,0.02163220806784283,0.9614935891947475,1,3.0,0.0,0.0038461538461538464
1808,-3.0,0.17475488774315912,0.9614616680712436,8,20.0,0.0,0.03461538461538462
1809,-0.30000000000000004,0.07750915746079855,0.961445707906906,4,13.0,0.0,0.026923076923076925
1810,-0.3999999999999999,0.07997632636623812,0.961433737957518,3,14.0,0.0,0.023076923076923075
1811,0.19999999999999996,0.00714389909273308,0.9614257580740513,2,8.0,0.0,0.012692307692307694
1812,-0.3999999999999999,0.13832813738760968,0.9614097985058161,4,14.0,0.0,0.035
1813,0.7,0.01752208853495263,0.9614058086551523,1,3.0,0.0,0.004230769230769231
1814,-3.0,0.31765634598091186,0.9613738904459199,8,20.0,0.0,0.03807692307692308
1815,-3.2,0.2651468384269515,0.9613419732963567,8,22.0,0.0,0.03461538461538462
1816,0.4,0.11459579971464438,0.9613300046384593,3,6.0,0.0,0.010384615384615384
1817,0.5,0.013473684485712234,0.9613220256159773,2,5.0,0.0,0.012692307692307694
1818,-3.0,0.28298190676208745,0.9612901101883015,8,20.0,0.0,0.03692307692307692
1819,-0.5,0.1514570978500685,0.9612621850582704,7,15.0,0.0,0.03807692307692308
1820,-3.6999999999999997,0.3469276458378904,0.9612302716172721,8,27.0,0.0,0.04230769230769231
1821,0.7000000000000001,0.050179210395411955,0.9612222934225726,2,3.0,0.0,0.015000000000000001
1822,0.09999999999999998,0.1163177253187832,0.9612103262546835,3,9.0,0.0,0.011538461538461537
1823,-3.4000000000000004,0.2825640340563219,0.9611784145353728,8,24.0,0.0,0.04230769230769232
1824,-3.6000000000000005,0.14476369803775582,0.9611465038755156,8,26.0,0.0,0.045
1825,-3.9000000000000004,0.20447890185030138,0.9611145942750771,8,29.0,0.0,0.03461538461538461
1826,-3.5999999999999996,0.27667282911107116,0.9610826857340218,8,26.0,0.0,0.027692307692307697
1827,-3.3,0.26887446119573005,0.9610507782523148,8,23.0,0.0,0.02961538461538462
1828,0.09999999999999998,0.050190546726527036,0.9610348249087058,4,9.0,0.0,0.019230769230769232
1829,-1.7,0.13157978230634582,0.9610029190159551,8,27.0,0.0,0.038461538461538464
1830,-3.4000000000000004,0.2877368742408122,0.9609710141824646,8,24.0,0.0,0.04230769230769231
1831,-2.8,0.39209994841514006,0.9609391104081991,8,18.0,0.0,0.05923076923076924
1832,0.8,0.002191141959962728,0.960935122510891,1,2.0,0.0,0.006923076923076922
1833,-0.9000000000000001,0.11280954711296913,0.9609151832725953,5,19.0,0.0,0.015384615384615385
1834,-1.2999999999999996,0.1897865818065322,0.9608872690340555,7,23.0,0.0,0.02692307692307693
1835,0.39999999999999997,0.02532060804327249,0.9608792936862715,2,6.0,0.0,0.010384615384615384
1836,-0.4999999999999999,0.11926237588408517,0.9608633431892886,4,15.0,0.0,0.015384615384615385
1837,0.9,0.004638397686587914,0.9608593556064143,1,1.0,0.0,0.005384615384615385
1838,-3.3999999999999995,0.30651667811692823,0.9608274555391597,8,24.0,0.0,0.04615384615384614
1839,0.7,0.03818346091301206,0.9608194806878266,2,3.0,0.0,0.01153846153846154
1840,0.20000000000000007,0.0688458494885307,0.9608115059026847,2,8.0,0.0,0.008461538461538461
1841,0.8,0.016220447672356197,0.9608075185349353,1,2.0,0.0,0.006923076923076922
1842,0.30000000000000004,0.06956794492596433,0.9607995438490791,2,7.0,0.0,0.01846153846153846
1843,-3.2,0.2662106341673903,0.960767645767546,8,22.0,0.0,0.05923076923076923
1844,-2.9,0.3357231816275805,0.9607357487450138,8,19.0,0.0,0.03807692307692308
1845,0.8,0.009578012146049697,0.9607317616916565,1,2.0,0.0,0.004230769230769231
1846,0.20000000000000007,0.12192930668945852,0.960719800630862,3,8.0,0.0,0.004615384615384615
1847,0.8,0.0033396463343434712,0.9607158136436894,1,2.0,0.0,0.006153846153846154
1848,-3.5999999999999996,0.282183043552396,0.9606839183419589,8,26.0,0.0,0.07846153846153846
1849,-0.7,0.15407138822602423,0.9606599975605715,6,17.0,0.0,0.03692307692307692
1850,-3.2,0.22710461086347764,0.9606281041119079,8,22.0,0.0,0.060000000000000005
1851,-0.30000000000000004,0.14350163028100646,0.9606081712441913,5,13.0,0.0,0.03692307692307692
1852,0.8,0.008620210931444716,0.9606041847202806,1,2.0,0.0,0.004615384615384615
1853,0.5,0.1157506107679678,0.9605962117220915,2,5.0,0.0,0.006153846153846154
1854,-3.9,0.24402327771452886,0.9605643203910869,8,29.0,0.0,0.04230769230769231
1855,-0.7,0.10685508317967957,0.9605483751226281,4,17.0,0.0,0.013846153846153845
1856,0.8,0.0077581898383002335,0.9605443888468714,1,2.0,0.0,0.0023076923076923075
1857,0.20000000000000007,0.09275522240947735,0.9605324301188591,3,8.0,0.0,0.008076923076923077
1858,-1.4999999999999998,0.05718820538643602,0.96050452699916,7,25.0,0.0,0.03692307692307692
1859,-0.7999999999999998,0.10709838270811174,0.9604806106845707,6,18.0,0.0,0.04615384615384614
1860,-0.8999999999999999,0.15629609137599706,0.9604527090702074,7,19.0,0.0,0.03076923076923077
1861,0.29999999999999993,0.005281102599083154,0.9604447373292636,2,7.0,0.0,0.007692307692307693
1862,0.4,0.10269566516455313,0.9604327798419077,3,6.0,0.0,0.023076923076923075
1863,-4.0,0.2976768808130582,0.9604008939367629,8,30.0,0.0,0.04615384615384615
1864,-0.7000000000000001,0.09768093815414523,0.9603769802026101,6,17.0,0.0,0.02769230769230769
1865,-1.0,0.05775985493685425,0.960349081598675,7,20.0,0.0,0.01846153846153846
1866,-3.0,0.3287077536687282,0.9603171984722715,8,20.0,0.0,0.019230769230769232
1867,0.6,0.007183509109537134,0.9603132131558978,1,4.0,0.0,0.0023076923076923075
1868,-0.8,0.10856980591866033,0.9602893016049737,6,18.0,0.0,0.035
1869,-3.1,0.2110842946739314,0.9602614055480699,7,21.0,1.0,0.05884615384615384
1870,-0.5,0.132228337425791,0.9602454653079662,4,15.0,0.0,0.025
1871,-0.7000000000000001,0.1694227464007129,0.9602255403799388,5,17.0,0.0,0.04846153846153846
1872,-3.8000000000000003,0.29012526595866284,0.9601936613550442,8,28.0,0.0,0.033846153846153845
1873,-0.30000000000000004,0.13304903400649168,0.9601817069935712,3,13.0,0.0,0.004615384615384615
1874,-1.4000000000000001,0.14417686935808877,0.9601498294239238,8,24.0,0.0,0.01846153846153846
1875,0.8,0.001972027763966433,0.9601458448021317,1,2.0,0.0,0.007692307692307693
1876,-0.30000000000000004,0.14483431996797,0.9601299064803246,4,13.0,0.0,0.023076923076923075
1877,0.8,0.005655720392120811,0.9601259219412127,1,2.0,0.0,0.00923076923076923
1878,-2.7,0.2553064105433834,0.9600940462236022,8,17.0,0.0,0.03807692307692308
1879,-3.3999999999999995,0.349122724868152,0.9600621715642499,8,24.0,0.0,0.03807692307692308
1880,0.7,0.03457175543864832,0.9600542030647606,2,3.0,0.0,0.01153846153846154
1881,0.10000000000000009,0.1490522806687523,0.9600382662641966,4,9.0,0.0,0.01730769230769231
1882,0.19999999999999996,0.13910504813740157,0.9600223297281819,4,8.0,0.0,0.026923076923076925
1883,0.20000000000000007,0.09641726345116046,0.9600103774997788,3,8.0,0.0,0.012692307692307694
1884,0.09999999999999987,0.08015532822411858,0.9599944414267149,4,9.0,0.0,0.04038461538461538
1885,-0.8000000000000002,0.07922944297011243,0.9599665539353929,7,18.0,0.0,0.024230769230769236
1886,-1.6000000000000005,0.09376238792382961,0.9599346835087231,8,26.0,0.0,0.03807692307692308
1887,0.39999999999999997,0.10780151570099947,0.9599267160673826,2,6.0,0.0,0.013846153846153845
1888,-3.1999999999999997,0.24643639271504048,0.959894846963311,8,22.0,0.0,0.07615384615384616
1889,0.09999999999999998,0.1653319210768477,0.9598789128080418,4,9.0,0.0,0.013461538461538462
1890,-3.0,0.30442937013701493,0.9598470452910153,8,20.0,0.0,0.02769230769230769
1891,-2.8,0.2679101001019833,0.9598151788319749,8,18.0,0.0,0.029999999999999995
1892,-3.0,0.2641374018193206,0.9597833134308856,8,20.0,0.0,0.02538461538461538
1893,-1.0000000000000002,0.1706075690305015,0.95976339809243,5,20.0,0.0,0.009230769230769232
1894,0.10000000000000009,0.11216612843608334,0.9597474661191986,4,9.0,0.0,0.013846153846153845
1895,-3.4000000000000004,0.23470686109916045,0.9597156029661389,8,24.0,0.0,0.024230769230769236
1896,0.7,0.0029221905425503847,0.9597116201463866,1,3.0,0.0,0.005
1897,-0.7,0.1377625249706143,0.9596917062955542,5,17.0,0.0,0.03923076923076923
1898,0.49999999999999994,0.03405164124347185,0.9596837408709203,2,5.0,0.0,0.01
1899,0.8,0.0015973424888128251,0.9596797581833958,1,2.0,0.0,0.006153846153846154
1900,0.30000000000000004,0.11863758802588402,0.9596678102199907,3,7.0,0.0,0.015384615384615385
1901,0.8,0.016220447672356197,0.9596638275985783,1,2.0,0.0,0.003076923076923077
1902,0.6000000000000001,0.08136049896022185,0.9596558624053371,2,4.0,0.0,0.005384615384615385
1903,0.4,0.0065692813073042755,0.9596518798335081,1,6.0,0.0,0.0026923076923076926
1904,-1.3,0.13038547853403726,0.9596240022934763,7,23.0,0.0,0.02769230769230769
1905,-3.1,0.19900323402954823,0.959592143239356,8,21.0,0.0,0.04653846153846154
1906,-3.2,0.2766543718734582,0.9595602852429408,8,22.0,1.0,0.060000000000000005
1907,-3.5,0.291193325212569,0.9595284283041959,8,25.0,0.0,0.057692307692307696
1908,-3.0,0.31240321459048687,0.9594965724230858,8,20.0,0.0,0.024230769230769236
1909,-3.0,0.2885571352380788,0.9594647175995757,8,20.0,0.0,0.05923076923076923
1910,0.3,0.076549688025795,0.9594567540589442,2,7.0,0.0,0.006153846153846154
1911,0.8,0.005090148352908774,0.9594527723134149,1,2.0,0.0,0.006153846153846154
1912,-0.5000000000000001,0.1305271367579413,0.9594328638336305,5,15.0,0.0,0.01846153846153846
1913,-3.5,0.2872305538059232,0.9594010111252148,8,25.0,0.0,0.04153846153846154
1914,-0.09999999999999998,0.06443218249112843,0.9593850851675696,4,11.0,0.0,0.023076923076923075
1915,0.30000000000000004,0.08031287297633717,0.9593731408728282,3,7.0,0.0,0.013846153846153845
1916,-4.1000000000000005,0.273701723110339,0.9593412901471859,8,31.0,0.0,0.03076923076923077
1917,0.49999999999999994,0.11579730909634323,0.959333327631,2,5.0,0.0,0.008461538461538461
1918,0.19999999999999996,0.07304637485452074,0.9593213839806373,3,8.0,0.0,0.008076923076923077
1919,-0.5999999999999999,0.13259367583560594,0.9593054593447945,4,16.0,0.0,0.017307692307692305
1920,-0.3999999999999999,0.11874876107308525,0.9592855539217289,5,14.0,0.0,0.03076923076923077
1921,-1.1,0.09993694782591557,0.9592537061039312,8,21.0,0.0,0.029615384615384616
1922,-1.3,0.09038589078316515,0.9592258401307022,7,23.0,0.0,0.03461538461538462
1923,-0.7999999999999998,0.11997701286085719,0.9592059363597216,5,18.0,0.0,0.025384615384615387
1924,-3.5,0.30297041552695947,0.9591740911851886,8,25.0,0.0,0.05769230769230768
1925,-0.7999999999999999,0.11496324231447168,0.9591462275247442,7,18.0,0.0,0.03461538461538462
1926,0.5,0.0970375261620339,0.9591382666275746,2,5.0,0.0,0.006923076923076922
1927,-3.3000000000000003,0.22723944893121706,0.9591064236996442,8,23.0,0.0,0.025384615384615387
1928,0.8,0.013138562614608551,0.9591024434079858,1,2.0,0.0,0.003076923076923077
1929,-0.30000000000000004,0.14499962744174932,0.9590825421974658,5,13.0,0.0,0.03230769230769231
1930,0.7,0.03129886575407054,0.9590745818288834,2,3.0,0.0,0.00923076923076923
1931,0.6000000000000001,0.0851711078929453,0.9590666215263719,2,4.0,0.0,0.012692307692307694
1932,-3.0999999999999996,0.36892036544786155,0.9590347809770242,8,21.0,0.0,0.023076923076923075
1933,-0.09999999999999998,0.08097914569914795,0.9590188610987617,4,11.0,0.0,0.025
1934,-1.1,0.06415590807983174,0.9589949817768696,6,21.0,0.0,0.04
1935,0.19999999999999996,0.1296312573591596,0.9589790625592696,4,8.0,0.0,0.03230769230769231
1936,0.3,0.011266323135329132,0.9589711030495663,2,7.0,0.0,0.005384615384615385
1937,-0.30000000000000004,0.11493882576571175,0.9589472249168374,6,13.0,0.0,0.02076923076923077
1938,-0.9000000000000001,0.07892829606920557,0.9589233473786677,6,19.0,0.0,0.021538461538461538
1939,-0.8999999999999999,0.10455067105968988,0.9588915115859528,8,19.0,0.0,0.051923076923076926
1940,-3.1,0.3146500258003304,0.9588596768501706,8,21.0,0.0,0.031153846153846157
1941,-1.2000000000000002,0.13207106921898853,0.9588318223233491,7,22.0,0.0,0.04846153846153847
1942,0.7,0.012773602541980456,0.9588278431712864,1,3.0,0.0,0.005384615384615385
1943,-3.5999999999999996,0.20734065475532723,0.958796010549265,8,26.0,0.0,0.04230769230769231
1944,0.8,0.005090148352908774,0.9587920315458213,1,2.0,0.0,0.004230769230769231
1945,0.8,0.005090148352908774,0.9587880525588903,1,2.0,0.0,0.003461538461538461
1946,-0.30000000000000004,0.0867303597186473,0.9587681578719264,5,13.0,0.0,0.04
1947,-3.7,0.2818731613864002,0.9587363272314281,8,27.0,0.0,0.04653846153846154
1948,-0.7,0.07732194850586532,0.9587124549445564,6,17.0,0.0,0.02769230769230769
1949,0.4,0.12893682285334926,0.9587044976476918,2,6.0,0.0,0.01846153846153846
1950,-1.0,0.07228691357254588,0.9586766476287699,7,20.0,0.0,0.046538461538461535
1951,0.7,0.026706429713386326,0.9586726691206823,1,3.0,0.0,0.004615384615384615
1952,-3.7,0.3007180646501872,0.9586408416503647,8,27.0,0.0,0.04615384615384615
1953,-0.30000000000000004,0.062195512053313966,0.9586249283114543,4,13.0,0.0,0.016923076923076923
1954,0.9,0.002738927449953299,0.9586209500180018,1,1.0,0.0,0.006153846153846154
1955,-0.8,0.09528638144116636,0.9585970806039928,6,18.0,0.0,0.03692307692307692
1956,-5.0,0.23689749177518626,0.9585652556431773,8,40.0,0.0,0.050769230769230775
1957,-1.1102230246251565e-16,0.15953080272063871,0.9585493435589868,4,10.0,0.0,0.026923076923076925
1958,0.0,0.11548593172541495,0.9585374096691853,3,10.0,0.0,0.013846153846153845
1959,-3.1,0.26473283437936135,0.9585055866894161,8,21.0,0.0,0.03807692307692308
1960,-4.199999999999999,0.28397974248327523,0.9584737647661544,8,32.0,0.0,0.03807692307692308
1961,0.8,0.01064223571783296,0.9584697871000306,1,2.0,0.0,0.0038461538461538464
1962,0.8,0.0017748249875697564,0.9584658094504142,1,2.0,0.0,0.003461538461538461
1963,-3.0,0.2656922689646678,0.9584339888477377,8,20.0,0.0,0.03461538461538462
1964,0.8,0.0027051135308181484,0.9584300113466839,1,2.0,0.0,0.011538461538461537
1965,-1.4000000000000001,0.16043651071989767,0.9584021693014899,7,24.0,0.0,0.030769230769230767
1966,0.0,0.08934245917988248,0.9583902372440004,3,10.0,0.0,0.003461538461538461
1967,-0.5000000000000002,0.09390304710690259,0.9583703508116358,5,15.0,0.0,0.021538461538461538
1968,-3.5,0.2287369439096019,0.95833853337814,8,25.0,0.0,0.02076923076923077
1969,-0.8000000000000002,0.05373542540702795,0.9583106939903477,7,18.0,0.0,0.05884615384615385
1970,-3.7,0.34237201932664596,0.9582788785374298,8,27.0,0.0,0.03461538461538461
1971,0.9,0.006362685441135829,0.9582749016800839,1,1.0,0.0,0.006153846153846154
1972,0.09999999999999998,0.08801330498339538,0.9582669480149039,2,9.0,0.0,0.015000000000000001
1973,0.0,0.15704640641908293,0.9582550176409124,3,10.0,0.0,0.00923076923076923
1974,-0.10000000000000009,0.09393999569763753,0.9582391107066406,4,11.0,0.0,0.030000000000000002
1975,0.2,0.03652201715839329,0.958231157338525,2,8.0,0.0,0.010384615384615384
1976,0.8,0.004581133517617908,0.9582271806792221,1,2.0,0.0,0.003461538461538461
1977,-1.0000000000000002,0.14936076486867542,0.9581993445261855,7,20.0,0.0,0.03461538461538462
1978,-4.4,0.344169651090233,0.9581675327700161,8,34.0,0.0,0.03230769230769231
1979,-3.5999999999999996,0.32162993798511563,0.9581357220699815,8,26.0,0.0,0.026923076923076925
1980,-3.1000000000000005,0.2924760828173364,0.958103912426047,8,21.0,0.0,0.05769230769230768
1981,0.30000000000000004,0.05932230253640038,0.95809198408184,3,7.0,0.0,0.015384615384615385
1982,-4.1,0.29858255071409534,0.9580601758899856,8,31.0,0.0,0.03461538461538462
1983,-0.7,0.106778138874205,0.9580363204391075,6,17.0,0.0,0.033846153846153845
1984,0.4,0.0028278601960604055,0.9580323445883777,1,6.0,0.0,0.0019230769230769232
1985,0.19999999999999996,0.07655922103805757,0.9580204171351867,3,8.0,0.0,0.02153846153846154
1986,-3.5,0.30655835866589,0.9579886113193203,8,25.0,0.0,0.04615384615384616
1987,-3.7,0.2567300802770661,0.9579568065593917,8,27.0,0.0,0.026923076923076925
1988,-0.4999999999999999,0.07952192741700267,0.9579409045753932,4,15.0,0.0,0.023076923076923075
1989,-0.8999999999999999,0.08807957556095233,0.957913076738574,7,19.0,0.0,0.02538461538461538
1990,0.8,0.004581133517617908,0.9579091013993055,1,2.0,0.0,0.008461538461538461
1991,-1.4999999999999996,0.059325693408211054,0.957877299279068,8,25.0,0.0,0.019230769230769232
1992,-1.5999999999999996,0.08635474671760127,0.9578454982146455,8,26.0,0.0,0.054999999999999986
1993,-1.2000000000000002,0.0820078393519051,0.9578176731493466,7,22.0,0.0,0.03807692307692308
1994,0.8,0.002434602177736389,0.957813698206003,1,2.0,0.0,0.007692307692307693
1995,-1.2000000000000002,0.11699810818173563,0.9577858740644827,7,22.0,0.0,0.03461538461538462
1996,-3.8,0.2304872036657494,0.9577540760353331,8,28.0,0.0,0.04230769230769231
1997,0.8,0.0010480164069101017,0.9577501013559176,1,2.0,0.0,0.0038461538461538464
1998,-0.3999999999999999,0.08692493153419913,0.9577302282062625,5,14.0,0.0,0.025384615384615387
1999,-1.4000000000000001,0.1384950075581094,0.9577024064895157,7,24.0,0.0,0.024615384615384615
2000,-3.1,0.3148877588064752,0.9576706112314494,8,21.0,0.0,0.038461538461538464
2001,-1.0999999999999999,0.09598332496454898,0.9576427912465539,7,21.0,0.0,0.051923076923076926
2002,-3.6000000000000005,0.23811727534350796,0.957610997967685,8,26.0,0.0,0.04230769230769231
2003,-2.6999999999999997,0.3144405854304681,0.9575831797145333,7,17.0,1.0,0.060000000000000005
2004,-4.0,0.26858912052710593,0.9575513884147384,8,30.0,0.0,0.027692307692307697
2005,-0.30000000000000004,0.093373095054607,0.9575354931606391,4,13.0,0.0,0.023076923076923075
2006,0.7,0.010346618059004165,0.9575315193883426,1,3.0,0.0,0.004615384615384615
2007,-0.20000000000000018,0.08887337351114705,0.957515624464067,4,12.0,0.0,0.01846153846153846
2008,0.0,0.1037190763627213,0.9575037034440148,3,10.0,0.0,0.015384615384615385
2009,-0.30000000000000016,0.11024801288256145,0.9574838354070737,5,13.0,0.0,0.026923076923076925
2010,-0.09999999999999998,0.11107981414656205,0.9574639677823912,5,11.0,0.0,0.03807692307692308
2011,0.7,0.003246878380611551,0.9574599943069249,1,3.0,0.0,0.004615384615384615
2012,-0.19999999999999996,0.13703541095751157,0.9574480739794653,3,12.0,0.0,0.026923076923076925
2013,-0.7,0.09506371606206407,0.9574282070968261,5,17.0,0.0,0.018461538461538463
2014,-1.5,0.04947500888674651,0.9573964209420475,8,25.0,0.0,0.024230769230769236
2015,0.8,0.0009432147662190582,0.9573924477469006,1,2.0,0.0,0.005
2016,-0.19999999999999996,0.016241610204968476,0.9573805282603922,3,12.0,0.0,0.007692307692307693
2017,0.6,0.004241790294090553,0.9573765551311999,1,4.0,0.0,0.0011538461538461537
2018,-0.5999999999999999,0.1379562747822521,0.9573566897325646,5,16.0,0.0,0.026923076923076925
2019,0.8,0.0145984029051206,0.9573527167023023,1,2.0,0.0,0.003076923076923077
2020,-3.9000000000000004,0.25212035707746633,0.9573209330537683,8,29.0,0.0,0.030769230769230767
2021,-1.3,0.10614804749579781,0.9572891504604363,8,23.0,0.0,0.010384615384615384
2022,-1.2999999999999996,0.1260037096394112,0.9572573689222709,8,23.0,0.0,0.05384615384615385
2023,-0.9999999999999999,0.0958193700293911,0.9572335334610789,6,20.0,0.0,0.026923076923076925
2024,-1.3,0.07592397096826796,0.9572057261731345,7,23.0,0.0,0.030769230769230767
2025,-3.7,0.22428148665055941,0.9571739474046153,8,27.0,0.0,0.06923076923076923
2026,-0.30000000000000004,0.14310427732417025,0.9571540862100553,5,13.0,0.0,0.02153846153846154
2027,-2.2,0.08881808347247395,0.9571223091559578,8,32.0,0.0,0.05884615384615385
2028,-3.5,0.21507956363175904,0.9570905331568432,8,25.0,0.0,0.04615384615384615
2029,0.10000000000000009,0.09439905914838792,0.9570786174291559,3,9.0,0.0,0.010384615384615384
2030,-0.19999999999999996,0.09137819458218732,0.957062730023006,4,12.0,0.0,0.019230769230769232
2031,0.8,0.013138562614608551,0.9570587582126764,1,2.0,0.0,0.003461538461538461
2032,-3.4000000000000004,0.3492842949954074,0.9570269843234224,8,24.0,0.0,0.04
2033,-0.7000000000000001,0.1211247690428225,0.9570031545987474,6,17.0,0.0,0.010769230769230769
2034,0.8,0.0006876035645737577,0.9569991830356558,1,2.0,0.0,0.00923076923076923
2035,-0.6000000000000001,0.11505411709016203,0.9569793254674264,5,16.0,0.0,0.025
2036,0.7,0.0007427816283974709,0.9569753540032256,1,3.0,0.0,0.003076923076923077
2037,-3.3,0.2632831730417891,0.9569435828829512,8,23.0,0.0,0.02538461538461538
2038,-1.0,0.046661883295591775,0.9569157840179663,7,20.0,0.0,0.03461538461538462
2039,0.6,0.009853921960956247,0.9569118128174626,1,4.0,0.0,0.0019230769230769232
2040,-3.4,0.258669912324991,0.956880043806725,8,24.0,1.0,0.07846153846153846
2041,-0.6000000000000001,0.08756352371988235,0.956856217740831,6,16.0,0.0,0.02769230769230769
2042,-3.4000000000000004,0.2552704856673971,0.956824450575823,8,24.0,0.0,0.015384615384615385
2043,-2.8,0.20682360852934617,0.9567926844654697,8,18.0,0.0,0.026923076923076925
2044,-3.5,0.2775820830234045,0.9567609194097357,8,25.0,0.0,0.029615384615384616
2045,0.0,0.024437626245831585,0.9567490077857225,3,10.0,0.0,0.02
2046,0.0,0.16456272953989423,0.9567370963100084,3,10.0,0.0,0.00923076923076923
2047,-0.4999999999999998,0.08859570878574889,0.9567172441800335,5,15.0,0.0,0.02076923076923077
2048,-3.2,0.2283054519346587,0.9566854816288809,8,22.0,0.0,0.061538461538461535
2049,0.2,0.0769601018281623,0.9566775411558599,2,8.0,0.0,0.007692307692307693
2050,-0.6000000000000001,0.07518927028477204,0.956657690261644,5,16.0,0.0,0.02076923076923077
2051,0.8,0.003005681700909091,0.9566537201322295,1,2.0,0.0,0.01076923076923077
2052,0.7,0.010346618059004165,0.956649750019291,1,3.0,0.0,0.003461538461538461
2053,-2.9,0.1670867180451786,0.9566179897089118,8,19.0,0.0,0.04153846153846153
2054,-3.5,0.23712990904211348,0.9565862304529595,8,25.0,0.0,0.024230769230769236
2055,-0.8999999999999999,0.08775690690340972,0.9565624117029421,6,19.0,0.0,0.03230769230769231
2056,0.9,0.005153775207319966,0.9565584419689336,1,1.0,0.0,0.004615384615384615
2057,-3.5,0.21617162361438694,0.9565266846899376,8,25.0,0.0,0.04653846153846154
2058,-3.5000000000000004,0.23802175910602735,0.9564949284652682,8,25.0,0.0,0.029615384615384616
2059,-3.2,0.25724130000576895,0.9564631732948901,8,22.0,0.0,0.050769230769230775
2060,0.4,0.005912353176573848,0.9564592039727209,1,6.0,0.0,0.003461538461538461
2061,0.49999999999999994,0.02423160893922191,0.9564512653778006,2,5.0,0.0,0.006923076923076922
2062,-0.19999999999999996,0.10589575314461262,0.9564393576089641,3,12.0,0.0,0.026923076923076925
2063,-4.4,0.3229538808578212,0.9564076042835117,8,34.0,0.0,0.033846153846153845
2064,-3.0,0.2017247968713234,0.9563758520122544,8,20.0,0.0,0.03807692307692308
2065,-3.0999999999999996,0.2412547906190642,0.9563441007951571,8,21.0,0.0,0.04153846153846154
2066,0.39999999999999997,0.07635087747538052,0.9563361631555912,2,6.0,0.0,0.0038461538461538464
2067,-0.19999999999999996,0.09432146035524663,0.9563242568197715,3,12.0,0.0,0.025
2068,-0.5999999999999999,0.05836953260897341,0.9563004445928299,6,16.0,0.0,0.033846153846153845
2069,-0.4,0.16741024959426892,0.9562806015233029,5,14.0,0.0,0.03230769230769231
2070,-0.09999999999999998,0.10048881185499581,0.9562686958792226,3,11.0,0.0,0.016153846153846154
2071,-3.1,0.30711791331840654,0.9562369482196572,8,21.0,0.0,0.02538461538461538
2072,-3.0,0.27254168237368526,0.9562052016140987,8,20.0,0.0,0.03230769230769231
2073,-3.8,0.36732772908057565,0.9561734560625123,8,28.0,0.0,0.05538461538461538
2074,-2.4,0.2430964909770137,0.9561496475904705,6,14.0,1.0,0.05076923076923076
2075,0.30000000000000004,0.09580069451699565,0.9561377435767598,3,7.0,0.0,0.02153846153846154
2076,0.5,0.0053876318321529615,0.956133775605124,1,5.0,0.0,0.01
2077,0.7,0.001917249214967276,0.9561298076499553,1,3.0,0.0,0.0026923076923076926
2078,-0.3999999999999999,0.10493947105109283,0.9561099681211153,5,14.0,0.0,0.026923076923076925
2079,-3.9000000000000004,0.31227829606931734,0.9560782257312348,8,29.0,0.0,0.03076923076923077
2080,-3.4000000000000004,0.27473233877282355,0.9560464843951865,8,24.0,0.0,0.03807692307692308
2081,-4.0,0.21743071478295556,0.9560147441129352,8,30.0,0.0,0.05384615384615385
2082,-3.3000000000000003,0.2359198777419037,0.9559830048844461,8,23.0,0.0,0.035
2083,0.20000000000000007,0.04025727289942839,0.95597507024197,2,8.0,0.0,0.01153846153846154
2084,-4.4,0.27878262686233635,0.9559433323306342,8,34.0,0.0,0.04
2085,-3.5,0.2625192881573565,0.9559115954729817,8,25.0,0.0,0.04230769230769231
2086,-0.40000000000000013,0.06848113737819977,0.9558917604720067,5,14.0,0.0,0.023076923076923075
2087,-3.9000000000000004,0.21081850899694607,0.9558600253265152,8,29.0,0.0,0.04230769230769231
2088,-0.09999999999999998,0.04200480258786986,0.9558441581488684,4,11.0,0.0,0.016153846153846154
2089,0.5,0.054040112192844963,0.9558362246588178,2,5.0,0.0,0.015000000000000001
2090,-3.4000000000000004,0.1775766587572356,0.9558044913570883,8,24.0,0.0,0.050769230769230775
2091,0.7,0.02163220806784283,0.9558005247684492,1,3.0,0.0,0.004230769230769231
2092,-0.5999999999999999,0.12949210847449427,0.9557727591088893,7,16.0,0.0,0.04615384615384615
2093,-0.30000000000000004,0.08665446552390288,0.9557568933798526,4,13.0,0.0,0.006153846153846154
2094,0.49999999999999994,0.08454709169477026,0.9557489606140981,2,5.0,0.0,0.006153846153846154
2095,-0.09999999999999987,0.07434751630453892,0.9557370615889196,3,11.0,0.0,0.01076923076923077
2096,0.20000000000000007,0.1356434201799158,0.9557291289877685,2,8.0,0.0,0.01076923076923077
2097,-3.3999999999999995,0.29022667288300696,0.9556973992415636,8,24.0,0.0,0.033846153846153845
2098,0.9,0.004638397686587914,0.9556934330973568,1,1.0,0.0,0.00923076923076923
2099,0.30000000000000004,0.10850678114279187,0.9556775686851237,4,7.0,0.0,0.011538461538461537
2100,-1.4000000000000001,0.13324248464702348,0.9556458406506961,8,24.0,0.0,0.038461538461538464
2101,-2.1000000000000005,0.07614104208084257,0.955614113669624,8,31.0,0.0,0.050769230769230775
2102,-4.800000000000001,0.3807651214262815,0.9555823877418723,8,38.0,0.0,0.019230769230769232
2103,-3.0,0.2243621017383777,0.9555506628674061,8,20.0,0.0,0.046538461538461535
2104,-0.09999999999999987,0.06930606844507198,0.9555387663110243,3,11.0,0.0,0.026153846153846156
2105,-3.3,0.1946437939833844,0.9555070428847685,8,23.0,0.0,0.03384615384615385
2106,-0.9999999999999998,0.09504221109451573,0.955479285750751,7,20.0,0.0,0.024615384615384615
2107,-3.3,0.23422140932461194,0.9554475642992212,8,23.0,0.0,0.05076923076923076
2108,-2.9,0.24635298843309722,0.9554158439008282,8,19.0,0.0,0.019230769230769232
2109,-3.8,0.3532469313062737,0.9553841245555372,8,28.0,0.0,0.046538461538461535
2110,0.8,0.0007640039606374716,0.9553801597114203,1,2.0,0.0,0.006923076923076922
2111,-2.5999999999999996,0.4021675268054546,0.9553563709922528,6,16.0,1.0,0.05884615384615385
2112,0.8,0.0014376082399315537,0.9553524062633132,1,2.0,0.0,0.01
2113,0.5,0.00152162636108516,0.9553484415508272,1,5.0,0.0,0.006923076923076922
2114,-0.5,0.11843220514844553,0.9553246536214337,6,15.0,0.0,0.02769230769230769
2115,0.6,0.008868529764860633,0.9553206890241212,1,4.0,0.0,0.005
2116,-2.8000000000000003,0.29234324782742227,0.9552889728379261,8,18.0,0.0,0.029615384615384616
2117,-3.7,0.28993474134189645,0.9552572577046933,8,27.0,0.0,0.033846153846153845
2118,-1.4999999999999998,0.09189055392508812,0.9552295078268449,7,25.0,0.0,0.01846153846153846
2119,0.7,0.007542684565014057,0.9552255436243874,1,3.0,0.0,0.0026923076923076926
2120,0.8,0.011824706353147696,0.9552215794383814,1,2.0,0.0,0.004230769230769231
2121,0.20000000000000007,0.055556189278469496,0.9552096869790713,3,8.0,0.0,0.01846153846153846
2122,-2.5999999999999996,0.18176091467979139,0.9551779744780906,8,16.0,1.0,0.08
2123,-3.5,0.2129764903614242,0.9551462630299499,8,25.0,0.0,0.05192307692307692
2124,-0.7,0.15251668040854857,0.9551145526346136,8,17.0,0.0,0.05384615384615385
2125,-0.7,0.11421406515632289,0.9550947341721404,5,17.0,0.0,0.02769230769230769
2126,-3.6999999999999997,0.31339526484745694,0.9550630254875375,8,27.0,0.0,0.02076923076923077
2127,-3.3,0.272208837123932,0.9550313178556477,8,23.0,0.0,0.05076923076923076
2128,-0.9,0.1658176428683536,0.9550035745412702,7,19.0,0.0,0.03461538461538462
2129,-3.8,0.21607295152782788,0.9549718688831231,8,28.0,0.0,0.02769230769230769
2130,-3.9999999999999996,0.2797599722003868,0.9549401642775889,8,30.0,0.0,0.05192307692307692
2131,-1.4,0.13156500351695138,0.9549084607246319,8,24.0,0.0,0.05923076923076925
2132,0.8,0.0004060230288450706,0.9549044978545199,1,2.0,0.0,0.0023076923076923075
2133,0.9,0.004174557917929089,0.9549005350008538,1,1.0,0.0,0.007692307692307693
2134,0.0,0.04867498640963639,0.9548886465385303,3,10.0,0.0,0.00923076923076923
2135,0.10000000000000009,0.07946465940801639,0.9548767582242176,3,9.0,0.0,0.015384615384615385
2136,0.7,0.001552971864123398,0.9548727954856709,1,3.0,0.0,0.004615384615384615
2137,-3.4000000000000004,0.2749223130647911,0.9548410941693253,8,24.0,0.0,0.03692307692307692
2138,-3.0,0.1961382933966337,0.9548093939054482,8,20.0,0.0,0.027692307692307697
2139,0.6,0.0318983864811993,0.9548014690039229,2,4.0,0.0,0.008076923076923077
2140,0.7,0.015769879681457377,0.9547975065778266,1,3.0,0.0,0.004230769230769231
2141,-3.9000000000000004,0.2457900534239669,0.9547658077610365,8,29.0,0.0,0.046538461538461535
2142,-1.0,0.13999009488799546,0.9547420343390737,6,20.0,0.0,0.04846153846153847
2143,0.39999999999999997,0.06888292665781584,0.9547341099966317,2,6.0,0.0,0.0038461538461538464
2144,0.09999999999999998,0.05202731673603576,0.9547222236062909,3,9.0,0.0,0.02076923076923077
2145,0.10000000000000009,0.05004181698424872,0.9547103373639351,3,9.0,0.0,0.024615384615384615
2146,0.2,0.020821546684864578,0.9547024132845774,2,8.0,0.0,0.01153846153846154
2147,-0.3999999999999999,0.14241993469662384,0.9546786414411208,6,14.0,0.0,0.04230769230769231
2148,-3.1999999999999997,0.3259257855883963,0.9546469465705959,8,22.0,0.0,0.04230769230769231
2149,-0.19999999999999996,0.08243553581376087,0.9546310995299312,4,12.0,0.0,0.011538461538461537
2150,-3.0999999999999996,0.33729833039016177,0.9545994062377751,8,21.0,0.0,0.04615384615384615
2151,0.9,0.0017970102999143034,0.9545954446502392,1,1.0,0.0,0.005384615384615385
2152,-4.0,0.24718788083657733,0.9545637525418075,8,30.0,0.0,0.033846153846153845
2153,0.5,0.026446988802848043,0.9545558296791014,2,5.0,0.0,0.012307692307692308
2154,-0.19999999999999996,0.12488685853283409,0.9545439455083414,3,12.0,0.0,0.009615384615384616
2155,-1.4,0.15422159538715097,0.9545122551096568,8,24.0,0.0,0.03230769230769231
2156,-3.8000000000000007,0.33598038209134823,0.9544805657630778,8,28.0,0.0,0.04615384615384616
2157,-1.5,0.11967340716324162,0.95444887746857,8,25.0,0.0,0.050769230769230775
2158,0.5,0.024228990363669767,0.9544409555593251,2,5.0,0.0,0.00923076923076923
2159,-0.5,0.10258903721951644,0.9544211510738753,5,15.0,0.0,0.029615384615384616
2160,-3.4000000000000004,0.25372410726188865,0.9543894647519064,8,24.0,0.0,0.04153846153846154
2161,-4.0,0.21756671518049212,0.9543577794819084,8,30.0,0.0,0.05538461538461538
2162,-2.7,0.21786215991419366,0.9543260952638458,8,17.0,0.0,0.03461538461538462
2163,-0.09999999999999987,0.13363902778084114,0.9543102535492796,4,11.0,0.0,0.021153846153846155
2164,-3.2,0.3066593568414031,0.9542785709090551,8,22.0,0.0,0.05500000000000001
2165,-1.0,0.11474720937275153,0.954246889320679,8,20.0,0.0,0.038461538461538464
2166,0.6000000000000001,0.0345036983692133,0.9542389690879322,2,4.0,0.0,0.00923076923076923
2167,-0.7,0.09572640492610344,0.9542231288196513,4,17.0,0.0,0.016923076923076923
2168,-3.2,0.16442110333397864,0.9541914490719258,8,22.0,0.0,0.024230769230769236
2169,-1.0000000000000002,0.083468786861406,0.954167689951346,6,20.0,0.0,0.04230769230769231
2170,-0.7999999999999998,0.05729716110037821,0.9541399717250469,7,18.0,0.0,0.06461538461538462
2171,0.2,0.1277994535442811,0.9541320523797143,2,8.0,0.0,0.01076923076923077
2172,-3.9000000000000004,0.3676964348287319,0.9541003756556828,8,29.0,0.0,0.024615384615384615
2173,0.30000000000000004,0.06788950342996586,0.9540845376880387,4,7.0,0.0,0.013461538461538462
2174,-1.2,0.08665409782034698,0.9540607812295248,6,22.0,0.0,0.04153846153846154
2175,-0.5,0.07631140788090722,0.954044943919144,4,15.0,0.0,0.013461538461538462
2176,-0.8,0.091480912836126,0.9540251476508674,5,18.0,0.0,0.02769230769230769
2177,-1.4999999999999998,0.11262845626178696,0.9539934744760213,8,25.0,0.0,0.03807692307692308
2178,-3.6000000000000005,0.3109475548210069,0.9539618023527094,8,26.0,0.0,0.03461538461538461
2179,0.09999999999999998,0.08161429293464,0.953949925577559,3,9.0,0.0,0.015384615384615385
2180,0.8,0.0037107181492704866,0.9539459666853678,1,2.0,0.0,0.006153846153846154
2181,-3.8,0.23051263518642143,0.9539142961392915,8,28.0,0.0,0.04653846153846154
2182,0.6,0.0034358501382133477,0.9539103373949624,1,4.0,0.0,0.005384615384615385
2183,-1.5,0.11399001055696248,0.9538826266446621,7,25.0,0.0,0.04615384615384615
2184,0.7,0.00838076062779336,0.9538786680317615,1,3.0,0.0,0.0026923076923076926
2185,-4.1000000000000005,0.24626448737312961,0.9538469997199681,8,31.0,0.0,0.02692307692307693
2186,0.2,0.19730929136513772,0.953839082806298,2,8.0,0.0,0.010384615384615384
2187,-0.09999999999999998,0.13973490619731313,0.9538272075589995,3,11.0,0.0,0.013846153846153845
2188,0.8,0.0006188432081163375,0.9538232491760882,1,2.0,0.0,0.005384615384615385
2189,-3.6000000000000005,0.3151174797605943,0.9537915827041742,8,26.0,0.0,0.060000000000000005
2190,0.0,0.06551598789810412,0.9537797080482496,3,10.0,0.0,0.012307692307692308
2191,-0.6000000000000001,0.07022096583211146,0.9537599172835717,5,16.0,0.0,0.029615384615384616
2192,0.7,0.19904253355931883,0.9537520010926844,2,3.0,0.0,0.017307692307692305
2193,-2.9000000000000004,0.2783934455487258,0.9537203369861722,8,19.0,0.0,0.05538461538461538
2194,-0.19999999999999996,0.12733413125183574,0.9537005474534337,5,12.0,0.0,0.024230769230769226
2195,-3.5999999999999996,0.19983748065128829,0.9536688850551576,8,26.0,0.0,0.023076923076923075
2196,0.6,0.0020288351481135836,0.9536649273292847,1,4.0,0.0,0.0023076923076923075
2197,-1.3,0.11581726864749974,0.9536411813189604,6,23.0,0.0,0.03230769230769231
2198,-1.0,0.08102775617729448,0.9536134783875466,7,20.0,0.0,0.024230769230769236
2199,-3.1,0.20172891757497458,0.9535818188799214,8,21.0,0.0,0.04153846153846153
2200,0.8,0.0005012629985742256,0.9535778615153732,1,2.0,0.0,0.006153846153846154
2201,0.20000000000000007,0.08131749561810678,0.9535699468355456,2,8.0,0.0,0.012307692307692308
2202,0.19999999999999996,0.11451794985663481,0.953558074938976,3,8.0,0.0,0.015384615384615385
2203,0.5,0.06562689376158523,0.9535501604233767,2,5.0,0.0,0.00923076923076923
2204,-0.29999999999999993,0.15634442185916558,0.9535303744217727,5,13.0,0.0,0.021538461538461538
2205,-0.19999999999999996,0.0752554745786948,0.9535145459160902,4,12.0,0.0,0.013846153846153845
2206,-3.0,0.3483687665894789,0.9534828896929755,8,20.0,0.0,0.02538461538461538
2207,0.0,0.11250586066456972,0.9534631050872273,5,10.0,0.0,0.02769230769230769
2208,0.6,0.006465158198583398,0.9534591482153412,1,4.0,0.0,0.006538461538461539
2209,-1.6000000000000003,0.16435008642777835,0.9534314505719232,7,26.0,0.0,0.03692307692307692
2210,-3.4000000000000004,0.2906981304109584,0.953399797107534,8,24.0,0.0,0.03692307692307692
2211,-1.0999999999999999,0.09093813423011497,0.9533721011882443,7,21.0,0.0,0.04153846153846154
2212,-4.0,0.28981737411000774,0.9533404496942257,8,30.0,0.0,0.03461538461538462
2213,-3.5999999999999996,0.2294814119796816,0.9533087992510216,8,26.0,0.0,0.04153846153846154
2214,0.5,0.08688715711640851,0.9533008868044063,2,5.0,0.0,0.006153846153846154
2215,0.9,0.001617309269922873,0.9532969306057261,1,1.0,0.0,0.005384615384615385
2216,0.20000000000000007,0.02386374213991177,0.9532890182576202,2,8.0,0.0,0.016153846153846154
2217,-3.5999999999999996,0.36695888048015857,0.953257369521915,8,26.0,0.0,0.04846153846153847
2218,-2.8,0.34290063316585895,0.9532257218369325,8,18.0,0.0,0.04230769230769231
2219,-2.8,0.2892382454436747,0.953194075202638,8,18.0,0.0,0.02153846153846154
2220,-2.8999999999999995,0.225986543493577,0.9531624296189963,8,19.0,0.0,0.050769230769230775
2221,-0.7,0.05694458520786412,0.9531426516627395,5,17.0,0.0,0.035
2222,-0.7000000000000002,0.15343341008573283,0.9531149632134319,7,17.0,0.0,0.03692307692307692
2223,-0.10000000000000009,0.08376699759906038,0.9530951862420949,5,11.0,0.0,0.03692307692307692
2224,-0.5999999999999999,0.1037719865500553,0.9530754096811267,5,16.0,0.0,0.03461538461538462
2225,-3.4000000000000004,0.19856612748947883,0.9530437680371231,8,24.0,0.0,0.05500000000000001
2226,-0.4,0.15296770518048633,0.9530279476090563,4,14.0,0.0,0.023076923076923075
2227,-2.5,0.09020795365554267,0.95300026249186,7,35.0,0.0,0.01846153846153846
2228,0.6,0.005236778140852549,0.9529963075407707,1,4.0,0.0,0.0038461538461538464
2229,-0.9,0.14004218788027306,0.95296466852292,8,19.0,0.0,0.045
2230,0.8,0.003005681700909091,0.9529607137195457,1,2.0,0.0,0.003461538461538461
2231,-1.2,0.12669605332583275,0.9529290758833926,8,22.0,0.0,0.03461538461538462
2232,0.0,0.05682811372234239,0.9529172119656333,3,10.0,0.0,0.010384615384615384
2233,-0.30000000000000004,0.04492096977943911,0.9529013936383841,4,13.0,0.0,0.021153846153846155
2234,-3.0,0.29145765125158407,0.9528697577716293,8,20.0,0.0,0.03692307692307692
2235,0.5,0.09236955626149387,0.9528618489690506,2,5.0,0.0,0.008461538461538461
2236,0.6000000000000001,0.054448795755031476,0.9528539402321148,2,4.0,0.0,0.013846153846153845
2237,-0.3999999999999999,0.0830537460811691,0.9528341686769598,5,14.0,0.0,0.02769230769230769
2238,-3.4000000000000004,0.20619533373982185,0.9528025350420414,8,24.0,0.0,0.04230769230769231
2239,-0.7,0.08682616551701927,0.9527788105050621,6,17.0,0.0,0.045
2240,-3.6999999999999997,0.3005351517725038,0.9527471787080083,8,27.0,0.0,0.04230769230769231
2241,-0.30000000000000004,0.10718561198972869,0.9527274093681364,5,13.0,0.0,0.030000000000000002
2242,-0.20000000000000007,0.14796789000945637,0.9527115941915908,4,12.0,0.0,0.026923076923076925
2243,0.6,0.0011980068666096466,0.9527076404384749,1,4.0,0.0,0.0038461538461538464
2244,0.5,0.07836225105746722,0.9526997329814673,2,5.0,0.0,0.0038461538461538464
2245,0.6,0.001078206179948693,0.9526957792775754,1,4.0,0.0,0.005384615384615385
2246,-3.4000000000000004,0.21957210692056672,0.9526641502371183,8,24.0,0.0,0.07307692307692308
2247,0.20000000000000007,0.11021563816688765,0.9526562431410786,2,8.0,0.0,0.01
2248,0.6000000000000001,0.1223526623314013,0.9526483361106677,2,4.0,0.0,0.012692307692307694
2249,-3.3,0.22624325573742637,0.9526167086453009,8,23.0,0.0,0.05384615384615385
2250,-2.3,0.09224607526058722,0.9525850822299506,8,33.0,0.0,0.04153846153846153
2251,-0.10000000000000009,0.06913268529150249,0.9525692694160208,4,11.0,0.0,0.018461538461538463
2252,-3.3,0.2449916785800674,0.9525376445756301,8,23.0,0.0,0.05923076923076924
2253,-1.4999999999999998,0.12078517939361857,0.9525060207851686,8,25.0,0.0,0.05076923076923076
2254,-0.4,0.17292796093422524,0.9524902092836506,4,14.0,0.0,0.024615384615384615
2255,-3.8999999999999995,0.2499351147602363,0.9524585870680179,8,29.0,0.0,0.06923076923076923
2256,0.09999999999999998,0.06433629772211542,0.95244672900782,3,9.0,0.0,0.016923076923076923
2257,-0.7,0.12819204156984051,0.9524230133303192,6,17.0,0.0,0.033846153846153845
2258,0.0,0.15382215860386234,0.9524032507168231,5,10.0,0.0,0.03807692307692308
2259,-3.3,0.32943589186777883,0.9523716313881729,8,23.0,0.0,0.038461538461538464
2260,-3.5,0.22233888181367134,0.9523400131092694,8,25.0,0.0,0.03807692307692308
2261,-1.0,0.12887519139075812,0.9523163000889668,6,20.0,0.0,0.024230769230769236
2262,-3.2,0.2662469055512042,0.9522846836470358,8,22.0,0.0,0.05500000000000001
2263,0.6000000000000001,0.007251898363916265,0.9522767797005622,2,4.0,0.0,0.01
2264,-4.1000000000000005,0.29739556083125473,0.9522451645706889,8,31.0,0.0,0.04615384615384616
2265,0.20000000000000007,0.07349681067786276,0.952237260952223,2,8.0,0.0,0.006923076923076922
2266,-3.8999999999999995,0.2757185481808089,0.9522056471343531,8,29.0,0.0,0.03461538461538462
2267,-0.8999999999999999,0.1451201106853441,0.9521779859046882,7,19.0,0.0,0.03461538461538462
2268,-1.3,0.15365366380176565,0.9521582283754689,5,23.0,0.0,0.030000000000000002
2269,-3.2,0.3631491376178741,0.9521305685233018,7,22.0,1.0,0.05538461538461538
2270,0.20000000000000007,0.06258498983251823,0.9521187145469179,3,8.0,0.0,0.016153846153846154
2271,-0.6000000000000001,0.12619970137059003,0.9520950070368922,6,16.0,0.0,0.02769230769230769
2272,0.6000000000000001,0.08030767129027003,0.9520871046647312,2,4.0,0.0,0.006923076923076922
2273,-0.6,0.14320431978331358,0.9520633979417836,6,16.0,0.0,0.020769230769230766
2274,0.09999999999999987,0.08930280566219105,0.952047593787759,4,9.0,0.0,0.030000000000000002
2275,-3.5,0.223696785926454,0.9520159862667474,8,25.0,0.0,0.03076923076923077
2276,-3.4000000000000004,0.31921133160379805,0.9519843797950904,8,24.0,0.0,0.04153846153846154
2277,-2.0,0.4038742220888688,0.9519646262831646,5,10.0,1.0,0.032692307692307694
2278,0.20000000000000007,0.0632934894386053,0.951952774372753,3,8.0,0.0,0.008076923076923077
2279,-0.5000000000000001,0.10029517497240951,0.9519330215166343,5,15.0,0.0,0.015384615384615385
2280,-0.5999999999999999,0.07749962264118368,0.9519132690703838,5,16.0,0.0,0.02307692307692308
2281,-3.6999999999999997,0.29851986979307726,0.9518816660088881,8,27.0,0.0,0.033846153846153845
2282,-3.9,0.24575811931700747,0.951850063996599,8,29.0,1.0,0.065
2283,-1.8,0.06648558690117626,0.9518224130964958,7,28.0,0.0,0.04153846153846154
2284,0.8,0.0017748249875697564,0.9518184630334815,1,2.0,0.0,0.006153846153846154
2285,-0.8,0.058101265753382335,0.9517987129642999,5,18.0,0.0,0.016153846153846154
2286,-3.7,0.30536811885574655,0.9517671137060116,8,27.0,0.0,0.08653846153846154
2287,-0.7999999999999999,0.11931535606535458,0.951751314470275,4,18.0,0.0,0.025
2288,0.6,0.0008733470057584736,0.9517473647023199,1,4.0,0.0,0.005
2289,-3.2,0.20201985104432835,0.9517157671487694,8,22.0,0.0,0.038461538461538464
2290,-1.7000000000000004,0.14619785089802784,0.9516841706442424,8,27.0,0.0,0.03807692307692308
2291,0.8,0.009578012146049697,0.9516802211549342,1,2.0,0.0,0.006923076923076922
2292,0.7,0.001552971864123398,0.9516762716820164,1,3.0,0.0,0.005384615384615385
2293,-3.1,0.21430392567870846,0.9516446764887196,8,21.0,0.0,0.03807692307692308
2294,-3.9,0.21388586382407937,0.9516130823443683,8,29.0,0.0,0.03461538461538462
2295,0.10000000000000009,0.050733605920177755,0.9516012348106605,3,9.0,0.0,0.015384615384615385
2296,-2.5999999999999996,0.3837443198696928,0.9515696421085518,8,16.0,0.0,0.05076923076923076
2297,0.7,0.0012579072099399013,0.9515656930945371,1,3.0,0.0,0.003461538461538461
2298,-0.9000000000000001,0.14715018515519154,0.9515380504553055,7,19.0,0.0,0.04615384615384615
2299,-3.7,0.2708391384216189,0.9515064598508869,8,27.0,0.0,0.04615384615384616
2300,0.30000000000000004,0.20198484216594237,0.9514985623636575,2,7.0,0.0,0.006923076923076922
2301,0.30000000000000004,0.0852560860622988,0.9514867162557176,3,7.0,0.0,0.016923076923076923
2302,-3.3,0.28600612137624903,0.9514551273555697,8,23.0,0.0,0.050769230769230775
2303,-3.0999999999999996,0.20193985578612864,0.951423539504158,8,21.0,0.0,0.036923076923076927
2304,-3.0999999999999996,0.2991704452739671,0.9513919527014478,8,21.0,0.0,0.057692307692307696
2305,0.6000000000000001,0.09549031716811368,0.9513840561646258,2,4.0,0.0,0.007692307692307693
2306,-3.7,0.25129942449501175,0.9513524706727434,8,27.0,0.0,0.04653846153846154
2307,-0.4,0.1373645538086896,0.9513287822419924,6,14.0,0.0,0.02153846153846154
2308,-3.5999999999999996,0.25870469833566917,0.9512971985851776,8,26.0,0.0,0.03692307692307692
2309,-0.7,0.10877505466554079,0.9512735115306873,6,17.0,0.0,0.02769230769230769
2310,0.4,0.14363006379538287,0.9512656159769249,2,6.0,0.0,0.016923076923076923
2311,-3.5,0.22691732322127894,0.9512340344171997,8,25.0,0.0,0.026923076923076925
2312,0.09999999999999998,0.04825263453677601,0.951222191602619,3,9.0,0.0,0.021153846153846155
2313,-4.0,0.3285328917528266,0.951190611484562,8,30.0,0.0,0.06769230769230769
2314,-3.8,0.2641840709433129,0.9511590324149497,8,28.0,0.0,0.04615384615384616
2315,-3.3,0.26460430506588273,0.9511274543937472,8,23.0,0.0,0.051923076923076926
2316,-3.8,0.19618465476696123,0.9510958774209197,8,28.0,0.0,0.023076923076923075
2317,0.7,0.0013976746777110138,0.9510919303730284,1,3.0,0.0,0.004615384615384615
2318,-3.3,0.29484324578348464,0.9510603545795814,8,23.0,0.0,0.02692307692307693
2319,-3.1,0.32246586260772303,0.9510287798344355,8,21.0,0.0,0.02692307692307693
2320,-3.2,0.19765895246116372,0.9509972061375559,8,22.0,0.0,0.05
2321,0.30000000000000004,0.18195373684906746,0.9509893128771236,2,7.0,0.0,0.01153846153846154
2322,-1.3,0.13374383784489996,0.950957740490528,8,23.0,0.0,0.02076923076923077
2323,0.6000000000000001,0.027977900548247725,0.9509498475576598,2,4.0,0.0,0.01153846153846154
2324,-1.5000000000000002,0.10610813943270718,0.9509182764812937,8,25.0,0.0,0.030769230769230767
2325,-3.5999999999999996,0.32256828679903676,0.9508867064530722,8,26.0,0.0,0.00923076923076923
2326,0.49999999999999994,0.04999476990554186,0.9508788141097853,2,5.0,0.0,0.00923076923076923
2327,-0.19999999999999996,0.09792517759037464,0.9508630296197299,4,12.0,0.0,0.023076923076923075
2328,-4.200000000000001,0.3429827715019791,0.9508314614256774,8,32.0,0.0,0.02961538461538462
2329,-1.3999999999999997,0.14116478946612027,0.9507998942796739,8,24.0,0.0,0.03076923076923077
2330,-0.6,0.10073839093320373,0.9507801653456187,5,16.0,0.0,0.011538461538461537
2331,0.8,0.0077581898383002335,0.9507762196079326,1,2.0,0.0,0.0038461538461538464
2332,0.7,0.0010189048400514045,0.9507722738866212,1,3.0,0.0,0.005
2333,-0.19999999999999996,0.13408640942995867,0.9507604368209354,3,12.0,0.0,0.015384615384615385
2334,0.29999999999999993,0.059019780108905406,0.9507485999026204,3,7.0,0.0,0.016923076923076923
2335,-2.9,0.3094746508338292,0.9507170355075794,8,19.0,1.0,0.065
2336,0.8,0.001972027763966433,0.950713090031882,1,2.0,0.0,0.003461538461538461
2337,-0.7000000000000001,0.04387491090134721,0.9506894175215439,6,17.0,0.0,0.01846153846153846
2338,0.30000000000000004,0.16390900417390816,0.9506815268157517,2,7.0,0.0,0.006923076923076922
2339,-2.8,0.2505360516923353,0.950649964647505,8,18.0,0.0,0.03807692307692308
2340,-3.1999999999999997,0.30905224193001707,0.950618403527107,8,22.0,0.0,0.050769230769230775
2341,-0.5,0.10583575724510817,0.9505907884062949,7,15.0,0.0,0.033846153846153845
2342,-3.1,0.2551558179141961,0.9505592292505193,8,21.0,0.0,0.02076923076923077
2343,-0.9999999999999999,0.15268048758455144,0.9505355605712749,6,20.0,0.0,0.0376923076923077
2344,-1.6,0.14514620321001084,0.9505079478570204,7,26.0,0.0,0.024230769230769236
2345,-3.2,0.18752322085860518,0.9504763914515114,8,22.0,0.0,0.04230769230769231
2346,-3.0999999999999996,0.33071527752037877,0.9504448360936599,8,21.0,0.0,0.05923076923076923
2347,-2.7,0.3024117594851877,0.9504132817834311,8,17.0,0.0,0.04230769230769231
2348,-0.6000000000000002,0.08846729972034616,0.9503935608715184,5,16.0,0.0,0.025384615384615387
2349,0.09999999999999987,0.08288259722278768,0.95038172852079,3,9.0,0.0,0.006923076923076922
2350,0.7,0.011496242287782454,0.9503777844366166,1,3.0,0.0,0.0026923076923076926
2351,0.4,0.09846526299710048,0.9503698963173737,2,6.0,0.0,0.019615384615384614
2352,-2.7,0.3599926003377357,0.9503383444951092,8,17.0,0.0,0.06923076923076923
2353,-3.5000000000000004,0.24912121950614646,0.9503067937203499,8,25.0,0.0,0.050769230769230775
2354,-0.9000000000000001,0.07326880371258984,0.95027918765169,7,19.0,0.0,0.015384615384615385
2355,0.29999999999999993,0.013695354294117668,0.9502713003507987,2,7.0,0.0,0.008461538461538461
2356,0.7,0.0036076426451239207,0.9502673567249023,1,3.0,0.0,0.004230769230769231
2357,-2.9,0.27460367703694055,0.950235808306903,8,19.0,0.0,0.05538461538461538
2358,-1.0000000000000002,0.11327483801096279,0.9502082043003436,7,20.0,0.0,0.02076923076923077
2359,0.09999999999999987,0.0434838594265335,0.9501924309423418,4,9.0,0.0,0.016923076923076923
2360,-0.09999999999999998,0.11556996973975184,0.9501766578461761,4,11.0,0.0,0.02423076923076923
2361,0.8,0.002434602177736389,0.9501727146130461,1,2.0,0.0,0.004230769230769231
2362,0.5,0.0028632084485111786,0.9501687713962804,1,5.0,0.0,0.005384615384615385
2363,0.10000000000000009,0.06471199230600416,0.9501529986928607,4,9.0,0.0,0.01730769230769231
2364,0.6,0.001078206179948693,0.9501490555579162,1,4.0,0.0,0.0015384615384615385
2365,0.8,0.0005569588873046705,0.9501451124393356,1,2.0,0.0,0.006923076923076922
2366,-3.7,0.24677285463267784,0.9501135680797873,8,27.0,0.0,0.04615384615384616
2367,0.0,0.09562210341680344,0.9500977962927369,4,10.0,0.0,0.025
2368,0.30000000000000004,0.06471956257131038,0.9500859676242622,3,7.0,0.0,0.016153846153846154
2369,0.8,0.004123020165856084,0.9500820247674966,1,2.0,0.0,0.0038461538461538464
2370,-3.9999999999999996,0.4196042622037731,0.9500504825024289,8,30.0,0.0,0.04230769230769231
2371,-0.6000000000000001,0.08059734023827485,0.9500307691185389,5,16.0,0.0,0.01846153846153846
2372,-3.5,0.3148860886629742,0.9499992285551337,8,25.0,0.0,0.045
2373,0.8,0.001972027763966433,0.9499952860583353,1,2.0,0.0,0.004615384615384615
2374,-3.4000000000000004,0.2093059883204718,0.9499637466729506,8,24.0,0.0,0.03807692307692308
2375,-3.8,0.2771831241973932,0.9499322083346584,8,28.0,0.0,0.02769230769230769
2376,-0.7,0.11391122238000666,0.9499164395581611,4,17.0,0.0,0.01884615384615385
2377,-3.5,0.2919195922427733,0.9498849027904422,8,25.0,0.0,0.035
2378,-3.0,0.21293224294625288,0.9498533670697289,8,20.0,0.0,0.02769230769230769
2379,0.19999999999999996,0.12385788173325345,0.9498375996019884,4,8.0,0.0,0.02307692307692308
2380,-1.3,0.11529636763271199,0.9498060654517181,8,23.0,0.0,0.03807692307692307
2381,0.7,0.005498617047895227,0.9498021237565465,1,3.0,0.0,0.004615384615384615
2382,-3.8,0.2469199079642496,0.9497705907840571,8,28.0,0.0,0.027692307692307697
2383,0.09999999999999998,0.11296262336626145,0.9497548246903945,4,9.0,0.0,0.02423076923076923
2384,0.10000000000000009,0.08890410314327647,0.9497430002918985,3,9.0,0.0,0.012307692307692308
2385,-3.6000000000000005,0.27706977693618584,0.9497114692822797,8,26.0,0.0,0.02692307692307693
2386,-3.9,0.30208248007543853,0.949679939319475,8,29.0,1.0,0.06769230769230769
2387,0.0,0.10612620866791599,0.9496681158532981,3,10.0,0.0,0.010384615384615384
2388,0.9,0.0014555783429305302,0.9496641747306174,1,1.0,0.0,0.007692307692307693
2389,-3.3,0.23391934566231576,0.9496326463379693,8,23.0,0.0,0.04615384615384616
2390,-0.29999999999999993,0.1631215959265243,0.9496168825341702,4,13.0,0.0,0.025384615384615387
2391,-0.7999999999999998,0.07178147228392552,0.9495892965071806,7,18.0,0.0,0.02692307692307693
2392,0.49999999999999994,0.06443692908001453,0.9495814149323739,2,5.0,0.0,0.007692307692307693
2393,-3.8000000000000003,0.19505519508243685,0.9495498892873113,8,28.0,0.0,0.03461538461538462
2394,-4.0,0.2513036939947055,0.9495183646888847,8,30.0,0.0,0.060000000000000005
2395,-1.5,0.10598419178920755,0.949490781523803,7,25.0,0.0,0.012307692307692308
2396,-0.9000000000000002,0.050174215684119804,0.9494710797536117,5,19.0,0.0,0.02769230769230769
2397,-0.8,0.06074382337762492,0.9494513783922289,5,18.0,0.0,0.025384615384615387
2398,-0.29999999999999993,0.09629654552810493,0.9494356175974591,4,13.0,0.0,0.016923076923076923
2399,0.8,0.0015973424888128251,0.9494316774396461,1,2.0,0.0,0.008076923076923077
2400,0.7,0.0012579072099399013,0.9494277372981847,1,3.0,0.0,0.005384615384615385
2401,-3.0999999999999996,0.2694300839667947,0.9493962167551455,8,21.0,0.0,0.04846153846153846
2402,0.30000000000000004,0.028664198658679668,0.9493883367828975,2,7.0,0.0,0.016153846153846154
2403,0.09999999999999987,0.08428708495580392,0.9493725770346116,4,9.0,0.0,0.013461538461538462
2404,-2.5999999999999996,0.2510495930385743,0.9493410583228664,8,16.0,0.0,0.02692307692307692
2405,-3.0999999999999996,0.2832096811358714,0.9493095406575272,8,21.0,0.0,0.03807692307692308
2406,-3.0,0.320251917562121,0.9492780240385593,8,20.0,0.0,0.051923076923076926
2407,-3.3999999999999995,0.3015990032606224,0.9492465084659281,8,24.0,0.0,0.04615384615384616
2408,-3.2,0.28126944140385074,0.9492149939395984,8,22.0,0.0,0.03807692307692308
2409,0.5,0.015846949324754916,0.9492071154714966,2,5.0,0.0,0.00923076923076923
2410,-0.9999999999999998,0.11534343768864003,0.9491913587314659,4,20.0,0.0,0.013846153846153845
2411,-0.10000000000000009,0.08731978809355741,0.9491795413480919,3,11.0,0.0,0.00923076923076923
2412,-4.0,0.28977903232631386,0.9491480290450385,8,30.0,0.0,0.033846153846153845
2413,-3.1999999999999997,0.3596958077821014,0.9491165177881783,8,22.0,0.0,0.03461538461538462
2414,0.20000000000000007,0.03458708941421188,0.9491047013365703,3,8.0,0.0,0.023076923076923075
2415,0.2,0.06140436253574603,0.9490928850320764,3,8.0,0.0,0.03076923076923077
2416,-2.6,0.3172302880669363,0.9490613756059707,8,16.0,0.0,0.04615384615384615
2417,0.9,0.0019966781110158927,0.949057437001262,1,1.0,0.0,0.008461538461538461
2418,-3.0,0.3499217682480582,0.9490259287520139,8,20.0,0.0,0.04615384615384615
2419,-2.1000000000000005,0.09494345743320874,0.948998359892018,7,31.0,0.0,0.02769230769230769
2420,-0.7,0.09895837337229561,0.9489747300780172,6,17.0,0.0,0.03692307692307692
2421,0.6000000000000001,0.1403908237260244,0.9489668536041014,2,4.0,0.0,0.00923076923076923
2422,0.2,0.0885227569359913,0.94895897719556,2,8.0,0.0,0.01153846153846154
2423,-3.5999999999999996,0.2341939283751609,0.9489274722151301,8,26.0,0.0,0.029615384615384623
2424,-1.3,0.1085347019247559,0.9489038441662142,6,23.0,0.0,0.030000000000000002
2425,-4.4,0.2823956029350917,0.9488723410161741,8,34.0,0.0,0.04615384615384615
2426,0.3,0.03481875815385227,0.9488644653920857,2,7.0,0.0,0.01076923076923077
2427,-0.5999999999999999,0.11401794159104237,0.9488487143400108,4,16.0,0.0,0.019230769230769232
2428,0.10000000000000009,0.032282488819338186,0.9488369012225419,3,9.0,0.0,0.02923076923076923
2429,-3.4,0.3283838994985996,0.9488054002949753,8,24.0,0.0,0.05
2430,-3.2,0.23631420791228322,0.9487739004132241,8,22.0,0.0,0.05076923076923076
2431,0.8,0.00045113669871676976,0.9487699630015374,1,2.0,0.0,0.01
2432,0.6,0.0007074110746643214,0.9487660256061909,1,4.0,0.0,0.003461538461538461
2433,-2.7,0.30893729011766574,0.9487345270316607,8,17.0,0.0,0.03461538461538462
2434,-0.30000000000000004,0.07384683758089731,0.9487187781365493,4,13.0,0.0,0.016923076923076923
2435,-2.9,0.1776549697388653,0.9486872811306121,8,19.0,0.0,0.06461538461538462
2436,-0.30000000000000004,0.1602163713324127,0.9486675960329158,5,13.0,0.0,0.04846153846153846
2437,-1.2,0.11555930256795836,0.9486361007261999,8,22.0,0.0,0.03692307692307692
2438,-0.10000000000000009,0.11305779306412711,0.9486203534649549,4,11.0,0.0,0.01846153846153846
2439,0.5,0.07421816949155782,0.9486124799323588,2,5.0,0.0,0.007692307692307693
2440,0.4,0.001095570979981364,0.9486085431905671,1,6.0,0.0,0.0023076923076923075
2441,-2.8000000000000003,0.19129352069513428,0.9485770498443771,8,18.0,0.0,0.026923076923076925
2442,0.09999999999999998,0.1417070738190089,0.948565240109117,3,9.0,0.0,0.023076923076923075
2443,-0.6000000000000001,0.16485168561588556,0.9485376846319594,7,16.0,0.0,0.031153846153846157
2444,-1.5,0.10071874473034903,0.9485101299552786,7,25.0,0.0,0.024615384615384612
2445,-0.30000000000000004,0.09220783141943911,0.9484943847851355,4,13.0,0.0,0.019230769230769232
2446,0.19999999999999996,0.010403891166031872,0.9484825760790512,3,8.0,0.0,0.013846153846153845
2447,0.29999999999999993,0.06060084910087005,0.9484707675199848,3,7.0,0.0,0.012692307692307694
2448,-0.7999999999999999,0.10128023641225961,0.9484392787478805,8,18.0,0.0,0.050769230769230775
2449,-0.5000000000000001,0.0964276613658005,0.9484235347538601,4,15.0,0.0,0.012307692307692308
2450,-1.1102230246251565e-16,0.11125493036802668,0.9484077910211883,4,10.0,0.0,0.019230769230769232
2451,0.5,0.02994608494706788,0.9483999192528568,2,5.0,0.0,0.00576923076923077
2452,0.29999999999999993,0.1011245256892176,0.9483881117228636,3,7.0,0.0,0.01846153846153846
2453,-3.0,0.3144598844272005,0.948356625694892,8,20.0,0.0,0.04615384615384615
2454,-3.7,0.2905870084263009,0.9483251407122413,8,27.0,0.0,0.03461538461538462
2455,-3.0,0.26053788869718636,0.9482936567748768,8,20.0,0.0,0.023076923076923075
2456,0.5,0.15928260030793212,0.9482857859538576,2,5.0,0.0,0.00923076923076923
2457,-1.1999999999999997,0.0860818802169012,0.9482582385947423,7,22.0,0.0,0.07615384615384616
2458,-4.0,0.369353120633812,0.9482267568784959,8,30.0,0.0,0.050769230769230775
2459,0.30000000000000004,0.04987035796374841,0.9482149515043653,3,7.0,0.0,0.013846153846153845
2460,0.19999999999999996,0.142355251948257,0.9482031462772109,3,8.0,0.0,0.02
2461,-3.2,0.16005801702228417,0.9481716663900028,8,22.0,0.0,0.02769230769230769
2462,-3.5,0.20833642680165665,0.9481401875479119,8,25.0,0.0,0.054999999999999986
2463,-2.0,0.2952448307795751,0.9481205138023132,5,10.0,1.0,0.05
2464,0.8,0.00012741432870821967,0.948116579102181,1,2.0,0.0,0.0038461538461538464
2465,0.5,0.06195510374204882,0.9481087097509034,2,5.0,0.0,0.006153846153846154
2466,0.7,0.004948755343105682,0.948104775099758,1,3.0,0.0,0.0026923076923076926
2467,-2.4000000000000004,0.05397271880606898,0.9480772329989426,7,34.0,0.0,0.03076923076923077
2468,-2.8,0.30583268190337476,0.9480457572919947,8,18.0,0.0,0.04
2469,-2.4000000000000004,0.30567290399311436,0.9480221511975526,6,14.0,1.0,0.049999999999999996
2470,-2.0,0.1303893515624507,0.9479946114969315,7,30.0,0.0,0.051923076923076926
2471,-3.6,0.2793229055866149,0.9479631385329775,8,26.0,0.0,0.02076923076923077
2472,0.6,0.0007074110746643214,0.9479592044859526,1,4.0,0.0,0.005384615384615385
2473,-3.9000000000000004,0.26094024294210905,0.9479277326974943,8,29.0,0.0,0.07499999999999998
2474,0.5,0.027262541073927754,0.9479198649136387,2,5.0,0.0,0.003461538461538461
2475,0.10000000000000009,0.022798141836977166,0.9479080633602971,3,9.0,0.0,0.00923076923076923
2476,0.09999999999999998,0.10366556326207733,0.9478962619538842,3,9.0,0.0,0.026923076923076925
2477,-3.5,0.21657353334387092,0.9478647922550877,8,25.0,0.0,0.013846153846153845
2478,-3.5999999999999996,0.2307943275837654,0.94783332360107,8,26.0,0.0,0.04615384615384615
2479,-0.4999999999999999,0.09676652629540551,0.9478097227961719,6,15.0,0.0,0.03115384615384615
2480,-4.800000000000001,0.18894142373914388,0.9477782559704339,8,38.0,0.0,0.04230769230769231
2481,-0.6,0.11296439796132135,0.9477546565367055,6,16.0,0.0,0.03115384615384615
2482,0.4,0.06710703492965345,0.9477428570401998,3,6.0,0.0,0.015384615384615385
2483,0.30000000000000004,0.057720058594041196,0.9477349907908088,2,7.0,0.0,0.012692307692307694
2484,0.0,0.13899418056293747,0.9477231915391406,3,10.0,0.0,0.02153846153846154
2485,0.8,0.0011644626743445574,0.9477192584878957,1,2.0,0.0,0.0038461538461538464
2486,0.5,0.02823756891721535,0.9477074594320938,3,5.0,0.0,0.00923076923076923
2487,0.4,0.04850371326947881,0.9476956605231895,3,6.0,0.0,0.019230769230769232
2488,-3.4999999999999996,0.35326504618876486,0.9476641974842637,8,25.0,0.0,0.04653846153846154
2489,0.29999999999999993,0.0019527501786352208,0.9476563318877458,2,7.0,0.0,0.008461538461538461
2490,-0.9000000000000002,0.09185260852951638,0.9476327354898957,6,19.0,0.0,0.02423076923076923
2491,-1.3,0.10554790934426232,0.9476052071016601,7,23.0,0.0,0.024615384615384612
2492,-0.7,0.1612398468280195,0.9475855444568134,5,17.0,0.0,0.0376923076923077
2493,-0.09999999999999998,0.15395860951210263,0.9475698146346939,4,11.0,0.0,0.01730769230769231
2494,-0.9999999999999998,0.10036547237904254,0.947538355773791,8,20.0,0.0,0.038461538461538464
2495,-0.3999999999999999,0.06897428322366304,0.947522626734999,4,14.0,0.0,0.021153846153846155
2496,-2.9,0.2689659105723603,0.9474911694407115,8,19.0,0.0,0.03076923076923077
2497,-3.3,0.33417884589012714,0.9474597131907913,8,23.0,0.0,0.05000000000000001
2498,0.7,0.009408524630285409,0.9474518492914895,2,3.0,0.0,0.017307692307692305
2499,-3.3000000000000003,0.28191026588924634,0.947420394346979,8,23.0,0.0,0.02307692307692308
2500,-3.4,0.2347276509108587,0.9473889404467575,8,24.0,0.0,0.03807692307692308
2501,0.3,0.08074566806501904,0.9473810771348682,2,7.0,0.0,0.007692307692307693
2502,-0.5999999999999999,0.08247682341568541,0.94736141914068,5,16.0,0.0,0.04
2503,-3.2,0.29620797191853826,0.9473299671984069,8,22.0,0.0,0.04230769230769231
2504,-0.4,0.0716343415829278,0.9473142416188436,4,14.0,0.0,0.016153846153846154
2505,-0.8,0.15140178232377433,0.9472867224827399,7,18.0,0.0,0.045
2506,-2.6999999999999997,0.3484707800496084,0.9472552730203598,8,17.0,0.0,0.05538461538461538
2507,0.7,0.0006685034655576905,0.9472513419109768,1,3.0,0.0,0.004615384615384615
2508,0.6000000000000001,0.028583460606001698,0.947243479741153,2,4.0,0.0,0.006923076923076922
2509,0.6,0.0038176112646814975,0.947239548680712,1,4.0,0.0,0.003076923076923077
2510,-3.7,0.17594685068957366,0.9472081007844796,8,27.0,0.0,0.04230769230769231
2511,-3.0,0.2831107286440308,0.9471766539323021,8,20.0,0.0,0.01269230769230769
2512,-1.0,0.1122035569639433,0.947145208124145,8,20.0,0.0,0.026923076923076925
2513,0.8,0.0010480164069101017,0.9471412774715313,1,2.0,0.0,0.004615384615384615
2514,0.19999999999999996,0.07669400224239908,0.9471334162152405,2,8.0,0.0,0.016153846153846154
2515,-3.9999999999999996,0.20941712775089802,0.9471019718425547,8,30.0,0.0,0.033846153846153845
2516,0.8,0.0009432147662190582,0.9470980413693716,1,2.0,0.0,0.007692307692307693
2517,-0.6,0.02919223114867763,0.9470823196397531,4,16.0,0.0,0.019230769230769232
2518,-3.8999999999999995,0.23618013251005252,0.947050876963449,8,29.0,0.0,0.03076923076923077
2519,0.0,0.1376741028587672,0.9470351560167547,4,10.0,0.0,0.019230769230769232
2520,-0.7,0.1289481849632016,0.9470155052003698,5,17.0,0.0,0.02769230769230769
2521,0.8,0.006284133769023148,0.9470115750860233,1,2.0,0.0,0.0026923076923076926
2522,-0.19999999999999996,0.0919813287242534,0.9469997848408431,3,12.0,0.0,0.013461538461538462
2523,0.8,0.0009432147662190582,0.9469958547917361,1,2.0,0.0,0.0038461538461538464
2524,0.49999999999999994,0.08654620162257706,0.946987994742451,2,5.0,0.0,0.00576923076923077
2525,-3.7,0.30007759559172376,0.946956555197688,8,27.0,0.0,0.04230769230769231
2526,-0.20000000000000007,0.06885430285318193,0.9469447656375025,3,12.0,0.0,0.016923076923076923
2527,-2.9000000000000004,0.3030384958203344,0.946913327527925,8,19.0,0.0,0.050769230769230775
2528,-3.2,0.3048987408536191,0.9468818904620774,8,22.0,0.0,0.06346153846153846
2529,-1.1,0.07333010166224212,0.9468543838856184,7,21.0,0.0,0.04307692307692308
2530,-3.3,0.25629867140220197,0.9468229487766714,8,23.0,0.0,0.01846153846153846
2531,0.09999999999999998,0.1381120031109868,0.9468033023635503,5,9.0,0.0,0.02769230769230769
2532,-3.6000000000000005,0.27931973990790715,0.9467718689504852,8,26.0,0.0,0.02692307692307693
2533,-1.1102230246251565e-16,0.14480955342315885,0.9467561526352951,4,10.0,0.0,0.021153846153846155
2534,-0.40000000000000013,0.12462957629394676,0.9467404365809944,4,14.0,0.0,0.02076923076923077
2535,-2.8000000000000003,0.2691567618279908,0.9467090052550429,8,18.0,0.0,0.07
2536,-2.5999999999999996,0.21870006969641553,0.9466775749725963,8,16.0,0.0,0.057692307692307696
2537,-1.5,0.12197102460519413,0.9466500743314283,7,25.0,0.0,0.03076923076923077
2538,-0.20000000000000007,0.06196979009113357,0.9466304315054221,5,12.0,0.0,0.02307692307692308
2539,-2.8,0.21313277107832862,0.9465990038315859,8,18.0,0.0,0.027692307692307697
2540,-3.0,0.2666577470806363,0.9465675772011334,8,20.0,0.0,0.06923076923076922
2541,-2.8000000000000003,0.21983863960317096,0.9465361516140298,8,18.0,0.0,0.04153846153846154
2542,-3.1,0.1392830607900706,0.9465047270702407,8,21.0,0.0,0.05076923076923076
2543,-0.7000000000000001,0.0831593377600917,0.9464850872601651,5,17.0,0.0,0.032692307692307694
2544,-3.3000000000000003,0.2835047601199727,0.9464536644116879,8,23.0,0.0,0.04230769230769231
2545,-0.10000000000000009,0.08750787959384942,0.9464379533786602,4,11.0,0.0,0.01846153846153846
2546,-1.2000000000000002,0.0820079515406796,0.9464065320950051,8,22.0,0.0,0.05192307692307692
2547,-0.3999999999999999,0.09798490956792572,0.9463829668168471,6,14.0,0.0,0.015384615384615385
2548,-3.3000000000000003,0.3121752989657316,0.9463515473587195,8,23.0,0.0,0.03807692307692308
2549,-0.30000000000000004,0.07442206249539808,0.9463319107270967,5,13.0,0.0,0.03692307692307692
2550,0.7,0.00445387980879508,0.9463279834496672,1,3.0,0.0,0.004230769230769231
2551,-0.09999999999999987,0.04738022188042073,0.9463162017151676,3,11.0,0.0,0.00923076923076923
2552,-2.9000000000000004,0.31023557593398426,0.9462847844736091,8,19.0,0.0,0.05076923076923076
2553,0.19999999999999996,0.139026501479705,0.9462730032769344,3,8.0,0.0,0.00923076923076923
2554,-4.0,0.3241299595590071,0.946241587469543,8,30.0,0.0,0.012307692307692308
2555,0.10000000000000009,0.09165338706021817,0.9462258799569707,4,9.0,0.0,0.012307692307692308
2556,-3.8,0.2805256483869302,0.946194465714051,8,28.0,0.0,0.030000000000000002
2557,-0.5999999999999999,0.07872237341322312,0.946170905716291,6,16.0,0.0,0.05192307692307692
2558,-4.3,0.2045788441740961,0.9461394932984896,8,33.0,0.0,0.03461538461538462
2559,-0.09999999999999998,0.059198182724851306,0.9461277139106827,3,11.0,0.0,0.01846153846153846
2560,0.9,0.001061116611996371,0.94612378748067,1,1.0,0.0,0.005384615384615385
2561,-3.1999999999999997,0.2502856356331311,0.9460923766271712,8,22.0,0.0,0.05384615384615385
2562,0.09999999999999998,0.030949096889679062,0.9460845240767393,2,9.0,0.0,0.010384615384615384
2563,-0.7999999999999997,0.1641082249173785,0.9460531145267665,8,18.0,0.0,0.046538461538461535
2564,-3.6999999999999997,0.25155221013611395,0.9460217060195758,8,27.0,0.0,0.03461538461538462
2565,-3.5,0.294839916376468,0.9459902985551325,8,25.0,0.0,0.03807692307692308
2566,0.8,0.005655720392120811,0.9459863726953935,1,2.0,0.0,0.004615384615384615
2567,-1.4999999999999998,0.10053742201153473,0.9459588921334017,7,25.0,0.0,0.02153846153846154
2568,-0.3999999999999999,0.05527691255869408,0.9459431893135427,4,14.0,0.0,0.036538461538461534
2569,-0.09999999999999998,0.021788473988427204,0.9459314123697102,3,11.0,0.0,0.012692307692307694
2570,0.10000000000000009,0.07559429054569873,0.9459196355725001,3,9.0,0.0,0.02
2571,-2.7,0.21490880745206167,0.9458921569491976,7,17.0,1.0,0.050769230769230775
2572,-3.8,0.20070679331756808,0.9458607537857209,8,28.0,0.0,0.06461538461538462
2573,0.8,0.00029599078802799994,0.9458568284635926,1,2.0,0.0,0.007692307692307693
2574,0.39999999999999997,0.042767687859748604,0.9458489778682064,2,6.0,0.0,0.004615384615384615
2575,0.10000000000000003,0.07163949907125282,0.9458411273379801,2,9.0,0.0,0.01
2576,-3.3,0.2562755742813092,0.945809725868662,8,23.0,0.0,0.06153846153846154
2577,-1.4000000000000001,0.10794539280059816,0.9457783254418574,8,24.0,0.0,0.05500000000000001
2578,-1.1999999999999997,0.05008854761339237,0.9457508509235631,7,22.0,0.0,0.05538461538461538
2579,-0.40000000000000024,0.07818372289513903,0.9457273019716969,6,14.0,0.0,0.015384615384615385
2580,-0.5000000000000002,0.06137457619534567,0.9457116029962107,4,15.0,0.0,0.013846153846153845
2581,-0.20000000000000007,0.03257883850036364,0.9456959042813258,4,12.0,0.0,0.04153846153846153
2582,-0.30000000000000004,0.08321443009204753,0.9456762812541839,5,13.0,0.0,0.0376923076923077
2583,0.6,0.07888615375951791,0.9456684321573364,2,4.0,0.0,0.010384615384615384
2584,-0.10000000000000009,0.10262449742196696,0.9456566586342163,3,11.0,0.0,0.006153846153846154
2585,-0.30000000000000004,0.11020503679399399,0.9456409608314021,4,13.0,0.0,0.019230769230769232
2586,-3.0,0.33232761398206073,0.9456095660075154,8,20.0,0.0,0.03230769230769231
2587,0.7000000000000001,0.007071590609585454,0.9456017174644035,2,3.0,0.0,0.00923076923076923
2588,-0.09999999999999987,0.1302847120428675,0.9455820963916217,5,11.0,0.0,0.025384615384615387
2589,-0.7,0.10344396717020118,0.9455624757259737,5,17.0,0.0,0.018461538461538463
2590,0.09999999999999998,0.028388186110494915,0.9455546275737101,2,9.0,0.0,0.010384615384615384
2591,0.8,7.523688695898478e-05,0.9455507035220057,1,2.0,0.0,0.005384615384615385
2592,0.0,0.10759983911812121,0.945538931464601,3,10.0,0.0,0.01846153846153846
2593,0.5,0.0004297522278585153,0.9455350074780354,1,5.0,0.0,0.008461538461538461
2594,-3.0,0.3265436542933842,0.9455036161717489,8,20.0,0.0,0.03461538461538461
2595,-1.2999999999999998,0.12084302887636789,0.9454761496336596,7,23.0,0.0,0.05384615384615385
2596,-3.4,0.2042284173124457,0.945444760281425,8,24.0,0.0,0.057692307692307696
2597,0.8,0.0008488932895971413,0.9454408366856698,1,2.0,0.0,0.008461538461538461
2598,-0.09999999999999987,0.03287511049110376,0.9454290659961017,3,11.0,0.0,0.015384615384615385
2599,-0.30000000000000004,0.0968460952547586,0.9454133719713018,4,13.0,0.0,0.03230769230769231
2600,-0.5000000000000002,0.08498932114460592,0.9453937548066565,5,15.0,0.0,0.015384615384615385
2601,0.5,0.03998141507898914,0.9453859080547737,2,5.0,0.0,0.005384615384615385
2602,-1.1102230246251565e-16,0.10249116440681925,0.9453702147463913,4,10.0,0.0,0.011538461538461537
2603,-0.7,0.10836566967977775,0.945342752083565,7,17.0,0.0,0.060000000000000005
2604,-3.7,0.2731795521229079,0.9453113671600647,8,27.0,0.0,0.021153846153846155
2605,-2.7,0.28574017534061597,0.9452799832785289,8,17.0,0.0,0.02153846153846154
2606,-0.30000000000000004,0.09609161163144835,0.9452642917284867,4,13.0,0.0,0.013461538461538462
2607,-0.19999999999999996,0.10881934639170492,0.9452407548918186,6,12.0,0.0,0.01884615384615385
2608,0.6,0.0020288351481135836,0.9452368321426858,1,4.0,0.0,0.005769230769230769
2609,-2.8,0.22310639839386615,0.9452054507356767,8,18.0,0.0,0.004615384615384615
2610,0.39999999999999997,0.005050549767374984,0.9451976055467145,2,6.0,0.0,0.012692307692307694
2611,0.9,0.0009550049507967007,0.9451936829766515,1,1.0,0.0,0.003076923076923077
2612,0.7,0.00043860512375237803,0.9451897604228672,1,3.0,0.0,0.004230769230769231
2613,-3.5,0.29562219597577843,0.9451583805786165,8,25.0,0.0,0.04615384615384616
2614,-3.3,0.34331796081234855,0.9451270017761613,8,23.0,0.0,0.060000000000000005
2615,0.7,0.00445387980879508,0.9451230794991039,1,3.0,0.0,0.0023076923076923075
2616,0.4,0.19421282627701053,0.9451152349938214,2,6.0,0.0,0.010384615384615384
2617,-0.7,0.06434786313463982,0.9450917018686275,6,17.0,0.0,0.04038461538461538
2618,-3.3,0.27552469570218097,0.9450603252798734,8,23.0,0.0,0.03807692307692308
2619,-1.2000000000000002,0.05424510335890659,0.9450328716192241,7,22.0,0.0,0.030769230769230767
2620,0.6,0.002783038611952837,0.9450289497328069,1,4.0,0.0,0.005
2621,-1.9000000000000006,0.11201782391657363,0.9449975752273934,8,29.0,0.0,0.03076923076923077
2622,-0.40000000000000013,0.08640144251924302,0.9449818883652957,4,14.0,0.0,0.021153846153846155
2623,-3.5999999999999996,0.290099034773566,0.944950515422297,8,26.0,0.0,0.04230769230769231
2624,-1.2,0.13746200007391204,0.9449309078618454,5,22.0,0.0,0.02076923076923077
2625,-3.0,0.23356622965031304,0.9448995366113747,8,20.0,0.0,0.029615384615384616
2626,-0.8999999999999999,0.07177435223738311,0.9448760088570148,6,19.0,0.0,0.016153846153846154
2627,0.8,0.0014376082399315537,0.9448720876215781,1,2.0,0.0,0.004615384615384615
2628,-3.0,0.18096662789750093,0.9448407183239113,8,20.0,0.0,0.038461538461538464
2629,-0.40000000000000013,0.09133299678981764,0.9448211130417306,5,14.0,0.0,0.04923076923076923
2630,-0.20000000000000007,0.04383586945878572,0.9448054291088869,4,12.0,0.0,0.016923076923076923
2631,0.49999999999999994,0.07824759430293637,0.9447975872400972,2,5.0,0.0,0.010384615384615384
2632,0.29999999999999993,0.013718838752929702,0.9447897454363949,2,7.0,0.0,0.004615384615384615
2633,-0.5999999999999999,0.07794959288201644,0.9447662204158072,6,16.0,0.0,0.016153846153846154
2634,-0.09999999999999987,0.06207211256004087,0.9447505373941755,4,11.0,0.0,0.02769230769230769
2635,-3.1,0.2328024527905844,0.9447191721319171,8,21.0,0.0,0.08653846153846154
2636,0.09999999999999998,0.025603746085650424,0.9447074104270353,3,9.0,0.0,0.015384615384615385
2637,-0.9000000000000001,0.09304519349183935,0.9446799670184349,7,19.0,0.0,0.045
2638,-2.6,0.3060194637823763,0.9446486040990794,8,16.0,0.0,0.03230769230769231
2639,-3.2,0.31122346775967263,0.9446172422209574,8,22.0,0.0,0.04615384615384616
2640,-0.7999999999999998,0.1232917422645104,0.944593721495655,6,18.0,0.0,0.023076923076923075
2641,0.8,0.0011644626743445574,0.9445898014317108,1,2.0,0.0,0.005384615384615385
2642,-0.9999999999999999,0.10984110630089634,0.9445702013560126,5,20.0,0.0,0.03461538461538462
2643,0.2,0.029943947802171716,0.9445623614396091,2,8.0,0.0,0.00923076923076923
2644,-3.5999999999999996,0.3090534947475631,0.944531002424702,8,26.0,0.0,0.03230769230769231
2645,-3.0,0.30196432195879386,0.944499644450899,8,20.0,0.0,0.05538461538461538
2646,0.20000000000000007,0.08445183816493636,0.9444839658544009,4,8.0,0.0,0.019230769230769232
2647,-0.5,0.22214172139270422,0.9444682875181657,4,15.0,0.0,0.023076923076923075
2648,-2.7,0.25787873295427866,0.9444369316264674,8,17.0,0.0,0.033846153846153845
2649,0.7,0.002366974339465866,0.9444330122132011,1,3.0,0.0,0.005769230769230769
2650,0.8,0.00014157147634241696,0.9444290928162005,1,2.0,0.0,0.004230769230769231
2651,0.20000000000000007,0.15351019602026741,0.9444094960751781,5,8.0,0.0,0.035
2652,-0.10000000000000009,0.05806057285876796,0.9443898997407849,5,11.0,0.0,0.02692307692307692
2653,-3.0999999999999996,0.19970159348683403,0.944358546451523,8,21.0,0.0,0.045
2654,0.29999999999999993,0.046525118690544986,0.9443467892364124,3,7.0,0.0,0.015384615384615385
2655,-3.6,0.2442438824701517,0.9443154373783985,8,26.0,0.0,0.02769230769230769
2656,-0.9000000000000001,0.10140916511995736,0.9442880053564733,7,19.0,0.0,0.03807692307692308
2657,-0.4,0.10687068065072286,0.9442723302731622,4,14.0,0.0,0.015384615384615385
2658,-3.0999999999999996,0.35154479300326663,0.9442409808871498,8,21.0,0.0,0.050769230769230775
2659,0.3,0.05528951556355413,0.9442331437032707,2,7.0,0.0,0.016153846153846154
2660,-0.09999999999999998,0.05284929386740409,0.9442213880494177,3,11.0,0.0,0.00923076923076923
2661,0.9,0.0008595044557170306,0.9442174695306573,1,1.0,0.0,0.008461538461538461
2662,0.8,0.0006188432081163375,0.9442135510281588,1,2.0,0.0,0.006153846153846154
2663,0.29999999999999993,0.08600920071081558,0.9442057140719471,2,7.0,0.0,0.006153846153846154
2664,-2.0999999999999996,0.11251742683138621,0.9441743668975606,8,31.0,0.0,0.03115384615384615
2665,-3.1999999999999997,0.28850925034957436,0.9441430207638852,8,22.0,0.0,0.030000000000000002
2666,-4.200000000000001,0.2734817797676077,0.9441116756708864,8,32.0,0.0,0.05538461538461538
2667,-2.5999999999999996,0.2807447099393768,0.9440803316185294,8,16.0,0.0,0.02769230769230769
2668,-0.09999999999999998,0.09262991281364875,0.9440685778671791,3,11.0,0.0,0.008076923076923077
2669,0.7,0.002366974339465866,0.944064659982581,1,3.0,0.0,0.0038461538461538464
2670,0.8,0.005090148352908774,0.9440607421142422,1,2.0,0.0,0.006153846153846154
2671,0.6,0.002254261275681735,0.9440568242621624,1,4.0,0.0,0.005
2672,0.7,4.799172926883699e-05,0.9440529064263418,1,3.0,0.0,0.0023076923076923075
2673,0.19999999999999996,0.13613664078521717,0.9440372352456486,4,8.0,0.0,0.025384615384615387
2674,0.6000000000000001,0.11373058279423767,0.9440293997528548,2,4.0,0.0,0.00923076923076923
2675,-3.7,0.2906172638420425,0.9439980584320188,8,27.0,0.0,0.05538461538461538
2676,0.29999999999999993,0.08372861348951348,0.9439902232643917,2,7.0,0.0,0.007692307692307693
2677,-0.3999999999999999,0.10796732411241869,0.9439745531242326,4,14.0,0.0,0.019230769230769232
2678,-2.5999999999999996,0.2657817125495041,0.943943213624278,8,16.0,0.0,0.04615384615384615
2679,0.10000000000000009,0.07460253543150219,0.943927544264474,4,9.0,0.0,0.02769230769230769
2680,0.6000000000000001,0.034718786162395154,0.9439197096821134,2,4.0,0.0,0.006923076923076922
2681,0.4,0.07058734058355881,0.9439079579304978,3,6.0,0.0,0.02153846153846154
2682,-0.3999999999999999,0.1172474316144926,0.9438805377457034,7,14.0,0.0,0.013846153846153845
2683,-1.9000000000000001,0.09750413949317131,0.9438570353641519,6,29.0,0.0,0.016153846153846154
2684,-3.3999999999999995,0.30026163248915616,0.9438256997657304,8,24.0,0.0,0.06346153846153844
2685,0.8,0.00021577728447241817,0.9438217828890764,1,2.0,0.0,0.007692307692307693
2686,-3.4000000000000004,0.2304345031348471,0.9437904484610199,8,24.0,0.0,0.04615384615384616
2687,-0.20000000000000007,0.1569858462837938,0.9437747816371018,4,12.0,0.0,0.021153846153846155
2688,-1.2,0.06331771652537628,0.9437512818888503,6,22.0,0.0,0.03769230769230769
2689,-2.1000000000000005,0.0727161211069283,0.943723866255438,7,31.0,0.0,0.04153846153846154
2690,0.0,0.03489899771212548,0.943712116942063,3,10.0,0.0,0.013846153846153845
2691,0.30000000000000004,0.028181516965724518,0.9437042841477455,2,7.0,0.0,0.006923076923076922
2692,0.10000000000000009,0.08817471975022027,0.9436925350781666,3,9.0,0.0,0.02
2693,-0.9999999999999998,0.10348924855740466,0.9436690373778331,6,20.0,0.0,0.0376923076923077
2694,0.09999999999999998,0.09442862873586702,0.9436533725693265,4,9.0,0.0,0.015384615384615385
2695,0.20000000000000007,0.13352268801327138,0.9436416241335941,3,8.0,0.0,0.02307692307692308
2696,-4.1,0.29368595803872033,0.9436102956867215,8,31.0,0.0,0.016923076923076923
2697,-0.5,0.09013705120194604,0.9435946318533208,4,15.0,0.0,0.011538461538461537
2698,-0.7000000000000001,0.1128919171029217,0.9435711365907524,6,17.0,0.0,0.01846153846153846
2699,0.8,0.0005569588873046705,0.9435672207705356,1,2.0,0.0,0.007692307692307693
2700,-1.0,0.1361474967578509,0.9435398104840322,7,20.0,0.0,0.026923076923076925
2701,0.8,0.00015730164038041394,0.9435358947938187,1,2.0,0.0,0.006923076923076922
2702,-3.7,0.31609833293747963,0.9435045698571092,8,27.0,0.0,0.049999999999999996
2703,-3.2,0.22615289053474447,0.9434732459603725,8,22.0,0.0,0.03461538461538461
2704,-1.1,0.15996868416938462,0.9434497537202814,6,21.0,0.0,0.05192307692307692
2705,0.6,0.001479020822974797,0.9434458384038035,1,4.0,0.0,0.003076923076923077
2706,-3.1999999999999997,0.2314779711900904,0.9434145164569226,8,22.0,0.0,0.05500000000000001
2707,-1.2,0.06648191330665586,0.9433910256791809,6,22.0,0.0,0.01846153846153846
2708,-0.20000000000000018,0.16962298870380316,0.943371450477873,5,12.0,0.0,0.019230769230769232
2709,-3.2,0.29081090231881673,0.9433401310006355,8,22.0,0.0,0.057692307692307696
2710,0.20000000000000007,0.025537825204011617,0.9433283864647446,3,8.0,0.0,0.012307692307692308
2711,-3.8000000000000003,0.27756874889736144,0.9432970684172115,8,28.0,0.0,0.029615384615384616
2712,-0.7,0.14347625591765076,0.9432774951655006,5,17.0,0.0,0.03230769230769231
2713,0.7,3.887330070784234e-05,0.9432735805638958,1,3.0,0.0,0.005384615384615385
2714,-3.3999999999999995,0.2575975687498353,0.9432422643358922,8,24.0,0.0,0.01153846153846154
2715,-3.0999999999999996,0.2569165836065601,0.9432109491475724,8,21.0,0.0,0.04230769230769231
2716,0.3,0.002987564364187484,0.9432031205129391,2,7.0,0.0,0.00576923076923077
2717,-0.30000000000000004,0.15941365595762674,0.9431874634386043,4,13.0,0.0,0.01153846153846154
2718,0.6,0.0020288351481135836,0.943183549210631,1,4.0,0.0,0.005
2719,0.8,0.0005012629985742256,0.9431796349989018,1,2.0,0.0,0.006923076923076922
2720,-2.8000000000000003,0.2833709978809713,0.9431483218898457,8,18.0,0.0,0.05384615384615385
2721,0.09999999999999998,0.09794110703685492,0.9431365797419683,3,9.0,0.0,0.013846153846153845
2722,-3.1,0.2625906404606818,0.9431052680623259,8,21.0,0.0,0.04615384615384615
2723,-1.0999999999999999,0.10347826091595602,0.943073957422216,8,21.0,0.0,0.060000000000000005
2724,-3.2,0.3009954513446075,0.9430426478216045,8,22.0,0.0,0.04153846153846154
2725,0.4,0.15737962350472434,0.9430348205838691,2,6.0,0.0,0.004615384615384615
2726,-3.2,0.18841611819565393,0.943003512282582,8,22.0,0.0,0.03461538461538462
2727,-4.0,0.2419907333627474,0.9429722050207152,8,30.0,0.0,0.03076923076923077
2728,-0.19999999999999996,0.08727390072277455,0.942952638509864,5,12.0,0.0,0.04
2729,0.0,0.07464948423956407,0.9429369855935045,4,10.0,0.0,0.01730769230769231
2730,0.7,0.00028776882169390117,0.9429330724050142,1,3.0,0.0,0.0026923076923076926
2731,0.49999999999999994,0.020294296996518663,0.942925246076753,2,5.0,0.0,0.01
2732,0.09999999999999987,0.05673159583567957,0.9429135067061579,3,9.0,0.0,0.023076923076923075
2733,-2.5999999999999996,0.2921423586111019,0.9428822024324327,8,16.0,0.0,0.033846153846153845
2734,0.0,0.06170609909884674,0.9428665506853048,4,10.0,0.0,0.01730769230769231
2735,-1.6,0.5350927240932059,0.9428548120454643,3,6.0,1.0,0.043846153846153854
2736,0.8,0.004581133517617908,0.9428508991979944,1,2.0,0.0,0.003076923076923077
2737,0.39999999999999997,0.020574166134238264,0.9428430735517692,2,6.0,0.0,0.006153846153846154
2738,-3.7,0.2564740188461544,0.942811771616391,8,27.0,0.0,0.03807692307692308
2739,-0.6,0.036529725346440986,0.9427922084345052,5,16.0,0.0,0.011538461538461537
2740,-2.9,0.2379449464808945,0.9427609081878241,8,19.0,0.0,0.024230769230769236
2741,-3.2,0.2698195573848576,0.9427296089802961,8,22.0,0.0,0.06923076923076922
2742,0.7,0.09327187822089789,0.9427217843407778,2,3.0,0.0,0.00923076923076923
2743,-0.8,0.16994500643616314,0.9426943986138969,7,18.0,0.0,0.02769230769230769
2744,-0.4,0.1016996932517829,0.9426709257669036,6,14.0,0.0,0.04615384615384616
2745,0.20000000000000007,0.10844961967290702,0.9426631016144549,2,8.0,0.0,0.008461538461538461
2746,0.6000000000000001,0.06783042922875787,0.9426552775269466,2,4.0,0.0,0.016153846153846154
2747,0.4,0.03585704578048132,0.942647453504378,2,6.0,0.0,0.006923076923076922
2748,0.6,0.09753658968051987,0.9426396295467486,2,4.0,0.0,0.01153846153846154
2749,0.3,0.0448294328639767,0.942631805654058,2,7.0,0.0,0.00923076923076923
2750,-3.7,0.22012048463726555,0.942600510732672,8,27.0,0.0,0.03461538461538462
2751,0.8,0.0004060230288450706,0.9425965989405525,1,2.0,0.0,0.005384615384615385
2752,0.8,0.0008488932895971413,0.9425926871646669,1,2.0,0.0,0.0026923076923076926
2753,-3.3000000000000003,0.22156363477650404,0.9425613935419959,8,23.0,0.0,0.03461538461538461
2754,0.7,0.0036076426451239207,0.9425574819122127,1,3.0,0.0,0.006153846153846154
2755,-1.4,0.1995176504660776,0.9425301009582578,7,24.0,0.0,0.033846153846153845
2756,-1.6,0.10310664212036325,0.9424988094134186,8,26.0,0.0,0.08884615384615385
2757,-3.0,0.16347411782549673,0.9424675189074437,8,20.0,0.0,0.06461538461538462
2758,-3.5,0.24876160101801337,0.9424362294402984,8,25.0,0.0,0.03461538461538461
2759,0.8,0.00012741432870821967,0.9424323183299462,1,2.0,0.0,0.007692307692307693
2760,-0.9000000000000001,0.20140916649688048,0.9424049410119484,7,19.0,0.0,0.03461538461538462
2761,-1.8999999999999997,0.14285422266334413,0.942373653622359,8,29.0,0.0,0.04615384615384615
2762,-0.5000000000000001,0.14631358789814772,0.9423540995313461,5,15.0,0.0,0.030000000000000002
2763,-3.2,0.2764388144144329,0.9423228138296694,8,22.0,0.0,0.05076923076923076
2764,-0.09999999999999998,0.017250677514258753,0.9423071713683345,4,11.0,0.0,0.025
2765,0.8,0.00017477960042266982,0.9423032607935734,1,2.0,0.0,0.0026923076923076926
2766,-3.2,0.22801981808519037,0.9422719767797183,8,22.0,0.0,0.046538461538461535
2767,0.8,3.998396644233626e-05,0.9422680663510147,1,2.0,0.0,0.008461538461538461
2768,-4.2,0.2370850942922872,0.9422367835055981,8,32.0,0.0,0.04
2769,0.10000000000000009,0.07885924311604262,0.9422250527063264,3,9.0,0.0,0.016923076923076923
2770,0.6,0.00017981440372716317,0.9422211424723577,1,4.0,0.0,0.004230769230769231
2771,-1.6000000000000003,0.1734444020111675,0.9421898611847913,8,26.0,0.0,0.03807692307692307
2772,-3.6000000000000005,0.35546045523422665,0.9421585809357484,8,26.0,0.0,0.061538461538461535
2773,-3.7,0.3036405088003776,0.9421273017251949,8,27.0,0.0,0.046538461538461535
2774,-2.8999999999999995,0.28509000834121734,0.9420960235530961,8,19.0,0.0,0.05500000000000001
2775,-0.5000000000000001,0.10110399437217228,0.9420764752228593,5,15.0,0.0,0.015384615384615385
2776,-0.6999999999999998,0.08998023637497751,0.942056927298247,5,17.0,0.0,0.011538461538461537
2777,0.7,0.001917249214967276,0.9420530177619987,1,3.0,0.0,0.0019230769230769232
2778,-0.5,0.08616737986753648,0.9420295608852228,6,15.0,0.0,0.013846153846153845
2779,0.39999999999999997,0.018535358909636535,0.9420217420560916,2,6.0,0.0,0.006153846153846154
2780,-1.9000000000000001,0.1073919645715312,0.9419904673885229,8,29.0,0.0,0.060000000000000005
2781,0.29999999999999993,0.07555236866472143,0.941982648883867,2,7.0,0.0,0.006153846153846154
2782,0.4,0.0004716073831095291,0.9419787396558741,1,6.0,0.0,0.003461538461538461
2783,-3.4000000000000004,0.24167250685657454,0.9419474664159644,8,24.0,0.0,0.04230769230769231
2784,-3.3,0.2821242222042889,0.9419161942143112,8,23.0,0.0,0.019230769230769232
2785,0.2,0.02430128685068693,0.9419083763261215,2,8.0,0.0,0.01153846153846154
2786,-1.2000000000000004,0.16685719718252723,0.9418771054222402,8,22.0,0.0,0.026923076923076925
2787,-4.0,0.36286073538043273,0.941845835556538,8,30.0,0.0,0.038461538461538464
2788,-1.3,0.08644331838148878,0.9418223838385456,6,23.0,0.0,0.02769230769230769
2789,0.7,2.8338636215985424e-05,0.9418184752756527,1,3.0,0.0,0.003461538461538461
2790,-0.29999999999999993,0.1569804349310155,0.9417989327044948,5,13.0,0.0,0.013461538461538462
2791,-0.19999999999999996,0.04663531393436797,0.9417793905388419,5,12.0,0.0,0.02769230769230769
2792,0.49999999999999994,0.04159337089060808,0.9417715737861202,2,5.0,0.0,0.012692307692307694
2793,-0.4999999999999998,0.06234736512736475,0.9417520321881602,5,15.0,0.0,0.016153846153846154
2794,-0.9999999999999998,0.09431016795439334,0.941720766474829,8,20.0,0.0,0.046538461538461535
2795,0.6,0.001643356469972046,0.9417168583336482,1,4.0,0.0,0.006538461538461539
2796,-3.2,0.18639556750036804,0.9416855937880719,8,22.0,0.0,0.05923076923076923
2797,-0.9,0.09522958503214081,0.9416621460600579,6,19.0,0.0,0.02423076923076923
2798,0.0,0.10801484458279569,0.9416504224149927,3,10.0,0.0,0.012692307692307694
2799,0.7000000000000001,0.0058783702023735285,0.9416426067327044,2,3.0,0.0,0.012692307692307694
2800,-3.0999999999999996,0.17493726629556877,0.9416113446522455,8,21.0,0.0,0.05500000000000001
2801,-3.5,0.2863822009198609,0.9415800836096727,8,25.0,0.0,0.02076923076923077
2802,-3.6,0.35420752042643755,0.9415488236049516,8,26.0,0.0,0.02538461538461539
2803,0.2,0.024575176033324625,0.9415410087659316,2,8.0,0.0,0.017307692307692305
2804,0.6,0.00013108470031708563,0.9415371013707452,1,4.0,0.0,0.004230769230769231
2805,-0.3999999999999999,0.049083523229269496,0.9415175646380474,5,14.0,0.0,0.02769230769230769
2806,0.20000000000000007,0.1455117911746755,0.9415058427930134,3,8.0,0.0,0.023076923076923075
2807,0.2,0.031121559066613375,0.9414980283107334,2,8.0,0.0,0.01846153846153846
2808,-1.5,0.06559593837788795,0.9414745852530516,6,25.0,0.0,0.035
2809,-0.4,0.09879472288211569,0.9414550498175525,5,14.0,0.0,0.02423076923076923
2810,-2.1000000000000005,0.08117189351024605,0.9414277008888513,7,31.0,0.0,0.04038461538461539
2811,0.29999999999999993,0.06815785227808956,0.9414198870551477,2,7.0,0.0,0.006153846153846154
2812,-0.09999999999999998,0.04381974949343842,0.941404259582304,4,11.0,0.0,0.013461538461538462
2813,0.0,0.09668698609703029,0.9413925391479122,3,10.0,0.0,0.021153846153846155
2814,0.8,0.002434602177736389,0.9413886323688747,1,2.0,0.0,0.006923076923076922
2815,0.39999999999999997,0.0161473338506819,0.9413808188594391,2,6.0,0.0,0.01
2816,-3.5,0.25921192066233983,0.9413495654702114,8,25.0,0.0,0.015384615384615384
2817,-0.19999999999999996,0.048401688536876056,0.9413339391646988,4,12.0,0.0,0.019230769230769232
2818,0.6,0.0009703855619538349,0.9413300326288513,1,4.0,0.0,0.004615384615384615
2819,-3.5,0.30184737512795046,0.941298780925702,8,25.0,0.0,0.01846153846153846
2820,-2.0,0.4201519144942618,0.9412792491381123,5,10.0,1.0,0.05
2821,-3.0,0.2857801848456547,0.9412479991209504,8,20.0,0.0,0.055
2822,0.10000000000000009,0.07821479667158068,0.9412362806319932,3,9.0,0.0,0.015384615384615385
2823,0.9,0.0005639208733959622,0.9412323745014286,1,1.0,0.0,0.00923076923076923
2824,-0.3999999999999999,0.1167144868942173,0.9412128440917609,5,14.0,0.0,0.030000000000000002
2825,-0.10000000000000009,0.02929566633188412,0.9412011260404821,3,11.0,0.0,0.010384615384615384
2826,0.09999999999999998,0.015972946916931696,0.9411894081350924,3,9.0,0.0,0.02
2827,-0.2999999999999998,0.10399652621533044,0.9411698786169694,5,13.0,0.0,0.026923076923076925
2828,0.5,0.0007277891714653206,0.9411659727619732,1,5.0,0.0,0.006923076923076922
2829,0.39999999999999997,0.06131450896564192,0.9411581611006086,2,6.0,0.0,0.01153846153846154
2830,-1.0,0.03519901813378517,0.9411386322308563,5,20.0,0.0,0.025384615384615387
2831,-3.5999999999999996,0.2637458353735382,0.9411073868821078,8,26.0,0.0,0.02692307692307693
2832,-0.09999999999999987,0.13909932470151934,0.9410917645967347,4,11.0,0.0,0.016923076923076923
2833,-0.30000000000000016,0.06688654552746245,0.9410722371046982,5,13.0,0.0,0.021153846153846155
2834,0.29999999999999993,0.06499898199701244,0.9410605208039691,3,7.0,0.0,0.023076923076923075
2835,0.2,0.0342883895583294,0.9410527100178538,2,8.0,0.0,0.012692307692307694
2836,-3.4000000000000004,0.2865033759563743,0.9410214675216815,8,24.0,0.0,0.05
2837,0.8,0.004123020165856084,0.9410175622825913,1,2.0,0.0,0.004615384615384615
2838,-3.9000000000000004,0.30555295171669794,0.9409863209533067,8,29.0,0.0,0.023076923076923075
2839,0.6000000000000001,0.06664459870129291,0.940978510783049,2,4.0,0.0,0.00923076923076923
2840,0.7,0.0003197431352154334,0.9409746057222292,1,3.0,0.0,0.0038461538461538464
2841,-0.7,0.08417085273986577,0.9409550806612192,5,17.0,0.0,0.013461538461538462
2842,-0.5999999999999999,0.0963314613027196,0.9409355560053508,5,16.0,0.0,0.013461538461538462
2843,0.4,0.08371459875054738,0.9409277462564413,2,6.0,0.0,0.00923076923076923
2844,-3.8,0.2238119111734445,0.9408965079090056,8,28.0,0.0,0.04230769230769231
2845,-0.7999999999999998,0.07624620383352085,0.9408691752057449,7,18.0,0.0,0.01730769230769231
2846,0.7,0.00028776882169390117,0.9408652705986678,1,3.0,0.0,0.0038461538461538464
2847,0.4,0.07535632526509928,0.9408574614331259,2,6.0,0.0,0.016153846153846154
2848,-1.3,0.10289590964961584,0.9408262254191125,8,23.0,0.0,0.05
2849,-1.0000000000000002,0.11272346506670844,0.940802799089149,6,20.0,0.0,0.02423076923076923
2850,-3.4000000000000004,0.3125157291613225,0.940771564889899,8,24.0,0.0,0.026923076923076925
2851,-4.1,0.2784734057874634,0.9407403317276093,8,31.0,0.0,0.030769230769230767
2852,0.29999999999999993,0.08463959457091094,0.9407325235990579,2,7.0,0.0,0.01076923076923077
2853,-3.5999999999999996,0.3646293880761913,0.9407012917329202,8,26.0,0.0,0.01846153846153846
2854,-3.0999999999999996,0.31211098146205685,0.9406700609036655,8,21.0,0.0,0.04230769230769231
2855,-3.6,0.24479262594729395,0.940638831111259,8,26.0,0.0,0.04230769230769231
2856,-2.9000000000000004,0.2622493277271022,0.9406076023556666,8,19.0,0.0,0.05076923076923076
2857,-0.4999999999999998,0.046307309323313915,0.9405880849099133,5,15.0,0.0,0.04615384615384615
2858,0.49999999999999994,0.16891923339887938,0.9405802780450079,2,5.0,0.0,0.005384615384615385
2859,-3.2,0.32587480765851456,0.9405490512333492,8,22.0,0.0,0.03461538461538462
2860,-3.7,0.2852246731678746,0.9405178254584056,8,27.0,0.0,0.05538461538461538
2861,0.09999999999999987,0.10005798497111204,0.9405022129596912,4,9.0,0.0,0.015384615384615385
2862,-3.2,0.31552353205108263,0.9404709887397558,8,22.0,0.0,0.04846153846153845
2863,-0.9,0.11021920795483492,0.9404475712550938,6,19.0,0.0,0.027692307692307697
2864,-3.2,0.19266770343245748,0.9404163488492366,8,22.0,0.0,0.03807692307692308
2865,-3.9000000000000004,0.26625723438757365,0.9403851274799482,8,29.0,0.0,0.051923076923076926
2866,0.6,0.001479020822974797,0.9403812248816692,1,4.0,0.0,0.0026923076923076926
2867,-3.0999999999999996,0.2507555942456493,0.9403500046784795,8,21.0,0.0,0.03384615384615385
2868,-0.3999999999999999,0.14464947330068956,0.9403265902062895,6,14.0,0.0,0.031153846153846157
2869,0.3,0.0060478183487263915,0.9403187855117856,2,7.0,0.0,0.007692307692307693
2870,-0.4,0.06587258837756652,0.940299274058932,5,14.0,0.0,0.019230769230769232
2871,0.8,0.00045113669871676976,0.9402953718169447,1,2.0,0.0,0.0023076923076923075
2872,-3.3,0.34947221187419897,0.9402641544640354,8,23.0,0.0,0.05538461538461538
2873,-0.6000000000000001,0.07817376436060575,0.9402485461762333,4,16.0,0.0,0.03653846153846154
2874,-1.6,0.08435166992926406,0.9402212322960266,7,26.0,0.0,0.02153846153846154
2875,-2.7,0.30635496239961274,0.9401900174045136,8,17.0,0.0,0.05923076923076923
2876,-1.1,0.11018657859597633,0.9401627052245466,7,21.0,0.0,0.04230769230769231
2877,-0.8,0.07507682806824033,0.9401353938379886,7,18.0,0.0,0.033846153846153845
2878,0.30000000000000004,0.03394881026607157,0.9401236892009097,3,7.0,0.0,0.03076923076923077
2879,-2.9,0.30895140295044177,0.9400924775477805,8,19.0,0.0,0.04
2880,-3.2,0.2619847908553446,0.9400612669308629,8,22.0,0.0,0.04615384615384615
2881,-2.0,0.36056906973555736,0.9400417608214754,5,10.0,1.0,0.032692307692307694
2882,-3.4000000000000004,0.34785902274859015,0.9400105518883287,8,24.0,0.0,0.03807692307692308
2883,0.29999999999999993,0.007152238736566424,0.9400027498169374,2,7.0,0.0,0.00923076923076923
2884,0.6000000000000001,0.12975603570804606,0.9399949478103032,2,4.0,0.0,0.010384615384615384
2885,-0.5,0.06609849794965574,0.9399676412970374,7,15.0,0.0,0.03076923076923077
2886,-0.19999999999999996,0.07471111389740773,0.939948137130366,5,12.0,0.0,0.01076923076923077
2887,-3.5,0.2827264425971891,0.9399169313054807,8,25.0,0.0,0.025384615384615387
2888,0.4,0.0005240082034550508,0.9399130306502158,1,6.0,0.0,0.004230769230769231
2889,-1.3,0.0793091343186303,0.939889627058566,6,23.0,0.0,0.04615384615384615
2890,0.30000000000000004,0.14955595913487638,0.9398818259908487,2,7.0,0.0,0.02
2891,0.8,0.0037107181492704866,0.9398779254812708,1,2.0,0.0,0.003461538461538461
2892,0.5,0.1223163155897355,0.9398662240496597,3,5.0,0.0,0.028846153846153848
2893,-1.1,0.09486425509493278,0.9398428216234824,6,21.0,0.0,0.03692307692307692
2894,-1.0,0.12424978030623969,0.9398116192950213,8,20.0,0.0,0.02769230769230769
2895,-3.4000000000000004,0.29348100030206553,0.9397804180024625,8,24.0,0.0,0.035
2896,-1.0999999999999999,0.0640906485720201,0.9397492177457715,8,21.0,0.0,0.003461538461538461
2897,0.9,0.00045677590745074603,0.9397453177865178,1,1.0,0.0,0.008461538461538461
2898,-3.8999999999999995,0.2976635225951103,0.939714118695137,8,29.0,0.0,0.03076923076923077
2899,-3.2,0.25969820493785356,0.9396829206395511,8,22.0,0.0,0.02692307692307692
2900,-3.4000000000000004,0.18004174937077638,0.9396517236197255,8,24.0,0.0,0.03461538461538462
2901,-1.7999999999999998,0.07601061227302673,0.9396205276356261,8,28.0,0.0,0.04230769230769232
2902,-0.7999999999999998,0.07370415947764085,0.939597131327226,6,18.0,0.0,0.02153846153846154
2903,-0.7999999999999998,0.10533112119770076,0.9395659371555642,8,18.0,0.0,0.02307692307692308
2904,0.3,0.027241872315883597,0.9395581387744676,2,7.0,0.0,0.010384615384615384
2905,-3.1,0.24604918686418284,0.9395269458973398,8,21.0,0.0,0.04653846153846154
2906,-0.7999999999999999,0.08758173784785339,0.9395035519191007,6,18.0,0.0,0.02769230769230769
2907,-0.09999999999999998,0.12797635041044553,0.9394918551484212,3,11.0,0.0,0.012692307692307694
2908,0.09999999999999987,0.07230745977821741,0.9394801585233656,3,9.0,0.0,0.012307692307692308
2909,-4.0,0.3134570920706258,0.9394489682351446,8,30.0,0.0,0.03461538461538461
2910,0.7,1.673368129917474e-05,0.9394450695219264,1,3.0,0.0,0.004615384615384615
2911,-0.7,0.06468106132265068,0.9394255761985291,5,17.0,0.0,0.013846153846153845
2912,0.7,0.002366974339465866,0.9394216775823878,1,3.0,0.0,0.003461538461538461
2913,0.0,0.07300266223090077,0.9394060832796148,4,10.0,0.0,0.03076923076923077
2914,-2.3000000000000003,0.27917993302941646,0.9393748954506561,8,13.0,0.0,0.04230769230769231
2915,0.39999999999999997,0.05883539856937953,0.9393670986552023,2,6.0,0.0,0.012307692307692308
2916,-0.5999999999999999,0.08508138984836745,0.9393398103807274,7,16.0,0.0,0.06538461538461539
2917,0.39999999999999997,0.08554920512938008,0.9393281156486215,3,6.0,0.0,0.023076923076923075
2918,-4.000000000000001,0.19309923310158644,0.9392969304081507,8,30.0,0.0,0.04230769230769231
2919,0.5,0.0293521733317173,0.9392891342598053,2,5.0,0.0,0.006923076923076922
2920,-0.4999999999999999,0.10528941928808161,0.9392735421572378,4,15.0,0.0,0.017307692307692305
2921,0.30000000000000004,0.04699470142753016,0.9392618482501678,3,7.0,0.0,0.016923076923076923
2922,-2.5999999999999996,0.276295300544125,0.9392306652097424,8,16.0,0.0,0.03461538461538461
2923,-3.4000000000000004,0.2768242287785427,0.939199483204579,8,24.0,0.0,0.029615384615384616
2924,-1.3000000000000003,0.12411935561825704,0.9391721997992724,7,23.0,0.0,0.033846153846153845
2925,-3.3,0.29388300635371645,0.9391410197351324,8,23.0,0.0,0.03692307692307692
2926,-3.9000000000000004,0.2910938686123578,0.9391098407061557,8,29.0,0.0,0.02307692307692308
2927,-3.2,0.31484921332639704,0.9390786627123074,8,22.0,0.0,0.050769230769230775
2928,0.6,8.60046718781371e-05,0.9390747655358572,1,4.0,0.0,0.004230769230769231
2929,-3.8,0.3015574980583318,0.939043588706488,8,28.0,0.0,0.01846153846153846
2930,0.39999999999999997,0.10012592963519293,0.9390357946608744,2,6.0,0.0,0.01
2931,0.7,0.002130276905519257,0.9390318976623265,1,3.0,0.0,0.005
2932,-3.4,0.22472499110851113,0.9390007222561498,8,24.0,0.0,0.031153846153846157
2933,-0.20000000000000007,0.13494448906520232,0.9389851349411917,4,12.0,0.0,0.019230769230769232
2934,-2.5,0.2576906432271397,0.9389539610875149,8,15.0,0.0,0.038461538461538464
2935,-3.5,0.3320562230084877,0.9389227882687949,8,25.0,0.0,0.03076923076923077
2936,0.7,0.005180085546619029,0.9389149952258229,2,3.0,0.0,0.012692307692307694
2937,-3.1,0.2862155385587596,0.9388838237007507,8,21.0,0.0,0.031153846153846157
2938,0.20000000000000007,0.08163194370945176,0.9388721346456554,3,8.0,0.0,0.00923076923076923
2939,0.30000000000000004,0.017519581674529217,0.9388643420231076,2,7.0,0.0,0.010384615384615384
2940,0.19999999999999996,0.2130658058835884,0.9388526532105583,3,8.0,0.0,0.013461538461538462
2941,0.6,6.966378422135211e-05,0.9388487569720475,1,4.0,0.0,0.0019230769230769232
2942,-0.19999999999999996,0.1689074990856142,0.9388331721796974,4,12.0,0.0,0.016153846153846154
2943,-1.2000000000000002,0.12993476610367025,0.9388097954762449,6,22.0,0.0,0.03115384615384615
2944,0.39999999999999997,0.09012174793994393,0.9388020033711111,2,6.0,0.0,0.013846153846153845
2945,-3.2,0.23688025085747852,0.938770835597314,8,22.0,0.0,0.02769230769230769
2946,0.20000000000000007,0.060371263656189895,0.9387630438155465,2,8.0,0.0,0.005384615384615385
2947,0.29999999999999993,0.0059054495148489206,0.9387552520984507,2,7.0,0.0,0.00923076923076923
2948,-1.7,0.09302912490117303,0.9387240858767735,8,27.0,0.0,0.03807692307692308
2949,-3.7,0.23744137883196875,0.9386929206897996,8,27.0,0.0,0.04615384615384616
2950,0.6,0.0001997937819190332,0.9386890251141787,1,4.0,0.0,0.005
2951,-2.9,0.2376998247707072,0.9386578610912053,8,19.0,0.0,0.01846153846153846
2952,-3.7,0.2540900601493387,0.9386266981028625,8,27.0,0.0,0.015384615384615385
2953,0.29999999999999993,0.040745323877731915,0.9386189075174337,2,7.0,0.0,0.01076923076923077
2954,-1.2,0.04441599269604355,0.9385955361491157,6,22.0,0.0,0.02769230769230769
2955,0.7,0.001725524293470504,0.9385916409776407,1,3.0,0.0,0.003461538461538461
2956,0.10000000000000009,0.09668735676478195,0.9385799555602052,3,9.0,0.0,0.010384615384615384
2957,0.6,0.00017981440372716317,0.9385760604533897,1,4.0,0.0,0.0023076923076923075
2958,0.19999999999999996,0.05770519042186558,0.9385643752299309,3,8.0,0.0,0.015384615384615385
2959,-3.3,0.21198967355965456,0.9385332153452736,8,23.0,0.0,0.08499999999999999
2960,-0.8999999999999998,0.08588402681374642,0.9385137409426935,5,19.0,0.0,0.02153846153846154
2961,0.8,0.00017477960042266982,0.9385098461106686,1,2.0,0.0,0.005384615384615385
2962,0.29999999999999993,0.07862690648210781,0.9384942669442038,4,7.0,0.0,0.028846153846153848
2963,-3.4,0.1538279631167539,0.9384631093871078,8,24.0,0.0,0.024615384615384615
2964,-0.20000000000000007,0.03334012821742037,0.9384475309964678,4,12.0,0.0,0.01846153846153846
2965,-1.4000000000000001,0.1455703038226013,0.9384163749909826,8,24.0,0.0,0.02538461538461538
2966,-0.9000000000000002,0.09844136269871394,0.9383969030128197,5,19.0,0.0,0.02769230769230769
2967,0.09999999999999998,0.013581270723606272,0.9383852200198618,3,9.0,0.0,0.02153846153846154
2968,-1.4,0.08867939895170537,0.9383579602686062,7,24.0,0.0,0.024230769230769236
2969,-0.30000000000000004,0.0876375816711282,0.9383384895025387,5,13.0,0.0,0.030000000000000002
2970,-3.6999999999999997,0.2126111664362752,0.9383073371171785,8,27.0,0.0,0.04846153846153847
2971,0.39999999999999997,0.052963686615327715,0.9382995491824405,2,6.0,0.0,0.008461538461538461
2972,-2.3,0.13390000984075284,0.9382683980898803,8,33.0,0.0,0.03807692307692308
2973,-3.2,0.22795170786505475,0.9382372480315213,8,22.0,0.0,0.013846153846153845
2974,-4.0,0.3356725079178177,0.9382060990073291,8,30.0,0.0,0.04230769230769231
2975,0.20000000000000007,0.08418023170272587,0.9381944183898712,3,8.0,0.0,0.010384615384615384
2976,0.39999999999999997,0.17749662986302522,0.9381866313923567,2,6.0,0.0,0.012692307692307694
2977,0.5,0.0004297522278585153,0.9381827379178365,1,5.0,0.0,0.004615384615384615
2978,-0.8000000000000002,0.24588807590973924,0.9381593774100289,6,18.0,0.0,0.01846153846153846
2979,-0.29999999999999993,0.15002334651069618,0.9381438040613084,4,13.0,0.0,0.009615384615384616
2980,-2.9000000000000004,0.289656758731207,0.9381126581394109,8,19.0,0.0,0.03807692307692308
2981,-0.09999999999999998,0.03833197410659819,0.938100978685287,3,11.0,0.0,0.012692307692307694
2982,-0.09999999999999987,0.09573738885868821,0.9380854063059793,4,11.0,0.0,0.006153846153846154
2983,-0.10000000000000009,0.034884834730575874,0.9380737271911392,3,11.0,0.0,0.023076923076923075
2984,-0.09999999999999987,0.11006153728497743,0.9380581552642034,4,11.0,0.0,0.025
2985,-4.0,0.2764182521720784,0.938027012185805,8,30.0,0.0,0.015384615384615384
2986,-3.4000000000000004,0.25071221959825996,0.9379958701413416,8,24.0,0.0,0.03230769230769231
2987,-2.5,0.29209804734665956,0.937964729130779,8,15.0,0.0,0.060000000000000005
2988,0.29999999999999993,0.12517401662413485,0.9379569440396813,2,7.0,0.0,0.004615384615384615
2989,-1.0999999999999999,0.10230235866087482,0.9379258043214467,8,21.0,0.0,0.03076923076923077
2990,0.8,0.00015730164038041394,0.9379219119293588,1,2.0,0.0,0.007692307692307693
2991,-3.0,0.2903929997797663,0.9378907733741731,8,20.0,0.0,0.03230769230769231
2992,0.8,8.35965410654893e-05,0.9378868811274637,1,2.0,0.0,0.01
2993,-3.4000000000000004,0.2899794701744252,0.9378557437352838,8,24.0,0.0,0.038461538461538464
2994,-0.4,0.18679555517824545,0.937836283390123,5,14.0,0.0,0.01846153846153846
2995,0.7,0.001552971864123398,0.937832391369547,1,3.0,0.0,0.0038461538461538464
2996,-3.6999999999999997,0.3028911176355943,0.9378012557864007,8,27.0,0.0,0.023076923076923075
2997,-2.6999999999999997,0.27448160840367364,0.9377701212369409,8,17.0,0.0,0.03769230769230769
2998,0.0,0.05938122986049874,0.9377545543498326,4,10.0,0.0,0.03461538461538462
2999,-3.7,0.2518205611333053,0.9377234213508379,8,27.0,0.0,0.03076923076923077
3000,-0.30000000000000004,0.08667365862675293,0.9377039637513437,5,13.0,0.0,0.017307692307692305
3001,-1.2,0.1133860708199341,0.9376728324319324,8,22.0,0.0,0.03807692307692308
3002,1.1102230246251565e-16,0.09018185517259814,0.9376533758821498,5,10.0,0.0,0.0376923076923077
3003,-2.5,0.20714054541207944,0.9376261373907016,7,15.0,1.0,0.06153846153846154
3004,0.5,0.014902118432082148,0.9376144639937358,3,5.0,0.0,0.013846153846153845
3005,-1.1102230246251565e-16,0.16132063017498538,0.9375988996905218,4,10.0,0.0,0.026923076923076925
3006,-3.9000000000000004,0.2682195747049031,0.9375677718591869,8,29.0,0.0,0.04307692307692308
3007,-0.4999999999999999,0.09923186028178421,0.937548317489393,5,15.0,0.0,0.035
3008,0.7,0.00012387504179967035,0.9375444266638755,1,3.0,0.0,0.005384615384615385
3009,0.9,0.00036998848503511095,0.9375405358545048,1,1.0,0.0,0.006923076923076922
3010,-3.0999999999999996,0.3719749986454307,0.937509409960821,8,21.0,0.0,0.02076923076923077
3011,-3.3,0.26217667473953304,0.9374782851005019,8,23.0,0.0,0.04
3012,-0.8,0.08138464447765326,0.9374627230578434,4,18.0,0.0,0.01884615384615385
3013,-1.4000000000000001,0.09474661235921572,0.9374315997475069,8,24.0,0.0,0.03461538461538462
3014,-0.7999999999999999,0.18636708458322132,0.9374043676985752,7,18.0,0.0,0.033846153846153845
3015,0.4,0.11483022951615494,0.9373965872584678,2,6.0,0.0,0.006923076923076922
3016,0.0,0.1871074837028627,0.9373849167193893,3,10.0,0.0,0.01153846153846154
3017,-1.1999999999999997,0.15778279363486447,0.9373537959921857,8,22.0,0.0,0.050769230769230775
3018,0.7,0.0013976746777110138,0.9373499059739324,1,3.0,0.0,0.0026923076923076926
3019,-0.3999999999999999,0.09985341989021256,0.9373304561248179,5,14.0,0.0,0.03230769230769231
3020,-3.6999999999999997,0.2790249298813178,0.9372993372056799,8,27.0,0.0,0.05846153846153846
3021,-3.9,0.29512134375146193,0.9372682193196749,8,29.0,0.0,0.01
3022,0.19999999999999996,0.03789726808482006,0.9372565503787706,3,8.0,0.0,0.00923076923076923
3023,-3.3,0.2738163940730252,0.9372254339132677,8,23.0,0.0,0.026923076923076925
3024,-0.19999999999999996,0.07760782357347537,0.9372098760679128,4,12.0,0.0,0.026923076923076925
3025,0.7,0.0008253129204416343,0.9372059866469272,1,3.0,0.0,0.006153846153846154
3026,0.30000000000000004,0.014195239400694115,0.9371982078533792,2,7.0,0.0,0.012692307692307694
3027,-2.4,0.2654867647021389,0.9371670933248198,8,14.0,0.0,0.015384615384615385
3028,0.29999999999999993,0.0855673217959811,0.9371554256429291,3,7.0,0.0,0.012307692307692308
3029,-1.1,0.09186186980581322,0.9371243125347185,8,21.0,0.0,0.050769230769230775
3030,-3.5,0.2980529574446137,0.9370932004594482,8,25.0,0.0,0.038461538461538464
3031,-3.3,0.2552103818131226,0.9370620894170838,8,23.0,0.0,0.02538461538461538
3032,-3.7,0.30331234438966714,0.937030979407591,8,27.0,0.0,0.03692307692307692
3033,-0.7,0.08587936611181965,0.9370037589965353,7,17.0,0.0,0.03230769230769231
3034,-1.5999999999999999,0.08958332778102271,0.9369726509235843,8,26.0,0.0,0.050769230769230775
3035,0.4,0.00016443932668225303,0.9369687624870829,1,6.0,0.0,0.005
3036,0.8,0.00014157147634241696,0.9369648740667187,1,2.0,0.0,0.004615384615384615
3037,-0.5000000000000001,0.12155369815376393,0.93694543220695,5,15.0,0.0,0.023076923076923075
3038,-3.4000000000000004,0.3062766416225101,0.9369143260704205,8,24.0,0.0,0.029615384615384616
3039,-3.7,0.2589353514483671,0.9368832209665994,8,27.0,0.0,0.045
3040,-3.3,0.18104819926749863,0.9368521168954527,8,23.0,0.0,0.03692307692307692
3041,0.7,0.001725524293470504,0.9368482289591675,1,3.0,0.0,0.004615384615384615
3042,-3.2,0.27918145869226385,0.9368171260497388,8,22.0,0.0,0.03230769230769231
3043,-0.40000000000000013,0.021578625824400066,0.9368015749822522,4,14.0,0.0,0.026923076923076925
3044,-1.7,0.07275642564964377,0.9367704736217131,8,27.0,0.0,0.05384615384615385
3045,0.8,6.77131982630419e-05,0.9367665860242476,1,2.0,0.0,0.0038461538461538464
3046,-3.3,0.26819258711857863,0.9367354858253248,8,23.0,0.0,0.03230769230769231
3047,-0.09999999999999987,0.06937776942506771,0.9367199361130575,4,11.0,0.0,0.015384615384615385
3048,0.8,0.00026639170922515554,0.9367160487253227,1,2.0,0.0,0.0011538461538461537
3049,-3.0,0.16253359209807128,0.9366849502042138,8,20.0,0.0,0.045
3050,-1.5000000000000002,0.1364399489583335,0.9366538527155611,8,25.0,0.0,0.03461538461538461
3051,-0.30000000000000004,0.13326965307230498,0.936638304358395,4,13.0,0.0,0.017307692307692305
3052,-0.6,0.16994382788494775,0.9366149823065841,6,16.0,0.0,0.031153846153846157
3053,-0.9,0.05659956319922703,0.9365955477070093,5,19.0,0.0,0.0376923076923077
3054,0.29999999999999993,0.1860470295363495,0.9365877739800939,2,7.0,0.0,0.006923076923076922
3055,-3.2,0.2180102172306039,0.9365566797176449,8,22.0,0.0,0.031153846153846157
3056,-3.3999999999999995,0.2031677638101691,0.9365255864875103,8,24.0,0.0,0.021153846153846155
3057,-0.8999999999999999,0.13545090890599393,0.9364983807579361,7,19.0,0.0,0.04230769230769231
3058,0.4,0.08372166853546933,0.9364906078375047,2,6.0,0.0,0.00923076923076923
3059,0.8,0.0004060230288450706,0.9364867214014821,1,2.0,0.0,0.0026923076923076926
3060,-3.3,0.21830872556118847,0.93645563049393,8,23.0,0.0,0.03115384615384615
3061,-3.0,0.2925747178267617,0.936424540618581,8,20.0,0.0,0.04615384615384616
3062,-3.3999999999999995,0.2509579833207772,0.9363934517754008,8,24.0,0.0,0.04615384615384616
3063,0.8,0.0003654207259605746,0.9363895657425759,1,2.0,0.0,0.005384615384615385
3064,0.6000000000000001,0.07613375831717664,0.9363817937253073,2,4.0,0.0,0.00923076923076923
3065,-3.2,0.2707476239685434,0.9363507063013033,8,22.0,0.0,0.046538461538461535
3066,0.2,0.07082335041963739,0.9363429346065674,2,8.0,0.0,0.010384615384615384
3067,-0.9000000000000001,0.0652620617337722,0.9363118484726675,8,19.0,0.0,0.05500000000000001
3068,-3.8,0.260608160520938,0.9362807633708121,8,28.0,0.0,0.04
3069,-4.0,0.32935850211439544,0.9362496793009674,8,30.0,0.0,0.01153846153846154
3070,-2.7,0.24272239871228235,0.9362185962630987,8,17.0,0.0,0.026923076923076925
3071,-1.5000000000000002,0.09478102025121687,0.9361875142571718,8,25.0,0.0,0.01269230769230769
3072,-0.20000000000000007,0.21604297383669027,0.9361758587709899,3,12.0,0.0,0.013846153846153845
3073,0.8,0.00032887865336450606,0.936171973641176,1,2.0,0.0,0.003076923076923077
3074,0.49999999999999994,0.001318537023002525,0.9361642034299181,2,5.0,0.0,0.008461538461538461
3075,0.19999999999999996,0.06837655077231651,0.9361525482339547,3,8.0,0.0,0.017307692307692305
3076,-0.40000000000000013,0.05394263994472011,0.936133123229807,5,14.0,0.0,0.03230769230769231
3077,-2.8,0.160792278425312,0.9361020440615436,8,18.0,0.0,0.038461538461538464
3078,-3.1999999999999997,0.21172022248643346,0.9360709659250936,8,22.0,0.0,0.02076923076923077
3079,-3.4000000000000004,0.29669257810256106,0.9360398888204229,8,24.0,0.0,0.05076923076923076
3080,0.5,0.010393393082297836,0.9360321197054666,2,5.0,0.0,0.015000000000000001
3081,-1.4000000000000001,0.06918725557547198,0.9360010438904716,8,24.0,0.0,0.029615384615384616
3082,-3.5999999999999996,0.24082040088484896,0.9359699691071786,8,26.0,0.0,0.04
3083,-4.199999999999999,0.28779980515792924,0.9359388953555534,8,32.0,0.0,0.055
3084,-3.8000000000000003,0.211135234032375,0.9359078226355618,8,28.0,0.0,0.024230769230769236
3085,0.8,0.0027051135308181484,0.935903938618098,1,2.0,0.0,0.003461538461538461
3086,-1.0999999999999999,0.06905588348201279,0.9358767509471696,7,21.0,0.0,0.038461538461538464
3087,-3.8,0.38121686706821645,0.9358456802903423,8,28.0,0.0,0.04307692307692308
3088,-4.300000000000001,0.1962057036463094,0.9358146106650458,8,33.0,0.0,0.017307692307692305
3089,-3.2,0.25051476872594547,0.9357835420712459,8,22.0,0.0,0.019230769230769232
3090,-2.7,0.29113392138507665,0.9357524745089085,8,17.0,0.0,0.04615384615384616
3091,-0.9,0.04617725298988609,0.9357291745140319,6,19.0,0.0,0.03230769230769231
3092,-1.7000000000000004,0.10762532407886169,0.9356981087566711,8,27.0,0.0,0.02307692307692308
3093,0.20000000000000007,0.06414848044280898,0.9356903424784836,2,8.0,0.0,0.01
3094,-3.3,0.2766882276078585,0.9356592780103276,8,23.0,0.0,0.03692307692307692
3095,-4.1000000000000005,0.2225281497318701,0.9356282145734971,8,31.0,0.0,0.033846153846153845
3096,0.6000000000000001,0.15650237341159556,0.93562044887543,2,4.0,0.0,0.01153846153846154
3097,-3.3,0.24056563278035425,0.935589386727708,8,23.0,0.0,0.03076923076923077
3098,-0.09999999999999998,0.15906725712255915,0.9355738560405672,4,11.0,0.0,0.007692307692307693
3099,0.5,0.0003867770050726693,0.9355699734090647,1,5.0,0.0,0.008461538461538461
3100,0.0,0.035591203545482376,0.935554443044183,4,10.0,0.0,0.01846153846153846
3101,-0.7000000000000001,0.09541665908029277,0.9355389129371037,4,17.0,0.0,0.017307692307692305
3102,-1.2,0.043201604572776546,0.9355117358700394,7,22.0,0.0,0.033846153846153845
3103,0.10000000000000009,0.04119411383384632,0.9355000887972634,3,9.0,0.0,0.012307692307692308
3104,-3.7,0.20400989852421322,0.9354690306454378,8,27.0,0.0,0.03461538461538461
3105,0.0,0.0635784084675369,0.9354535019561956,4,10.0,0.0,0.023076923076923075
3106,-0.6,0.11504720235384931,0.935434091457138,5,16.0,0.0,0.03461538461538462
3107,-0.10000000000000009,0.14627818905550957,0.9354146813608448,5,11.0,0.0,0.02423076923076923
3108,-0.30000000000000004,0.1607991614879688,0.9353952716673077,5,13.0,0.0,0.035
3109,-0.6,0.05723417942324258,0.9353758623765185,5,16.0,0.0,0.019230769230769232
3110,0.29999999999999993,0.1674472933525155,0.9353680987729703,2,7.0,0.0,0.006923076923076922
3111,-3.1,0.17868867575719416,0.93533704500315,8,21.0,0.0,0.029615384615384616
3112,0.8,0.0007640039606374716,0.9353331633544132,1,2.0,0.0,0.004230769230769231
3113,0.0,0.12101407786966768,0.9353215185048558,3,10.0,0.0,0.01076923076923077
3114,0.9,0.00029969067287849427,0.935317636920554,1,1.0,0.0,0.007692307692307693
3115,-3.0999999999999996,0.24245907509844306,0.935286584826043,8,21.0,0.0,0.045
3116,-3.3,0.27755831190741254,0.9352555337624464,8,23.0,0.0,0.03076923076923077
3117,0.7,8.127441492467025e-05,0.9352516524519813,1,3.0,0.0,0.0038461538461538464
3118,-0.19999999999999996,0.08060885042408433,0.9352283649274445,6,12.0,0.0,0.03807692307692308
3119,-0.30000000000000004,0.1196029489461451,0.9352128402332284,4,13.0,0.0,0.007692307692307693
3120,-0.19999999999999996,0.1202137677506781,0.9351973157967205,4,12.0,0.0,0.026923076923076925
3121,-4.2,0.22231597980197776,0.9351662676968128,8,32.0,0.0,0.021153846153846155
3122,-0.8999999999999999,0.06413650816641023,0.9351468631578165,5,19.0,0.0,0.005769230769230769
3123,-1.7000000000000004,0.07069354974076128,0.9351196974796564,7,27.0,0.0,0.03230769230769231
3124,0.4,0.06781968525756968,0.9351119360022725,2,6.0,0.0,0.01076923076923077
3125,-3.3,0.2793662615505321,0.9350808907369328,8,23.0,0.0,0.04
3126,-0.4,0.11068493692520061,0.9350614879694937,5,14.0,0.0,0.025384615384615387
3127,-0.5,0.12683423852471912,0.9350459660454178,4,15.0,0.0,0.018461538461538463
3128,-0.09999999999999998,0.06840582640949734,0.935034324771452,3,11.0,0.0,0.00923076923076923
3129,0.29999999999999993,0.019907212433418836,0.93502656400266,2,7.0,0.0,0.008461538461538461
3130,0.4,0.0002506314992871128,0.9350226836424195,1,6.0,0.0,0.006923076923076922
3131,-0.7999999999999998,0.09678974433258081,0.934999401819147,6,18.0,0.0,0.025384615384615387
3132,-1.5999999999999996,0.0866542256221576,0.9349722404246856,7,26.0,0.0,0.013846153846153845
3133,-3.1999999999999997,0.2693333885711401,0.9349411997971716,8,22.0,0.0,0.016923076923076923
3134,-2.7,0.25445398186828655,0.9349101602001914,8,17.0,0.0,0.03807692307692308
3135,-2.9,0.29221006194504157,0.9348791216337109,8,19.0,0.0,0.04653846153846154
3136,0.30000000000000004,0.023261965159449005,0.9348674824369494,3,7.0,0.0,0.01730769230769231
3137,-0.4999999999999999,0.0826201445441529,0.9348519637333452,4,15.0,0.0,0.015384615384615385
3138,-3.5,0.25990064371355887,0.9348209270989593,8,25.0,0.0,0.03807692307692308
3139,-0.4999999999999999,0.14003496509012975,0.9348015297257208,5,15.0,0.0,0.02153846153846154
3140,-2.8999999999999995,0.3494577179373566,0.9347704947657197,8,19.0,0.0,0.050769230769230775
3141,0.4,0.08452873660194257,0.9347627361867122,2,6.0,0.0,0.013846153846153845
3142,-0.3999999999999999,0.08503186403263338,0.9347433400209253,5,14.0,0.0,0.018461538461538463
3143,-3.5,0.2995085254455396,0.9347123069927944,8,25.0,0.0,0.07
3144,-3.0,0.25980885682256993,0.9346812749949449,8,20.0,0.0,0.03692307692307692
3145,-1.2,0.07659987521507404,0.9346541228419525,7,22.0,0.0,0.04230769230769231
3146,0.2,0.1017509865295436,0.93464636522883,2,8.0,0.0,0.013846153846153845
3147,-2.5999999999999996,0.2889627372803951,0.9346153354202154,8,16.0,0.0,0.045
3148,0.7,0.0011321164889459556,0.9346114567665734,1,3.0,0.0,0.005
3149,-3.4000000000000004,0.24829099951909467,0.9345804281169029,8,24.0,0.0,0.02769230769230769
3150,-0.30000000000000004,0.14073418830058373,0.9345649141783707,4,13.0,0.0,0.016153846153846154
3151,0.8,0.002191141959962728,0.9345610357339769,1,2.0,0.0,0.0026923076923076926
3152,-2.9,0.3120128137865315,0.9345300087582602,8,19.0,0.0,0.030769230769230767
3153,0.0,0.12649446395782726,0.934518373907936,3,10.0,0.0,0.02153846153846154
3154,-0.30000000000000004,0.01298252690844233,0.9345028609994974,4,13.0,0.0,0.01730769230769231
3155,-0.30000000000000016,0.12935469668602284,0.9344834702260759,5,13.0,0.0,0.013846153846153845
3156,-3.3,0.3153266842019676,0.9344524458254967,8,23.0,0.0,0.026923076923076925
3157,-0.19999999999999996,0.15954796439416033,0.9344369340114576,4,12.0,0.0,0.013461538461538462
3158,0.0,0.13563555906297706,0.9344253003199091,3,10.0,0.0,0.015384615384615385
3159,0.30000000000000004,0.06385344947512678,0.9344175446060096,2,7.0,0.0,0.010384615384615384
3160,-2.7,0.2478760811783305,0.9343865223941292,8,17.0,0.0,0.05500000000000001
3161,0.4,0.0001827103629802873,0.9343826446900613,1,6.0,0.0,0.004615384615384615
3162,-1.1,0.04231643175988745,0.9343555012121713,7,21.0,0.0,0.02769230769230769
3163,-3.4000000000000004,0.1824259501082855,0.9343244810601017,8,24.0,0.0,0.04653846153846154
3164,-2.9000000000000004,0.3132706503738602,0.9342973392718441,7,19.0,1.0,0.07192307692307692
3165,-1.6999999999999997,0.08310445889344452,0.9342701982720456,7,27.0,0.0,0.0726923076923077
3166,-0.09999999999999998,0.09744009992899455,0.9342508123263356,5,11.0,0.0,0.016153846153846154
3167,-1.2,0.10694503098693785,0.9342197956498864,8,22.0,0.0,0.030769230769230767
3168,0.8,1.9124207199072707e-05,0.9342159186377346,1,2.0,0.0,0.013076923076923078
3169,0.7,0.0006016531190019547,0.9342120416416723,1,3.0,0.0,0.0038461538461538464
3170,-1.3,0.12083745594656992,0.9341810262523913,8,23.0,0.0,0.05538461538461538
3171,-3.4000000000000004,0.2563082215707785,0.9341500118928063,8,24.0,0.0,0.03461538461538461
3172,0.4,0.0001198762691513311,0.934146135170257,1,6.0,0.0,0.003461538461538461
3173,-3.8,0.28374456718452146,0.934115121969039,8,28.0,0.0,0.050769230769230775
3174,-0.09999999999999998,0.06448351978073791,0.9341034922840339,3,11.0,0.0,0.00923076923076923
3175,-4.6000000000000005,0.26422213820325746,0.9340724804985392,8,36.0,0.0,0.045
3176,0.7,0.017452692077759957,0.9340647277130382,2,3.0,0.0,0.013846153846153845
3177,-0.8,0.0866433559525773,0.9340375934705215,7,18.0,0.0,0.026923076923076925
3178,0.9,0.00026972160559068925,0.9340337172145087,1,1.0,0.0,0.008461538461538461
3179,0.6000000000000001,0.09912383366119981,0.9340259647507423,2,4.0,0.0,0.01153846153846154
3180,-0.8000000000000002,0.05462641360330565,0.9340065838728357,5,18.0,0.0,0.030000000000000002
3181,0.0,0.027769121502277172,0.9339949555391244,3,10.0,0.0,0.008076923076923077
3182,-0.8,0.1127595933396987,0.9339716993060161,6,18.0,0.0,0.05500000000000001
3183,-2.8,0.30558823311484606,0.9339406918959847,8,18.0,0.0,0.03076923076923077
3184,-1.3,0.061536841588432124,0.9339174370140272,6,23.0,0.0,0.030000000000000002
3185,-1.1,0.12069537593500995,0.9338941827111101,6,21.0,0.0,0.02153846153846154
3186,-0.5,0.05171876257629701,0.9338786801641809,4,15.0,0.0,0.009230769230769232
3187,0.4,0.00010788864223620909,0.9338748045676581,1,6.0,0.0,0.005384615384615385
3188,0.30000000000000004,0.11908076467805806,0.9338631778745923,3,7.0,0.0,0.008076923076923077
3189,0.39999999999999997,0.09549127454204266,0.9338554268262994,2,6.0,0.0,0.0038461538461538464
3190,-0.7999999999999999,0.10913006368784335,0.9338282986638978,7,18.0,0.0,0.03461538461538462
3191,-3.2,0.2637937796000628,0.9337972960146986,8,22.0,0.0,0.013846153846153845
3192,0.6000000000000001,0.16186505522304173,0.9337895455132241,2,4.0,0.0,0.012692307692307694
3193,-0.5999999999999999,0.04307480292232822,0.9337740447032615,4,16.0,0.0,0.011538461538461537
3194,0.20000000000000007,0.05198520342265878,0.9337662943947724,2,8.0,0.0,0.003076923076923077
3195,-0.7,0.11424674381550186,0.9337430438552677,6,17.0,0.0,0.033846153846153845
3196,-3.3,0.21495230310526317,0.933712044036487,8,23.0,0.0,0.04153846153846153
3197,0.4,0.00016443932668225303,0.9337081691315042,1,6.0,0.0,0.004230769230769231
3198,-3.5999999999999996,0.23117245199570796,0.9336771704705477,8,26.0,0.0,0.03461538461538462
3199,-0.19999999999999996,0.06877853597190173,0.9336577968300623,5,12.0,0.0,0.02153846153846154
3200,-1.4999999999999998,0.153154921611174,0.9336306744087407,7,25.0,0.0,0.01846153846153846
3201,-1.0000000000000002,0.1560789040757483,0.9335996783205714,8,20.0,0.0,0.038461538461538464
3202,-3.4000000000000004,0.34609228105872825,0.9335686832614574,8,24.0,0.0,0.051923076923076926
3203,0.7,5.834673892479714e-06,0.9335648089514218,1,3.0,0.0,0.004615384615384615
3204,0.19999999999999996,0.08825271278518881,0.9335493118720629,4,8.0,0.0,0.019230769230769232
3205,0.8,0.0011644626743445574,0.9335454376424187,1,2.0,0.0,0.004615384615384615
3206,0.09999999999999987,0.10615603198010029,0.9335299408846215,4,9.0,0.0,0.028846153846153848
3207,0.9,0.00024274944503166473,0.9335260667353669,1,1.0,0.0,0.011538461538461537
3208,0.39999999999999997,0.08601133198438511,0.9335183184850907,2,6.0,0.0,0.006153846153846154
3209,-0.20000000000000007,0.11483783208783825,0.9335028221774688,4,12.0,0.0,0.03461538461538462
3210,0.19999999999999996,0.05457499103502155,0.9334912001155645,3,8.0,0.0,0.023076923076923075
3211,0.2,0.0026522034854632864,0.9334834521546806,2,8.0,0.0,0.006923076923076922
3212,-3.7,0.20428592749299357,0.9334524609542193,8,27.0,0.0,0.043076923076923075
3213,0.8,1.549060783123668e-05,0.9334485871265064,1,2.0,0.0,0.01
3214,0.2,0.08792400348435213,0.9334408395193096,2,8.0,0.0,0.01153846153846154
3215,0.2,0.002386983136916959,0.9334330919764178,2,8.0,0.0,0.006923076923076922
3216,-2.8000000000000003,0.24395630307754632,0.93340210244789,8,18.0,0.0,0.031153846153846157
3217,-0.29999999999999993,0.061088457554961124,0.9333904816399411,3,13.0,0.0,0.016923076923076923
3218,-3.3,0.291126536905401,0.9333594935260561,8,23.0,0.0,0.03115384615384615
3219,-0.5,0.08587573718423687,0.9333401264773128,5,15.0,0.0,0.025384615384615387
3220,0.7,0.0010189048400514045,0.9333362531157879,1,3.0,0.0,0.003461538461538461
3221,-3.0,0.3182060683619422,0.9333052668022637,8,20.0,0.0,0.04230769230769231
3222,0.19999999999999996,0.1610920823835558,0.9332897740312777,4,8.0,0.0,0.02769230769230769
3223,0.4,0.025909611463185434,0.9332781546218116,3,6.0,0.0,0.017307692307692305
3224,-4.0,0.2118412617097694,0.9332471702371292,8,30.0,0.0,0.045
3225,-0.6000000000000001,0.15118573786295103,0.9332278055190748,5,16.0,0.0,0.009615384615384616
3226,0.19999999999999996,0.01566715930610753,0.9332161868811137,3,8.0,0.0,0.00923076923076923
3227,-0.30000000000000004,0.1723295706009073,0.9331968228059585,5,13.0,0.0,0.026923076923076925
3228,-3.8000000000000003,0.27596238547866564,0.9331658411214533,8,28.0,0.0,0.045
3229,-0.30000000000000004,0.06831868425277403,0.9331503506649191,4,13.0,0.0,0.026923076923076925
3230,-0.5000000000000002,0.062054172812764395,0.933127115462254,6,15.0,0.0,0.05
3231,0.09999999999999998,0.024505009732518613,0.9331154980778787,3,9.0,0.0,0.02
3232,-3.1999999999999997,0.20670057095138292,0.9330845190933152,8,22.0,0.0,0.01846153846153846
3233,-0.6,0.1301712004310462,0.9330574133255043,7,16.0,0.0,0.03384615384615385
3234,-0.30000000000000004,0.12149328200843648,0.9330380525448732,5,13.0,0.0,0.015384615384615385
3235,-3.3,0.22522903554355578,0.9330070761314639,8,23.0,0.0,0.03076923076923077
3236,-0.30000000000000004,0.04902173477893885,0.9329915883104122,4,13.0,0.0,0.021153846153846155
3237,-0.5000000000000001,0.05300157869718612,0.9329722288956387,5,15.0,0.0,0.011538461538461537
3238,0.49999999999999994,0.0778271521908466,0.932964485242207,2,5.0,0.0,0.006923076923076922
3239,0.7,4.799172926883699e-05,0.9329606134395932,1,3.0,0.0,0.0026923076923076926
3240,0.7,0.015722122697488683,0.9329528698825696,2,3.0,0.0,0.008076923076923077
3241,0.4,0.10372824567545041,0.9329451263898174,2,6.0,0.0,0.01153846153846154
3242,-1.5000000000000002,0.11273423083688291,0.9329141530615118,8,25.0,0.0,0.02769230769230769
3243,0.6,0.0001997937819190332,0.9329102814677767,1,4.0,0.0,0.005
3244,-2.6,0.22461654107094914,0.9328793092963057,8,16.0,0.0,0.04846153846153847
3245,0.8,3.998396644233626e-05,0.9328754378471721,1,2.0,0.0,0.003461538461538461
3246,-4.699999999999999,0.2286684468320324,0.9328444668324924,8,37.0,0.0,0.04153846153846154
3247,-0.09999999999999998,0.024283896708682723,0.9328251104704641,5,11.0,0.0,0.03230769230769231
3248,-0.6000000000000001,0.15026304207885594,0.9328057545100772,5,16.0,0.0,0.01884615384615385
3249,0.5,0.007767342051338222,0.93279801223838,2,5.0,0.0,0.016153846153846154
3250,-3.7,0.27813624596559594,0.9327670437941934,8,27.0,0.0,0.06153846153846154
3251,-3.0999999999999996,0.19900207917322238,0.932736076378144,8,21.0,0.0,0.04153846153846154
3252,-1.3999999999999997,0.16834209817388926,0.9327089807324681,7,24.0,0.0,0.04153846153846154
3253,0.09999999999999998,0.02116584512437547,0.9327012392639916,2,9.0,0.0,0.008461538461538461
3254,-2.5999999999999996,0.26796430582744024,0.9326702740326209,8,16.0,0.0,0.05
3255,-4.5,0.2484585793996309,0.9326393098292811,8,35.0,0.0,0.02076923076923077
3256,-1.3,0.05768381867180493,0.9326199577242253,5,23.0,0.0,0.02769230769230769
3257,-3.0,0.24847657283589492,0.9325889951913627,8,20.0,0.0,0.05500000000000001
3258,-3.5999999999999996,0.3318260562812577,0.9325580336864411,8,26.0,0.0,0.04615384615384615
3259,0.7,0.00048733902639153115,0.9325541635706013,1,3.0,0.0,0.0019230769230769232
3260,0.3,0.02615873384645294,0.9325464233871046,2,7.0,0.0,0.0023076923076923075
3261,-3.4,0.2640722982409973,0.9325154632955465,8,24.0,0.0,0.02076923076923077
3262,0.49999999999999994,0.015001308989232576,0.9325077234332614,2,5.0,0.0,0.00923076923076923
3263,0.6,3.7022191150315464e-05,0.9325038535262091,1,4.0,0.0,0.006538461538461539
3264,-0.19999999999999996,0.03111423862073597,0.9324922439014128,3,12.0,0.0,0.01076923076923077
3265,-0.5000000000000001,0.10998233116493744,0.9324767646265228,4,15.0,0.0,0.024615384615384615
3266,-3.8,0.2361670772331312,0.9324458068476019,8,28.0,0.0,0.04153846153846154
3267,0.6,3.3319972035261713e-05,0.9324419371975036,1,4.0,0.0,0.004230769230769231
3268,0.5,0.01934004068345499,0.9324341979454839,2,5.0,0.0,0.006923076923076922
3269,-0.10000000000000009,0.11044482999280522,0.9324187196341509,4,11.0,0.0,0.03230769230769231
3270,-3.4,0.29251025397758706,0.9323877637822957,8,24.0,0.0,0.03461538461538462
3271,-0.09999999999999998,0.11292512375713565,0.932372286241765,4,11.0,0.0,0.021153846153846155
3272,0.4,7.865082019020697e-05,0.9323684168967772,1,6.0,0.0,0.0038461538461538464
3273,-3.1,0.22578314778605188,0.9323374627149487,8,21.0,0.0,0.04615384615384615
3274,0.09999999999999998,0.05610259544564647,0.9323219860094105,4,9.0,0.0,0.019230769230769232
3275,0.8,0.00017477960042266982,0.9323181168731686,1,2.0,0.0,0.0038461538461538464
3276,-3.1,0.3176188161171738,0.9322871643612765,8,21.0,0.0,0.03807692307692308
3277,-0.09999999999999987,0.05348780865356081,0.9322755574342491,3,11.0,0.0,0.016923076923076923
3278,-0.5,0.06299240180148137,0.9322484751664819,7,15.0,0.0,0.03807692307692308
3279,0.49999999999999994,0.013546570300933564,0.9322407375201938,2,5.0,0.0,0.00923076923076923
3280,-3.5999999999999996,0.3120401882935433,0.932209787577259,8,26.0,0.0,0.038461538461538464
3281,-2.7,0.2052268474213954,0.9321788386618473,8,17.0,0.0,0.04615384615384615
3282,0.4,0.11867676747887725,0.9321672330834693,3,6.0,0.0,0.019615384615384614
3283,0.0,0.029665286492017866,0.9321556276495802,3,10.0,0.0,0.02
3284,-0.7000000000000001,0.0866224647663925,0.9321362855808464,5,17.0,0.0,0.026923076923076925
3285,0.8,0.00015730164038041394,0.9321324172152612,1,2.0,0.0,0.0026923076923076926
3286,-3.3999999999999995,0.26463272185121056,0.9321014708685084,8,24.0,0.0,0.04230769230769231
3287,-0.3999999999999999,0.052552857121154546,0.9320898662533554,3,14.0,0.0,0.01846153846153846
3288,-1.0999999999999999,0.032648560702943565,0.9320627893798498,7,21.0,0.0,0.024230769230769236
3289,-3.3999999999999995,0.20277992583047416,0.9320318453447073,8,24.0,0.0,0.024230769230769236
3290,0.8,2.914831153644215e-05,0.9320279774125492,1,2.0,0.0,0.003461538461538461
3291,-3.6000000000000005,0.2217077195406762,0.9319970345331473,8,26.0,0.0,0.04230769230769231
3292,-0.8999999999999999,0.10447456346206323,0.9319776957551934,5,19.0,0.0,0.025384615384615387
3293,-1.1999999999999997,0.0767925125553026,0.9319467545451184,8,22.0,0.0,0.03807692307692307
3294,0.4,0.0001198762691513311,0.9319428869660871,1,6.0,0.0,0.0011538461538461537
3295,-0.7,0.10156983975141336,0.9319196818289561,6,17.0,0.0,0.02153846153846154
3296,-2.1000000000000005,0.059268201394760814,0.9318926098992465,7,31.0,0.0,0.033846153846153845
3297,-0.29999999999999993,0.08394399339477772,0.931877140578219,4,13.0,0.0,0.016923076923076923
3298,-0.5999999999999999,0.10500750769385354,0.931857804288044,5,16.0,0.0,0.03230769230769231
3299,-0.3999999999999999,0.08402526912772726,0.9318423355447862,4,14.0,0.0,0.025384615384615387
3300,-3.0,0.2376260035540453,0.931811398828605,8,20.0,0.0,0.05884615384615385
3301,0.6000000000000001,0.07490615487153507,0.9318036648100428,2,4.0,0.0,0.006923076923076922
3302,-0.3999999999999999,0.0945316672886652,0.9317804631395076,6,14.0,0.0,0.038461538461538464
3303,-0.40000000000000013,0.0838268819522697,0.9317611288553727,5,14.0,0.0,0.02423076923076923
3304,0.8,2.623348038277573e-05,0.931757262046688,1,2.0,0.0,0.004615384615384615
3305,-3.4,0.2774333390789976,0.9317263281549057,8,24.0,0.0,0.03461538461538461
3306,-0.3999999999999999,0.04253985476804665,0.9317031284100334,6,14.0,0.0,0.031153846153846147
3307,0.10000000000000009,0.078417150448233,0.9316915287542235,3,9.0,0.0,0.006923076923076922
3308,0.20000000000000007,0.04581160856537738,0.9316799292428286,3,8.0,0.0,0.02
3309,-3.5999999999999996,0.35336401148426055,0.9316489979184581,8,26.0,0.0,0.04153846153846154
3310,-0.7000000000000001,0.07840587793007966,0.931629666362204,5,17.0,0.0,0.02423076923076923
3311,-0.19999999999999996,0.03437659350676696,0.9316142014060121,4,12.0,0.0,0.025
3312,-3.1,0.27122407414622723,0.9315832722637742,8,21.0,0.0,0.05
3313,-0.6,0.14357600511952956,0.9315639420713161,5,16.0,0.0,0.01884615384615385
3314,0.8,0.0015973424888128251,0.9315600760809565,1,2.0,0.0,0.0026923076923076926
3315,-1.8000000000000003,0.09743302206870641,0.9315291487356533,8,28.0,0.0,0.03807692307692308
3316,-2.5,0.24220806694762156,0.931498222417123,8,15.0,0.0,0.03461538461538461
3317,0.6,2.998797483177995e-05,0.9314943566995,1,4.0,0.0,0.0019230769230769232
3318,0.5,0.005218684075090074,0.931486625312382,2,5.0,0.0,0.012692307692307694
3319,0.7,3.887330070784234e-05,0.931482759642887,1,3.0,0.0,0.005384615384615385
3320,-1.2,0.11660734268492655,0.9314518348644523,8,22.0,0.0,0.026923076923076925
3321,0.0,0.06084609360224553,0.931440238337234,3,10.0,0.0,0.015384615384615385
3322,-1.1,0.07536607144024475,0.9314170457159241,6,21.0,0.0,0.01884615384615385
3323,-2.9,0.17654125041549334,0.93138612311916,8,19.0,0.0,0.046538461538461535
3324,-3.5999999999999996,0.3210976118186791,0.9313552015490113,8,26.0,0.0,0.03461538461538462
3325,-0.19999999999999996,0.11284717538044522,0.9313397411489069,4,12.0,0.0,0.013461538461538462
3326,0.39999999999999997,0.051013138229472677,0.9313320110450954,2,6.0,0.0,0.00923076923076923
3327,-0.5,0.0537985495670555,0.9313126860662645,5,15.0,0.0,0.013461538461538462
3328,-3.5,0.25882864216465085,0.9312817669341904,8,25.0,0.0,0.03230769230769231
3329,0.20000000000000007,0.02962543330946728,0.9312701725243091,3,8.0,0.0,0.013846153846153845
3330,-1.2,0.1418294500756456,0.93124311946261,7,22.0,0.0,0.025384615384615387
3331,0.6,8.60046718781371e-05,0.9312392548036642,1,4.0,0.0,0.0038461538461538464
3332,0.6000000000000001,0.06662750573955498,0.9312315255338875,2,4.0,0.0,0.00923076923076923
3333,-0.5999999999999999,0.09279221106280656,0.9312044735948695,7,16.0,0.0,0.04615384615384615
3334,-0.7000000000000002,0.05439356086033264,0.9311735580553973,8,17.0,0.0,0.01730769230769231
3335,-0.3999999999999999,0.1082146871402691,0.9311581006705563,4,14.0,0.0,0.01884615384615385
3336,0.7,3.4985970637002595e-05,0.9311542363644385,1,3.0,0.0,0.0038461538461538464
3337,-3.7,0.16383158835919212,0.931123322492818,8,27.0,0.0,0.04153846153846153
3338,-0.40000000000000013,0.10298675876341341,0.9311001377626308,6,14.0,0.0,0.02153846153846154
3339,0.4,0.06885538630839615,0.9310885456140232,3,6.0,0.0,0.012307692307692308
3340,0.7000000000000001,0.021056782280205244,0.9310808175951303,2,3.0,0.0,0.01153846153846154
3341,-3.5,0.25756594797291743,0.9310499061609776,8,25.0,0.0,0.04230769230769231
3342,0.19999999999999996,0.07755063847060385,0.9310383146377509,3,8.0,0.0,0.017307692307692305
3343,-4.1,0.28555226573228815,0.9310074046146758,8,31.0,0.0,0.027692307692307686
3344,-0.8999999999999999,0.10183082864933392,0.9309842227708138,6,19.0,0.0,0.02307692307692308
3345,0.6000000000000001,0.1786617754498862,0.9309764956177987,2,4.0,0.0,0.008461538461538461
3346,-0.40000000000000013,0.08247843005077632,0.9309571780158514,5,14.0,0.0,0.023076923076923075
3347,-3.5999999999999996,0.20058193893632284,0.9309262706864733,8,26.0,0.0,0.03807692307692308
3348,-0.9999999999999999,0.06839861201423898,0.9309069541266847,5,20.0,0.0,0.03923076923076923
3349,0.7,0.0009170143560462973,0.9309030908628251,1,3.0,0.0,0.003461538461538461
3350,-0.7999999999999999,0.12768752359593627,0.9308760484647155,7,18.0,0.0,0.04038461538461538
3351,-0.9000000000000001,0.1038968964687827,0.9308528698915877,6,19.0,0.0,0.030000000000000002
3352,-0.10000000000000009,0.05016228240204934,0.9308412808214523,3,11.0,0.0,0.012307692307692308
3353,-0.7,0.052940444146393116,0.930821966025189,5,17.0,0.0,0.016153846153846154
3354,-2.8,0.2095701913788418,0.9307910631847837,8,18.0,0.0,0.038461538461538464
3355,0.7,2.8338636215985424e-05,0.9307872004018715,1,3.0,0.0,0.004230769230769231
3356,-3.1,0.3040778169598727,0.930756298715668,8,21.0,0.0,0.027692307692307697
3357,-2.8,0.3065623649218656,0.9307253980553858,8,18.0,0.0,0.03461538461538461
3358,0.20000000000000007,0.03791826576015855,0.9307176730506114,2,8.0,0.0,0.007692307692307693
3359,0.7,0.0008253129204416343,0.9307138105722682,1,3.0,0.0,0.0038461538461538464
3360,-0.30000000000000004,0.07352255335782844,0.9306983608191878,4,13.0,0.0,0.02076923076923077
3361,-0.09999999999999998,0.11078650095658224,0.9306790489884896,5,11.0,0.0,0.02153846153846154
3362,-1.2,0.11916241134668012,0.930648150892861,8,22.0,0.0,0.025384615384615387
3363,-3.4000000000000004,0.3626994903590524,0.9306172538230344,8,24.0,0.0,0.050769230769230775
3364,-0.09999999999999987,0.1261390363495195,0.9305979436752927,5,11.0,0.0,0.016153846153846154
3365,-1.5000000000000002,0.09696010695041778,0.9305670482723214,8,25.0,0.0,0.03076923076923077
3366,0.09999999999999987,0.0877960140676503,0.9305554627606504,3,9.0,0.0,0.008076923076923077
3367,-3.2,0.2604557935009286,0.9305245687680249,8,22.0,0.0,0.05076923076923078
3368,0.4,0.054389125616572394,0.9305129837852217,3,6.0,0.0,0.012307692307692308
3369,0.9,0.0001433411197966361,0.9305091221563391,1,1.0,0.0,0.008461538461538461
3370,0.8,0.0011644626743445574,0.9305052605434821,1,2.0,0.0,0.0019230769230769232
3371,-1.9999999999999996,0.08953340613796143,0.9304743682175463,8,30.0,0.0,0.03076923076923077
3372,-0.30000000000000016,0.08077622827541862,0.9304550610346561,5,13.0,0.0,0.013461538461538462
3373,-3.5999999999999996,0.23609764704494807,0.9304241703753194,8,26.0,0.0,0.01846153846153846
3374,-3.0999999999999996,0.2114517468037776,0.9303932807415379,8,21.0,0.0,0.02769230769230769
3375,-3.4000000000000004,0.2399266963582744,0.9303623921332773,8,24.0,0.0,0.04615384615384615
3376,0.8,7.409109704870076e-06,0.93035853112935,1,2.0,0.0,0.007692307692307693
3377,0.6000000000000001,0.15000166739683202,0.9303508091695647,2,4.0,0.0,0.013846153846153845
3378,-0.40000000000000013,0.05680426568843992,0.9303315045505035,5,14.0,0.0,0.030000000000000002
3379,0.09999999999999998,0.05302326084122847,0.9303122003320099,5,9.0,0.0,0.02153846153846154
3380,-0.6999999999999998,0.11213912254325863,0.930289035798555,6,17.0,0.0,0.02692307692307693
3381,0.8,0.00045113669871676976,0.9302851750990565,1,2.0,0.0,0.004615384615384615
3382,-0.5,0.05452609728682676,0.9302620112385228,6,15.0,0.0,0.04153846153846154
3383,0.39999999999999997,0.12386639452735708,0.930254290079851,2,6.0,0.0,0.00923076923076923
3384,-3.0,0.21905426688998803,0.9302234060860134,8,20.0,1.0,0.06923076923076923
3385,-1.5000000000000002,0.07316914535438758,0.9301925231175093,8,25.0,0.0,0.05923076923076925
3386,0.3,0.015298417745149506,0.9301848025355878,2,7.0,0.0,0.012307692307692308
3387,-1.1,0.06498564108729908,0.930161641174305,6,21.0,0.0,0.04576923076923077
3388,-2.9,0.357685932733318,0.9301307602563664,8,19.0,0.0,0.05384615384615385
3389,-0.19999999999999996,0.10839504027103836,0.9301153201818609,4,12.0,0.0,0.021153846153846155
3390,0.30000000000000004,0.03773227636484225,0.9301076002407224,2,7.0,0.0,0.016153846153846154
3391,-3.8999999999999995,0.2648226935793687,0.9300767211169165,8,29.0,0.0,0.025384615384615387
3392,0.09999999999999998,0.030585300109252034,0.9300690014961496,2,9.0,0.0,0.008076923076923077
3393,0.5,0.00016649481826580548,0.9300651417097934,1,5.0,0.0,0.006923076923076922
3394,-3.3000000000000003,0.2491187630189115,0.9300342639955903,8,23.0,0.0,0.03807692307692308
3395,0.6000000000000001,0.04371585501965042,0.9300265447272168,2,4.0,0.0,0.006923076923076922
3396,-1.5000000000000002,0.09304859800753686,0.929995668294415,8,25.0,0.0,0.03807692307692308
3397,-2.9000000000000004,0.26181679096356975,0.9299647928866958,8,19.0,0.0,0.033846153846153845
3398,0.5,8.84821727140106e-05,0.9299609335328053,1,5.0,0.0,0.007692307692307693
3399,-2.9000000000000004,0.3055628744254548,0.9299300592782636,8,19.0,0.0,0.05500000000000001
3400,-2.8,0.3344216193893937,0.9298991860487322,8,18.0,0.0,0.04230769230769231
3401,0.6,2.1861233652331613e-05,0.9298953269671102,1,4.0,0.0,0.003076923076923077
3402,-3.0,0.31033812759992835,0.9298644548906749,8,20.0,0.0,0.060000000000000005
3403,-0.10000000000000009,0.13979367175311433,0.9298490192368112,4,11.0,0.0,0.016153846153846154
3404,0.6,1.9675110287109554e-05,0.9298451603633814,1,4.0,0.0,0.0026923076923076926
3405,-3.5,0.2585717519774091,0.9298142899524531,8,25.0,0.0,0.03807692307692308
3406,0.8,0.00010320560625365349,0.9298104312231498,1,2.0,0.0,0.004230769230769231
3407,0.9,0.00019662705047562845,0.9298065725098602,1,1.0,0.0,0.006153846153846154
3408,-3.7,0.2696084729819565,0.9297757033800298,8,27.0,0.0,0.02692307692307693
3409,0.6,1.7707599258343087e-05,0.9297718448108608,1,4.0,0.0,0.005384615384615385
3410,-0.6000000000000001,0.10467153848119236,0.9297486937321188,6,16.0,0.0,0.024230769230769236
3411,-0.9000000000000001,0.1148994152424201,0.9297216848688283,7,19.0,0.0,0.03384615384615385
3412,-3.4000000000000004,0.27332546069331326,0.9296908185572267,8,24.0,0.0,0.04846153846153847
3413,-3.0,0.25939505420068826,0.9296599532703719,8,20.0,0.0,0.02538461538461538
3414,-2.8,0.30694562123383806,0.9296290890082296,8,18.0,0.0,0.017307692307692305
3415,-2.8,0.2973305934374454,0.929598225770766,8,18.0,0.0,0.04
3416,-0.4,0.12052668483835244,0.9295827945362781,4,14.0,0.0,0.025384615384615387
3417,-3.1,0.22658848157386968,0.9295519328357685,8,21.0,0.0,0.024230769230769236
3418,0.8,0.0004060230288450706,0.9295480751952473,1,2.0,0.0,0.006923076923076922
3419,-3.8,0.2589075381337122,0.9295172146474033,8,28.0,0.0,0.050769230769230775
3420,-2.9000000000000004,0.2577586357411512,0.9294863551241145,8,19.0,0.0,0.02538461538461538
3421,-0.6,0.06252432742000719,0.9294709257466678,4,16.0,0.0,0.0038461538461538464
3422,-3.8,0.22214032094838848,0.9294400677601482,8,28.0,0.0,0.04230769230769231
3423,-3.6999999999999997,0.2651365602465112,0.9294092107980989,8,27.0,0.0,0.024230769230769236
3424,-0.5000000000000001,0.02279725008354326,0.9293899257170417,5,15.0,0.0,0.0376923076923077
3425,-0.20000000000000007,0.08085966400208316,0.9293706410361465,5,12.0,0.0,0.01846153846153846
3426,0.7,0.0007427816283974709,0.9293667841479862,1,3.0,0.0,0.0019230769230769232
3427,-0.09999999999999987,0.049359392123215204,0.9293513567554054,4,11.0,0.0,0.017307692307692305
3428,-0.5,0.10109674349325952,0.9293282161467072,6,15.0,0.0,0.03807692307692308
3429,0.19999999999999996,0.044468310319998185,0.9293166460584322,3,8.0,0.0,0.013846153846153845
3430,-0.7,0.07130580574212413,0.9292973628980775,5,17.0,0.0,0.028846153846153848
3431,-1.5000000000000002,0.1001285890921613,0.929266510673761,8,25.0,0.0,0.03461538461538462
3432,0.0,0.09027914104965042,0.9292549413537159,3,10.0,0.0,0.012307692307692308
3433,-0.40000000000000013,0.09861897412420864,0.9292395158177137,4,14.0,0.0,0.025384615384615387
3434,-3.4000000000000004,0.2745673511563681,0.9292086655138923,8,24.0,0.0,0.04
3435,0.5,0.05153419240840895,0.9291970969140164,3,5.0,0.0,0.01846153846153846
3436,0.30000000000000004,0.12915298138426423,0.9291855284581692,3,7.0,0.0,0.00923076923076923
3437,-1.2999999999999996,0.09187827597533012,0.929158535954626,7,23.0,0.0,0.02769230769230769
3438,0.6000000000000001,0.03934459959352271,0.9291508239547801,2,4.0,0.0,0.01153846153846154
3439,0.4,0.08102355460954626,0.9291392560750288,3,6.0,0.0,0.016923076923076923
3440,-2.7,0.2551378286030297,0.9291084090997823,8,17.0,0.0,0.01846153846153846
3441,0.6,1.4343155399276775e-05,0.9291045532998846,1,4.0,0.0,0.0019230769230769232
3442,-1.2,0.09952634613192071,0.9290737074767536,8,22.0,0.0,0.03461538461538462
3443,-3.0,0.2635111164427745,0.929042862677689,8,20.0,0.0,0.03692307692307692
3444,-3.3,0.2496153656911194,0.9290120189026568,8,23.0,0.0,0.04
3445,-3.2,0.23502931460377258,0.9289811761516231,8,22.0,0.0,0.050769230769230775
3446,0.5,0.10951562895848968,0.9289734656238605,2,5.0,0.0,0.01153846153846154
3447,-2.5,0.21198789601953144,0.928942624152777,8,15.0,0.0,0.03076923076923077
3448,0.0,0.10193784112564976,0.9289310588651024,3,10.0,0.0,0.00923076923076923
3449,0.20000000000000007,0.15984602300416936,0.9289194937214151,3,8.0,0.0,0.017307692307692305
3450,-3.7,0.30403480935351923,0.9288886540421728,8,27.0,0.0,0.05384615384615385
3451,-3.5,0.227879560336046,0.9288578153867931,8,25.0,0.0,0.03076923076923077
3452,-3.9000000000000004,0.36301886647227344,0.9288269777552417,8,29.0,0.0,0.029615384615384616
3453,0.19999999999999996,0.08139555426914062,0.9288154139073588,3,8.0,0.0,0.006153846153846154
3454,-3.6000000000000005,0.2487672394868253,0.9287845776835162,8,26.0,0.0,0.05384615384615386
3455,-3.4000000000000004,0.20869721322100324,0.9287537424834215,8,24.0,0.0,0.04615384615384616
3456,-3.9,0.21807231738365035,0.9287229083070404,8,29.0,0.0,0.02153846153846154
3457,-0.8999999999999999,0.07810694025426097,0.9286997833465462,6,19.0,0.0,0.029615384615384616
3458,-0.20000000000000007,0.06846956170468536,0.9286882210822271,3,12.0,0.0,0.023076923076923075
3459,-0.8,0.07692199561438835,0.9286650969854361,6,18.0,0.0,0.016153846153846154
3460,0.7,1.859297922135461e-05,0.9286612430252836,1,3.0,0.0,0.003461538461538461
3461,0.30000000000000004,0.004017169895063427,0.9286535351529603,2,7.0,0.0,0.010384615384615384
3462,0.9,0.00015926791088516357,0.9286496812407895,1,1.0,0.0,0.01076923076923077
3463,0.6,6.966378422135211e-05,0.9286458273446123,1,4.0,0.0,0.0038461538461538464
3464,-3.0999999999999996,0.26602889219442594,0.9286149967509618,8,21.0,0.0,0.050769230769230775
3465,-0.8,0.10299872614728332,0.9285918744774374,6,18.0,0.0,0.024230769230769226
3466,0.29999999999999993,0.07146843786529651,0.9285841671808719,2,7.0,0.0,0.005384615384615385
3467,0.09999999999999987,0.11972731388102366,0.9285687527796517,4,9.0,0.0,0.02076923076923077
3468,0.6,0.00013108470031708563,0.9285648992193276,1,4.0,0.0,0.005769230769230769
3469,-0.6000000000000001,0.07364451255900065,0.9285456316575902,5,16.0,0.0,0.01730769230769231
3470,-2.7,0.2757074273429342,0.9285148043903881,8,17.0,0.0,0.04153846153846154
3471,-3.0,0.26155045154020007,0.9284839781466365,8,20.0,0.0,0.01923076923076923
3472,0.09999999999999998,0.13864550028919204,0.928472418569081,3,9.0,0.0,0.021153846153846155
3473,0.0,0.054202047106602556,0.9284531529263013,5,10.0,0.0,0.029615384615384616
3474,0.6,0.0002740655444704032,0.9284492998457167,1,4.0,0.0,0.0015384615384615385
3475,-0.40000000000000013,0.13157673982173074,0.9284300346826464,5,14.0,0.0,0.016153846153846154
3476,-3.4000000000000004,0.2852571791176971,0.9283992112532081,8,24.0,0.0,0.024230769230769236
3477,-3.6999999999999997,0.24197740034303084,0.9283683888470928,8,27.0,0.0,0.03115384615384615
3478,-0.4999999999999999,0.1482064585860569,0.9283452727140417,6,15.0,0.0,0.04307692307692308
3479,-0.3999999999999999,0.06621392848485837,0.928329862278445,4,14.0,0.0,0.012307692307692308
3480,-0.5000000000000002,0.061607215153155856,0.9283105995936838,5,15.0,0.0,0.030000000000000002
3481,-0.30000000000000016,0.14284108775432344,0.9282951897336573,4,13.0,0.0,0.023076923076923075
3482,0.7,0.0006016531190019547,0.9282913373086199,1,3.0,0.0,0.0026923076923076926
3483,-0.7,0.05140312428454117,0.9282720754232452,5,17.0,0.0,0.03076923076923077
3484,0.6,0.0002466589900234073,0.9282682230941321,1,4.0,0.0,0.003461538461538461
3485,-2.7,0.25581599417921685,0.9282374050367604,8,17.0,0.0,0.038461538461538464
3486,-3.0,0.29787442826870636,0.9282065880025335,8,20.0,0.0,0.02769230769230769
3487,0.4,7.078573817120848e-05,0.9282027359451933,1,6.0,0.0,0.003076923076923077
3488,-1.4000000000000001,0.07972628121982363,0.9281719200619636,8,24.0,0.0,0.05500000000000001
3489,-0.19999999999999996,0.11735292528932989,0.9281565125040031,4,12.0,0.0,0.004615384615384615
3490,0.2,0.032608661522716256,0.9281488088209345,2,8.0,0.0,0.006923076923076922
3491,0.30000000000000004,0.0021104973091659873,0.9281411052018064,2,7.0,0.0,0.010384615384615384
3492,-0.5,0.07572523401877132,0.9281256981553693,4,15.0,0.0,0.015384615384615385
3493,-3.0999999999999996,0.22718057791105917,0.9280948848297571,8,21.0,0.0,0.04153846153846154
3494,-3.6000000000000005,0.26307384626780994,0.9280640725271325,8,26.0,0.0,0.013846153846153843
3495,-0.3999999999999999,0.04351017099762444,0.9280486667594298,4,14.0,0.0,0.02692307692307692
3496,-3.1,0.3634123948117942,0.9280178559912228,8,21.0,0.0,0.04615384615384615
3497,0.8,4.861116877474814e-06,0.9280140047171205,1,2.0,0.0,0.012307692307692308
3498,-0.9999999999999998,0.035424077500309924,0.9279985997805383,4,20.0,0.0,0.016923076923076923
3499,-2.3,0.18534892607652054,0.9279677906745306,8,13.0,0.0,0.050769230769230775
3500,0.9,0.0001290070078169281,0.9279639396081993,1,1.0,0.0,0.007692307692307693
3501,-3.3,0.2666584475624654,0.9279331316528927,8,23.0,0.0,0.02307692307692308
3502,0.7,0.0034460631858897472,0.9279254298238814,2,3.0,0.0,0.015000000000000001
3503,-0.10000000000000009,0.07367192551999058,0.9279061755310238,5,11.0,0.0,0.01884615384615385
3504,-0.5,0.06499859452062684,0.9278830709069648,6,15.0,0.0,0.02307692307692308
3505,0.6,0.00010617860725692374,0.9278792201922205,1,4.0,0.0,0.004615384615384615
3506,-1.3,0.059857918784257357,0.9278522656364602,7,23.0,0.0,0.03115384615384615
3507,-3.0,0.2071147970858079,0.9278214613886756,8,20.0,0.0,0.0038461538461538464
3508,-0.8999999999999999,0.0667972653822249,0.9277945085107876,7,19.0,0.0,0.045
3509,0.0,0.10302667181668346,0.9277829575170934,3,10.0,0.0,0.012692307692307694
3510,-0.5000000000000002,0.04462122390917488,0.9277675564158708,4,15.0,0.0,0.019230769230769232
3511,0.4,5.7336447918721056e-05,0.9277637061805117,1,6.0,0.0,0.0038461538461538464
3512,-3.3,0.24581527582991486,0.9277329048728586,8,23.0,0.0,0.030769230769230767
3513,0.7,0.0006685034655576905,0.9277290547813034,1,3.0,0.0,0.006923076923076922
3514,-2.7,0.22328468806895566,0.9276982546240597,8,17.0,0.0,0.02538461538461538
3515,0.0,0.06634654584094234,0.9276828549288965,4,10.0,0.0,0.018461538461538463
3516,0.09999999999999998,0.0059913869342231516,0.9276751551771776,2,9.0,0.0,0.005384615384615385
3517,-0.20000000000000007,0.07519561816020118,0.9276636056694263,3,12.0,0.0,0.015384615384615385
3518,-1.3,0.11681574455606404,0.9276366573771898,7,23.0,0.0,0.04
3519,-3.2,0.31265519013932,0.9276058602874955,8,22.0,0.0,0.031153846153846157
3520,-3.6000000000000005,0.27665249249082385,0.9275750642202496,8,26.0,0.0,0.057692307692307696
3521,-0.20000000000000007,0.13818972006103014,0.9275635159586255,3,12.0,0.0,0.01846153846153846
3522,0.6,0.00022199309102111098,0.9275596665700343,1,4.0,0.0,0.003461538461538461
3523,-3.5999999999999996,0.1661853084281214,0.9275288720363977,8,26.0,0.0,0.06769230769230769
3524,-0.8,0.08537107083640715,0.9275019276581246,7,18.0,0.0,0.03076923076923077
3525,-4.2,0.2708763933879864,0.927471135041392,8,32.0,0.0,0.04230769230769231
3526,-0.09999999999999987,0.11464405030238148,0.9274557391163903,4,11.0,0.0,0.012307692307692308
3527,0.8,8.232344116509971e-06,0.927451890175073,1,2.0,0.0,0.0038461538461538464
3528,-2.9000000000000004,0.19976342806018985,0.9274210992195606,8,19.0,0.0,0.033846153846153845
3529,-0.8999999999999997,0.12974014292768069,0.9273980066737765,6,19.0,0.0,0.01884615384615385
3530,0.19999999999999996,0.1325736458119907,0.9273903092862933,2,8.0,0.0,0.006923076923076922
3531,-3.0999999999999996,0.3231614233294146,0.9273595203752368,8,21.0,0.0,0.08307692307692308
3532,0.19999999999999996,0.09305200062261651,0.9273441263030271,4,8.0,0.0,0.016153846153846154
3533,0.6000000000000001,0.07409125591366011,0.92733642936275,2,4.0,0.0,0.010384615384615384
3534,-3.4000000000000004,0.25604547005890765,0.927305642240481,8,24.0,0.0,0.05076923076923076
3535,0.6,1.2908839859382404e-05,0.9273017939220657,1,4.0,0.0,0.003461538461538461
3536,-0.29999999999999993,0.012642804315299683,0.9272864008081092,4,13.0,0.0,0.015384615384615385
3537,-4.4,0.20402821641919575,0.9272556153467642,8,34.0,0.0,0.033846153846153845
3538,0.39999999999999997,0.1229490105914152,0.927244071062262,3,6.0,0.0,0.025
3539,0.49999999999999994,0.0214914526487677,0.9272363749524417,2,5.0,0.0,0.008076923076923077
3540,-0.8,0.12226275517195648,0.9272171349573544,5,18.0,0.0,0.01846153846153846
3541,-3.9000000000000004,0.2802745432962292,0.927186351795602,8,29.0,0.0,0.038461538461538464
3542,-3.7,0.34763232544794964,0.927155569655836,8,27.0,0.0,0.03115384615384615
3543,-0.9999999999999998,0.023273925441200542,0.9271401789691872,4,20.0,0.0,0.016923076923076923
3544,-0.5000000000000001,0.10556121533851617,0.9271247885380223,4,15.0,0.0,0.016923076923076923
3545,-2.9000000000000004,0.24508453391211732,0.9270940084421267,8,19.0,0.0,0.030000000000000002
3546,-3.7,0.24483959653379997,0.9270632293681154,8,27.0,0.0,0.03807692307692308
3547,-0.10000000000000009,0.10295468654300115,0.9270478402143058,4,11.0,0.0,0.02
3548,-0.10000000000000009,0.009797052675131002,0.9270286041312816,5,11.0,0.0,0.015384615384615385
3549,-1.9000000000000004,0.09528599294961079,0.926997827228662,8,29.0,0.0,0.02153846153846154
3550,-2.9000000000000004,0.20292939299315443,0.9269670513478205,8,19.0,0.0,0.03230769230769231
3551,-0.6000000000000001,0.1136676336080292,0.9269478169411514,5,16.0,0.0,0.019230769230769232
3552,-0.19999999999999996,0.09072703731659476,0.9269324297031761,4,12.0,0.0,0.026923076923076925
3553,-3.7,0.2646711203542621,0.9269016559935009,8,27.0,0.0,0.015384615384615385
3554,0.8,0.0009432147662190582,0.9268978093516286,1,2.0,0.0,0.0015384615384615385
3555,-3.9000000000000004,0.17411322241795818,0.9268670367913323,8,29.0,0.0,0.055
3556,0.5,0.05827856248808352,0.9268554973446131,3,5.0,0.0,0.01846153846153846
3557,-3.9,0.27111665369702415,0.9268247261890553,8,29.0,0.0,0.04153846153846154
3558,-1.1,0.09268389584934038,0.9268054947356087,5,21.0,0.0,0.02692307692307692
3559,-3.2,0.2563767387219043,0.9267747252401134,8,22.0,0.0,0.03807692307692308
3560,-0.09999999999999998,0.06576211469848375,0.9267593408754424,4,11.0,0.0,0.036538461538461534
3561,-0.6000000000000001,0.0967493161352887,0.92674011077873,5,16.0,0.0,0.020769230769230766
3562,-3.0999999999999996,0.3024680487754605,0.9267093434539503,8,21.0,0.0,0.04230769230769231
3563,0.6,1.045616028616525e-05,0.926705497610175,1,4.0,0.0,0.0026923076923076926
3564,-1.1102230246251565e-16,0.05735087019218784,0.9266901143946755,4,10.0,0.0,0.026923076923076925
3565,0.6000000000000001,0.03518646877669901,0.926682422882686,2,4.0,0.0,0.005384615384615385
3566,0.6000000000000001,0.011478836919534607,0.9266747314345359,2,4.0,0.0,0.010384615384615384
3567,-3.5999999999999996,0.20144698739241182,0.9266439662803191,8,26.0,0.0,0.045
3568,-1.2000000000000004,0.045558568840006836,0.9266132021474904,8,22.0,0.0,0.06346153846153846
3569,-1.5000000000000002,0.12448855935135307,0.9265824390360163,8,25.0,0.0,0.03807692307692308
3570,-0.8,0.07555045322990102,0.9265593673726541,6,18.0,0.0,0.026923076923076925
3571,-3.6,0.30669634434321863,0.9265286060484684,8,26.0,0.0,0.024615384615384615
3572,-0.30000000000000004,0.05067042023692576,0.9265132257693507,4,13.0,0.0,0.021153846153846155
3573,0.6,5.64276652192941e-05,0.9265093807394638,1,4.0,0.0,0.005
3574,-0.7999999999999998,0.15637566346150175,0.9264901558293809,5,18.0,0.0,0.018461538461538463
3575,-3.6999999999999997,0.3256539619642448,0.9264593968029852,8,27.0,0.0,0.04846153846153847
3576,0.09999999999999998,0.06573560053267587,0.9264478624313628,3,9.0,0.0,0.019230769230769232
3577,-0.7,0.07075644687824878,0.9264247941189233,6,17.0,0.0,0.03076923076923077
3578,-1.6,0.5343464459250445,0.9264132601781025,3,6.0,1.0,0.04153846153846154
3579,-1.5999999999999999,0.06182783340184741,0.9263901927272502,6,26.0,0.0,0.026923076923076925
3580,-2.8,0.28184862945185946,0.9263594370195812,8,18.0,0.0,0.04
3581,-0.7,0.05394966539446923,0.9263402152208048,5,17.0,0.0,0.011538461538461537
3582,0.10000000000000009,0.007807198050613931,0.9263286823329869,3,9.0,0.0,0.013846153846153845
3583,-1.0000000000000002,0.060800174130778574,0.9262979286674335,8,20.0,0.0,0.02538461538461538
3584,0.29999999999999993,0.05839751048424838,0.9262902404105788,2,7.0,0.0,0.006923076923076922
3585,0.8,0.0008488932895971413,0.9262863963060811,1,2.0,0.0,0.0038461538461538464
3586,0.20000000000000007,0.006595008711836668,0.926274864088306,3,8.0,0.0,0.011538461538461537
3587,-3.2,0.24986413403106264,0.9262441122094921,8,22.0,0.0,0.038461538461538464
3588,-1.3,0.058485066592849896,0.9262172051530273,7,23.0,0.0,0.03807692307692308
3589,-1.0,0.17280090891948344,0.9261941425838943,6,20.0,0.0,0.012307692307692308
3590,-2.9,0.21218622811139534,0.9261633933849954,8,19.0,0.0,0.023076923076923075
3591,-0.30000000000000004,0.08873214800138349,0.9261441756540906,5,13.0,0.0,0.006923076923076922
3592,-0.7,0.11116132620143215,0.9261249583219503,5,17.0,0.0,0.03384615384615385
3593,0.6000000000000001,0.00930328782619183,0.9261172715007464,2,4.0,0.0,0.00923076923076923
3594,-1.6,0.08871855678506026,0.9260903681289583,7,26.0,0.0,0.01846153846153846
3595,0.0,0.02478036336523304,0.9260788383517239,3,10.0,0.0,0.012307692307692308
3596,0.09999999999999998,0.003933566299369501,0.926071151913315,2,9.0,0.0,0.006923076923076922
3597,0.7,1.8309824921791673e-06,0.9260673087180346,1,3.0,0.0,0.003076923076923077
3598,-3.0,0.19024082102035572,0.9260365637299589,8,20.0,0.0,0.03076923076923077
3599,-1.0,0.08091838524166312,0.9260135056587506,6,20.0,0.0,0.01846153846153846
3600,-4.1,0.219864972353838,0.9259827624569106,8,31.0,0.0,0.030769230769230767
3601,-3.7,0.29927700220368747,0.9259520202757302,8,27.0,0.0,0.03115384615384615
3602,-1.4999999999999998,0.03740263725772133,0.9259212791151753,8,25.0,0.0,0.029615384615384623
3603,0.8,0.0002397525383026622,0.925917436541867,1,2.0,0.0,0.003461538461538461
3604,-0.8000000000000003,0.06550280427616201,0.9258943814368951,6,18.0,0.0,0.03230769230769231
3605,-0.7000000000000001,0.08605528548414776,0.9258674845399827,7,17.0,0.0,0.03692307692307692
3606,0.19999999999999996,0.07860229092675604,0.9258559575376374,3,8.0,0.0,0.007692307692307693
3607,-3.6,0.3197499554967375,0.9258252195663191,8,26.0,0.0,0.049999999999999996
3608,-3.4000000000000004,0.2794495071698232,0.9257944826154866,8,24.0,0.0,0.05192307692307692
3609,-3.8,0.24420649904718056,0.9257637466851062,8,28.0,0.0,0.033846153846153845
3610,-3.2,0.23239891333787005,0.9257330117751437,8,22.0,0.0,0.023076923076923075
3611,0.6,0.00017981440372716317,0.9257291699831448,1,4.0,0.0,0.003076923076923077
3612,-3.8,0.2727339207877567,0.9256984362211121,8,28.0,0.0,0.04923076923076923
3613,-0.3999999999999999,0.15194898051526182,0.9256792281379883,5,14.0,0.0,0.02769230769230769
3614,0.49999999999999994,0.019356551940564792,0.9256715450163373,2,5.0,0.0,0.015000000000000001
3615,0.7,0.000541487807101726,0.9256677034794255,1,3.0,0.0,0.004615384615384615
3616,-0.7,0.10900621992470497,0.9256484960340009,5,17.0,0.0,0.02076923076923077
3617,-3.5,0.2343760688800384,0.9256177649503046,8,25.0,0.0,0.04153846153846154
3618,0.6000000000000001,0.08545685812544826,0.9256100823387969,2,4.0,0.0,0.01076923076923077
3619,-1.2000000000000002,0.1089104910413184,0.9255831937006704,7,22.0,0.0,0.03076923076923077
3620,-3.5,0.275967539390335,0.9255524647849801,8,25.0,0.0,0.03846153846153847
3621,-3.5999999999999996,0.2037254079357606,0.9255217368894749,8,26.0,0.0,0.03461538461538462
3622,0.7,0.000394744611377118,0.9255178959742668,1,3.0,0.0,0.004230769230769231
3623,0.7,0.0003552701502393951,0.9255140550749985,1,3.0,0.0,0.0038461538461538464
3624,0.6000000000000001,0.058117258926092985,0.9255063733242811,2,4.0,0.0,0.00923076923076923
3625,-0.7000000000000001,0.08999287854141885,0.925483328454677,6,17.0,0.0,0.01884615384615385
3626,-3.1,0.2431928682806318,0.9254526028544645,8,21.0,0.0,0.031153846153846157
3627,-2.7,0.18645532536559567,0.9254218782743271,8,17.0,0.0,0.04230769230769231
3628,-0.30000000000000004,0.08199968188064807,0.9254026759297331,5,13.0,0.0,0.0376923076923077
3629,-3.8,0.2825872470924933,0.9253719530071457,8,28.0,0.0,0.050769230769230775
3630,-1.0000000000000002,0.06660627982829002,0.9253489114845729,6,20.0,0.0,0.02769230769230769
3631,-3.7,0.2333296368473115,0.9253181903469391,8,27.0,0.0,0.03461538461538462
3632,-0.4999999999999999,0.18896080738873197,0.9252951501630425,6,15.0,0.0,0.04923076923076923
3633,0.09999999999999987,0.04491860788321026,0.9252836302862306,3,9.0,0.0,0.01076923076923077
3634,-3.2,0.31503639688229945,0.925252911315901,8,22.0,0.0,0.06461538461538462
3635,-0.5,0.047207199319594516,0.9252413919649606,3,15.0,0.0,0.013846153846153845
3636,-1.4,0.07155187522239427,0.925210674396923,8,24.0,0.0,0.026923076923076925
3637,-1.0999999999999999,0.08355050835531243,0.9251799578486937,8,21.0,0.0,0.045
3638,0.3,0.01731151691996516,0.9251722788709775,2,7.0,0.0,0.01
3639,-3.2,0.26313436265709933,0.9251415635974612,8,22.0,0.0,0.03461538461538461
3640,-0.8999999999999999,0.03619678943794446,0.9251185278115251,6,19.0,0.0,0.05230769230769231
3641,-3.9000000000000004,0.3209888469728795,0.925087814322518,8,29.0,0.0,0.01846153846153846
3642,-2.6,0.21878559122920835,0.925064779874925,6,16.0,1.0,0.05538461538461538
3643,-3.3999999999999995,0.27162396831189095,0.9250340681703236,8,24.0,0.0,0.030769230769230767
3644,0.8,5.484769059305172e-05,0.9250302292789407,1,2.0,0.0,0.004230769230769231
3645,0.0,0.04152694856518004,0.9250187127003802,3,10.0,0.0,0.024615384615384615
3646,-3.5,0.2566267514624159,0.9249880025251868,8,25.0,0.0,0.04230769230769231
3647,0.4,0.0023726354192217247,0.9249803251406964,2,6.0,0.0,0.004615384615384615
3648,0.8,1.0163387798134416e-05,0.9249764864723471,1,2.0,0.0,0.004615384615384615
3649,-1.1,0.11739693852606739,0.9249572933695563,5,21.0,0.0,0.02692307692307692
3650,-1.0999999999999999,0.13492155459998556,0.9249265852334553,8,21.0,0.0,0.033846153846153845
3651,0.7,1.6478842429501483e-06,0.9249227467881266,1,3.0,0.0,0.0019230769230769232
3652,0.29999999999999993,0.10411384659393376,0.9249073931661067,4,7.0,0.0,0.01846153846153846
3653,-3.0,0.2502185843452278,0.9248766866866681,8,20.0,0.0,0.03230769230769231
3654,-3.5999999999999996,0.30392374929122296,0.9248459812266697,8,26.0,0.0,0.027692307692307697
3655,-0.7000000000000002,0.10904016099962811,0.9248191147854042,7,17.0,0.0,0.045
3656,-0.09999999999999998,0.049442995660667476,0.9247999249480487,5,11.0,0.0,0.03692307692307692
3657,-0.30000000000000004,0.0813466069930716,0.9247807355088792,5,13.0,0.0,0.02423076923076923
3658,-1.2,0.10592468854382711,0.9247538709629783,7,22.0,0.0,0.033846153846153845
3659,-1.5999999999999999,0.05492077399952103,0.9247231695804028,8,26.0,0.0,0.02115384615384616
3660,0.20000000000000007,0.01169212798453854,0.9247116568247197,3,8.0,0.0,0.013846153846153845
3661,-3.4,0.2327717726740679,0.9246809568436332,8,24.0,0.0,0.04153846153846154
3662,-3.0999999999999996,0.24833877505284074,0.9246502578817712,8,21.0,0.0,0.046538461538461535
3663,0.7,0.00020978347101485717,0.924646420583201,1,3.0,0.0,0.0038461538461538464
3664,0.6000000000000001,0.02850594122784378,0.9246387460338349,2,4.0,0.0,0.008461538461538461
3665,0.6,0.00016183296335448016,0.9246349087830389,1,4.0,0.0,0.004230769230769231
3666,-3.4000000000000004,0.25051499261064536,0.9246042113499505,8,24.0,0.0,0.03461538461538461
3667,0.7,1.4830958185996224e-06,0.9246003742424734,1,3.0,0.0,0.004230769230769231
3668,-0.9999999999999998,0.08226831281340768,0.9245773519320126,6,20.0,0.0,0.01730769230769231
3669,0.30000000000000004,0.08270981153781912,0.9245696779559152,2,7.0,0.0,0.01846153846153846
3670,-3.0,0.2811973645873187,0.9245389826884586,8,20.0,0.0,0.04153846153846154
3671,0.4,0.0019455701908615564,0.9245313090308251,2,6.0,0.0,0.00923076923076923
3672,-1.5000000000000002,0.14906390486466156,0.9245044517306732,7,25.0,0.0,0.03807692307692308
3673,-3.2,0.24687778933810595,0.9244737586286959,8,22.0,0.0,0.02769230769230769
3674,-3.8,0.26767557908474715,0.924443066545715,8,28.0,0.0,0.04653846153846154
3675,0.0,0.08215230226385495,0.9244315572773002,3,10.0,0.0,0.010384615384615384
3676,-0.9000000000000001,0.11062670128247805,0.9244047028749006,7,19.0,0.0,0.02307692307692308
3677,0.6,4.570640882761712e-05,0.9244008665953837,1,4.0,0.0,0.004615384615384615
3678,-3.2,0.27690737119768216,0.9243701769323829,8,22.0,0.0,0.023076923076923075
3679,0.4,0.07109260500528106,0.92435866857144,3,6.0,0.0,0.026923076923076925
3680,-0.20000000000000007,0.11526959577152789,0.9243471603537755,3,12.0,0.0,0.01076923076923077
3681,-3.2,0.3230906692782235,0.9243164724737961,8,22.0,0.0,0.03461538461538462
3682,0.20000000000000007,0.0313628954014345,0.924304964781471,3,8.0,0.0,0.00923076923076923
3683,-3.7,0.2669087302976421,0.9242742783023643,8,27.0,0.0,0.03461538461538462
3684,-3.6,0.31110690819606707,0.9242435928420338,8,26.0,0.0,0.02692307692307692
3685,0.6,0.00013108470031708563,0.9242397572311235,1,4.0,0.0,0.004615384615384615
3686,-3.1,0.23325418259800845,0.9242090729168762,8,21.0,0.0,0.04230769230769231
3687,-3.3,0.25548810504254593,0.9241783896213331,8,23.0,0.0,0.06346153846153846
3688,0.10000000000000003,0.17297126334398677,0.924170718956616,2,9.0,0.0,0.0038461538461538464
3689,0.9,8.46414978287191e-05,0.9241668836481323,1,1.0,0.0,0.008461538461538461
3690,-0.7999999999999999,0.15349750732340858,0.9241400369344058,7,18.0,0.0,0.03461538461538461
3691,0.5,0.00010923725026423803,0.9241362017532526,1,5.0,0.0,0.0038461538461538464
3692,-2.7,0.21644758950216691,0.924105520876997,8,17.0,0.0,0.03807692307692308
3693,-1.0000000000000002,0.06156030661745908,0.9240863458465923,5,20.0,0.0,0.030000000000000002
3694,-1.2000000000000002,0.09962365760964786,0.9240556666255288,8,22.0,0.0,0.024230769230769236
3695,-1.3999999999999997,0.08481081761001187,0.9240288231426167,7,24.0,0.0,0.024615384615384615
3696,-0.8999999999999999,0.08976871011876575,0.9240058150636306,6,19.0,0.0,0.02769230769230769
3697,-0.5,0.09685909731672232,0.9239866421021043,5,15.0,0.0,0.02769230769230769
3698,-0.10000000000000009,0.019039209799327068,0.9239751385161503,3,11.0,0.0,0.013846153846153845
3699,0.49999999999999994,0.07347744304125753,0.9239674695384138,2,5.0,0.0,0.008461538461538461
3700,0.3,0.08805304514944653,0.9239598006243297,2,7.0,0.0,0.011538461538461537
3701,-4.4,0.2690522619255135,0.9239291256045067,8,34.0,0.0,0.04615384615384615
3702,0.7,0.00048733902639153115,0.9239252912986354,1,3.0,0.0,0.0023076923076923075
3703,-3.7,0.26969894216702384,0.9238946174245053,8,27.0,0.0,0.024615384615384615
3704,0.3,0.0650076935768609,0.9238869491150925,2,7.0,0.0,0.01153846153846154
3705,-3.5,0.27298183872908016,0.9238562765139042,8,25.0,0.0,0.05076923076923076
3706,-1.3000000000000003,0.08667724884899382,0.9238294388232028,7,23.0,0.0,0.026923076923076925
3707,-3.2,0.20013497997844235,0.9237987681313286,8,22.0,0.0,0.031153846153846157
3708,-3.0,0.2641178867682348,0.9237680984577065,8,20.0,0.0,0.03384615384615385
3709,-3.7,0.2513423027951779,0.9237374298023029,8,27.0,0.0,0.04230769230769231
3710,-1.5000000000000002,0.026094786745176384,0.9237105955640554,7,25.0,0.0,0.061538461538461535
3711,0.8,6.668198734405273e-06,0.9237067621650839,1,2.0,0.0,0.007692307692307693
3712,-0.7,0.07647477838463948,0.92367992881772,7,17.0,0.0,0.04230769230769231
3713,-3.6,0.27670917559657143,0.9236492630895059,8,26.0,0.0,0.049999999999999996
3714,0.49999999999999994,0.03722527523182895,0.9236415968165298,2,5.0,0.0,0.013846153846153845
3715,0.10000000000000009,0.05693121035722587,0.9236300975263717,3,9.0,0.0,0.012307692307692308
3716,0.30000000000000004,0.004803137261561896,0.9236185983793791,3,7.0,0.0,0.026923076923076925
3717,-0.8,0.07094260651178602,0.9235956005148835,6,18.0,0.0,0.030769230769230767
3718,-3.2,0.26205637565624484,0.9235649375863285,8,22.0,0.0,0.02769230769230769
3719,-1.3,0.13856473778909184,0.9235381083589175,7,23.0,0.0,0.02153846153846154
3720,0.8,4.936292153379096e-05,0.9235342756757678,1,2.0,0.0,0.0015384615384615385
3721,-3.5,0.3004655449955254,0.9235036147831679,8,25.0,0.0,0.03807692307692308
3722,-4.2,0.24615208737068134,0.9234729549084947,8,32.0,0.0,0.02153846153846154
3723,0.20000000000000007,0.10848037252464256,0.9234614577179197,3,8.0,0.0,0.019230769230769232
3724,0.8,4.4426629380422966e-05,0.9234576253528701,1,2.0,0.0,0.003461538461538461
3725,-3.5,0.20649747051468692,0.9234269670050237,8,25.0,0.0,0.04
3726,-0.09999999999999998,0.009994249206564956,0.9234116382127936,4,11.0,0.0,0.021153846153846155
3727,-0.10000000000000009,0.06440654631316924,0.9233963096750198,4,11.0,0.0,0.02076923076923077
3728,-3.8,0.26466736068763863,0.9233656533628244,8,28.0,0.0,0.06461538461538463
3729,-0.19999999999999996,0.09118327411904656,0.9233503255883944,4,12.0,0.0,0.013846153846153845
3730,-0.7000000000000002,0.05665155821370014,0.9233311662281618,5,17.0,0.0,0.018461538461538463
3731,0.8,0.0006188432081163375,0.923327334403822,1,2.0,0.0,0.0038461538461538464
3732,0.6,0.00011797623028542148,0.9233235025953842,1,4.0,0.0,0.004615384615384615
3733,0.6,0.007012968191756286,0.9233158390262147,2,4.0,0.0,0.010384615384615384
3734,-1.3,0.05912836227184798,0.9232851853856061,8,23.0,0.0,0.060000000000000005
3735,-2.7,0.3085341100722101,0.9232545327626835,8,17.0,0.0,0.03076923076923077
3736,0.4,3.0470939218374404e-05,0.9232507012563727,1,6.0,0.0,0.004615384615384615
3737,-0.8999999999999998,0.12041494684418148,0.9232315439633278,5,19.0,0.0,0.02423076923076923
3738,0.4,0.10091550643292935,0.9232200497783066,3,6.0,0.0,0.015384615384615385
3739,-0.30000000000000004,0.11438228217494512,0.923204724420881,4,13.0,0.0,0.02
3740,-0.6,0.09472155296701255,0.9231855680818477,5,16.0,0.0,0.016153846153846154
3741,-0.3999999999999999,0.07178309642606187,0.923166412140305,5,14.0,0.0,0.018461538461538463
3742,0.29999999999999993,0.0696522614743406,0.9231549187661716,3,7.0,0.0,0.015000000000000001
3743,-1.0,0.15554990732182444,0.9231281014496588,7,20.0,0.0,0.04
3744,-3.0,0.21565551897823423,0.9231012849121796,7,20.0,1.0,0.06153846153846154
3745,0.0,0.14712041369100526,0.9230897923488768,3,10.0,0.0,0.012307692307692308
3746,-2.9,0.327544761411674,0.9230591462129089,8,19.0,0.0,0.06461538461538462
3747,0.8,9.147049018332076e-06,0.9230553155174521,1,2.0,0.0,0.0038461538461538464
3748,0.6,0.0063119552002922075,0.9230476541742307,2,4.0,0.0,0.00576923076923077
3749,-3.0,0.17971573639052701,0.9230170094372299,8,20.0,0.0,0.060000000000000005
3750,0.8,5.401240974922672e-06,0.9230131789166407,1,2.0,0.0,0.00923076923076923
3751,-2.8,0.30089403825034566,0.9229825353242018,8,18.0,0.0,0.038461538461538464
3752,-1.6999999999999997,0.1303054628009832,0.922955723015366,7,27.0,0.0,0.02769230769230769
3753,-1.4999999999999998,0.1729289062544368,0.9229250813304353,8,25.0,0.0,0.03461538461538461
3754,0.39999999999999997,0.009874270546758879,0.9229174210681553,2,6.0,0.0,0.0038461538461538464
3755,0.4,0.12299262538612821,0.9229059307939478,3,6.0,0.0,0.01846153846153846
3756,-0.5999999999999999,0.1585945510343255,0.922882950674691,6,16.0,0.0,0.019230769230769232
3757,0.5,0.012114360064048368,0.9228752907620947,2,5.0,0.0,0.007692307692307693
3758,0.3,0.11659029914278604,0.9228676309130757,2,7.0,0.0,0.008461538461538461
3759,0.39999999999999997,0.008887332605120757,0.9228599711276332,2,6.0,0.0,0.01
3760,-0.3999999999999999,0.05281947506311715,0.9228484815686745,3,14.0,0.0,0.015384615384615385
3761,-2.8,0.269054644478017,0.922817843444108,8,18.0,0.0,0.06461538461538462
3762,0.6000000000000001,0.045416381014417084,0.9228101840719006,2,4.0,0.0,0.005384615384615385
3763,-0.5999999999999999,0.09429895998379649,0.9227872063367125,6,16.0,0.0,0.051153846153846154
3764,0.8,4.375005189682923e-06,0.9227833767698063,1,2.0,0.0,0.005384615384615385
3765,0.5,0.03172096312216463,0.9227757176836718,2,5.0,0.0,0.006153846153846154
3766,-0.6999999999999998,0.10075584817995616,0.9227565702464543,5,17.0,0.0,0.020769230769230766
3767,-0.30000000000000004,0.08890358603800777,0.9227374232065427,5,13.0,0.0,0.04307692307692308
3768,0.5,0.028556653241147006,0.922729764501822,2,5.0,0.0,0.011538461538461537
3769,0.4,2.468146076689548e-05,0.9227259351732993,1,6.0,0.0,0.004230769230769231
3770,0.7,8.003667890998933e-06,0.9227221058606683,1,3.0,0.0,0.0038461538461538464
3771,-3.2,0.2191102085844635,0.9226914719317145,8,22.0,0.0,0.05500000000000001
3772,-3.4,0.30101770808656453,0.9226608390197923,8,24.0,0.0,0.057692307692307696
3773,-2.5999999999999996,0.1771115601807875,0.9226302071248681,8,16.0,0.0,0.03692307692307692
3774,0.6000000000000001,0.020785146562621093,0.922622549310039,2,4.0,0.0,0.0023076923076923075
3775,0.0,0.09874680915163248,0.9226110627069696,3,10.0,0.0,0.015384615384615385
3776,0.49999999999999994,0.07682149086444784,0.9226034050510388,2,5.0,0.0,0.00923076923076923
3777,-1.0999999999999999,0.10983022610431468,0.9225766037558001,7,21.0,0.0,0.03846153846153846
3778,-2.9000000000000004,0.2938970090883462,0.9225459746574459,8,19.0,0.0,0.03076923076923077
3779,-3.4000000000000004,0.2646382943281149,0.922515346575963,8,24.0,0.0,0.03076923076923077
3780,-1.1000000000000003,0.07073914584554028,0.9224847195113178,8,21.0,0.0,0.03076923076923077
3781,-0.30000000000000004,0.03630218032929034,0.9224694063602987,4,13.0,0.0,0.03230769230769231
3782,-1.5999999999999994,0.09857472461634652,0.9224426089576736,7,26.0,0.0,0.051923076923076926
3783,-0.29999999999999993,0.008772589262888464,0.9224234684324047,5,13.0,0.0,0.00923076923076923
3784,-3.5,0.3142014819075069,0.9223928444180697,8,25.0,0.0,0.05500000000000001
3785,0.3,0.07133066828941842,0.922385188573347,2,7.0,0.0,0.012307692307692308
3786,0.8,0.00012741432870821967,0.9223813606748144,1,2.0,0.0,0.007307692307692308
3787,-3.3,0.2347279877091103,0.9223507380584364,8,23.0,0.0,0.060000000000000005
3788,-3.4000000000000004,0.17926081503475377,0.9223201164587146,8,24.0,0.0,0.024615384615384612
3789,0.7,0.00043860512375237803,0.9223162888302313,1,3.0,0.0,0.005384615384615385
3790,-3.4,0.26248313732182793,0.9222856683742071,8,24.0,0.0,0.027692307692307697
3791,-1.0,0.14971043375366117,0.922258876309104,7,20.0,0.0,0.045
3792,0.10000000000000009,0.10077194525890998,0.9222473942337447,3,9.0,0.0,0.008076923076923077
3793,-4.1,0.31074803966360265,0.922216776064988,8,31.0,0.0,0.026923076923076925
3794,0.30000000000000004,0.1592418678874767,0.9222052945137745,3,7.0,0.0,0.012692307692307694
3795,-0.19999999999999984,0.07302752660013678,0.9221861589127396,5,12.0,0.0,0.006923076923076922
3796,0.4,0.06498231373891245,0.9221746777427082,3,6.0,0.0,0.008076923076923077
3797,0.8,0.00010320560625365349,0.9221708507177956,1,2.0,0.0,0.004230769230769231
3798,-3.8000000000000007,0.4144794422316288,0.9221402350902468,8,28.0,0.0,0.045
3799,0.8,0.0005012629985742256,0.9221364082082711,1,2.0,0.0,0.004615384615384615
3800,-3.2,0.16588151987240632,0.922105793724197,8,22.0,0.0,0.05230769230769231
3801,-0.8999999999999999,0.06903694582902781,0.9220828335281466,6,19.0,0.0,0.02769230769230769
3802,0.6000000000000001,0.03938661053077708,0.9220751802565089,2,4.0,0.0,0.012692307692307694
3803,-3.9000000000000004,0.1506892898597612,0.9220445678051733,8,29.0,0.0,0.04153846153846154
3804,0.8,4.4426629380422966e-05,0.922040741320217,1,2.0,0.0,0.00923076923076923
3805,-1.1,0.0914992595102837,0.9220177827439545,6,21.0,0.0,0.03384615384615385
3806,-2.5999999999999996,0.3245137527161529,0.9219871721981884,8,16.0,0.0,0.05076923076923076
3807,-3.8,0.2706338534921423,0.9219565626686776,8,28.0,0.0,0.04230769230769231
3808,-0.6,0.07568149761132603,0.921933606188442,6,16.0,0.0,0.02769230769230769
3809,0.8,0.00017477960042266982,0.9219297801639763,1,2.0,0.0,0.01076923076923077
3810,-3.1,0.22049645779480603,0.9218991725398534,8,21.0,0.0,0.02538461538461538
3811,-3.8,0.2295054988150756,0.921868565931889,8,28.0,0.0,0.04230769230769231
3812,-3.7,0.27191042981619495,0.9218379603400492,8,27.0,1.0,0.07384615384615385
3813,0.4,5.1602803126826746e-05,0.9218341347125137,1,6.0,0.0,0.003461538461538461
3814,-3.5,0.17973588084025638,0.9218035302637739,8,25.0,0.0,0.049999999999999996
3815,-0.5000000000000001,0.06470135663663688,0.9217805775940054,6,15.0,0.0,0.029615384615384616
3816,-3.1,0.2630995350349729,0.921749974923336,8,21.0,0.0,0.04230769230769231
3817,0.0,0.1608820112384666,0.9217384991837726,3,10.0,0.0,0.02153846153846154
3818,-0.09999999999999987,0.11100425449631153,0.9217193732686604,5,11.0,0.0,0.033846153846153845
3819,-0.4999999999999999,0.1409249066307727,0.9217040728223098,4,15.0,0.0,0.051153846153846154
3820,0.6,3.3319972035261713e-05,0.9217002477504076,1,4.0,0.0,0.004230769230769231
3821,-1.4000000000000001,0.0966609028529812,0.9216696477466504,8,24.0,0.0,0.015384615384615384
3822,-2.9000000000000004,0.24851638176352514,0.9216390487587983,8,19.0,0.0,0.065
3823,-3.8000000000000003,0.2314207162276038,0.9216084507868181,8,28.0,0.0,0.050769230769230775
3824,0.8,0.00015730164038041394,0.9216046261117473,1,2.0,0.0,0.006923076923076922
3825,-2.8,0.2878684500625243,0.9215740292825824,8,18.0,0.0,0.03807692307692308
3826,-3.3,0.23039896681247887,0.9215434334692173,8,23.0,0.0,0.05500000000000001
3827,-0.40000000000000013,0.07850521694770311,0.9215243116016849,5,14.0,0.0,0.01846153846153846
3828,0.6,8.60046718781371e-05,0.9215204872757918,1,4.0,0.0,0.004230769230769231
3829,0.5,9.831352523781423e-05,0.9215166629657696,1,5.0,0.0,0.008461538461538461
3830,-0.3999999999999999,0.148838217926365,0.9215051901309281,3,14.0,0.0,0.00923076923076923
3831,0.8,3.543754203638727e-06,0.9215013658843891,1,2.0,0.0,0.006153846153846154
3832,-2.9,0.25870331438350824,0.9214707724834139,8,19.0,0.0,0.038461538461538464
3833,-0.09999999999999998,0.09555718181314776,0.9214593002199066,3,11.0,0.0,0.01846153846153846
3834,-1.6000000000000003,0.09195310712892375,0.9214325321604996,7,26.0,0.0,0.029615384615384616
3835,-3.2,0.26774004587942346,0.9214019410447707,8,22.0,0.0,0.04153846153846154
3836,0.8,8.35965410654893e-05,0.9213981172267154,1,2.0,0.0,0.004615384615384615
3837,-0.10000000000000009,0.05954033937177664,0.921382822113182,4,11.0,0.0,0.013846153846153845
3838,0.7,7.203301101932347e-06,0.9213789983744702,1,3.0,0.0,0.0023076923076923075
3839,0.4,0.05262001009131745,0.9213713509446522,2,6.0,0.0,0.016153846153846154
3840,0.8,3.598556979811374e-05,0.9213675272535458,1,2.0,0.0,0.006923076923076922
3841,-3.7,0.20993880380234575,0.9213369382959485,8,27.0,0.0,0.04
3842,-1.5999999999999999,0.13554421554995183,0.9213139972441997,6,26.0,0.0,0.02423076923076923
3843,0.7,0.10131298269075503,0.92130635035389,2,3.0,0.0,0.012692307692307694
3844,-0.30000000000000004,0.10548338507827744,0.9212910567636771,4,13.0,0.0,0.013461538461538462
3845,0.6,7.74042046903789e-05,0.9212872334057916,1,4.0,0.0,0.0023076923076923075
3846,0.7,0.000394744611377118,0.9212834100637729,1,3.0,0.0,0.003076923076923077
3847,-0.10000000000000009,0.06176784890780757,0.921271940132918,3,11.0,0.0,0.016153846153846154
3848,-3.7,0.23125318409515266,0.921241354348767,8,27.0,0.0,0.030000000000000002
3849,0.8,1.3729229864090087e-06,0.9212375311971465,1,2.0,0.0,0.00923076923076923
3850,0.4,0.07763992281939062,0.9212260618374811,3,6.0,0.0,0.00923076923076923
3851,-0.3999999999999999,0.09060261873730363,0.9212031235465276,6,14.0,0.0,0.024615384615384615
3852,-0.10000000000000009,0.12424272683090835,0.9211840087403675,5,11.0,0.0,0.021153846153846155
3853,0.09999999999999998,0.001112952956330307,0.9211763629289602,2,9.0,0.0,0.00923076923076923
3854,0.6000000000000001,0.0258472421667586,0.9211687171810129,2,4.0,0.0,0.00923076923076923
3855,0.0,0.06264241834580751,0.9211572486780785,3,10.0,0.0,0.012692307692307694
3856,0.5,0.039632043807868916,0.921149603088779,2,5.0,0.0,0.006923076923076922
3857,-0.3999999999999999,0.03371745421274677,0.9211266667016283,6,14.0,0.0,0.04307692307692308
3858,-3.3999999999999995,0.26336233954776367,0.9210960857404854,8,24.0,0.0,0.02307692307692308
3859,0.8,0.0003654207259605746,0.9210922631917297,1,2.0,0.0,0.005
3860,-3.3999999999999995,0.24448367385857908,0.9210616833727666,8,24.0,0.0,0.05500000000000001
3861,-1.0999999999999999,0.059991395926531695,0.9210387491747941,6,21.0,0.0,0.02769230769230769
3862,-0.10000000000000009,0.08597996253414956,0.9210234600267332,4,11.0,0.0,0.02153846153846154
3863,0.8,3.2387012818269056e-05,0.9210196377793741,1,2.0,0.0,0.011538461538461537
3864,-3.2,0.29045120436563016,0.9209890603715395,8,22.0,0.0,0.04230769230769231
3865,-0.30000000000000004,0.10078959182412708,0.9209699500071535,5,13.0,0.0,0.007692307692307693
3866,-0.9,0.08472507617723343,0.9209508400393044,5,19.0,0.0,0.029615384615384616
3867,0.6000000000000001,0.023264121107217206,0.9209431961631932,2,4.0,0.0,0.012692307692307694
3868,0.19999999999999996,0.045847297536229216,0.9209317304679838,3,8.0,0.0,0.007692307692307693
3869,-0.4999999999999999,0.13671785112483098,0.9209049777342871,7,15.0,0.0,0.03076923076923077
3870,-1.4,0.12071490442855917,0.9208744041331108,8,24.0,0.0,0.05538461538461538
3871,-0.5999999999999999,0.09954749415850571,0.9208591177131606,4,16.0,0.0,0.026923076923076925
3872,-0.7999999999999999,0.1246923805573363,0.9208323670888382,7,18.0,0.0,0.02153846153846154
3873,0.19999999999999996,0.061103874919019585,0.9208209027734451,3,8.0,0.0,0.012307692307692308
3874,-0.30000000000000004,0.08989998676695407,0.9208017958983004,5,13.0,0.0,0.04576923076923078
3875,0.4,4.6442522814160725e-05,0.9207979745708474,1,6.0,0.0,0.0015384615384615385
3876,0.6,6.966378422135211e-05,0.920794153259253,1,4.0,0.0,0.0007692307692307692
3877,0.8,2.870440904967353e-06,0.9207903319635169,1,2.0,0.0,0.006153846153846154
3878,-0.8999999999999999,0.07316071617145756,0.9207674045221244,6,19.0,0.0,0.035
3879,-3.0,0.2747697512920706,0.9207368354883122,8,20.0,0.0,0.05384615384615385
3880,-0.20000000000000007,0.08139136979364357,0.9207253723622825,3,12.0,0.0,0.01846153846153846
3881,-3.1,0.2094021105608848,0.9206948047239178,8,21.0,0.0,0.02307692307692308
3882,-4.1,0.28768054850474584,0.9206642381003842,8,31.0,0.0,0.027692307692307686
3883,-3.3,0.2631871820822349,0.9206336724916477,8,23.0,0.0,0.04230769230769231
3884,0.9,4.997995805289257e-05,0.9206298518619069,1,1.0,0.0,0.003076923076923077
3885,0.6,4.050930731192004e-06,0.9206260312480217,1,4.0,0.0,0.005
3886,-1.6000000000000003,0.09322265485987603,0.9205954669077343,8,26.0,0.0,0.04230769230769231
3887,0.20000000000000007,0.05734554149071719,0.9205840055417362,3,8.0,0.0,0.013846153846153845
3888,0.09999999999999987,0.04041594933996971,0.9205687239423725,4,9.0,0.0,0.023076923076923075
3889,-3.7,0.24389773825740818,0.92053816150466,8,27.0,0.0,0.024230769230769236
3890,-0.5,0.11947526238345639,0.9205114202039996,7,15.0,0.0,0.029615384615384616
3891,0.49999999999999994,0.02442362718322219,0.9205037799750654,2,5.0,0.0,0.02423076923076923
3892,-2.9,0.2585933691689094,0.9204732196934613,8,19.0,0.0,0.02769230769230769
3893,0.7,2.5116357917909227e-06,0.9204693997295996,1,3.0,0.0,0.003461538461538461
3894,-0.19999999999999996,0.07106203740211081,0.9204541200326806,4,12.0,0.0,0.011538461538461537
3895,-0.19999999999999984,0.0509758139270221,0.9204312009628783,6,12.0,0.0,0.049999999999999996
3896,-2.9,0.28277758769886374,0.9204006430908624,8,19.0,0.0,0.057692307692307696
3897,-3.4000000000000004,0.3995313748514637,0.9203700862333531,8,24.0,0.0,0.02769230769230769
3898,0.19999999999999996,0.041458824542159614,0.9203586276733328,3,8.0,0.0,0.019230769230769232
3899,-3.5,0.31027669642192035,0.920328072210715,8,25.0,0.0,0.03807692307692308
3900,-1.3000000000000003,0.07988135859312796,0.9203051562794711,6,23.0,0.0,0.03692307692307692
3901,-3.9000000000000004,0.25473686693428577,0.9202746025920778,8,29.0,0.0,0.03076923076923077
3902,-1.6999999999999997,0.14042331342252576,0.9202516879922135,6,27.0,0.0,0.025384615384615387
3903,-0.30000000000000004,0.07791495394490405,0.9202325929281774,5,13.0,0.0,0.02423076923076923
3904,-0.40000000000000013,0.0561671217312089,0.9202134982603607,5,14.0,0.0,0.015384615384615385
3905,-3.3,0.3203285688000486,0.9201829476159694,8,23.0,0.0,0.04230769230769231
3906,-0.4999999999999998,0.06993352550033309,0.9201523979858449,8,15.0,0.0,0.038461538461538464
3907,0.7,5.251206503187333e-06,0.9201485793533933,1,3.0,0.0,0.0019230769230769232
3908,-0.5,0.0549405687327789,0.9201294864288438,5,15.0,0.0,0.01884615384615385
3909,0.0,0.07155155266134942,0.9201180308642786,3,10.0,0.0,0.026153846153846156
3910,0.20000000000000007,0.06278019569166997,0.9201103939004691,2,8.0,0.0,0.00923076923076923
3911,-0.8,0.10566989489567465,0.920087483389359,6,18.0,0.0,0.04307692307692308
3912,-0.09999999999999998,0.17384994829833766,0.9200722100322117,4,11.0,0.0,0.016153846153846154
3913,-3.4,0.274176599853558,0.9200416640785214,8,24.0,0.0,0.01730769230769231
3914,0.5,0.0072498795458735,0.9200340277485549,2,5.0,0.0,0.005384615384615385
3915,-0.5999999999999999,0.05966810017536327,0.9200149372009315,5,16.0,0.0,0.03807692307692308
3916,0.5,0.013680730390688872,0.9200073010927978,2,5.0,0.0,0.006153846153846154
3917,-2.1,0.09038862182878715,0.9199767572940531,8,31.0,0.0,0.02769230769230769
3918,-3.3,0.3240885209641568,0.919946214509348,8,23.0,0.0,0.026923076923076925
3919,-3.0,0.27925700583289026,0.9199156727386485,8,20.0,0.0,0.04615384615384616
3920,-1.1,0.1310496042800674,0.9198927670760447,6,21.0,0.0,0.02153846153846154
3921,-1.7000000000000002,0.1494264432913171,0.9198622270797742,8,27.0,0.0,0.04153846153846154
3922,0.0,0.10545066543329533,0.9198507748425739,3,10.0,0.0,0.01846153846153846
3923,0.6,2.6989177348557547e-05,0.9198469574618584,1,4.0,0.0,0.006538461538461539
3924,-4.1,0.3278199517146484,0.919816418986445,8,31.0,0.0,0.03230769230769231
3925,-3.6999999999999993,0.34386542481468413,0.919785881524894,8,27.0,0.0,0.04153846153846154
3926,-0.8,0.16507569297156652,0.919766796126262,5,18.0,0.0,0.02307692307692308
3927,0.7,0.00023309274557203885,0.9197629790940581,1,3.0,0.0,0.004230769230769231
3928,-4.0,0.2747476981496723,0.919732443406686,8,30.0,1.0,0.06153846153846154
3929,-3.0999999999999996,0.22089286219002668,0.9197019087330839,8,21.0,0.0,0.06346153846153846
3930,-3.4000000000000004,0.25306496552942126,0.9196713750732182,8,24.0,0.0,0.03461538461538461
3931,-3.3,0.2084659018616477,0.9196408424270552,8,23.0,0.0,0.054999999999999986
3932,-0.5000000000000002,0.06538461034346854,0.9196255764841018,4,15.0,0.0,0.013846153846153845
3933,-3.3000000000000003,0.33348819308029587,0.91959504535843,8,23.0,0.0,0.04653846153846154
3934,0.7,4.1887006452245856e-07,0.9195912290389917,1,3.0,0.0,0.005
3935,-3.2,0.2657258012445364,0.9195606990536387,8,22.0,0.0,0.02692307692307693
3936,-0.6,0.10817545464855507,0.9195416183275041,5,16.0,0.0,0.03230769230769231
3937,0.7,2.034424991359529e-06,0.9195378022297881,1,3.0,0.0,0.005384615384615385
3938,0.6000000000000001,0.015836535927221507,0.9195301700818663,2,4.0,0.0,0.008461538461538461
3939,-3.0,0.28798224065725403,0.9194996421236411,8,20.0,0.0,0.019230769230769232
3940,-0.6,0.1594436194984589,0.9194805626644272,5,16.0,0.0,0.03461538461538462
3941,0.8,0.00014157147634241696,0.9194767468200922,1,2.0,0.0,0.006923076923076922
3942,-3.3999999999999995,0.30072471906495124,0.9194462206354934,8,24.0,0.0,0.050769230769230775
3943,0.0,0.0880825372727347,0.9194271422847663,5,10.0,0.0,0.02153846153846154
3944,-0.30000000000000004,0.05193846393477664,0.9194118798892131,4,13.0,0.0,0.023076923076923075
3945,0.29999999999999993,0.08029671682590774,0.9194004332588123,3,7.0,0.0,0.012692307692307694
3946,0.8,1.000860857081065e-06,0.9193966177470143,1,2.0,0.0,0.006153846153846154
3947,-3.3,0.26952996306747146,0.9193660942226622,8,23.0,0.0,0.021153846153846155
3948,-3.3,0.25465665657088765,0.9193355717116765,8,23.0,0.0,0.06153846153846154
3949,0.30000000000000004,0.005806084518207327,0.9193279412422645,2,7.0,0.0,0.010384615384615384
3950,-0.20000000000000007,0.08645436478027563,0.9193088653458144,5,12.0,0.0,0.009615384615384616
3951,-0.09999999999999987,0.13623180326953685,0.9192974199979392,3,11.0,0.0,0.013846153846153845
3952,-0.6000000000000001,0.11341902139107303,0.9192783447347999,5,16.0,0.0,0.02423076923076923
3953,0.20000000000000007,0.10807093992641095,0.9192707147403709,2,8.0,0.0,0.003461538461538461
3954,0.39999999999999997,0.006479704761040622,0.9192630848092708,2,6.0,0.0,0.006153846153846154
3955,0.7,0.00010033878385773409,0.9192592698674689,1,3.0,0.0,0.0023076923076923075
3956,-3.3,0.3421978450863842,0.9192287509030002,8,23.0,0.0,0.02692307692307693
3957,-0.09999999999999998,0.11867575850399102,0.9192173065525457,3,11.0,0.0,0.01846153846153846
3958,0.0,0.12007087240563666,0.919202047640244,4,10.0,0.0,0.026923076923076925
3959,-0.19999999999999996,0.12105094626087815,0.9191906036222438,3,12.0,0.0,0.008076923076923077
3960,0.49999999999999994,0.12420628831806442,0.9191829743560646,2,5.0,0.0,0.008076923076923077
3961,0.6,6.966378422135211e-05,0.919179159746721,1,4.0,0.0,0.0023076923076923075
3962,0.09999999999999987,0.10859935447024101,0.9191639014676525,4,9.0,0.0,0.02076923076923077
3963,-3.2,0.18897572641312688,0.9191333856693686,8,22.0,0.0,0.02769230769230769
3964,0.3,0.12945509146036188,0.9191257568780975,2,7.0,0.0,0.01076923076923077
3965,-0.7,0.12047748803077983,0.9190990566072805,7,17.0,0.0,0.026923076923076925
3966,0.4,0.03452935613674124,0.9190914281009399,2,6.0,0.0,0.00576923076923077
3967,-0.7000000000000002,0.036283646064917595,0.9190685429618148,6,17.0,0.0,0.03384615384615385
3968,0.7,3.4453165868031377e-06,0.9190647288273616,1,3.0,0.0,0.003461538461538461
3969,-1.5,0.05317450227915317,0.9190342163215615,8,25.0,0.0,0.03807692307692308
3970,0.30000000000000004,0.14443250646310118,0.9190265883533941,2,7.0,0.0,0.00576923076923077
3971,0.7,0.0015044521312261305,0.9190189604485387,2,3.0,0.0,0.016153846153846154
3972,0.7,0.06647660218285845,0.9190113326069947,2,3.0,0.0,0.010384615384615384
3973,0.09999999999999998,0.11411437437208005,0.9189998909633867,3,9.0,0.0,0.016923076923076923
3974,-3.6,0.20192843366639163,0.9189693806101724,8,26.0,0.0,0.03807692307692308
3975,0.19999999999999996,0.053265626069837944,0.9189579394888646,3,8.0,0.0,0.01730769230769231
3976,0.6000000000000001,0.006562430559198029,0.9189503121537936,2,4.0,0.0,0.015000000000000001
3977,-2.7,0.2776532962564584,0.9189198034465721,8,17.0,0.0,0.038461538461538464
3978,-3.7,0.2453959062955139,0.9188892957522249,8,27.0,0.0,0.03807692307692308
3979,-3.0,0.30569405356904017,0.9188587890707184,8,20.0,0.0,0.03692307692307692
3980,-3.9,0.28310512990293457,0.918828283402019,8,29.0,0.0,0.04230769230769231
3981,-0.19999999999999996,0.04850526097751031,0.9188092178733831,5,12.0,0.0,0.02153846153846154
3982,-3.3000000000000003,0.3231740243855301,0.9187787138504236,8,23.0,0.0,0.05769230769230768
3983,0.3,0.019445608968273187,0.9187710880029223,2,7.0,0.0,0.004615384615384615
3984,0.6000000000000001,0.00070942165501231,0.9187634622187154,2,4.0,0.0,0.012692307692307694
3985,0.6000000000000001,0.012827779699897568,0.9187558364978025,2,4.0,0.0,0.006923076923076922
3986,-3.4000000000000004,0.25071828669050733,0.9187253342470786,8,24.0,0.0,0.03461538461538462
3987,0.8,2.3610132344531465e-05,0.9187215215369415,1,2.0,0.0,0.0038461538461538464
3988,0.6,2.392034087472794e-06,0.9187177088426272,1,4.0,0.0,0.003461538461538461
3989,-0.19999999999999996,0.11993728406134291,0.9187024582235959,4,12.0,0.0,0.026923076923076925
3990,0.7,1.6478842429501483e-06,0.9186986456083942,1,3.0,0.0,0.0023076923076923075
3991,0.5,7.167055989837356e-05,0.918694833009015,1,5.0,0.0,0.007692307692307693
3992,0.8,2.3610132344531465e-05,0.918691020425458,1,2.0,0.0,0.006153846153846154
3993,-2.7,0.28158555665365853,0.9186605203265968,8,17.0,0.0,0.05076923076923076
3994,-0.40000000000000013,0.04491096452271051,0.918645270656889,4,14.0,0.0,0.02153846153846154
3995,0.7,8.127441492467025e-05,0.9186414582790158,1,3.0,0.0,0.003461538461538461
3996,-4.0,0.254586408713679,0.9186109598255939,8,30.0,0.0,0.046538461538461535
3997,-0.30000000000000004,0.07703527661862374,0.9185918988063846,5,13.0,0.0,0.04923076923076923
3998,0.39999999999999997,0.020154444323138176,0.918584274509445,2,6.0,0.0,0.016153846153846154
3999,0.8,6.566648083072835e-07,0.9185804623847058,1,2.0,0.0,0.004615384615384615
4000,0.09999999999999998,0.010943031794567029,0.9185728381826883,2,9.0,0.0,0.012692307692307694
4001,-1.3999999999999997,0.09695247978974554,0.9185461539739597,7,24.0,0.0,0.04307692307692308
4002,-0.9999999999999999,0.09523607732152692,0.9185156586845947,8,20.0,0.0,0.03692307692307692
4003,0.09999999999999998,0.01842694142764521,0.9185042232121015,3,9.0,0.0,0.011538461538461537
4004,0.09999999999999987,0.0905593320883711,0.9184927878819793,3,9.0,0.0,0.010384615384615384
4005,0.8,2.1249119110056114e-05,0.9184889761369096,1,2.0,0.0,0.006153846153846154
4006,-0.4,0.08685553507384476,0.9184737293148177,4,14.0,0.0,0.017307692307692305
4007,0.19999999999999996,0.00836711775263719,0.9184622943643431,3,8.0,0.0,0.016153846153846154
4008,-1.0999999999999996,0.11869963275126023,0.9184318018590768,8,21.0,0.0,0.065
4009,-1.2000000000000002,0.08972836346553997,0.918401310366147,8,22.0,0.0,0.038461538461538464
4010,0.8,4.4426629380422966e-05,0.918397499000709,1,2.0,0.0,0.005384615384615385
4011,-0.6000000000000001,0.09071245038662752,0.9183784424107752,5,16.0,0.0,0.035
4012,0.4,8.60589323958827e-06,0.9183746311402392,1,6.0,0.0,0.0019230769230769232
4013,0.0,0.05265383480161441,0.9183555750248095,5,10.0,0.0,0.04615384615384614
4014,-3.1,0.3156684188560325,0.9183250860625738,8,21.0,0.0,0.05
4015,0.10000000000000003,0.09879241054493108,0.9183174639801753,2,9.0,0.0,0.0038461538461538464
4016,0.6000000000000001,0.004784099640906925,0.91830984196104,2,4.0,0.0,0.01153846153846154
4017,-0.19999999999999996,0.009620025113134931,0.9182984090509544,3,12.0,0.0,0.016923076923076923
4018,0.6000000000000001,0.007852077949968006,0.9182907871899747,2,4.0,0.0,0.010384615384615384
4019,-2.7,0.303181599787308,0.9182603003786637,8,17.0,0.0,0.023076923076923075
4020,0.09999999999999998,0.04409596381299907,0.9182488680853682,3,9.0,0.0,0.021153846153846155
4021,-2.7,0.20126999323188974,0.9182183826657514,8,17.0,0.0,0.04230769230769231
4022,0.4,0.025175525959505868,0.9182107614689893,2,6.0,0.0,0.01153846153846154
4023,-1.1,0.10141333585042327,0.9181802773144938,8,21.0,0.0,0.03076923076923077
4024,0.30000000000000004,0.12999054789603992,0.9181726564340056,2,7.0,0.0,0.015000000000000001
4025,0.5,4.702305434928222e-05,0.9181688460174814,1,5.0,0.0,0.006153846153846154
4026,-0.09999999999999987,0.0823499394703454,0.9181574148627879,3,11.0,0.0,0.015000000000000001
4027,-2.8,0.2558764954751393,0.9181269324793742,8,18.0,0.0,0.05076923076923076
4028,-3.1,0.22271109983983256,0.9180964511079608,8,21.0,0.0,0.026923076923076925
4029,0.6,1.7707599258343087e-05,0.9180926410076887,1,4.0,0.0,0.004615384615384615
4030,0.7,2.5116357917909227e-06,0.9180888309232286,1,3.0,0.0,0.004230769230769231
4031,-0.8000000000000002,0.06787859605046,0.9180621607747355,7,18.0,0.0,0.038461538461538464
4032,-0.30000000000000016,0.07330133224586653,0.9180469210377343,4,13.0,0.0,0.028846153846153848
4033,0.8,2.1249119110056114e-05,0.9180431111430121,1,2.0,0.0,0.003461538461538461
4034,0.9,1.7426933810127387e-05,0.9180393012641008,1,1.0,0.0,0.007692307692307693
4035,-2.5999999999999996,0.31032973645598744,0.9180088228020014,8,16.0,0.0,0.03769230769230769
4036,-3.8000000000000007,0.1790535878494275,0.9179783453517724,8,28.0,0.0,0.045
4037,-0.09999999999999998,0.11331758930428792,0.9179669165688022,3,11.0,0.0,0.015384615384615385
4038,-3.8999999999999995,0.2828365122388151,0.9179364405098397,8,29.0,0.0,0.01153846153846154
4039,-0.2999999999999998,0.05263933138451856,0.9179173934867901,5,13.0,0.0,0.02076923076923077
4040,-0.19999999999999996,0.16425310981001345,0.9178983468589631,5,12.0,0.0,0.008076923076923077
4041,-1.1,0.14428334396608303,0.9178754914272527,6,21.0,0.0,0.0623076923076923
4042,-3.3,0.2897824294082058,0.9178450184035608,8,23.0,0.0,0.05923076923076923
4043,-2.7,0.2722841329850824,0.9178145463915586,8,17.0,0.0,0.027692307692307697
4044,0.3,0.04668958036615292,0.9178069285466306,2,7.0,0.0,0.006923076923076922
4045,0.10000000000000009,0.11424640041967313,0.9177916930464581,4,9.0,0.0,0.02769230769230769
4046,-3.2,0.30709946842319313,0.9177612228048322,8,22.0,0.0,0.02961538461538462
4047,-2.8,0.26402565072670825,0.9177307535748036,8,18.0,0.0,0.03461538461538462
4048,-0.4,0.040558480853269026,0.9177117108197226,5,14.0,0.0,0.026923076923076925
4049,0.8,3.877540026842041e-07,0.9177079023161226,1,2.0,0.0,0.006153846153846154
4050,0.5,0.00997942997762749,0.9177002853563387,2,5.0,0.0,0.005384615384615385
4051,-1.1,0.08004525641850375,0.9176774348563086,6,21.0,0.0,0.05500000000000001
4052,-2.6,0.3325667877217221,0.9176469684079994,8,16.0,0.0,0.04615384615384616
4053,0.8,1.721178647917654e-05,0.9176431601730806,1,2.0,0.0,0.005384615384615385
4054,-3.9,0.1622937528040402,0.9176126948626744,8,29.0,0.0,0.030769230769230767
4055,-0.8999999999999999,0.10607831818370525,0.9175936545572912,5,19.0,0.0,0.029615384615384616
4056,-1.2000000000000002,0.132756094302438,0.9175708067123405,6,22.0,0.0,0.011538461538461537
4057,0.09999999999999998,0.012997902886117657,0.9175631908904477,2,9.0,0.0,0.00576923076923077
4058,-0.3999999999999999,0.04267145053173084,0.917547959436295,4,14.0,0.0,0.02
4059,0.6,3.7022191150315464e-05,0.9175441516122633,1,4.0,0.0,0.004230769230769231
4060,0.8,1.549060783123668e-05,0.9175403438040342,1,2.0,0.0,0.004615384615384615
4061,-1.3,0.08973033781590971,0.9175098819070817,8,23.0,0.0,0.04153846153846154
4062,0.8,1.2356306877681078e-06,0.9175060742410718,1,2.0,0.0,0.006923076923076922
4063,-2.8999999999999995,0.25100668973278206,0.9174756134818525,8,19.0,0.0,0.05384615384615384
4064,-3.1,0.21607962117940688,0.9174451537339157,8,21.0,0.0,0.04615384615384616
4065,0.7,2.260472212634035e-06,0.9174413463365277,1,3.0,0.0,0.003076923076923077
4066,0.7,3.0535627704164625e-07,0.9174375389549405,1,3.0,0.0,0.0023076923076923075
4067,-2.8999999999999995,0.2860616758543264,0.9174070804710596,8,19.0,0.0,0.06461538461538462
4068,0.7,2.034424991359529e-06,0.9174032732316756,1,3.0,0.0,0.004615384615384615
4069,-3.3,0.2388096397385782,0.9173728158854001,8,23.0,0.0,0.03076923076923077
4070,-1.1,0.11971636451849221,0.9173461665368848,7,21.0,0.0,0.04
4071,0.4,3.385659913152095e-05,0.9173423595502938,1,6.0,0.0,0.0023076923076923075
4072,0.8,9.007747713285497e-07,0.9173385525795016,1,2.0,0.0,0.005384615384615385
4073,-3.5999999999999996,0.3001838249211273,0.9173080973819207,8,26.0,0.0,0.02692307692307693
4074,0.30000000000000004,0.0004407587097630672,0.9173004837405108,2,7.0,0.0,0.01153846153846154
4075,0.6,1.4343155399276775e-05,0.9172966769435033,1,4.0,0.0,0.0019230769230769232
4076,-3.8,0.23889318771153645,0.9172662231361732,8,28.0,0.0,0.04
4077,0.20000000000000007,0.004355592982440352,0.917254803219088,3,8.0,0.0,0.008076923076923077
4078,0.4,0.020393794795718123,0.9172471900200188,2,6.0,0.0,0.015000000000000001
4079,0.4,0.09700485635675198,0.9172357703398949,3,6.0,0.0,0.024615384615384615
4080,-3.6999999999999993,0.41269462642444815,0.9172053185546349,8,27.0,0.0,0.02769230769230769
4081,-3.1,0.16209493545810522,0.9171748677803593,8,21.0,0.0,0.05538461538461538
4082,-3.0999999999999996,0.21161951328069398,0.9171444180170347,8,21.0,0.0,0.03230769230769231
4083,0.3,0.04794302547575696,0.9171368057341608,2,7.0,0.0,0.006923076923076922
4084,0.2,0.018326223346732784,0.9171291935144686,2,8.0,0.0,0.005384615384615385
4085,-3.0,0.3132306827155913,0.9170987452675077,8,20.0,0.0,0.04
4086,-0.19999999999999996,0.07944612752306612,0.91707971562649,5,12.0,0.0,0.017307692307692305
4087,-0.5,0.20975937790478238,0.9170606863803342,5,15.0,0.0,0.026923076923076925
4088,-0.2999999999999998,0.09443292024814837,0.917041657529032,5,13.0,0.0,0.02076923076923077
4089,-3.5000000000000004,0.24708347546206955,0.9170112121882235,8,25.0,0.0,0.04653846153846154
4090,-0.20000000000000007,0.10684390700382236,0.9169997954460114,3,12.0,0.0,0.024615384615384615
4091,-3.5,0.31367549805385475,0.9169693514950038,8,25.0,0.0,0.019230769230769232
4092,-1.2,0.10180322384742028,0.9169465191950381,6,22.0,0.0,0.024230769230769236
4093,0.9,1.4115816386217617e-05,0.9169427138669834,1,1.0,0.0,0.008461538461538461
4094,-0.5000000000000002,0.07795993915512138,0.9169160770127763,7,15.0,0.0,0.04230769230769231
4095,-0.19999999999999996,0.12305885757412352,0.9169008563006472,4,12.0,0.0,0.03461538461538461
4096,-0.20000000000000007,0.045068633603906116,0.9168856358411804,4,12.0,0.0,0.015384615384615385
4097,-1.3999999999999997,0.07786537267783866,0.9168590006450693,7,24.0,0.0,0.03230769230769231
4098,0.6000000000000001,0.1673278484846631,0.9168513907311546,2,4.0,0.0,0.013846153846153845
4099,-3.9,0.3327879921342498,0.916820951707112,8,29.0,0.0,0.038461538461538464
4100,-0.7,0.05596788704428296,0.9168019278302629,5,17.0,0.0,0.030000000000000002
4101,-1.5000000000000002,0.08393033579960034,0.9167714904483649,8,25.0,0.0,0.03076923076923077
4102,-0.40000000000000013,0.10097378219455104,0.9167524675978286,5,14.0,0.0,0.036923076923076927
4103,0.49999999999999994,0.09845344879571186,0.9167448585681364,2,5.0,0.0,0.01076923076923077
4104,0.7,0.00028776882169390117,0.9167410540769734,1,3.0,0.0,0.0019230769230769232
4105,0.6000000000000001,0.0005193437122303912,0.9167334451420132,2,4.0,0.0,0.008076923076923077
4106,-0.19999999999999996,0.1599537634600444,0.9167220318579865,3,12.0,0.0,0.019230769230769232
4107,-0.5000000000000001,0.11267412655483795,0.9167030100337072,5,15.0,0.0,0.023076923076923075
4108,-2.8,0.304343542138114,0.9166725759358324,8,18.0,0.0,0.045
4109,0.8,2.8267266793946533e-07,0.9166687717446422,1,2.0,0.0,0.006153846153846154
4110,0.6,1.1617955873455266e-05,0.9166649675692395,1,4.0,0.0,0.0023076923076923075
4111,-0.3999999999999999,0.02072723798640059,0.9166459469290346,5,14.0,0.0,0.028846153846153848
4112,-3.2,0.23050522663415615,0.9166155147256272,8,22.0,0.0,0.03461538461538461
4113,-4.1,0.29774055200668603,0.9165850835325544,8,31.0,0.0,0.04615384615384616
4114,0.30000000000000004,0.003442844354015077,0.916573672095622,3,7.0,0.0,0.013846153846153845
4115,0.5,0.004071329369053078,0.9165622608007615,3,5.0,0.0,0.01076923076923077
4116,0.8,4.375005189682923e-06,0.9165584570673793,1,2.0,0.0,0.0038461538461538464
4117,-3.0,0.3004462200342918,0.916528027768593,8,20.0,0.0,0.04153846153846154
4118,0.10000000000000009,0.11248143071721349,0.9165166170420019,3,9.0,0.0,0.02
4119,0.6,3.3319972035261713e-05,0.9165128134980413,1,4.0,0.0,0.0026923076923076926
4120,-0.4999999999999999,0.04450343641062418,0.9164975994800448,4,15.0,0.0,0.016923076923076923
4121,-3.8,0.2617996980085425,0.9164671722017012,8,28.0,0.0,0.05999999999999999
4122,-0.5999999999999999,0.08683187193114551,0.916448155665716,5,16.0,0.0,0.02769230769230769
4123,-3.6,0.20792290481736284,0.9164177300288834,8,26.0,0.0,0.061538461538461535
4124,0.6000000000000001,0.18666252944742567,0.9164101237775072,2,4.0,0.0,0.00576923076923077
4125,-3.0999999999999996,0.2088657068061889,0.9163796994033147,8,21.0,0.0,0.05
4126,0.19999999999999996,0.09940719517942562,0.9163644875949984,4,8.0,0.0,0.026923076923076925
4127,0.30000000000000004,0.0030989372343855717,0.9163530789044741,3,7.0,0.0,0.02
4128,-3.8,0.24181648856383026,0.9163226564241438,8,28.0,0.0,0.006923076923076922
4129,-3.7,0.28268917038192265,0.9162922349538253,8,27.0,0.0,0.02692307692307693
4130,-0.19999999999999996,0.08749531136102091,0.9162732220477579,5,12.0,0.0,0.03461538461538461
4131,-0.5,0.03718569926319011,0.9162580120069549,4,15.0,0.0,0.02153846153846154
4132,-3.2,0.2752068074034631,0.9162275926827999,8,22.0,0.0,0.02769230769230769
4133,0.29999999999999993,0.0032923080127488236,0.9162123833994394,4,7.0,0.0,0.021153846153846155
4134,-1.4000000000000001,0.10101545763485459,0.9161819655901323,8,24.0,0.0,0.065
4135,-0.40000000000000013,0.04411957898838352,0.9161629549721352,5,14.0,0.0,0.02769230769230769
4136,-3.4000000000000004,0.24397995365354097,0.9161325388038277,8,24.0,0.0,0.03115384615384615
4137,0.6,2.998797483177995e-05,0.9161287368537917,1,4.0,0.0,0.004615384615384615
4138,0.5,0.09468269567062937,0.9161211330010538,2,5.0,0.0,0.006923076923076922
4139,-4.1,0.23192999100120074,0.9160907182212159,8,31.0,0.0,0.021153846153846155
4140,-3.0,0.2708776742065784,0.9160603044511337,8,20.0,0.0,0.03807692307692308
4141,0.0,0.1336022822500063,0.9160488995476738,3,10.0,0.0,0.016923076923076923
4142,0.6,4.570640882761712e-05,0.9160450979447406,1,4.0,0.0,0.004615384615384615
4143,-2.5999999999999996,0.234453520980914,0.9160146856892297,8,16.0,0.0,0.02769230769230769
4144,-2.8000000000000003,0.2704778402057565,0.9159842744433913,8,18.0,0.0,0.04153846153846154
4145,-3.5,0.2576465798225119,0.9159538642071914,8,25.0,0.0,0.0676923076923077
4146,-0.09999999999999998,0.1596342352509007,0.9159386594676954,4,11.0,0.0,0.02
4147,-1.3,0.07197436028937831,0.9159120517809056,7,23.0,0.0,0.04923076923076923
4148,-0.09999999999999998,0.13232394001586886,0.9158968477354917,4,11.0,0.0,0.01884615384615385
4149,0.8,5.909983274987596e-07,0.9158930467635736,1,2.0,0.0,0.0026923076923076926
4150,-0.7000000000000001,0.17547820058463154,0.9158740421405924,5,17.0,0.0,0.02769230769230769
4151,0.4,5.081693899067208e-06,0.9158702412633175,1,6.0,0.0,0.003461538461538461
4152,-0.09999999999999987,0.0634297373092306,0.9158512371135465,5,11.0,0.0,0.02769230769230769
4153,-1.5000000000000002,0.06219992369087611,0.9158246319663444,7,25.0,0.0,0.01884615384615385
4154,-1.2,0.07658417823969703,0.9158018281695991,6,22.0,0.0,0.029615384615384616
4155,0.6000000000000001,0.07262489460886401,0.9157942270301977,2,4.0,0.0,0.01153846153846154
4156,-0.29999999999999993,0.08936406403061659,0.9157790249406624,4,13.0,0.0,0.015384615384615385
4157,-3.7,0.26730818947693213,0.915748621518647,8,27.0,0.0,0.04230769230769232
4158,-3.8,0.3036602854975007,0.9157182191060106,8,28.0,0.0,0.04615384615384615
4159,-3.5,0.24537838912850735,0.9156878177027193,8,25.0,0.0,0.05500000000000001
4160,-1.2000000000000004,0.07433677092819731,0.9156612173027919,7,22.0,0.0,0.02076923076923077
4161,-0.30000000000000004,0.15494085898317575,0.9156460174212044,4,13.0,0.0,0.015384615384615385
4162,-2.9,0.23597818233079876,0.9156156184149744,8,19.0,0.0,0.03692307692307692
4163,-2.3000000000000003,0.262760722642983,0.9155852204179769,8,13.0,0.0,0.034999999999999996
4164,-3.8,0.32619196660674077,0.915554823430178,8,28.0,0.0,0.038461538461538464
4165,-2.5,0.218035873088663,0.9155244274515447,8,15.0,0.0,0.04230769230769231
4166,0.5,0.0032272692256732904,0.9155130292197259,3,5.0,0.0,0.00923076923076923
4167,-0.09999999999999998,0.09088149677686168,0.9155016311298143,3,11.0,0.0,0.01076923076923077
4168,-0.8999999999999999,0.12228755684732358,0.9154750361385396,7,19.0,0.0,0.057692307692307696
4169,-0.5999999999999999,0.05455538380519882,0.9154560401892069,5,16.0,0.0,0.024230769230769226
4170,-0.3999999999999999,0.10136987333227293,0.9154332455703015,6,14.0,0.0,0.024615384615384615
4171,-1.1,0.08097010069627804,0.9154104515189763,6,21.0,0.0,0.03230769230769231
4172,-3.9,0.2642680202715283,0.9153800603334206,8,29.0,0.0,0.03807692307692308
4173,-3.8999999999999995,0.3624443378884874,0.9153496701568377,8,29.0,0.0,0.030000000000000002
4174,-3.1,0.2789587035162476,0.9153192809891941,8,21.0,0.0,0.046538461538461535
4175,0.0,0.07362449190491577,0.9153002882717539,5,10.0,0.0,0.02769230769230769
4176,-0.7,0.039288184144867226,0.9152774975310312,6,17.0,0.0,0.01884615384615385
4177,0.6,2.6989177348557547e-05,0.9152736991294165,1,4.0,0.0,0.004230769230769231
4178,-4.0,0.29884246854991486,0.9152433124839743,8,30.0,0.0,0.02153846153846154
4179,0.5,0.028178876180792494,0.9152319177520222,3,5.0,0.0,0.006153846153846154
4180,0.8,2.623348038277573e-05,0.9152281195395635,1,2.0,0.0,0.0023076923076923075
4181,-3.5,0.27831004975162477,0.9151977344073418,8,25.0,0.0,0.05538461538461538
4182,0.39999999999999997,0.005648917534964909,0.9151901382819082,2,6.0,0.0,0.004615384615384615
4183,-0.8,0.07196084144978691,0.9151711482441569,5,18.0,0.0,0.01153846153846154
4184,-4.0,0.2787111997697321,0.9151407650033546,8,30.0,0.0,0.05538461538461538
4185,-1.1,0.06355356584557426,0.9151103827712613,8,21.0,0.0,0.050769230769230775
4186,-0.09999999999999998,0.03788192654333284,0.9150989896942774,3,11.0,0.0,0.013846153846153845
4187,0.7,2.47338584391521e-07,0.9150951920334702,1,3.0,0.0,0.004230769230769231
4188,-3.8,0.22998617889127496,0.9150648113143776,8,28.0,0.0,0.04
4189,0.5,0.004781242863539953,0.9150572162922034,2,5.0,0.0,0.01076923076923077
4190,0.2,0.06873970871695556,0.9150496213330678,2,8.0,0.0,0.008076923076923077
4191,0.09999999999999987,0.09144457959661512,0.9150382290125605,3,9.0,0.0,0.013846153846153845
4192,-4.1,0.21197760869429044,0.9150078501846126,8,31.0,0.0,0.045
4193,-1.4000000000000001,0.10721704093525632,0.9149812695374956,7,24.0,0.0,0.023076923076923075
4194,0.29999999999999993,0.06713584497520327,0.9149698780679646,3,7.0,0.0,0.015384615384615385
4195,-3.3,0.295282979163521,0.9149395015092352,8,23.0,0.0,0.01846153846153846
4196,-3.5,0.32746407118193727,0.9149091259589929,8,25.0,0.0,0.04153846153846154
4197,0.8,1.0163387798134416e-05,0.9149053290861202,1,2.0,0.0,0.0038461538461538464
4198,-3.8,0.3261425257619315,0.9148749546703859,8,28.0,0.0,0.03076923076923077
4199,-0.09999999999999998,0.024984447737320052,0.9148597678406767,4,11.0,0.0,0.03230769230769231
4200,0.29999999999999993,0.002984490245461454,0.9148483778838356,3,7.0,0.0,0.01153846153846154
4201,-2.6,0.22042980457678163,0.9148180053588535,8,16.0,0.0,0.038461538461538464
4202,-1.1102230246251565e-16,0.17597121411273825,0.914802819474497,4,10.0,0.0,0.009615384615384616
4203,-0.20000000000000007,0.02949547443667892,0.9147876338422248,4,12.0,0.0,0.029615384615384616
4204,0.09999999999999987,0.0823057291491338,0.9147762447834483,3,9.0,0.0,0.016923076923076923
4205,-2.5,0.35189649714964205,0.9147458746532506,8,15.0,0.0,0.04230769230769231
4206,0.49999999999999994,0.003246365689768438,0.9147382822782453,2,5.0,0.0,0.006153846153846154
4207,0.29999999999999993,0.013362309762117469,0.9147306899662564,2,7.0,0.0,0.012307692307692308
4208,0.8,2.0606837491943253e-07,0.914726893833893,1,2.0,0.0,0.00923076923076923
4209,-0.3999999999999999,0.04283824578589842,0.9147003213484565,7,14.0,0.0,0.04615384615384615
4210,-0.8999999999999997,0.10500894093235888,0.9146699537388802,8,19.0,0.0,0.026923076923076925
4211,-3.7,0.3023856050602227,0.9146395871374938,8,27.0,0.0,0.01730769230769231
4212,0.4,0.1372487094072947,0.9146281999218911,3,6.0,0.0,0.013846153846153845
4213,-1.7000000000000002,0.1382989586875247,0.9145978347067114,8,27.0,0.0,0.04
4214,0.7,1.6478842429501483e-06,0.9145940391256974,1,3.0,0.0,0.004230769230769231
4215,-3.6,0.29345136083369805,0.9145636750446396,8,26.0,0.0,0.04153846153846154
4216,0.8,7.296275648105421e-07,0.9145598796053882,1,2.0,0.0,0.008461538461538461
4217,0.4,0.010841399109649985,0.9145522887741385,2,6.0,0.0,0.01153846153846154
4218,-3.5,0.2254662722220314,0.9145219260791723,8,25.0,0.0,0.033846153846153845
4219,-0.7,0.11746519970043288,0.9144991547194669,6,17.0,0.0,0.02769230769230769
4220,-0.9000000000000001,0.17607172943242158,0.9144763839267626,6,19.0,0.0,0.01346153846153846
4221,-3.1,0.27141212246707724,0.9144460237518006,8,21.0,0.0,0.04153846153846154
4222,-0.3999999999999999,0.07642589966442646,0.9144270491542977,5,14.0,0.0,0.01153846153846154
4223,-1.6000000000000003,0.11758654141391668,0.9143966906172264,8,26.0,0.0,0.03461538461538461
4224,-0.7,0.09913715846367734,0.9143815117266512,4,17.0,0.0,0.026153846153846156
4225,0.6,1.5694135647725815e-06,0.9143777170433776,1,4.0,0.0,0.005
4226,-2.9,0.3079789065868129,0.9143473601441086,8,19.0,0.0,0.03076923076923077
4227,-0.20000000000000018,0.08240627534811988,0.9143283875938585,5,12.0,0.0,0.01346153846153846
4228,0.39999999999999997,0.1345629061464355,0.9143207986839885,2,6.0,0.0,0.00923076923076923
4229,0.30000000000000004,0.031099300680451525,0.9143132098371064,2,7.0,0.0,0.015000000000000001
4230,-3.1,0.23912175513490747,0.9142828550794456,8,21.0,0.0,0.02076923076923077
4231,-2.7,0.2527841351198102,0.914252501329548,8,17.0,0.0,0.07
4232,-1.0000000000000002,0.08080574992130117,0.9142259426250421,7,20.0,0.0,0.02307692307692308
4233,0.19999999999999996,0.14714292944241825,0.9142107665688658,4,8.0,0.0,0.029615384615384616
4234,0.29999999999999993,0.07967635756834636,0.9142031786352484,2,7.0,0.0,0.013076923076923078
4235,0.5,0.0020177341199754117,0.9141955907646107,2,5.0,0.0,0.005384615384615385
4236,0.5,0.11426890845905673,0.9141842090767398,3,5.0,0.0,0.007692307692307693
4237,0.6,1.9675110287109554e-05,0.9141804152122721,1,4.0,0.0,0.004615384615384615
4238,0.8,6.566648083072835e-07,0.914176621363549,1,2.0,0.0,0.008461538461538461
4239,-3.0999999999999996,0.2994944151399306,0.9141462711405596,8,21.0,0.0,0.07846153846153846
4240,-0.3999999999999999,0.07498876247117803,0.9141273027628717,5,14.0,0.0,0.03461538461538461
4241,-3.4000000000000004,0.2571674426845939,0.9140969541772361,8,24.0,0.0,0.02769230769230769
4242,0.0,0.18001672954001532,0.9140855737173857,3,10.0,0.0,0.008076923076923077
4243,-0.3999999999999999,0.12055385405157985,0.9140703999913189,4,14.0,0.0,0.013461538461538462
4244,0.4,1.999198322116813e-05,0.914066606599159,1,6.0,0.0,0.0026923076923076926
4245,-1.2999999999999998,0.054488406677668945,0.9140400532948278,7,23.0,0.0,0.02769230769230769
4246,-0.20000000000000007,0.10056625520664794,0.9140248803243953,4,12.0,0.0,0.01730769230769231
4247,-0.10000000000000009,0.06124264668314783,0.9140097076058326,4,11.0,0.0,0.016923076923076923
4248,0.4,0.03767438950999433,0.914002121341001,2,6.0,0.0,0.01
4249,0.7,0.00012387504179967035,0.9139983282321975,1,3.0,0.0,0.007692307692307693
4250,-0.19999999999999996,0.08025830761321126,0.9139793629242995,5,12.0,0.0,0.029615384615384616
4251,0.8,3.189378783297059e-06,0.9139755699099433,1,2.0,0.0,0.004230769230769231
4252,-3.0,0.2727090263844424,0.9139452263617653,8,20.0,0.0,0.05538461538461538
4253,0.8,6.77131982630419e-05,0.913941433489076,1,2.0,0.0,0.008461538461538461
4254,-0.9,0.12705407230209043,0.9139148838209784,7,19.0,0.0,0.03692307692307692
4255,-3.3,0.2581341846235132,0.9138845422875492,8,23.0,0.0,0.023076923076923075
4256,0.5,3.0851825958577717e-05,0.9138807496666987,1,5.0,0.0,0.003076923076923077
4257,-1.6,0.48743722571006676,0.9138693718985833,3,6.0,1.0,0.043846153846153854
4258,0.8,6.094187843674881e-05,0.9138655793406899,1,2.0,0.0,0.007692307692307693
4259,0.0,0.155728707440119,0.9138542017614443,3,10.0,0.0,0.00923076923076923
4260,0.8,5.909983274987596e-07,0.913850409266507,1,2.0,0.0,0.00923076923076923
4261,-0.20000000000000007,0.11994193901158391,0.9138352394441457,4,12.0,0.0,0.007692307692307693
4262,0.8,1.1292653109062911e-05,0.913831447027902,1,2.0,0.0,0.005384615384615385
4263,-3.5,0.2777121803136289,0.9138011082645341,8,25.0,0.0,0.02769230769230769
4264,-0.7999999999999999,0.12704670916644342,0.9137783548530062,6,18.0,0.0,0.024230769230769236
4265,-0.7,0.07196140206278422,0.9137556020080324,6,17.0,0.0,0.026923076923076925
4266,-3.5,0.2668954454150064,0.9137252657626825,8,25.0,0.0,0.05384615384615386
4267,-3.9,0.3533938576727752,0.9136949305244814,8,29.0,0.0,0.035
4268,0.5,0.0011408172168624053,0.9136873468722941,2,5.0,0.0,0.01153846153846154
4269,0.7,0.00020978347101485717,0.9136835550698046,1,3.0,0.0,0.005
4270,-0.6000000000000001,0.05561667705925361,0.9136608045853208,6,16.0,0.0,0.03230769230769231
4271,-2.5999999999999996,0.2780832204559124,0.9136304714871997,8,16.0,0.0,0.060000000000000005
4272,-3.1000000000000005,0.3194500571911603,0.9136001393961227,8,21.0,0.0,0.05384615384615384
4273,-4.0,0.22139318566380706,0.9135698083120567,8,30.0,0.0,0.03461538461538461
4274,0.49999999999999994,0.051517356331561376,0.9135622256983816,2,5.0,0.0,0.006153846153846154
4275,-0.40000000000000013,0.0573767316539614,0.9135432694395361,5,14.0,0.0,0.02769230769230769
4276,0.8,0.00019419955602517636,0.913539478234968,1,2.0,0.0,0.004615384615384615
4277,0.7000000000000001,0.0016829678964564998,0.9135318958730321,2,3.0,0.0,0.00923076923076923
4278,-3.4000000000000004,0.21896153999761456,0.9135015670546182,8,24.0,0.0,0.024230769230769236
4279,0.7,0.0008062736091604683,0.9134939850073444,2,3.0,0.0,0.01153846153846154
4280,0.19999999999999996,0.10082716075300445,0.9134826120544289,3,8.0,0.0,0.012692307692307694
4281,-0.5999999999999999,0.08162019774000566,0.9134598665733745,6,16.0,0.0,0.04615384615384616
4282,-1.6,0.38730644478296883,0.9134484940452319,3,6.0,1.0,0.03923076923076923
4283,-0.2999999999999998,0.11170386920550039,0.9134295401462985,5,13.0,0.0,0.01153846153846154
4284,-3.2,0.28046107886562094,0.9133992147260453,8,22.0,0.0,0.04615384615384615
4285,0.7,0.0001699246115220987,0.9133954241193043,1,3.0,0.0,0.003461538461538461
4286,-3.5,0.3191584886859907,0.9133650998316867,8,25.0,0.0,0.05000000000000001
4287,-3.1,0.2874615967331107,0.9133347765508208,8,21.0,0.0,0.03807692307692308
4288,0.0,0.04775490318004527,0.9133234055800425,3,10.0,0.0,0.012307692307692308
4289,-3.5999999999999996,0.2932833620987912,0.9132930836834057,8,26.0,0.0,0.04307692307692308
4290,0.7,5.924904847998125e-05,0.9132892935171084,1,3.0,0.0,0.0026923076923076926
4291,-3.5999999999999996,0.3614021464386265,0.9132589727529756,8,26.0,0.0,0.038461538461538464
4292,-3.3,0.3091731329333221,0.9132286529954775,8,23.0,0.0,0.02692307692307693
4293,0.6000000000000001,0.00034257099662199364,0.9132210732133857,2,4.0,0.0,0.008076923076923077
4294,-1.6,0.10164884574758909,0.913190754714134,8,26.0,0.0,0.019230769230769235
4295,-0.5999999999999999,0.11285965931692277,0.9131718061632474,5,16.0,0.0,0.02769230769230769
4296,-0.20000000000000007,0.08238409850269589,0.913160437221442,3,12.0,0.0,0.02769230769230769
4297,-3.3999999999999995,0.25842694376977754,0.9131301207352761,8,24.0,0.0,0.03807692307692308
4298,-2.6,0.2449457723519103,0.913099805255603,8,16.0,0.0,0.065
4299,-3.0999999999999996,0.2829533071429358,0.9130694907823892,8,21.0,0.0,0.013846153846153845
4300,0.7000000000000001,0.0013634610441128348,0.913061912321341,2,3.0,0.0,0.017307692307692305
4301,-0.6000000000000001,0.046176307253602195,0.9130429664439119,5,16.0,0.0,0.02769230769230769
4302,-0.2999999999999998,0.06752621366950962,0.9130202319099195,6,13.0,0.0,0.04038461538461539
4303,0.6000000000000001,0.11794014537417041,0.9130126538577192,2,4.0,0.0,0.012692307692307694
4304,0.10000000000000003,0.04333672982772241,0.9130050758684166,2,9.0,0.0,0.004615384615384615
4305,0.29999999999999993,0.0717154730012898,0.9129974979420112,2,7.0,0.0,0.007692307692307693
4306,0.7,0.00015293215036993324,0.9129937090023948,1,3.0,0.0,0.0026923076923076926
4307,0.2,0.013765543634467303,0.9129861311703342,2,8.0,0.0,0.005384615384615385
4308,0.8,7.409109704870076e-06,0.9129823422778899,1,2.0,0.0,0.004615384615384615
4309,0.8,1.721178647917654e-05,0.9129785534011694,1,2.0,0.0,0.006538461538461539
4310,-0.10000000000000009,0.0478762350033727,0.9129671868653508,3,11.0,0.0,0.013846153846153845
4311,-0.20000000000000018,0.061259617908436106,0.9129520317043901,4,12.0,0.0,0.01846153846153846
4312,-0.5999999999999999,0.0987124229163504,0.9129330881069648,5,16.0,0.0,0.033846153846153845
4313,0.10000000000000009,0.03689329171514694,0.9129217221371868,3,9.0,0.0,0.015384615384615385
4314,-0.7999999999999998,0.12173432453793949,0.9129027791686799,5,18.0,0.0,0.02769230769230769
4315,-3.6000000000000005,0.28977373665286876,0.9128724712366372,8,26.0,0.0,0.06346153846153846
4316,-4.0,0.2358037114691279,0.9128421643108031,8,30.0,0.0,0.02153846153846154
4317,-3.0999999999999996,0.20068805955363778,0.9128118583911445,8,21.0,0.0,0.038461538461538464
4318,-0.5,0.11473734010281904,0.9127929177022913,5,15.0,0.0,0.018461538461538463
4319,-2.8000000000000003,0.3471747135695189,0.9127626134175963,8,18.0,0.0,0.03461538461538462
4320,-1.3,0.0906508520017459,0.9127398858643219,6,23.0,0.0,0.03692307692307692
4321,-3.4,0.24631885906157752,0.9127095833402581,8,24.0,0.0,0.02538461538461538
4322,-0.8,0.05155635349738392,0.9126830694569618,7,18.0,0.0,0.013461538461538462
4323,-1.2999999999999998,0.09785431421578228,0.9126565563438843,7,23.0,0.0,0.05538461538461538
4324,0.8,1.1292653109062911e-05,0.9126527688191755,1,2.0,0.0,0.003076923076923077
4325,-0.7000000000000001,0.08518380185882442,0.9126338314314035,5,17.0,0.0,0.021538461538461538
4326,-0.9000000000000001,0.11455514650973098,0.9126111070847672,6,19.0,0.0,0.03230769230769231
4327,0.29999999999999993,0.00974132870627098,0.9126035324282958,2,7.0,0.0,0.01
4328,-0.6999999999999998,0.0789456791350443,0.9125845960621705,5,17.0,0.0,0.02769230769230769
4329,-1.7999999999999996,0.17353134755732805,0.9125542986936532,8,28.0,0.0,0.05
4330,-3.5999999999999996,0.28886277603850746,0.9125240023309942,8,26.0,0.0,0.03076923076923077
4331,-1.5000000000000002,0.10402709676391222,0.9124974938387591,7,25.0,0.0,0.03807692307692308
4332,-4.0,0.2541462443128414,0.9124671993619938,8,30.0,0.0,0.0376923076923077
4333,-0.8000000000000003,0.02997185502364105,0.9124444791644529,6,18.0,0.0,0.03692307692307692
4334,-0.5999999999999999,0.18453111930199553,0.9124293326803861,4,16.0,0.0,0.019230769230769232
4335,-1.1000000000000003,0.17967649794549864,0.9124066134257157,6,21.0,0.0,0.05230769230769231
4336,-3.7,0.24070174614400275,0.9123763219661363,8,27.0,0.0,0.04153846153846154
4337,-3.4000000000000004,0.37043976000059375,0.9123460315122187,8,24.0,0.0,0.036923076923076927
4338,0.6,3.3319972035261713e-05,0.9123422452761879,1,4.0,0.0,0.0026923076923076926
4339,-3.8000000000000003,0.23410240711166241,0.9123119559536,8,28.0,0.0,0.03461538461538462
4340,-1.0999999999999999,0.0877689829847731,0.9122816676366031,8,21.0,0.0,0.023076923076923075
4341,-1.3,0.1347251552194129,0.9122589520587544,6,23.0,0.0,0.021538461538461538
4342,-2.9,0.17667563700899283,0.9122286655014612,8,19.0,0.0,0.038461538461538464
4343,0.7000000000000001,0.011125801022449366,0.9122210940192484,2,3.0,0.0,0.013846153846153845
4344,0.39999999999999997,0.00333695820387675,0.9122135225998789,2,6.0,0.0,0.006923076923076922
4345,-2.8000000000000003,0.25771594828317324,0.9121832375508218,8,18.0,0.0,0.03384615384615385
4346,-0.7,0.18933943918793578,0.9121529535072138,8,17.0,0.0,0.045
4347,-0.9,0.08565638718809528,0.9121302411343136,6,19.0,0.0,0.02153846153846154
4348,-3.4000000000000004,0.270681094571307,0.912099958850161,8,24.0,0.0,0.038461538461538464
4349,-4.0,0.25962274141201036,0.9120696775713656,8,30.0,0.0,0.02769230769230769
4350,-0.8999999999999999,0.13876530565473338,0.9120393972978943,8,19.0,0.0,0.03807692307692308
4351,-2.9000000000000004,0.22677976773349093,0.9120091180297133,8,19.0,0.0,0.046538461538461535
4352,-1.0999999999999999,0.12241453497332974,0.9119901939975845,5,21.0,0.0,0.016153846153846154
4353,-3.8,0.28551159398102754,0.9119599163629294,8,28.0,0.0,0.03076923076923077
4354,-3.2,0.2330135175915598,0.911929639733477,8,22.0,0.0,0.033846153846153845
4355,0.29999999999999993,0.1120809154179479,0.9119182862565793,3,7.0,0.0,0.021153846153846155
4356,0.8,7.409109704870076e-06,0.9119145017956913,1,2.0,0.0,0.011538461538461537
4357,-0.19999999999999996,0.08344202323649508,0.911895579726833,5,12.0,0.0,0.02153846153846154
4358,0.7,0.0006549985861390439,0.9118880110092265,2,3.0,0.0,0.01153846153846154
4359,-3.8000000000000003,0.3450377655993745,0.9118577367669973,8,28.0,0.0,0.03076923076923077
4360,0.5,2.7766643362736598e-05,0.9118539525573898,1,5.0,0.0,0.007692307692307693
4361,0.29999999999999993,0.1087432780006475,0.9118426000227936,3,7.0,0.0,0.01730769230769231
4362,-1.1999999999999997,0.11218868063837217,0.9118161113250492,7,22.0,0.0,0.03461538461538462
4363,0.5,0.09659363943543767,0.9118085432670291,2,5.0,0.0,0.010384615384615384
4364,0.7,1.0811768517138276e-06,0.9118047592615746,1,3.0,0.0,0.004615384615384615
4365,-0.10000000000000009,0.08070532528144242,0.9117858394698549,5,11.0,0.0,0.03692307692307692
4366,-0.7,0.04202696837802399,0.9117669200707177,5,17.0,0.0,0.013846153846153845
4367,0.7,4.1887006452245856e-07,0.9117631362379994,1,3.0,0.0,0.005
4368,-3.8,0.3475575762535829,0.9117328661415524,8,28.0,0.0,0.05192307692307691
4369,-1.4999999999999998,0.126040152757922,0.9117139478416026,5,25.0,0.0,0.02307692307692308
4370,0.5,0.06243692059119671,0.9117063806315375,2,5.0,0.0,0.011538461538461537
4371,-3.2,0.2564130047362846,0.9116761124193492,8,22.0,0.0,0.024230769230769236
4372,0.8,1.2168131469092458e-07,0.9116723289634827,1,2.0,0.0,0.0038461538461538464
4373,0.09999999999999987,0.05954810949495285,0.9116609786900909,3,9.0,0.0,0.008076923076923077
4374,-3.4000000000000004,0.30035582759446167,0.9116307119852252,8,24.0,0.0,0.03076923076923077
4375,-1.5,0.13762624555656744,0.9116004462851994,8,25.0,0.0,0.02538461538461538
4376,0.8,6.668198734405273e-06,0.9115966631433473,1,2.0,0.0,0.003076923076923077
4377,0.8,6.001378860975848e-06,0.9115928800171953,1,2.0,0.0,0.007692307692307693
4378,-0.09999999999999998,0.0899356263430718,0.9115815307329388,3,11.0,0.0,0.015384615384615385
4379,-1.4000000000000001,0.06508446347867755,0.911551266665707,8,24.0,0.0,0.04
4380,-0.09999999999999987,0.05209963278471786,0.9115399178995346,3,11.0,0.0,0.01153846153846154
4381,-0.3999999999999999,0.12552782555743724,0.9115247864310911,4,14.0,0.0,0.02692307692307692
4382,-4.3,0.3047854132394124,0.9114945242477429,8,33.0,0.0,0.02153846153846154
4383,-4.1,0.3189254913574814,0.9114642630690843,8,31.0,0.0,0.05384615384615386
4384,0.8,1.0951318318852543e-07,0.9114604804923926,1,2.0,0.0,0.00923076923076923
4385,-2.9,0.26421814933753507,0.9114302204439704,8,19.0,0.0,0.030769230769230767
4386,-0.5999999999999999,0.04002843429325513,0.9114113084238666,5,16.0,0.0,0.01346153846153846
4387,0.09999999999999998,0.06840293256919987,0.9113999614001671,3,9.0,0.0,0.012307692307692308
4388,-1.2,0.13324761166695473,0.9113772677765758,6,22.0,0.0,0.033846153846153845
4389,-0.6000000000000001,0.04523100056612861,0.9113545747180499,6,16.0,0.0,0.026923076923076925
4390,-0.7,0.1620846412351966,0.911335664267582,5,17.0,0.0,0.00923076923076923
4391,0.8,1.3941547048146319e-05,0.9113318822245753,1,2.0,0.0,0.0026923076923076926
4392,-3.3000000000000003,0.2549970154604279,0.9113016264455536,8,23.0,0.0,0.06923076923076922
4393,0.8,0.00015730164038041394,0.9112978445438038,1,2.0,0.0,0.003461538461538461
4394,0.6000000000000001,0.038279424252702254,0.9112902807873889,2,4.0,0.0,0.01153846153846154
4395,-3.4000000000000004,0.21965800281414344,0.9112600263895149,8,24.0,0.0,0.061538461538461535
4396,-0.09999999999999998,0.059398610179620004,0.9112448995672416,4,11.0,0.0,0.019230769230769232
4397,-3.3,0.2221885277126804,0.911214646676002,8,23.0,0.0,0.024230769230769236
4398,-0.6,0.08616601348485867,0.9111957391290169,5,16.0,0.0,0.013461538461538462
4399,-0.10000000000000009,0.019431554666968207,0.9111806133739055,4,11.0,0.0,0.016153846153846154
4400,-3.6000000000000005,0.27562232871089937,0.9111503626169366,8,26.0,0.0,0.03807692307692308
4401,0.6000000000000001,0.02814003399464826,0.9111428000846192,2,4.0,0.0,0.006923076923076922
4402,0.4,0.15287257519068345,0.9111314564038346,3,6.0,0.0,0.01846153846153846
4403,0.6,2.6989177348557547e-05,0.9111276752082906,1,4.0,0.0,0.005769230769230769
4404,-4.5,0.3095149532418293,0.9110974262088434,8,35.0,0.0,0.017307692307692305
4405,-2.9000000000000004,0.2688652691354329,0.9110747401183001,6,19.0,1.0,0.07076923076923078
4406,0.09999999999999987,0.14780215820203882,0.9110596163717598,4,9.0,0.0,0.02307692307692308
4407,0.7,9.730591665757515e-07,0.9110558354743519,1,3.0,0.0,0.0026923076923076926
4408,-0.7000000000000001,0.10494604546367592,0.9110331504194072,6,17.0,0.0,0.02153846153846154
4409,-1.0999999999999999,0.11408835753365389,0.911006685235881,7,21.0,0.0,0.04153846153846154
4410,-0.10000000000000009,0.026029533160814338,0.9109953432497192,3,11.0,0.0,0.006923076923076922
4411,-0.09999999999999987,0.03480553899592501,0.9109802208211587,4,11.0,0.0,0.015384615384615385
4412,-0.8,0.11977787237553728,0.9109575376489994,6,18.0,0.0,0.031153846153846157
4413,0.0,0.1212218751076739,0.9109461962747226,3,10.0,0.0,0.01846153846153846
4414,0.7,0.00012387504179967035,0.9109424158480081,1,3.0,0.0,0.004230769230769231
4415,-0.30000000000000004,0.09576477873302461,0.910927294298037,4,13.0,0.0,0.023076923076923075
4416,-3.0,0.22515858421142482,0.9108970519511392,8,20.0,0.0,0.036923076923076927
4417,0.2,0.033068450532966004,0.910889491521296,2,8.0,0.0,0.006923076923076922
4418,-0.19999999999999996,0.08256253741733693,0.9108705907212243,5,12.0,0.0,0.021153846153846155
4419,0.0,0.05791407462498429,0.910855470363543,4,10.0,0.0,0.030000000000000002
4420,0.39999999999999997,0.13452777296880353,0.9108441302599987,3,6.0,0.0,0.017307692307692305
4421,0.6,3.6458376581061103e-06,0.9108403502568581,1,4.0,0.0,0.004615384615384615
4422,-0.19999999999999996,0.13590725828950306,0.9108252304011653,4,12.0,0.0,0.023076923076923075
4423,-0.7000000000000001,0.18118904895952978,0.9107987712576404,7,17.0,0.0,0.033846153846153845
4424,0.4,0.08856641577299817,0.9107874318599969,3,6.0,0.0,0.015384615384615385
4425,-3.3999999999999995,0.3091940429190103,0.9107571941564647,8,24.0,0.0,0.045000000000000005
4426,0.8,7.983511052245262e-08,0.910753414514109,1,2.0,0.0,0.006923076923076922
4427,-2.9,0.36409496659765583,0.9107231779399362,8,19.0,0.0,0.026923076923076925
4428,-1.4000000000000001,0.05966496153338994,0.9106929423696031,8,24.0,0.0,0.033846153846153845
4429,0.7,8.127441492467025e-05,0.9106891629938922,1,3.0,0.0,0.0019230769230769232
4430,-1.2,0.06437187485121573,0.9106627078030763,7,22.0,0.0,0.05769230769230768
4431,-4.300000000000001,0.3347640362371524,0.9106324742403227,8,33.0,0.0,0.05923076923076924
4432,-3.5999999999999996,0.23097118620799661,0.9106022416813088,8,26.0,0.0,0.055
4433,0.7,7.314697343219212e-05,0.9105984626820058,1,3.0,0.0,0.003461538461538461
4434,0.8,7.18515994480029e-08,0.9105946836983857,1,2.0,0.0,0.006153846153846154
4435,-4.4,0.2754359418294653,0.9105644523939994,8,34.0,0.0,0.04230769230769231
4436,-0.9999999999999998,0.05206515965239999,0.9105417795743665,6,20.0,0.0,0.02423076923076923
4437,-3.1,0.1735000840716484,0.910511550026372,8,21.0,0.0,0.03461538461538461
4438,-3.6,0.22160677496479358,0.9104813214819837,8,26.0,0.0,0.04230769230769231
4439,-0.5000000000000002,0.09899847988479749,0.910458650732289,6,15.0,0.0,0.03076923076923077
4440,-0.20000000000000007,0.06961936297530225,0.9104473155691286,3,12.0,0.0,0.015384615384615385
4441,0.29999999999999993,0.005177168109551711,0.9104397588720896,2,7.0,0.0,0.007692307692307693
4442,-3.4,0.25499555003383484,0.9104095327111328,8,24.0,0.0,0.02538461538461538
4443,-0.9,0.15062245883577838,0.9103868637489599,6,19.0,0.0,0.03384615384615385
4444,-0.5,0.08507303090191316,0.9103641953512384,6,15.0,0.0,0.03807692307692308
4445,0.9,6.076396096732495e-06,0.9103604173398276,1,1.0,0.0,0.01
4446,-3.0999999999999996,0.3000278351882373,0.9103301938129715,8,21.0,0.0,0.029615384615384616
4447,-0.09999999999999987,0.12931630968006505,0.9103150824258232,4,11.0,0.0,0.007692307692307693
4448,-1.9000000000000001,0.0728837809888497,0.9102848604040643,8,29.0,0.0,0.04615384615384616
4449,-3.5,0.2451164649395743,0.9102546393856621,8,25.0,0.0,0.060000000000000005
4450,-2.9,0.29823689330294,0.9102244193705832,8,19.0,0.0,0.050769230769230775
4451,0.29999999999999993,0.058097998312883634,0.9102168645235788,2,7.0,0.0,0.008461538461538461
4452,0.5,4.167624208961662e-06,0.910213087123591,1,5.0,0.0,0.007692307692307693
4453,0.39999999999999997,0.07946162341010285,0.9102055323706439,2,6.0,0.0,0.012692307692307694
4454,0.8,4.861116877474814e-06,0.9102017550176846,1,2.0,0.0,0.0038461538461538464
4455,0.10000000000000009,0.0634119977849648,0.9101904230528625,3,9.0,0.0,0.00923076923076923
4456,0.8,6.46664395365093e-08,0.9101866457626068,1,2.0,0.0,0.00923076923076923
4457,-3.2,0.26834722554024276,0.9101564280048833,8,22.0,0.0,0.038461538461538464
4458,0.29999999999999993,0.08720973967140683,0.910148873722206,2,7.0,0.0,0.006923076923076922
4459,-3.2,0.18325481131352594,0.9101186572184959,8,22.0,0.0,0.038461538461538464
4460,0.0,0.17993484728873566,0.910103549342833,4,10.0,0.0,0.013461538461538462
4461,-1.4000000000000001,0.12348552676458681,0.9100733343438706,8,24.0,0.0,0.05076923076923078
4462,-1.7,0.12644560188358642,0.9100468970426542,7,27.0,0.0,0.038461538461538464
4463,0.30000000000000004,0.015639329136716118,0.9100355670058058,3,7.0,0.0,0.01153846153846154
4464,0.7,4.31925563419977e-05,0.9100317903582027,1,3.0,0.0,0.0026923076923076926
4465,0.3,0.09739315862942607,0.9100242371100158,2,7.0,0.0,0.011538461538461537
4466,-0.40000000000000013,0.051635581611959365,0.9100091308017169,4,14.0,0.0,0.023076923076923075
4467,0.3,0.018787573420217613,0.9100015777416038,2,7.0,0.0,0.012692307692307694
4468,-0.10000000000000009,0.0649514785726831,0.9099864718094481,4,11.0,0.0,0.03461538461538461
4469,0.30000000000000004,0.16520006539599028,0.9099751425248909,3,7.0,0.0,0.017307692307692305
4470,-3.8,0.2552588849336548,0.9099449317889727,8,28.0,0.0,0.03692307692307692
4471,-3.4000000000000004,0.34581317063423767,0.9099147220560366,8,24.0,0.0,0.03807692307692308
4472,-3.2,0.278396586054518,0.9098845133260492,8,22.0,0.0,0.02307692307692308
4473,0.8,1.0951318318852543e-07,0.9098807373053189,1,2.0,0.0,0.0038461538461538464
4474,-3.1,0.2945770709547354,0.9098505297036086,8,21.0,0.0,0.033846153846153845
4475,-3.5999999999999996,0.22799145875473548,0.9098203231047762,8,26.0,0.0,0.04230769230769231
4476,-3.4000000000000004,0.2675793226933676,0.9097901175087882,8,24.0,0.0,0.02692307692307693
4477,-3.5999999999999996,0.2489947793233433,0.9097599129156115,8,26.0,0.0,0.03115384615384615
4478,0.5,3.7508617880543937e-06,0.9097561374119729,1,5.0,0.0,0.008461538461538461
4479,-0.2999999999999998,0.11994674725848524,0.9097372601288037,5,13.0,0.0,0.02153846153846154
4480,-0.19999999999999996,0.03326951883360259,0.9097221585842932,4,12.0,0.0,0.023076923076923075
4481,-2.9000000000000004,0.23971351323717474,0.9096919562473201,8,19.0,0.0,0.06461538461538462
4482,-3.6000000000000005,0.26565960139497735,0.9096617549130499,8,26.0,0.0,0.050769230769230775
4483,-0.9999999999999998,0.07082691643616688,0.909639104570351,6,20.0,0.0,0.02769230769230769
4484,0.6,7.5064564286631e-07,0.909635329568067,1,4.0,0.0,0.0015384615384615385
4485,-3.3999999999999995,0.3189629740688368,0.9096051301137752,8,24.0,0.0,0.024230769230769236
4486,0.8,8.870567835828069e-08,0.9096013552524852,1,2.0,0.0,0.003076923076923077
4487,-2.8,0.29137356730719455,0.9095711569261243,8,18.0,0.0,0.021153846153846155
4488,-1.0,0.12371853879537914,0.9095409596023336,8,20.0,0.0,0.03384615384615385
4489,0.29999999999999993,0.07064395139376352,0.9095334104280335,2,7.0,0.0,0.012307692307692308
4490,0.7000000000000001,0.007301998215328842,0.9095258613163913,2,3.0,0.0,0.01153846153846154
4491,-3.1999999999999997,0.24915593929365693,0.9094956654963928,8,22.0,0.0,0.026923076923076925
4492,-3.1999999999999997,0.2452668975702934,0.9094654706788808,8,22.0,0.0,0.03807692307692308
4493,-3.0,0.29684637770540856,0.9094352768638224,8,20.0,0.0,0.02769230769230769
4494,-0.5,0.1292160865547012,0.9094126321603685,6,15.0,0.0,0.04
4495,-1.4999999999999998,0.09622112221215957,0.9093824400995233,8,25.0,0.0,0.023076923076923075
4496,-3.7,0.2713674862033862,0.9093522490410401,8,27.0,0.0,0.02076923076923077
4497,-1.0000000000000002,0.08436799195522936,0.9093220589848854,8,20.0,0.0,0.050769230769230775
4498,-0.30000000000000004,0.06887515639226519,0.9093069643326708,4,13.0,0.0,0.012307692307692308
4499,-0.6000000000000001,0.06589425088345009,0.9092843228241658,6,16.0,0.0,0.04615384615384614
4500,-3.9000000000000004,0.26002692329104204,0.9092541350231287,8,29.0,0.0,0.05384615384615385
4501,0.8,9.147049018332076e-06,0.9092503616184684,1,2.0,0.0,0.005
4502,-2.8,0.23045963720026952,0.9092201749449269,8,18.0,0.0,0.025
4503,-3.8,0.25464754035150594,0.9091899892735684,8,28.0,0.0,0.061538461538461535
4504,-0.3999999999999999,0.1185450449335885,0.9091711237378756,5,14.0,0.0,0.02076923076923077
4505,0.49999999999999994,0.002160939111276322,0.9091635776332068,2,5.0,0.0,0.004615384615384615
4506,-0.7999999999999999,0.08053609153547736,0.9091484856117663,4,18.0,0.0,0.025
4507,-0.09999999999999998,0.1311571479430976,0.9091333938408519,4,11.0,0.0,0.02769230769230769
4508,-1.5000000000000007,0.12472906264489203,0.9091032110505842,8,25.0,0.0,0.04230769230769231
4509,-3.0999999999999996,0.29451830519805905,0.9090730292623707,8,21.0,0.0,0.03115384615384615
4510,-0.7,0.1374750825050036,0.9090503935787885,6,17.0,0.0,0.03461538461538462
4511,-3.4000000000000004,0.2328046356137598,0.9090202135440896,8,24.0,0.0,0.02307692307692308
4512,-2.5999999999999996,0.22389885785721858,0.9089900345113532,8,16.0,0.0,0.05500000000000001
4513,-3.7,0.23652502660957647,0.9089598564805462,8,27.0,0.0,0.04230769230769231
4514,0.8,0.00012741432870821967,0.9089560842971418,1,2.0,0.0,0.0038461538461538464
4515,0.7,0.00010033878385773409,0.908952312129392,1,3.0,0.0,0.003461538461538461
4516,-3.4000000000000004,0.2266550273309433,0.9089221353509498,8,24.0,0.0,0.04
4517,-0.30000000000000016,0.07645132502458224,0.9089070473374262,4,13.0,0.0,0.030000000000000002
4518,0.4,0.03736181057868702,0.9088957314916478,3,6.0,0.0,0.021153846153846155
4519,0.09999999999999998,0.08993094416627107,0.9088844157867512,3,9.0,0.0,0.026153846153846156
4520,0.49999999999999994,0.0019503136638689411,0.9088768720617534,2,5.0,0.0,0.01
4521,0.8,1.6949666499233018e-06,0.9088731002227344,1,2.0,0.0,0.003076923076923077
4522,-0.2999999999999998,0.0794121411257026,0.908854241262435,5,13.0,0.0,0.03230769230769231
4523,0.5,0.010239131765066078,0.9088429260740895,3,5.0,0.0,0.015384615384615385
4524,0.09999999999999987,0.09692432477192563,0.9088316110266175,3,9.0,0.0,0.016923076923076923
4525,0.5,0.021594881371840763,0.9088240677398983,2,5.0,0.0,0.015000000000000001
4526,-3.4000000000000004,0.19185487782507643,0.908793895219108,8,24.0,0.0,0.05192307692307692
4527,-4.9,0.25644314070529745,0.9087637237000309,8,39.0,0.0,0.03461538461538461
4528,0.20000000000000007,0.06668001133800215,0.9087524096386245,3,8.0,0.0,0.02769230769230769
4529,-3.6000000000000005,0.2681677022771165,0.9087222394968486,8,26.0,0.0,0.05538461538461538
4530,-3.3,0.3372349341170377,0.9086920703567071,8,23.0,0.0,0.02076923076923077
4531,0.20000000000000007,0.10353281478758695,0.9086807571873811,3,8.0,0.0,0.026923076923076925
4532,-0.5,0.10005886999737769,0.9086581312712723,6,15.0,0.0,0.03461538461538462
4533,0.09999999999999998,0.0635926557232787,0.908646818524486,3,9.0,0.0,0.012307692307692308
4534,-0.30000000000000016,0.07072201700966904,0.9086317350811933,4,13.0,0.0,0.02076923076923077
4535,-0.09999999999999998,0.01026019822708027,0.9086166518882843,4,11.0,0.0,0.015384615384615385
4536,-1.6,0.08083247323917586,0.9085864862536003,8,26.0,0.0,0.03115384615384615
4537,0.20000000000000007,0.04429120523134557,0.9085789450014125,2,8.0,0.0,0.008076923076923077
4538,0.7,8.127441492467025e-05,0.9085751743987908,1,3.0,0.0,0.005769230769230769
4539,-0.3999999999999999,0.07855574289449388,0.9085525511116661,6,14.0,0.0,0.02769230769230769
4540,-0.30000000000000004,0.07839732568315531,0.9085299283878554,6,13.0,0.0,0.03692307692307692
4541,-3.8999999999999995,0.29020573351480267,0.9084997656323499,8,29.0,0.0,0.04153846153846154
4542,0.6000000000000001,0.03405292604550558,0.9084922250999419,2,4.0,0.0,0.006153846153846154
4543,-0.30000000000000004,0.14507571037632297,0.9084771442228842,4,13.0,0.0,0.019230769230769232
4544,-0.10000000000000009,0.06579350551055153,0.9084620635961673,4,11.0,0.0,0.02076923076923077
4545,-1.6999999999999997,0.13075194429804018,0.9084356731017836,7,27.0,0.0,0.03692307692307692
4546,0.2,0.006927027290687421,0.9084281331013425,2,8.0,0.0,0.006153846153846154
4547,-3.4000000000000004,0.3273094878416218,0.9083979737253913,8,24.0,0.0,0.060000000000000005
4548,0.4,0.03020456889068492,0.9083866642175531,3,6.0,0.0,0.00923076923076923
4549,0.8,3.998396644233626e-05,0.9083828944128967,1,2.0,0.0,0.012307692307692308
4550,-3.5999999999999996,0.33807550451695345,0.9083527365388481,8,26.0,0.0,0.023076923076923075
4551,-3.5999999999999996,0.25291422842082534,0.9083225796660266,8,26.0,0.0,0.033846153846153845
4552,0.29999999999999993,0.08333815494352635,0.9083150406042589,2,7.0,0.0,0.003076923076923077
4553,0.8,3.092975753293814e-08,0.9083112710968404,1,2.0,0.0,0.01076923076923077
4554,0.10000000000000009,0.11115951959177377,0.9082961932236003,4,9.0,0.0,0.00923076923076923
4555,-4.1,0.29682309817800623,0.9082660382279895,8,31.0,0.0,0.04230769230769231
4556,-0.30000000000000004,0.06787716929098353,0.9082509611056103,4,13.0,0.0,0.02307692307692308
4557,-2.8,0.24815280554556787,0.9082208076116839,8,18.0,0.0,0.045
4558,-0.6,0.18896145069498896,0.9081981931482007,6,16.0,0.0,0.03692307692307692
4559,-3.0,0.36270660081078054,0.9081680414061453,8,20.0,0.0,0.05076923076923076
4560,0.7,4.124910513159108e-08,0.9081642725087734,1,3.0,0.0,0.004615384615384615
4561,0.9,8.335248417923324e-06,0.9081605036270425,1,1.0,0.0,0.006923076923076922
4562,-0.30000000000000004,0.07513014486867868,0.9081454282565269,4,13.0,0.0,0.026923076923076925
4563,-3.5999999999999996,0.3175861244909118,0.9081152782662403,8,26.0,0.0,0.033846153846153845
4564,-3.2,0.2816384168079232,0.9080851292769188,8,22.0,0.0,0.03076923076923077
4565,-3.5999999999999996,0.30946338518399436,0.9080549812885292,8,26.0,0.0,0.08769230769230771
4566,-0.8999999999999999,0.07280095875895455,0.9080399076696736,4,19.0,0.0,0.021153846153846155
4567,0.2,0.15600227237667935,0.9080323709540787,2,8.0,0.0,0.00923076923076923
4568,0.4,1.7718771018193635e-06,0.9080286026197393,1,6.0,0.0,0.004230769230769231
4569,-1.1,0.08703521680320457,0.90800222471724,7,21.0,0.0,0.01846153846153846
4570,-0.30000000000000004,0.15103647509332924,0.9079833838274574,5,13.0,0.0,0.03461538461538461
4571,0.4,1.5946893916485294e-06,0.9079796156964145,1,6.0,0.0,0.004615384615384615
4572,0.4,0.08404410150061857,0.9079720794812419,2,6.0,0.0,0.008076923076923077
4573,0.5,0.0007834288820949831,0.9079645433286199,2,5.0,0.0,0.01
4574,-3.8000000000000007,0.27247542614378883,0.9079343993436256,8,28.0,0.0,0.045
4575,0.6,2.4290259613701792e-05,0.9079306314158684,1,4.0,0.0,0.003076923076923077
4576,0.4,1.3116740191387866e-05,0.9079268635037481,1,6.0,0.0,0.003461538461538461
4577,-0.7999999999999999,0.09692244419006381,0.9079004885567332,7,18.0,0.0,0.04
4578,-3.3,0.27165776694927557,0.9078703466983264,8,23.0,0.0,0.03461538461538462
4579,0.10000000000000009,0.02872952594122345,0.9078590437594175,3,9.0,0.0,0.00923076923076923
4580,-3.3999999999999995,0.3555377842987814,0.9078289032769581,8,24.0,0.0,0.033846153846153845
4581,-3.0,0.2322553894349318,0.9077987637951482,8,20.0,0.0,0.055
4582,-0.20000000000000007,0.2001343805247901,0.9077836944294765,4,12.0,0.0,0.013846153846153845
4583,-0.30000000000000004,0.06709284095427105,0.9077610908499986,6,13.0,0.0,0.029615384615384616
4584,-3.9000000000000004,0.2591048920282776,0.9077309536195285,8,29.0,0.0,0.024230769230769236
4585,-0.7999999999999998,0.17571117579217807,0.9077083513532832,6,18.0,0.0,0.03461538461538462
4586,0.2,0.14040138930200186,0.9077008173896001,2,8.0,0.0,0.013846153846153845
4587,-3.6,0.19264975102397686,0.9076706821601798,8,26.0,0.0,0.01730769230769231
4588,-1.6000000000000003,0.054589565841783316,0.9076405479312347,8,26.0,0.0,0.03461538461538462
4589,-1.2999999999999998,0.08608006163952843,0.9076141813015838,7,23.0,0.0,0.03461538461538462
4590,-0.19999999999999996,0.16790131557957388,0.907595348463635,5,12.0,0.0,0.02769230769230769
4591,-0.10000000000000009,0.09307429678632075,0.9075840489484398,3,11.0,0.0,0.02307692307692308
4592,-3.0,0.3135298642109874,0.9075539175956756,8,20.0,0.0,0.025384615384615387
4593,-0.29999999999999993,0.08387480204772974,0.9075388522944254,4,13.0,0.0,0.015384615384615385
4594,-1.0000000000000002,0.10811867293034076,0.9075200210195407,5,20.0,0.0,0.02076923076923077
4595,0.49999999999999994,0.0017597117530954443,0.907512488618996,2,5.0,0.0,0.006923076923076922
4596,-3.0999999999999996,0.2716431075617845,0.9074823596420001,8,21.0,0.0,0.060000000000000005
4597,-3.5,0.30113340404669847,0.9074522316652717,8,25.0,0.0,0.06346153846153846
4598,0.6,2.1528306787255147e-06,0.9074484657385102,1,4.0,0.0,0.004615384615384615
4599,-0.8,0.0987741851459968,0.9074221046887775,7,18.0,0.0,0.07307692307692308
4600,-2.9,0.2368842189212247,0.9073919787124844,8,19.0,0.0,0.08461538461538462
4601,-3.9,0.3098550497819623,0.9073618537363594,8,29.0,0.0,0.03076923076923077
4602,0.19999999999999996,0.03771750522354636,0.9073467916233493,4,8.0,0.0,0.010769230769230769
4603,0.09999999999999998,0.0604178363137047,0.907335495202674,3,9.0,0.0,0.00923076923076923
4604,0.4,1.4352204524836765e-06,0.9073317297603689,1,6.0,0.0,0.005769230769230769
4605,-2.9000000000000004,0.23206334931843026,0.9073016067844801,8,19.0,0.0,0.02769230769230769
4606,-0.4999999999999999,0.08785783369372858,0.90727901520886,6,15.0,0.0,0.01884615384615385
4607,-2.8,0.21726214186024645,0.9072488939830686,8,18.0,0.0,0.03807692307692308
4608,-0.7000000000000002,0.09319847305097884,0.9072300687247689,5,17.0,0.0,0.02692307692307692
4609,-3.2,0.16184795481732556,0.9071999491239772,8,22.0,0.0,0.03076923076923077
4610,-0.7999999999999998,0.08042022500887466,0.9071773600796066,6,18.0,0.0,0.05884615384615385
4611,-0.3999999999999999,0.04400838920395799,0.9071585363056229,5,14.0,0.0,0.021538461538461538
4612,0.6,1.5694135647725815e-06,0.9071547715976973,1,4.0,0.0,0.004615384615384615
4613,-3.8,0.25582154993051565,0.9071246544967342,8,28.0,0.0,0.04615384615384615
4614,-0.7999999999999999,0.0839339242528389,0.9071058318163824,5,18.0,0.0,0.016153846153846154
4615,-4.3,0.2371956959154034,0.9070757163401962,8,33.0,0.0,0.060000000000000005
4616,-0.5999999999999999,0.0914863484079916,0.9070568946753027,5,16.0,0.0,0.026923076923076925
4617,-0.19999999999999996,0.012399051900634422,0.9070456018638293,3,12.0,0.0,0.023076923076923075
4618,-3.4000000000000004,0.3198299810984916,0.9070154883872484,8,24.0,0.0,0.045
4619,-3.1999999999999997,0.2442059343162063,0.9069853759104204,8,22.0,0.0,0.05500000000000001
4620,-2.8,0.35453389494273513,0.9069552644333121,8,18.0,0.0,0.03692307692307692
4621,0.4,0.03176434286103985,0.9069477367202373,2,6.0,0.0,0.012692307692307694
4622,-0.8999999999999999,0.16957036146298834,0.9069251539558904,6,19.0,0.0,0.045
4623,-3.8999999999999995,0.27628606174826487,0.906895044478122,8,29.0,0.0,0.04230769230769231
4624,-3.5999999999999996,0.2866997927125368,0.9068649359999738,8,26.0,0.0,0.06769230769230769
4625,0.9,4.429692754492898e-06,0.9068611725104894,1,1.0,0.0,0.008461538461538461
4626,-0.20000000000000007,0.08748502247524358,0.906838591901569,6,12.0,0.0,0.01846153846153846
4627,-1.0,0.04777723051984923,0.9068160118548999,6,20.0,0.0,0.02153846153846154
4628,0.5,0.010329264687675505,0.9068084852976193,2,5.0,0.0,0.010384615384615384
4629,0.20000000000000007,0.008232646757728427,0.9067971955788298,3,8.0,0.0,0.003461538461538461
4630,-3.7,0.34034840859689786,0.9067670903492179,8,27.0,0.0,0.045000000000000005
4631,0.8,2.5833968144706176e-06,0.9067633272657929,1,2.0,0.0,0.004230769230769231
4632,-2.9,0.21651122219675403,0.9067332231605926,8,19.0,0.0,0.015384615384615385
4633,-4.4,0.32561575688751887,0.9067031200548342,8,34.0,0.0,0.03692307692307692
4634,0.6,1.2908839859382404e-05,0.906699357236886,1,4.0,0.0,0.0026923076923076926
4635,0.6000000000000001,0.01661803604740103,0.9066918316478366,2,4.0,0.0,0.006923076923076922
4636,-3.9000000000000004,0.2842473592855874,0.9066617299162564,8,29.0,0.0,0.04
4637,-4.199999999999999,0.30741324816510474,0.9066316291840391,8,32.0,1.0,0.05500000000000001
4638,0.19999999999999996,0.08806449961605721,0.9066203416670991,3,8.0,0.0,0.016923076923076923
4639,0.8,1.5022384536322875e-07,0.9066165791926812,1,2.0,0.0,0.003076923076923077
4640,-3.8,0.2365000094971034,0.9065864799594462,8,28.0,0.0,0.06769230769230769
4641,-0.9999999999999998,0.039759896017519246,0.9065714307175609,4,20.0,0.0,0.01076923076923077
4642,-3.3000000000000003,0.31178140734288295,0.9065413329832335,8,23.0,0.0,0.05538461538461538
4643,-3.0,0.2467571798781834,0.9065112362481366,8,20.0,0.0,0.03461538461538462
4644,0.7,0.0005318015305020851,0.9065037122204881,2,3.0,0.0,0.015000000000000001
4645,-0.5000000000000002,0.0835144162426996,0.9064811405122364,6,15.0,0.0,0.019230769230769232
4646,0.30000000000000004,0.11412501886197883,0.9064698548688725,3,7.0,0.0,0.012692307692307694
4647,0.49999999999999994,0.1002986393055667,0.9064585693660144,3,5.0,0.0,0.025
4648,-0.09999999999999987,0.07620488930182287,0.9064397605068144,5,11.0,0.0,0.024230769230769236
4649,-3.1,0.2322047514087359,0.9064096671438745,8,21.0,0.0,0.04653846153846154
4650,0.19999999999999996,0.06328815350177769,0.9063983823903505,3,8.0,0.0,0.02
4651,0.8,2.3250571330457603e-06,0.9063946208370637,1,2.0,0.0,0.004230769230769231
4652,-0.7999999999999999,0.2716089598184204,0.9063645289727391,8,18.0,0.0,0.06461538461538462
4653,-0.7000000000000002,0.08848120351234386,0.9063419607301144,6,17.0,0.0,0.024230769230769236
4654,-0.09999999999999998,0.1694388154769643,0.9063269155472229,4,11.0,0.0,0.013461538461538462
4655,-3.3,0.292049388819993,0.9062968259306812,8,23.0,0.0,0.07192307692307692
4656,0.4,9.562103599536353e-06,0.9062930647988536,1,6.0,0.0,0.003076923076923077
4657,-3.0999999999999996,0.24662160595420562,0.9062629763061406,8,21.0,0.0,0.05500000000000001
4658,-0.5,0.08421267601171206,0.9062404105921511,6,15.0,0.0,0.01846153846153846
4659,0.6000000000000001,0.019669128921726564,0.906232888812351,2,4.0,0.0,0.00576923076923077
4660,-2.8,0.2988444880049018,0.9062028023174518,8,18.0,0.0,0.057692307692307696
4661,-3.2,0.3068781766811525,0.9061727168214095,8,22.0,0.0,0.05384615384615385
4662,-3.0,0.28841143613651027,0.9061426323241912,8,20.0,0.0,0.03807692307692308
4663,-3.0,0.2444584663058444,0.9061125488257636,8,20.0,0.0,0.023076923076923075
4664,-3.7,0.2444162145774753,0.9060824663260938,8,27.0,0.0,0.02538461538461538
4665,-3.0999999999999996,0.24135468671081672,0.9060523848251485,8,21.0,0.0,0.050769230769230775
4666,-0.9000000000000001,0.07413129898845043,0.9060298243548325,6,19.0,0.0,0.029615384615384616
4667,0.8,0.00010320560625365349,0.9060260643310615,1,2.0,0.0,0.003076923076923077
4668,-4.1000000000000005,0.23266660678495313,0.9059959847026351,8,31.0,0.0,0.04846153846153847
4669,-0.5,0.14467300403695324,0.9059734256366677,6,15.0,0.0,0.02769230769230769
4670,-4.0,0.1902124983437573,0.9059433477558206,8,30.0,0.0,0.03461538461538462
4671,0.8,9.288504562832145e-05,0.9059395880909275,1,2.0,0.0,0.0023076923076923075
4672,0.4,0.0627354115703162,0.9059283091898633,3,6.0,0.0,0.01076923076923077
4673,-3.2,0.28748168542380315,0.9058982328068604,8,22.0,0.0,0.012307692307692308
4674,-3.7999999999999994,0.35045503815388585,0.905868157422379,8,28.0,0.0,0.02076923076923077
4675,-3.3,0.27891309807970666,0.9058380830363859,8,23.0,0.0,0.024230769230769236
4676,-0.5,0.14368890928672276,0.905815527902129,6,15.0,0.0,0.051923076923076926
4677,0.8,1.6437341154862395e-08,0.9058117687676883,1,2.0,0.0,0.005384615384615385
4678,0.0,0.031097332466841238,0.9058004914579683,3,10.0,0.0,0.025
4679,-3.2,0.20043870513625078,0.9057704193184525,8,22.0,0.0,0.060000000000000005
4680,-4.2,0.26892987392003664,0.9057403481773173,8,32.0,0.0,0.038461538461538464
4681,0.39999999999999997,0.12983801802056255,0.9057328305480266,2,6.0,0.0,0.013846153846153845
4682,0.3,0.002549354556810657,0.905725312981132,2,7.0,0.0,0.015384615384615385
4683,-3.3,0.20905619091566263,0.9056952433375054,8,23.0,0.0,0.02692307692307693
4684,-3.8999999999999995,0.21762309968313825,0.9056651746921767,8,29.0,0.0,0.02769230769230769
4685,-0.7,0.12729388173197864,0.905642623863293,6,17.0,0.0,0.017307692307692305
4686,-0.7999999999999998,0.07169482613919798,0.9056163152726134,7,18.0,0.0,0.05076923076923076
4687,-2.8,0.25239214317222036,0.9055862492476583,8,18.0,0.0,0.03076923076923077
4688,0.7,2.550477259433137e-05,0.9055824910647239,1,3.0,0.0,0.0026923076923076926
4689,-1.1,0.14424045417208903,0.9055637003839978,5,21.0,0.0,0.01884615384615385
4690,0.2,0.08923679696272353,0.9055561842208807,2,8.0,0.0,0.01153846153846154
4691,-3.3,0.23520470446023714,0.9055261201922472,8,23.0,0.0,0.04230769230769231
4692,-4.1,0.3297686258266863,0.9054960571617253,8,31.0,0.0,0.03692307692307692
4693,-0.19999999999999996,0.11682027752269539,0.9054810260207458,4,12.0,0.0,0.025384615384615387
4694,-0.9000000000000001,0.10070857886487079,0.9054547221244253,7,19.0,0.0,0.05538461538461538
4695,0.8,3.8184885808867364e-08,0.9054509644873285,1,2.0,0.0,0.005769230769230769
4696,0.4,0.010640936752271346,0.9054434492599175,2,6.0,0.0,0.006153846153846154
4697,-3.4,0.34292983722143794,0.9054133889740305,8,24.0,0.0,0.033846153846153845
4698,-0.5,0.04773806036862891,0.9054021166241182,3,15.0,0.0,0.00923076923076923
4699,-0.7,0.11757245458427822,0.9053870870425417,4,17.0,0.0,0.015384615384615385
4700,0.10000000000000009,0.018614642977319875,0.9053758150200871,3,9.0,0.0,0.010384615384615384
4701,-3.3,0.2530855724980572,0.9053457569796245,8,23.0,0.0,0.04615384615384616
4702,-3.2,0.2984431506342392,0.9053156999370742,8,22.0,0.0,0.04230769230769231
4703,-3.4,0.3130532386397721,0.9052856438924032,8,24.0,0.0,0.04153846153846154
4704,-0.10000000000000009,0.1279635525468004,0.9052706162442621,4,11.0,0.0,0.023076923076923075
4705,0.10000000000000009,0.001204351283939901,0.905259345671863,3,9.0,0.0,0.01846153846153846
4706,-3.0,0.17089971258957865,0.9052292914981265,8,20.0,0.0,0.03807692307692308
4707,-2.9000000000000004,0.35249132699974395,0.9051992383221741,8,19.0,0.0,0.03692307692307692
4708,-0.9999999999999998,0.089801678983585,0.9051729426116844,7,20.0,0.0,0.03807692307692308
4709,-3.0000000000000004,0.2436972355311929,0.9051428913064877,8,20.0,0.0,0.05076923076923076
4710,-0.40000000000000013,0.02778250657913073,0.9051278660280248,4,14.0,0.0,0.015384615384615385
4711,-2.9000000000000004,0.25063349806160273,0.905097816219349,8,19.0,0.0,0.03230769230769231
4712,-0.8,0.1397372186499751,0.9050752795175447,6,18.0,0.0,0.03461538461538462
4713,-1.0999999999999999,0.04959923874651774,0.9050564993613708,5,21.0,0.0,0.02423076923076923
4714,-3.8,0.29573187709438525,0.9050264519220338,8,28.0,0.0,0.02769230769230769
4715,0.2,0.09703294281975082,0.9050189402180697,2,8.0,0.0,0.01153846153846154
4716,0.7,5.171235364365145e-07,0.9050151843894678,1,3.0,0.0,0.004230769230769231
4717,-4.0,0.22543391302423743,0.9049851383217681,8,30.0,0.0,0.033846153846153845
4718,0.9,3.986723479010301e-06,0.9049813826334441,1,1.0,0.0,0.006153846153846154
4719,-3.5,0.21239901744351675,0.9049513376879464,8,25.0,0.0,0.03461538461538462
4720,-1.1,0.10723147237852476,0.9049212937399264,8,21.0,0.0,0.03230769230769231
4721,0.6,1.7707599258343087e-05,0.9049175383165573,1,4.0,0.0,0.005384615384615385
4722,-0.30000000000000004,0.02639634903246938,0.9048987614334861,5,13.0,0.0,0.013846153846153845
4723,-3.7,0.23661240196396277,0.9048687192309722,8,27.0,0.0,0.06769230769230769
4724,-0.8000000000000002,0.10393869919556502,0.9048461882336237,6,18.0,0.0,0.045
4725,-0.5,0.046048019194383505,0.9048236577972912,6,15.0,0.0,0.03115384615384615
4726,0.19999999999999996,0.05342255058361762,0.9048086378180716,4,8.0,0.0,0.0376923076923077
4727,-0.6000000000000001,0.1544524705363748,0.9047861083167349,6,16.0,0.0,0.03461538461538462
4728,0.8,4.861116877474814e-06,0.9047823534543854,1,2.0,0.0,0.004230769230769231
4729,0.4,7.74530391561834e-06,0.9047785986076186,1,6.0,0.0,0.003461538461538461
4730,0.30000000000000004,0.05996509731248155,0.9047635793763769,4,7.0,0.0,0.013461538461538462
4731,-0.9,0.07784670560895934,0.904737296321622,7,19.0,0.0,0.03076923076923077
4732,-0.09999999999999998,0.12463498555055924,0.9047222777759939,4,11.0,0.0,0.017307692307692305
4733,-3.3,0.37176407601924855,0.9046922414326525,8,23.0,0.0,0.050769230769230775
4734,0.8,5.401240974922672e-06,0.9046884869598506,1,2.0,0.0,0.0023076923076923075
4735,0.8,3.93750467075904e-06,0.9046847325026297,1,2.0,0.0,0.007692307692307693
4736,0.8,7.296275648105421e-07,0.9046809780609898,1,2.0,0.0,0.003461538461538461
4737,-0.9000000000000001,0.0731133724747747,0.9046509430887789,8,19.0,0.0,0.04615384615384615
4738,0.10000000000000009,0.14325406689888007,0.9046396802312786,3,9.0,0.0,0.007692307692307693
4739,0.6000000000000001,0.010904082687984262,0.9046321717375129,2,4.0,0.0,0.01153846153846154
4740,-3.3,0.2513057750106717,0.9046021383856485,8,23.0,0.0,0.026923076923076925
4741,0.9,6.751551218542318e-06,0.9045983842867742,1,1.0,0.0,0.00923076923076923
4742,0.4,0.009576882841746487,0.904590876135764,2,6.0,0.0,0.01
4743,-3.7,0.2699555249403701,0.9045608441548937,8,27.0,0.0,0.05769230769230768
4744,-4.0,0.34292073451866245,0.9045308131710708,8,30.0,0.0,0.03230769230769231
4745,0.2,0.062060754266837284,0.9045233055808998,2,8.0,0.0,0.006153846153846154
4746,0.8,5.909983274987596e-07,0.9045195518091816,1,2.0,0.0,0.0019230769230769232
4747,0.3,0.07297102037122229,0.9045120443124797,2,7.0,0.0,0.004615384615384615
4748,0.8,9.856186489187735e-08,0.9045082905874958,1,2.0,0.0,0.006153846153846154
4749,0.7000000000000001,0.03514115806095408,0.9045007831842619,2,3.0,0.0,0.010384615384615384
4750,-3.3,0.33227973392803023,0.9044707541944341,8,23.0,0.0,0.031153846153846157
4751,-0.30000000000000004,0.12958393597825113,0.9044519865820565,5,13.0,0.0,0.02153846153846154
4752,0.0,0.027783831363131818,0.9044332193591037,5,10.0,0.0,0.04576923076923077
4753,-3.0999999999999996,0.2758722618016243,0.9044031926123622,8,21.0,0.0,0.03461538461538461
4754,0.8,1.3314246261053597e-08,0.9043994393391129,1,2.0,0.0,0.014615384615384615
4755,0.7,2.0658865801492787e-05,0.9043956860814397,1,3.0,0.0,0.004230769230769231
4756,0.8,3.93750467075904e-06,0.9043919328393425,1,2.0,0.0,0.0038461538461538464
4757,-0.4999999999999999,0.07201001547761263,0.9043769200267124,4,15.0,0.0,0.013846153846153845
4758,0.09999999999999987,0.09638583328452405,0.9043619074632937,4,9.0,0.0,0.03692307692307692
4759,-0.10000000000000009,0.07812611649463065,0.9043468951490818,4,11.0,0.0,0.01730769230769231
4760,0.4,0.015560600414304756,0.9043356360769625,3,6.0,0.0,0.021153846153846155
4761,-1.0000000000000002,0.09480836023642289,0.9043093654538057,7,20.0,0.0,0.04153846153846154
4762,-0.30000000000000004,0.08580068512410663,0.9042830955938009,7,13.0,0.0,0.026923076923076925
4763,-3.2,0.37990864691592274,0.9042530738310962,8,22.0,0.0,0.04653846153846154
4764,0.19999999999999996,0.024782965413317332,0.9042418159270474,3,8.0,0.0,0.015384615384615385
4765,-0.29999999999999993,0.12541225514483478,0.9042268056063426,4,13.0,0.0,0.013461538461538462
4766,0.7,0.00035009714702305406,0.9042193005394291,2,3.0,0.0,0.00923076923076923
4767,-3.1,0.24178790790168547,0.9041892808946893,8,21.0,0.0,0.060000000000000005
4768,-0.2999999999999998,0.1522796206999692,0.9041630145230976,7,13.0,0.0,0.045
4769,0.5,1.8217694710276344e-05,0.9041592622465873,1,5.0,0.0,0.012307692307692308
4770,-0.30000000000000004,0.10076654347432805,0.904144253296265,4,13.0,0.0,0.02076923076923077
4771,-1.0,0.09587339734602818,0.9041179882327086,7,20.0,0.0,0.038461538461538464
4772,-3.4,0.2626613621373242,0.9040879719514887,8,24.0,0.0,0.05500000000000001
4773,0.4,6.970773524073159e-06,0.9040842199864051,1,6.0,0.0,0.003076923076923077
4774,0.20000000000000007,0.0719830437522784,0.904072964184578,3,8.0,0.0,0.023076923076923075
4775,-1.0,0.13466781286242624,0.9040504530013246,6,20.0,0.0,0.015384615384615385
4776,0.8,3.543754203638727e-06,0.9040467011919446,1,2.0,0.0,0.005384615384615385
4777,0.30000000000000004,0.18710990308258113,0.9040354458572246,3,7.0,0.0,0.010384615384615384
4778,0.4,0.12220383953032585,0.9040279423785937,2,6.0,0.0,0.017307692307692305
4779,0.7,1.0647115034068122e-07,0.9040241906626328,1,3.0,0.0,0.005384615384615385
4780,-3.2,0.25853766832908426,0.9039941774954471,8,22.0,0.0,0.03461538461538461
4781,-0.7999999999999998,0.10117408311163373,0.9039641653246839,8,18.0,0.0,0.029615384615384616
4782,-0.09999999999999998,0.08056808147752686,0.9039491596129505,4,11.0,0.0,0.03076923076923077
4783,0.09999999999999998,0.0206160161056172,0.903941656850494,2,9.0,0.0,0.007692307692307693
4784,0.3999999999999999,0.04764720401607283,0.9039304028235706,3,6.0,0.0,0.03076923076923077
4785,0.4,0.04570605736733622,0.9039191489367593,3,6.0,0.0,0.013846153846153845
4786,0.0,0.08899120364311575,0.9039041439722934,4,10.0,0.0,0.026923076923076925
4787,0.49999999999999994,0.21522164644483083,0.9038966415834659,2,5.0,0.0,0.012692307692307694
4788,0.6000000000000001,0.009813887241313324,0.9038891392569082,2,4.0,0.0,0.006923076923076922
4789,-1.3,0.030181191710062144,0.9038628816043225,7,23.0,0.0,0.04230769230769231
4790,0.3,0.06567393808083166,0.903855379557972,2,7.0,0.0,0.005384615384615385
4791,-0.5,0.08053721416669196,0.9038328737925195,6,15.0,0.0,0.04615384615384616
4792,-3.7,0.30559733808664424,0.9038028669769614,8,27.0,0.0,0.04615384615384616
4793,0.30000000000000004,0.12842787036813208,0.9037916146779648,3,7.0,0.0,0.012307692307692308
4794,0.6,3.2312833553316267e-07,0.9037878639427639,1,4.0,0.0,0.003461538461538461
4795,0.6,1.5936839332542085e-05,0.9037841132231286,1,4.0,0.0,0.003461538461538461
4796,-3.5,0.31177500423946436,0.9037541080263979,8,25.0,0.0,0.02538461538461538
4797,0.30000000000000004,0.0009704699143949225,0.9037466068828662,2,7.0,0.0,0.010384615384615384
4798,0.8,2.870440904967353e-06,0.9037428563344477,1,2.0,0.0,0.008461538461538461
4799,0.0,0.010631425415944834,0.9037278542964207,4,10.0,0.0,0.01730769230769231
4800,0.3,0.025880672636321794,0.9037203533707945,2,7.0,0.0,0.007692307692307693
4801,-1.3,0.12379333352228371,0.9036978509674594,6,23.0,0.0,0.03115384615384615
4802,-1.4,0.1161021249986462,0.9036678486345939,8,24.0,0.0,0.03807692307692308
4803,0.6,1.045616028616525e-05,0.9036640984130221,1,4.0,0.0,0.0019230769230769232
4804,0.19999999999999996,0.03023786641392204,0.9036528478416869,3,8.0,0.0,0.024615384615384615
4805,0.4,0.06187521786068104,0.9036415974104207,3,6.0,0.0,0.01076923076923077
4806,-3.8,0.3824064564071332,0.9036115969451465,8,28.0,0.0,0.02538461538461538
4807,0.6,9.410544257515419e-06,0.9036078469570191,1,4.0,0.0,0.004615384615384615
4808,-0.7,0.05555751035641381,0.903581597475873,7,17.0,0.0,0.02153846153846154
4809,0.7,3.148737357328013e-05,0.9035778476122435,1,3.0,0.0,0.003076923076923077
4810,0.8,8.735476897392402e-09,0.9035740977641759,1,2.0,0.0,0.007692307692307693
4811,0.8,4.787086452795464e-07,0.9035703479316701,1,2.0,0.0,0.0026923076923076926
4812,0.6,2.908155020131531e-07,0.9035665981147262,1,4.0,0.0,0.0023076923076923075
4813,-2.9000000000000004,0.26780111564415277,0.9035366001393922,8,19.0,0.0,0.04230769230769231
4814,0.7,1.673368129917474e-05,0.9035328504625016,1,3.0,0.0,0.0019230769230769232
4815,-0.19999999999999996,0.05522194062488971,0.9035178519105502,4,12.0,0.0,0.011538461538461537
4816,0.0,0.18485089872299024,0.9035028536075733,4,10.0,0.0,0.023076923076923075
4817,-4.0,0.23481337296345925,0.9034728577485261,8,30.0,0.0,0.03461538461538462
4818,-0.10000000000000009,0.14949134263657565,0.903454110842328,5,11.0,0.0,0.024615384615384615
4819,-4.4,0.2679233057901943,0.9034241166015172,8,34.0,0.0,0.05769230769230768
4820,-3.5999999999999996,0.2463712058449421,0.9033941233565008,8,26.0,0.0,0.03115384615384615
4821,0.19999999999999996,0.04976505533085654,0.9033791271074052,4,8.0,0.0,0.016153846153846154
4822,-2.7,0.2674003883359805,0.9033491353560182,8,17.0,0.0,0.04230769230769231
4823,-3.6000000000000005,0.25683363598003767,0.903319144600343,8,26.0,0.0,0.03230769230769231
4824,-3.9000000000000004,0.29933237754218067,0.9032891548403466,8,29.0,0.0,0.03807692307692308
4825,-3.6,0.2500856242888785,0.9032591660759954,8,26.0,0.0,0.04307692307692308
4826,0.6000000000000001,0.011614430995006364,0.9032516690404734,2,4.0,0.0,0.00923076923076923
4827,-1.7000000000000004,0.0756247284408039,0.9032254299061668,7,27.0,0.0,0.015384615384615384
4828,0.8,7.523688695898478e-05,0.9032216815206328,1,2.0,0.0,0.005
4829,0.5,9.534187406234906e-07,0.9032179331506545,1,5.0,0.0,0.00923076923076923
4830,-0.40000000000000013,0.05846430833661681,0.9032029398262981,4,14.0,0.0,0.015384615384615385
4831,-2.9000000000000004,0.2535196916306675,0.903172953924244,8,19.0,0.0,0.03807692307692308
4832,0.8,6.77131982630419e-05,0.9031692057564853,1,2.0,0.0,0.0015384615384615385
4833,-3.3,0.24912488657376441,0.903139220974386,8,23.0,0.0,0.04615384615384616
4834,0.4,0.055851006723309816,0.9031279769377478,3,6.0,0.0,0.021153846153846155
4835,-0.5,0.08203063554366988,0.903109237187767,5,15.0,0.0,0.006923076923076922
4836,0.4,9.416481388524467e-07,0.9031054892844327,1,6.0,0.0,0.004615384615384615
4837,0.7,1.506031316922396e-05,0.9031017413966522,1,3.0,0.0,0.003076923076923077
4838,0.6,8.469489831797183e-06,0.9030979935244254,1,4.0,0.0,0.0038461538461538464
4839,0.30000000000000004,0.053335148980390046,0.9030904978266329,2,7.0,0.0,0.00923076923076923
4840,0.4,6.273696171676946e-06,0.9030867500010669,1,6.0,0.0,0.003076923076923077
4841,-3.2,0.31715496712671776,0.9030567679564588,8,22.0,0.0,0.060000000000000005
4842,-0.4999999999999999,0.10439628037229584,0.903041777307428,4,15.0,0.0,0.03230769230769231
4843,-0.10000000000000009,0.08391894243979071,0.9030305344839583,3,11.0,0.0,0.006923076923076922
4844,0.6,1.1617955873455266e-05,0.9030267869072403,1,4.0,0.0,0.003461538461538461
4845,-4.300000000000001,0.27642450642221145,0.9029968068533781,8,33.0,0.0,0.024615384615384615
4846,-3.2,0.30334918374279074,0.9029668277948392,8,22.0,0.0,0.03384615384615385
4847,0.6,8.340507142712283e-07,0.9029630804825038,1,4.0,0.0,0.006153846153846154
4848,0.6000000000000001,0.073180269896926,0.9029555859044871,2,4.0,0.0,0.007692307692307693
4849,-0.7000000000000002,0.1049449827656499,0.9029293553712886,7,17.0,0.0,0.038461538461538464
4850,-1.7000000000000002,0.08872320687040221,0.9028993785521064,8,27.0,0.0,0.05538461538461538
4851,0.10000000000000009,0.036858420924300146,0.902888137501494,3,9.0,0.0,0.02
4852,-3.4000000000000004,0.28939046193959705,0.9028581620507251,8,24.0,0.0,0.02769230769230769
4853,-0.7999999999999998,0.092341904186126,0.9028319343476543,7,18.0,0.0,0.03230769230769231
4854,0.10000000000000009,0.07608344851264302,0.9028169474308381,4,9.0,0.0,0.012307692307692308
4855,-0.5,0.082119876892952,0.9027982141346659,5,15.0,0.0,0.015384615384615385
4856,0.3,0.10442178600231211,0.9027869743435453,3,7.0,0.0,0.016153846153846154
4857,-0.30000000000000004,0.10420374567048296,0.9027644951811068,6,13.0,0.0,0.02769230769230769
4858,-3.5999999999999996,0.23256282911471302,0.9027345238352035,8,26.0,0.0,0.046538461538461535
4859,-3.3,0.2427063696455261,0.9027045534843343,8,23.0,0.0,0.027692307692307697
4860,-0.8999999999999999,0.08706311315909558,0.9026820763741538,6,19.0,0.0,0.03076923076923077
4861,0.7,5.924904847998125e-05,0.9026783302435368,1,3.0,0.0,0.0019230769230769232
4862,-3.7,0.2941391762421053,0.9026483617582679,8,27.0,0.0,0.06923076923076923
4863,0.7,4.1887006452245856e-07,0.9026446157675666,1,3.0,0.0,0.003076923076923077
4864,0.8,2.5833968144706176e-06,0.9026408697924112,1,2.0,0.0,0.007692307692307693
4865,-0.8,0.09177952788883391,0.902610902550811,8,18.0,0.0,0.024230769230769236
4866,0.7,1.2198853667100273e-05,0.9026071567155655,1,3.0,0.0,0.003076923076923077
4867,0.19999999999999996,0.12783673531827044,0.9025959193030999,3,8.0,0.0,0.007692307692307693
4868,0.39999999999999997,0.018562131290877637,0.9025884277725147,2,6.0,0.0,0.01
4869,0.5,0.11933444091244999,0.9025809363041091,2,5.0,0.0,0.00923076923076923
4870,-3.5,0.2828089320388968,0.902550971052272,8,25.0,0.0,0.0376923076923077
4871,0.10000000000000009,0.10421142641786439,0.9025397343393149,3,9.0,0.0,0.016923076923076923
4872,-3.5,0.29941965264408177,0.9025097704553632,8,25.0,0.0,0.04653846153846154
4873,0.19999999999999996,0.10308448981250222,0.9024985342553514,3,8.0,0.0,0.013846153846153845
4874,0.3,0.08866446464731079,0.9024910435330604,2,7.0,0.0,0.006923076923076922
4875,-1.0,0.09109945009569131,0.90246108126562,8,20.0,0.0,0.05538461538461538
4876,-0.6,0.07464668625139334,0.9024461005049267,4,16.0,0.0,0.011538461538461537
4877,-0.8000000000000002,0.04847518145172271,0.9024198847720949,7,18.0,0.0,0.04230769230769231
4878,-0.19999999999999996,0.08973393876631389,0.9024049046952591,4,12.0,0.0,0.03923076923076923
4879,0.8,3.189378783297059e-06,0.9024011597149046,1,2.0,0.0,0.005384615384615385
4880,-3.2,0.26345410510688594,0.9023712004315634,8,22.0,0.0,0.030769230769230767
4881,-4.2,0.28252293825040703,0.902341242142856,8,32.0,0.0,0.038461538461538464
4882,0.7,9.881071470374536e-06,0.9023374974267012,1,3.0,0.0,0.004615384615384615
4883,-0.9000000000000001,0.10944530143535386,0.9023150294561217,6,19.0,0.0,0.006923076923076922
4884,-0.09999999999999987,0.07487556540071577,0.9023037956806255,3,11.0,0.0,0.010384615384615384
4885,0.5,0.05285344998968888,0.9022963065746613,2,5.0,0.0,0.008461538461538461
4886,0.7,5.332414363201643e-05,0.9022925620449891,1,3.0,0.0,0.003076923076923077
4887,0.29999999999999993,0.14502632078970829,0.9022813285492108,3,7.0,0.0,0.01730769230769231
4888,-0.30000000000000016,0.05173388121294942,0.9022663507723939,4,13.0,0.0,0.019230769230769232
4889,-3.2,0.23347047387551664,0.9022363959646447,8,22.0,0.0,0.03807692307692308
4890,-0.7000000000000002,0.05079011029126506,0.9022139305114655,6,17.0,0.0,0.04846153846153847
4891,0.29999999999999993,0.13306134636840689,0.9022026979946458,3,7.0,0.0,0.028846153846153848
4892,-0.4999999999999999,0.12299062368144505,0.9021764893325688,7,15.0,0.0,0.01730769230769231
4893,0.30000000000000004,0.0841393877450268,0.9021615132960721,4,7.0,0.0,0.007692307692307693
4894,0.8,7.861929218755392e-09,0.902157769325792,1,2.0,0.0,0.006923076923076922
4895,0.8,5.484769059305172e-05,0.9021540253710493,1,2.0,0.0,0.006153846153846154
4896,-1.0999999999999999,0.15202890781686662,0.9021315619688766,6,21.0,0.0,0.03692307692307692
4897,-0.7999999999999998,0.06559483200399795,0.9021128428943347,5,18.0,0.0,0.02692307692307692
4898,0.8,1.5254699848865627e-06,0.9021090991260367,1,2.0,0.0,0.003076923076923077
4899,0.20000000000000007,0.1226116753771213,0.9020978679143622,3,8.0,0.0,0.01153846153846154
4900,-4.5,0.21248975216491087,0.9020679187001626,8,35.0,0.0,0.04846153846153847
4901,-2.8,0.2757982317719616,0.9020379704802624,8,18.0,0.0,0.04230769230769231
4902,-0.8000000000000002,0.07529044567127122,0.9020192533477277,5,18.0,0.0,0.03076923076923077
4903,-0.9,0.05167170571343466,0.9019930500146515,7,19.0,0.0,0.03384615384615385
4904,-0.09999999999999987,0.06179940834975963,0.9019818202477824,3,11.0,0.0,0.008076923076923077
4905,-3.5,0.256027208226403,0.9019518748863095,8,25.0,0.0,0.033846153846153845
4906,0.19999999999999996,0.15103566987448389,0.9019406456320687,3,8.0,0.0,0.023076923076923075
4907,-0.10000000000000009,0.09697640996627133,0.9019256735105531,4,11.0,0.0,0.009615384615384616
4908,-1.1,0.1658506872009419,0.9018994728959372,7,21.0,0.0,0.02692307692307692
4909,0.30000000000000004,0.02871181760350569,0.9018919871458452,2,7.0,0.0,0.013846153846153845
4910,-0.10000000000000009,0.032893464631748685,0.9018807586372036,3,11.0,0.0,0.00923076923076923
4911,0.0,0.12042837012914494,0.9018695302683565,3,10.0,0.0,0.012692307692307694
4912,-4.199999999999999,0.22383510730724515,0.9018395886348566,8,32.0,0.0,0.024230769230769236
4913,0.09999999999999987,0.03800909978256707,0.9018283607785739,3,9.0,0.0,0.012307692307692308
4914,-2.0,0.4091059782437504,0.9018096479954045,5,10.0,1.0,0.04923076923076923
4915,0.5,1.3280699443840582e-05,0.9018059054853653,1,5.0,0.0,0.006923076923076922
4916,0.7,6.98557216516349e-08,0.9018021629908576,1,3.0,0.0,0.005769230769230769
4917,0.7,2.550477259433137e-05,0.9017984205118812,1,3.0,0.0,0.003076923076923077
4918,-1.4999999999999998,0.03894034518693122,0.9017797083499671,5,25.0,0.0,0.030000000000000002
4919,-0.5,0.1779968190669462,0.9017572542681916,6,15.0,0.0,0.05076923076923076
4920,-3.8999999999999995,0.24244132847920324,0.9017273163622008,8,29.0,0.0,0.038461538461538464
4921,-0.5999999999999999,0.13204419141048604,0.9017086056756857,5,16.0,0.0,0.013846153846153845
4922,-3.6,0.43536766924477144,0.9016786693848048,8,26.0,0.0,0.05076923076923076
4923,0.30000000000000004,0.0005733427143138348,0.9016711854673781,2,7.0,0.0,0.006923076923076922
4924,0.09999999999999998,0.02969978352800558,0.9016599597077062,3,9.0,0.0,0.01076923076923077
4925,-0.20000000000000007,0.08886917045349117,0.9016449922455477,4,12.0,0.0,0.017307692307692305
4926,0.2,0.06374698833020422,0.9016375086076407,2,8.0,0.0,0.012692307692307694
4927,-1.7000000000000002,0.12469004744930963,0.901607574677148,8,27.0,0.0,0.05
4928,-0.7000000000000002,0.08721699621783206,0.9015888664752523,5,17.0,0.0,0.021153846153846155
4929,-3.1,0.26490163420255985,0.9015589341596549,8,21.0,0.0,0.04230769230769231
4930,0.0,0.09480917415133587,0.9015439683745102,4,10.0,0.0,0.018461538461538463
4931,0.6000000000000001,0.009407691547441532,0.9015364855750996,2,4.0,0.0,0.010384615384615384
4932,-2.9,0.27419835248478175,0.9015065549985228,8,19.0,0.0,0.006923076923076922
4933,0.0,0.14683657238238185,0.9014953312884917,3,10.0,0.0,0.012307692307692308
4934,-0.7000000000000001,0.13975707551886926,0.9014766254156269,5,17.0,0.0,0.016153846153846154
4935,0.7,5.6583134622201214e-08,0.9014728842876314,1,3.0,0.0,0.0026923076923076926
4936,-3.4000000000000004,0.30431609864366665,0.9014429558225868,8,24.0,0.0,0.031153846153846157
4937,0.0,0.1447777095298393,0.9014279919626705,4,10.0,0.0,0.011538461538461537
4938,-3.2,0.24221784603427626,0.9013980649880294,8,22.0,0.0,0.06153846153846154
4939,-4.1000000000000005,0.2753858383339667,0.9013681390069495,8,31.0,0.0,0.04153846153846153
4940,-3.5999999999999996,0.24510659189697437,0.9013382140193978,8,26.0,0.0,0.03076923076923077
4941,-0.9999999999999998,0.07248941510915016,0.9013232518981847,4,20.0,0.0,0.015384615384615385
4942,0.3,0.06197356917584886,0.9013120304702678,3,7.0,0.0,0.02076923076923077
4943,-4.199999999999999,0.29654718514522904,0.9012821073454924,8,32.0,0.0,0.024230769230769236
4944,0.8,2.1249119110056114e-05,0.901278367024747,1,2.0,0.0,0.005384615384615385
4945,0.09999999999999998,0.06539946014633354,0.901270886429823,2,9.0,0.0,0.01
4946,0.4,0.08908695707640604,0.9012634058969877,2,6.0,0.0,0.006923076923076922
4947,0.8,2.0925514196967754e-06,0.9012596656538533,1,2.0,0.0,0.006153846153846154
4948,0.5,0.0629760260389241,0.9012521852141504,2,5.0,0.0,0.004615384615384615
4949,-3.7,0.2253789189479061,0.9012222640762086,8,27.0,0.0,0.04230769230769231
4950,-0.7999999999999998,0.08648162036766806,0.9011998238746514,6,18.0,0.0,0.02423076923076923
4951,0.8,4.4426629380422966e-05,0.9011960838953823,1,2.0,0.0,0.0019230769230769232
4952,0.19999999999999996,0.06453754899688473,0.9011848640507003,3,8.0,0.0,0.013846153846153845
4953,0.4,0.08017837541281779,0.9011773842318493,2,6.0,0.0,0.016153846153846154
4954,0.7,4.58323390351012e-08,0.9011736443457048,1,3.0,0.0,0.006153846153846154
4955,-4.1000000000000005,0.24498124362636525,0.901143725815282,8,31.0,0.0,0.050769230769230775
4956,0.7,4.124910513159108e-08,0.90113998606882,1,3.0,0.0,0.005769230769230769
4957,-3.3,0.2997699473091311,0.9011100686558356,8,23.0,0.0,0.04615384615384615
4958,0.6000000000000001,0.07671946438175536,0.9011025894577852,2,4.0,0.0,0.00923076923076923
4959,0.8,3.998396644233626e-05,0.9010988498820389,1,2.0,0.0,0.0038461538461538464
4960,-3.5999999999999996,0.2713016601420306,0.9010689338347562,8,26.0,0.0,0.030769230769230767
4961,-0.4,0.17757371920074816,0.9010464974510825,6,14.0,0.0,0.031153846153846157
4962,-4.2,0.24110651601459526,0.9010165831418754,8,32.0,0.0,0.05884615384615385
4963,0.7,3.3928475229316746e-07,0.9010128439230554,1,3.0,0.0,0.003461538461538461
4964,-1.1,0.10198394355824753,0.900990408936006,6,21.0,0.0,0.026923076923076925
4965,0.19999999999999996,0.1792734507546101,0.9009754525883213,4,8.0,0.0,0.019230769230769232
4966,-0.8,0.08400097310034256,0.9009567575028501,5,18.0,0.0,0.02692307692307692
4967,0.9,2.3541203472143835e-06,0.9009530185323065,1,1.0,0.0,0.012307692307692308
4968,0.5,0.1779576253660109,0.9009418017137757,3,5.0,0.0,0.026923076923076925
4969,-2.9,0.2612305248277388,0.9009118908804167,8,19.0,0.0,0.06461538461538462
4970,0.5,0.08699481332474093,0.9009044133272384,2,5.0,0.0,0.017307692307692305
4971,0.4,0.004122651123543292,0.9008969358361236,2,6.0,0.0,0.005384615384615385
4972,0.19999999999999996,0.09131884624904563,0.9008857197158197,3,8.0,0.0,0.026153846153846156
4973,-0.7999999999999998,0.08543040490909296,0.9008558107443557,8,18.0,0.0,0.04153846153846154
4974,-3.0999999999999996,0.2285116643315635,0.9008259027658551,8,21.0,0.0,0.03807692307692308
4975,-3.1,0.25881805340673264,0.900795995780285,8,21.0,0.0,0.057692307692307696
4976,-3.0,0.26646353446895765,0.9007660897876124,8,20.0,0.0,0.04230769230769231
4977,-0.5,0.11824249042631603,0.9007436609446772,6,15.0,0.0,0.02153846153846154
4978,0.19999999999999996,0.022540097072485738,0.9007324467326375,3,8.0,0.0,0.012307692307692308
4979,0.3,0.01675445068507922,0.9007249706688425,2,7.0,0.0,0.01153846153846154
4980,-1.5,0.12230880900787723,0.9006950670341693,8,25.0,0.0,0.04230769230769231
4981,-3.7,0.2967956800631275,0.9006651643922826,8,27.0,0.0,0.030769230769230767
4982,-3.0999999999999996,0.2245944067514153,0.9006352627431492,8,21.0,0.0,0.02538461538461538
4983,0.4,5.560338094956485e-07,0.9006315251068089,1,6.0,0.0,0.0023076923076923075
4984,-1.8,0.05867317838718755,0.9006016245744835,8,28.0,0.0,0.02307692307692308
4985,0.8,3.598556979811374e-05,0.9005978870777415,1,2.0,0.0,0.003461538461538461
4986,-0.30000000000000004,0.06785400454428454,0.900582937245879,4,13.0,0.0,0.00923076923076923
4987,0.0,0.05123639817822012,0.9005642503050334,5,10.0,0.0,0.03076923076923077
4988,-2.9,0.30331688836695503,0.9005343520061989,8,19.0,1.0,0.0753846153846154
4989,0.39999999999999997,0.13969607074684176,0.9005268775865867,2,6.0,0.0,0.0038461538461538464
4990,0.8,1.000860857081065e-06,0.9005231404000447,1,2.0,0.0,0.004615384615384615
4991,-0.30000000000000004,0.12072037615391774,0.9005081918089693,4,13.0,0.0,0.025
4992,0.0,0.2160357175244019,0.9004932434660391,4,10.0,0.0,0.04307692307692308
4993,-0.8000000000000002,0.13195580781108174,0.9004708214169069,6,18.0,0.0,0.03076923076923077
4994,-3.3,0.2927921211644341,0.9004409262198665,8,23.0,0.0,0.05538461538461538
4995,-3.5999999999999996,0.26921883952722014,0.9004110320153321,8,26.0,0.0,0.038461538461538464
4996,-0.5,0.016303611751318208,0.9003923486414905,5,15.0,0.0,0.012307692307692308
4997,0.10000000000000009,0.14914104346977936,0.9003774022215449,4,9.0,0.0,0.02307692307692308
4998,-0.20000000000000007,0.06829203416069551,0.9003587195455157,5,12.0,0.0,0.02076923076923077
4999,-2.8,0.2527646630581092,0.9003288280702033,8,18.0,0.0,0.03807692307692308
5000,-3.3999999999999995,0.26475802621651634,0.9002989375872735,8,24.0,0.0,0.06538461538461539
