episode,reward,td_error,epsilon,hops,delay_ms,dropped,avg_util
1,-2.414,0.299216875,0.960693043575437,8,21.0,0.0,0.03461538461538462
2,-2.342,0.292682,0.9229311239742362,8,21.0,0.0,0.023076923076923075
3,0.5624642857142857,0.23494940476190476,0.9046104802746175,4,11.0,0.0,0.025
4,-2.4816666666666665,0.3058458333333333,0.8690529955452602,8,23.0,0.0,0.03461538461538462
5,0.8173571428571428,0.4631785714285714,0.8603841919146962,2,4.0,0.0,0.01
6,-2.3971666666666667,0.29825833333333335,0.8265651079747222,8,30.0,0.0,0.024230769230769236
7,0.8148571428571427,0.4614285714285714,0.8183201210226743,2,7.0,0.0,0.004615384615384615
8,0.2770714285714285,0.1603452380952381,0.7940753492934954,6,19.0,0.0,0.043846153846153854
9,0.9094285714285714,0.8474714285714285,0.7901049725470279,1,4.0,0.0,0.0038461538461538464
10,0.18983333333333324,0.10945389285714285,0.7590483508202912,8,22.0,0.0,0.038461538461538464
11,0.8834285714285713,0.8834285714285713,0.7552531090661897,1,5.0,0.0,0.006923076923076922
12,0.5762142857142857,0.2280410714285714,0.7402609576967045,4,14.0,0.0,0.013846153846153845
13,-2.38,0.29686250000000003,0.7111635524897149,8,23.0,0.0,0.02538461538461538
14,0.22499999999999987,0.1327142857142857,0.6866430931872001,7,23.0,0.0,0.035
15,0.2888492063492064,0.13917161974074077,0.6662995813682115,6,21.0,0.0,0.035
16,0.9294285714285714,0.9294285714285714,0.6629680834613705,1,3.0,0.0,0.0023076923076923075
17,0.9020952380952381,0.9020952380952381,0.6596532430440636,1,2.0,0.0,0.007692307692307693
18,-2.3775,0.3915794444444445,0.6401093727576664,6,14.0,1.0,0.04653846153846154
19,0.5310095238095238,0.16991922857142855,0.6242658676435396,5,11.0,0.0,0.02153846153846154
20,0.649063492063492,0.26184165608465604,0.6149486215357263,3,12.0,0.0,0.013461538461538462
21,-2.3503333333333334,0.29312783541666665,0.5907768628656763,8,21.0,0.0,0.02692307692307693
22,0.8994285714285714,0.8994285714285714,0.5878229785513479,1,6.0,0.0,0.003076923076923077
23,0.862095238095238,0.7737523809523809,0.5848838636585911,1,5.0,0.0,0.01
24,0.6007142857142856,0.1993531964285714,0.5732736268885887,4,15.0,0.0,0.00923076923076923
25,-2.3966666666666665,0.3019907851190476,0.5507399854171277,8,25.0,0.0,0.03461538461538462
26,0.9214285714285714,0.7747242857142856,0.547986285490042,1,4.0,0.0,0.0023076923076923075
27,0.9074285714285714,0.8172190476190475,0.5452463540625918,1,2.0,0.0,0.006923076923076922
28,0.12812500000000004,0.11988512500000001,0.5238143793828016,8,27.0,0.0,0.03807692307692308
29,0.5617142857142856,0.20303580436507934,0.5134164023722473,4,13.0,0.0,0.01846153846153846
30,0.5512142857142857,0.1884673250935714,0.5032248303978422,4,15.0,0.0,0.013846153846153845
31,-2.5325,0.313518942258631,0.483444593917636,8,26.0,0.0,0.051923076923076926
32,0.7272857142857142,0.31184886309523807,0.47622912292284103,3,8.0,0.0,0.00923076923076923
33,0.690952380952381,0.2650984,0.46912134373457726,3,9.0,0.0,0.01846153846153846
34,0.7616904761904761,0.3788830407142857,0.46444185833082485,2,7.0,0.0,0.012692307692307694
35,-2.4335,0.3202767261027083,0.446186062443672,8,25.0,0.0,0.03807692307692308
36,-2.399,0.30307256122286547,0.4286478463299511,8,25.0,0.0,0.03692307692307692
37,0.5289642857142857,0.2582592794379952,0.42013897252428334,4,15.0,0.0,0.021153846153846155
38,0.7012857142857143,0.26734798238095236,0.41386834584198684,3,9.0,0.0,0.012692307692307694
39,0.7008571428571427,0.4375525649216666,0.40974000909221303,2,6.0,0.0,0.02769230769230769
40,0.29966666666666664,0.11692861956349207,0.3936343764094253,8,19.0,0.0,0.019230769230769232
41,0.25379365079365085,0.14318230320767197,0.3819719776053028,6,19.0,0.0,0.049230769230769224
42,0.8188571428571427,0.4089638571428571,0.37816180712868996,2,6.0,0.0,0.006153846153846154
43,0.8143571428571428,0.4043242285714285,0.3743896431025813,2,6.0,0.0,0.006923076923076922
44,0.9104285714285714,0.6319553761904761,0.37251769488706843,1,2.0,0.0,0.005769230769230769
45,0.8994285714285714,0.8094857142857143,0.3706551064126331,1,6.0,0.0,0.003076923076923077
46,0.9084285714285714,0.7279710337301586,0.36880183088056995,1,3.0,0.0,0.005
47,0.6942857142857143,0.2676270828571429,0.3632974174544486,3,11.0,0.0,0.008076923076923077
48,0.16078571428571437,0.12940738775510205,0.3507711574848344,7,25.0,0.0,0.03807692307692308
49,0.9127619047619048,0.7408304761904763,0.34901730169741024,1,2.0,0.0,0.006153846153846154
50,0.870095238095238,0.870095238095238,0.3472722151889232,1,2.0,0.0,0.012307692307692308
51,0.6073809523809522,0.2260611309428571,0.3403786882983606,4,10.0,0.0,0.02307692307692308
52,0.7768571428571429,0.38014025887142855,0.33698341088258443,2,9.0,0.0,0.00923076923076923
53,-2.428,0.3032984646593857,0.3237376186352221,8,21.0,0.0,0.04153846153846154
54,0.5839642857142857,0.19157104710583334,0.3173112652388396,4,14.0,0.0,0.013461538461538462
55,0.5827142857142856,0.20311439572960782,0.31101247816653554,4,15.0,0.0,0.00923076923076923
56,0.42980952380952375,0.1565644209532952,0.3033145315372582,5,14.0,0.0,0.03230769230769231
57,0.5605428571428572,0.14980220368097144,0.29580711868545667,5,11.0,0.0,0.016153846153846154
58,0.36323809523809525,0.1456803158730159,0.28704309604425327,6,21.0,0.0,0.016153846153846154
59,0.304142857142857,0.12489712986779203,0.2799384215094006,5,22.0,0.0,0.030769230769230767
60,0.7993571428571429,0.3691473778594143,0.27714603575484437,2,9.0,0.0,0.005384615384615385
61,0.8138571428571427,0.3974939653333333,0.2743815040481898,2,5.0,0.0,0.00923076923076923
62,0.6402857142857142,0.254841304731746,0.2702863258025825,3,11.0,0.0,0.01846153846153846
63,0.5562142857142858,0.1636838860098817,0.2649210072611673,4,14.0,0.0,0.019230769230769232
64,0.7192857142857143,0.23972067421662946,0.2609670281126685,3,9.0,0.0,0.00923076923076923
65,0.7088412698412697,0.2549666205646137,0.2570720625972084,3,7.0,0.0,0.015384615384615385
66,-2.352,0.30530760523868644,0.24696734223472733,8,22.0,0.0,0.02307692307692308
67,0.5772142857142857,0.1689366307884891,0.24206491716205145,4,12.0,0.0,0.02
68,0.5237095238095237,0.18450695142857143,0.23607350863684065,5,13.0,0.0,0.016153846153846154
69,0.651063492063492,0.25214499161195764,0.23255008201124722,3,9.0,0.0,0.02153846153846154
70,0.5399642857142857,0.19701110755238094,0.22793384675362674,4,16.0,0.0,0.017307692307692305
71,0.6782857142857143,0.3044724047619048,0.22453190559909803,3,9.0,0.0,0.016153846153846154
72,0.894095238095238,0.8393666666666666,0.22340924607110255,1,5.0,0.0,0.005384615384615385
73,0.9340952380952381,0.8470857142857142,0.22229219984074702,1,2.0,0.0,0.003076923076923077
74,0.9084285714285714,0.8333154761904761,0.2211807388415433,1,3.0,0.0,0.005
75,0.6091190476190477,0.20348350726843992,0.2178795886667409,3,12.0,0.0,0.023076923076923075
76,0.9314285714285714,0.8515428571428572,0.2167901907234072,1,1.0,0.0,0.004615384615384615
77,0.3314285714285712,0.13040259335031265,0.20931540516921554,7,22.0,0.0,0.00923076923076923
78,0.3818492063492064,0.1831512352606386,0.2031139149609751,6,14.0,0.0,0.03384615384615385
79,0.8305238095238094,0.4162921074761905,0.2010878536592394,2,4.0,0.0,0.00923076923076923
80,0.8974285714285714,0.37420896586041374,0.2000824143909432,1,4.0,0.0,0.005384615384615385
81,0.6988412698412699,0.2629835391534392,0.19709615934585656,3,11.0,0.0,0.01076923076923077
82,0.9204285714285714,0.5742514517460316,0.19611067854912728,1,3.0,0.0,0.003461538461538461
83,0.9174285714285714,0.7589839285714285,0.19513012515638165,1,3.0,0.0,0.0038461538461538464
84,0.7813571428571429,0.3504448132799014,0.19318370215794672,2,9.0,0.0,0.008461538461538461
85,0.5468809523809524,0.19244103860277778,0.18934890919900021,4,16.0,0.0,0.019230769230769232
86,0.9020952380952381,0.9020952380952381,0.18840216465300522,1,2.0,0.0,0.007692307692307693
87,0.8198571428571427,0.4207262023809523,0.1865228530605915,2,7.0,0.0,0.004615384615384615
88,0.9260952380952381,0.9260952380952381,0.18559023879528855,1,1.0,0.0,0.005384615384615385
89,0.7805238095238095,0.38865137040000003,0.18373897616330553,2,9.0,0.0,0.00923076923076923
90,0.8834285714285713,0.7908190476190475,0.182820281282489,1,1.0,0.0,0.011538461538461537
91,0.7931904761904761,0.39914419047619043,0.18099664897669618,2,6.0,0.0,0.01153846153846154
92,0.8021904761904762,0.3858588969190476,0.17919120740315364,2,4.0,0.0,0.015000000000000001
93,0.8045238095238094,0.4026639952380952,0.17740377510930716,2,6.0,0.0,0.00923076923076923
94,0.7392857142857142,0.2473300381815182,0.17475600159032884,3,8.0,0.0,0.006923076923076922
95,0.7468571428571428,0.3758622982232142,0.1730128104744653,2,8.0,0.0,0.013846153846153845
96,0.7781904761904762,0.3558422654019048,0.1712870076899825,2,7.0,0.0,0.015000000000000001
97,0.8103571428571428,0.39485351218571424,0.16957841978827493,2,7.0,0.0,0.005384615384615385
98,0.4731761904761904,0.13651995146517132,0.16538114245489302,5,14.0,0.0,0.025384615384615387
99,0.8085238095238095,0.4034034476190477,0.16373146555890544,2,4.0,0.0,0.012692307692307694
100,0.9174285714285714,0.6066136801785713,0.16291280823111093,1,3.0,0.0,0.0038461538461538464
101,0.9047619047619047,0.6482692523809523,0.16209824418995536,1,5.0,0.0,0.0038461538461538464
102,0.9064285714285714,0.9064285714285714,0.16128775296900558,1,4.0,0.0,0.004230769230769231
103,0.5847142857142857,0.16452959801181324,0.1580861105294992,4,12.0,0.0,0.01846153846153846
104,0.6582857142857143,0.2673620133560119,0.1557266555690826,3,11.0,0.0,0.015000000000000001
105,0.9127619047619048,0.6767526666666667,0.1549480222912372,1,2.0,0.0,0.006153846153846154
106,0.6878412698412698,0.2944137807895464,0.1526354036900377,3,6.0,0.0,0.024615384615384615
107,0.7468571428571428,0.36625718067168744,0.15111286553822956,2,8.0,0.0,0.013846153846153845
108,0.15649999999999986,0.1096137379362488,0.14590259167570602,7,23.0,0.0,0.05
109,0.6240079365079365,0.2577906357994709,0.14372497725712216,3,9.0,0.0,0.032692307692307694
110,0.7042857142857142,0.2648198037619047,0.14157986400593744,3,8.0,0.0,0.012692307692307694
111,0.8078571428571427,0.3919638115461904,0.14016760486247823,2,4.0,0.0,0.013846153846153845
112,0.8093571428571428,0.31972943633108136,0.138769433003975,2,5.0,0.0,0.01
113,0.6957857142857142,0.2241728699873138,0.13669828187021155,3,9.0,0.0,0.013846153846153845
114,0.7521904761904763,0.3609031841268572,0.1353347165085562,2,9.0,0.0,0.015000000000000001
115,0.7788571428571427,0.3684191280364285,0.13398475271138335,2,7.0,0.0,0.01076923076923077
116,0.8914285714285713,0.5877440666666666,0.13331482894782642,1,2.0,0.0,0.00923076923076923
117,0.9104285714285714,0.9104285714285714,0.13264825480308728,1,2.0,0.0,0.005769230769230769
118,0.9374285714285714,0.9374285714285714,0.13198501352907185,1,2.0,0.0,0.0023076923076923075
119,0.6061190476190477,0.23845887813449207,0.13001512070402377,3,13.0,0.0,0.023076923076923075
120,0.6408968253968254,0.20616826257565626,0.12807462877562611,3,12.0,0.0,0.016923076923076923
121,0.14099999999999985,0.13457929393355406,0.12365869841532712,7,22.0,0.0,0.04846153846153847
122,0.7878571428571428,0.37071355953984997,0.12242520289863423,2,8.0,0.0,0.006923076923076922
123,0.9224285714285714,0.8313857142857142,0.12181307688414106,1,2.0,0.0,0.004230769230769231
124,0.9114285714285714,0.5189599806142857,0.12120401149972035,1,3.0,0.0,0.004615384615384615
125,0.9224285714285714,0.8549269841269841,0.12059799144222175,1,2.0,0.0,0.004230769230769231
126,0.9114285714285714,0.43837828281171426,0.11999500148501063,1,3.0,0.0,0.004615384615384615
127,0.9254285714285714,0.5361981404285714,0.11939502647758558,1,2.0,0.0,0.0038461538461538464
128,0.9144285714285714,0.6800855357142856,0.11879805134519765,1,3.0,0.0,0.004230769230769231
129,0.7935238095238094,0.38562625902769837,0.1176130407830293,2,8.0,0.0,0.00923076923076923
130,0.8148571428571427,0.3857981063042857,0.11643985070121858,2,7.0,0.0,0.004615384615384615
131,0.9174285714285714,0.47306398255285714,0.11585765144771248,1,3.0,0.0,0.0038461538461538464
132,0.679063492063492,0.2314813494461508,0.11412846151764894,3,12.0,0.0,0.012307692307692308
133,0.8967619047619048,0.4481981747904762,0.1135578192100607,1,2.0,0.0,0.008461538461538461
134,0.8013571428571428,0.36721257361355925,0.11242507996344034,2,7.0,0.0,0.006923076923076922
135,0.8058571428571427,0.3657484121348571,0.11130363979080501,2,7.0,0.0,0.006153846153846154
136,0.6058809523809523,0.2599478450347829,0.10909420695870241,4,8.0,0.0,0.019230769230769232
137,0.7895238095238095,0.34844871121855236,0.10800599224428936,2,7.0,0.0,0.012692307692307694
138,0.6015079365079365,0.2030471002950521,0.1063939893092943,3,13.0,0.0,0.021153846153846155
139,0.7885238095238095,0.39206994357680236,0.10533270926593409,2,7.0,0.0,0.01153846153846154
140,0.9204285714285714,0.39930783740547005,0.10480604571960442,1,3.0,0.0,0.003461538461538461
141,0.8228571428571427,0.40503684767903886,0.10376060541355137,2,5.0,0.0,0.007692307692307693
142,0.8994285714285714,0.42035651049109524,0.1032418023864836,1,6.0,0.0,0.003076923076923077
143,0.7644523809523809,0.2550797993391068,0.10170090558064004,3,7.0,0.0,0.004615384615384615
144,0.8178571428571427,0.34666749214863235,0.10068643904747315,2,7.0,0.0,0.006923076923076922
145,0.9054285714285714,0.3555340281251076,0.10018300685223579,1,3.0,0.0,0.005384615384615385
146,0.7765238095238095,0.34664081875618014,0.09918368135888474,2,8.0,0.0,0.012692307692307694
147,0.9164285714285714,0.47357832638571423,0.09868776295209031,1,2.0,0.0,0.005
148,0.8138571428571427,0.3754675413532629,0.09770335251664321,2,5.0,0.0,0.00923076923076923
149,0.9094285714285714,0.8187857142857142,0.09721483575406,1,4.0,0.0,0.0038461538461538464
150,0.5428809523809524,0.2777751094179819,0.09528507271768329,4,14.0,0.0,0.019230769230769232
151,0.9234285714285714,0.6882981587301586,0.09480864735409487,1,2.0,0.0,0.004615384615384615
152,0.6439642857142855,0.27532844056550765,0.09292664835904782,4,8.0,0.0,0.01730769230769231
153,0.6858412698412699,0.23266383293457735,0.09153970651645797,3,12.0,0.0,0.01076923076923077
154,0.6172142857142857,0.16486458802290418,0.08972259762946533,4,12.0,0.0,0.01076923076923077
155,0.9064285714285714,0.9064285714285714,0.089273984641318,1,4.0,0.0,0.004230769230769231
156,0.8215238095238095,0.4099367047619048,0.08838347664452084,2,3.0,0.0,0.012692307692307694
157,0.8295238095238094,0.3932892838027915,0.08750185146499175,2,7.0,0.0,0.004615384615384615
158,0.8318571428571427,0.3605147278158518,0.08662902049662846,2,5.0,0.0,0.006153846153846154
159,0.9314285714285714,0.44122049374714284,0.08619587539414532,1,2.0,0.0,0.003076923076923077
160,0.8416904761904762,0.4258191333333333,0.08533607153708872,2,4.0,0.0,0.00576923076923077
161,0.7973571428571428,0.22119236531890807,0.08448484422350626,2,7.0,0.0,0.008461538461538461
162,0.6172142857142857,0.1625663810293295,0.08280777787605056,4,12.0,0.0,0.01076923076923077
163,0.7928571428571427,0.38526483060511496,0.08198177029173696,2,6.0,0.0,0.013846153846153845
164,0.651952380952381,0.21681668180775895,0.08075818212241151,3,12.0,0.0,0.01846153846153846
165,0.9144285714285714,0.268817729264586,0.08035439121179945,1,3.0,0.0,0.004230769230769231
166,0.8807619047619047,0.5183029933333333,0.07995261925574046,1,2.0,0.0,0.01076923076923077
167,0.9204285714285714,0.24793595633812737,0.07955285615946175,1,3.0,0.0,0.003461538461538461
168,0.9154285714285714,0.7429071428571428,0.07915509187866444,1,4.0,0.0,0.003076923076923077
169,0.9154285714285714,0.6686164285714286,0.07875931641927113,1,4.0,0.0,0.003076923076923077
170,0.9084285714285714,0.28816002078891767,0.07836551983717477,1,3.0,0.0,0.005
171,0.886095238095238,0.47180602733333327,0.07797369223798889,1,2.0,0.0,0.01
172,0.9004285714285714,0.7564614285714285,0.07758382377679894,1,4.0,0.0,0.005
173,0.8543571428571428,0.28531969563289983,0.07680992513462537,2,5.0,0.0,0.0023076923076923075
174,0.6952857142857143,0.21637340677357222,0.07566352740075044,3,9.0,0.0,0.013846153846153845
175,0.7032857142857142,0.2171993736589294,0.0745342397963533,3,8.0,0.0,0.013846153846153845
176,0.8361904761904762,0.3683663421928449,0.07379076075438468,2,4.0,0.0,0.008076923076923077
177,0.9194285714285714,0.8256857142857142,0.07342180695061275,1,2.0,0.0,0.004615384615384615
178,0.8305238095238094,0.34521571701948595,0.07268942442628039,2,4.0,0.0,0.00923076923076923
179,0.7686904761904761,0.3834907809523809,0.07196434741762824,2,8.0,0.0,0.012692307692307694
180,0.9054285714285714,0.6030769821428571,0.0716045256805401,1,3.0,0.0,0.005384615384615385
181,0.7272857142857142,0.21815574112275635,0.07053581918419231,3,8.0,0.0,0.00923076923076923
182,0.8143571428571428,0.4100187947619048,0.06983222438783,2,4.0,0.0,0.010384615384615384
183,0.7895238095238095,0.31571612641523744,0.0691356479495614,2,7.0,0.0,0.012692307692307694
184,0.6878412698412698,0.20764281521246108,0.06810378976195819,3,9.0,0.0,0.015384615384615385
185,0.9354285714285714,0.5727692839285714,0.0677632708131484,1,3.0,0.0,0.0015384615384615385
186,0.8273571428571428,0.22538650054977655,0.06708733218678724,2,5.0,0.0,0.006923076923076922
187,0.6792857142857143,0.2410350339502271,0.0660860453679829,3,9.0,0.0,0.015000000000000001
188,0.7413571428571428,0.364250589047619,0.06542683706543727,2,8.0,0.0,0.017307692307692305
189,0.9104285714285714,0.34920288564947144,0.06509970288011008,1,2.0,0.0,0.005769230769230769
190,0.9064285714285714,0.5927547857142856,0.06477420436570952,1,4.0,0.0,0.004230769230769231
191,0.9264285714285714,0.5064923555357143,0.06445033334388098,1,3.0,0.0,0.0026923076923076926
192,0.9207619047619048,0.6849235238095238,0.06412808167716157,1,1.0,0.0,0.006153846153846154
193,0.8844285714285713,0.5893986571428571,0.06380744126877576,1,6.0,0.0,0.005
194,0.8021904761904762,0.3111886367922037,0.06317096204211972,2,4.0,0.0,0.015000000000000001
195,0.7449523809523808,0.24613242822289014,0.062228127537270826,3,7.0,0.0,0.01153846153846154
196,0.7072857142857143,0.21092434697723053,0.06129936495526111,3,9.0,0.0,0.01153846153846154
197,0.9014285714285714,0.7484342857142856,0.0609928681304848,1,2.0,0.0,0.006923076923076922
198,0.9264285714285714,0.20749343924707653,0.060687903789832374,1,3.0,0.0,0.0026923076923076926
199,0.7968571428571427,0.3464665309606474,0.06008254194952879,2,7.0,0.0,0.007692307692307693
200,0.7903571428571429,0.3430340430748764,0.05948321859358224,2,9.0,0.0,0.006923076923076922
201,0.6222142857142856,0.15732445551069074,0.05830244700006734,4,12.0,0.0,0.01076923076923077
202,0.9204285714285714,0.35910221470960435,0.058010934765067,1,3.0,0.0,0.003461538461538461
203,0.7801904761904761,0.38711450822351784,0.05743227569078546,2,4.0,0.0,0.016153846153846154
204,0.7951904761904761,0.3005126351079887,0.05685938874076987,2,7.0,0.0,0.01153846153846154
205,0.7465238095238096,0.34073665861211117,0.056292216338080694,2,9.0,0.0,0.016153846153846154
206,0.8121904761904761,0.3925783845771251,0.05573070148010834,2,7.0,0.0,0.008076923076923077
207,0.9024285714285714,0.3176284675765798,0.0554520479727078,1,6.0,0.0,0.0026923076923076926
208,0.7708571428571427,0.26956202028087645,0.05489891379418004,2,8.0,0.0,0.013846153846153845
209,0.7923571428571428,0.34285367573627135,0.0543512971290831,2,7.0,0.0,0.008461538461538461
210,0.7895238095238095,0.27885424630652406,0.05380914294022049,2,7.0,0.0,0.012692307692307694
211,0.8807619047619047,0.41929209126666667,0.05354009722551939,1,2.0,0.0,0.01076923076923077
212,0.31857142857142856,0.1787296991072779,0.05195383849590569,6,20.0,0.0,0.02769230769230769
213,0.5722142857142857,0.15017485777075013,0.05092252885731386,4,12.0,0.0,0.02
214,0.7768571428571428,0.32964228945855434,0.05041457663196215,2,6.0,0.0,0.016923076923076923
215,0.9314285714285714,0.7572471428571428,0.050162503748802344,1,2.0,0.0,0.003076923076923077
216,0.8211904761904761,0.4080119992380952,0.05,2,4.0,0.0,0.00923076923076923
217,0.6539523809523808,0.21999748308464986,0.05,3,10.0,0.0,0.01846153846153846
218,0.9207619047619048,0.6164311714285714,0.05,1,1.0,0.0,0.006153846153846154
219,0.8048571428571427,0.2712710822316807,0.05,2,8.0,0.0,0.006923076923076922
220,0.9294285714285714,0.2229757436815022,0.05,1,3.0,0.0,0.0023076923076923075
221,0.7392857142857142,0.20598691886132678,0.05,3,8.0,0.0,0.006923076923076922
222,0.5947142857142856,0.15400718888924284,0.05,4,12.0,0.0,0.015384615384615385
223,0.679063492063492,0.22059879651488043,0.05,3,12.0,0.0,0.012307692307692308
224,0.7252857142857143,0.19734026969675597,0.05,3,9.0,0.0,0.008076923076923077
225,0.8008571428571428,0.36189094215991363,0.05,2,7.0,0.0,0.010384615384615384
226,0.9144285714285714,0.18567816931335202,0.05,1,3.0,0.0,0.004230769230769231
227,0.9124285714285714,0.2135193874025768,0.05,1,4.0,0.0,0.003461538461538461
228,0.5722142857142857,0.1456250837936786,0.05,4,12.0,0.0,0.02
229,0.6481190476190477,0.1741020636777313,0.05,3,9.0,0.0,0.023076923076923075
230,0.9374285714285714,0.7611171428571428,0.05,1,2.0,0.0,0.0023076923076923075
231,0.8944285714285714,0.16763165617703957,0.05,1,4.0,0.0,0.005769230769230769
232,0.8964285714285714,0.5424587914285713,0.05,1,6.0,0.0,0.003461538461538461
233,0.6929523809523809,0.2244605984585513,0.05,3,7.0,0.0,0.01846153846153846
234,0.9244285714285714,0.18086849055933563,0.05,1,4.0,0.0,0.0019230769230769232
235,0.9074285714285714,0.271897955732635,0.05,1,2.0,0.0,0.006923076923076922
236,0.9124285714285714,0.150781641503402,0.05,1,4.0,0.0,0.003461538461538461
237,0.7686904761904761,0.3695992656566667,0.05,2,8.0,0.0,0.012692307692307694
238,0.7958571428571427,0.13594209896095288,0.05,2,5.0,0.0,0.012307692307692308
239,0.8273571428571428,0.14293683496106524,0.05,2,5.0,0.0,0.006923076923076922
240,0.8158571428571427,0.36410388410625827,0.05,2,7.0,0.0,0.006923076923076922
241,0.9044285714285714,0.676590857142857,0.05,1,2.0,0.0,0.006538461538461539
242,0.9207619047619048,0.6797372380952381,0.05,1,1.0,0.0,0.006153846153846154
243,0.5562142857142858,0.16055663800025347,0.05,4,14.0,0.0,0.019230769230769232
244,0.9304285714285714,0.8397857142857142,0.05,1,4.0,0.0,0.0011538461538461537
245,0.9144285714285714,0.13665417960027926,0.05,1,3.0,0.0,0.004230769230769231
246,0.6172142857142857,0.16480489038672716,0.05,4,12.0,0.0,0.01076923076923077
247,0.8724285714285713,0.23133620159417245,0.05,1,6.0,0.0,0.006538461538461539
248,0.9154285714285714,0.6958152857142856,0.05,1,4.0,0.0,0.003076923076923077
249,0.6770634920634919,0.20485948371572427,0.05,3,7.0,0.0,0.02153846153846154
250,0.7918571428571428,0.3377215155839685,0.05,2,9.0,0.0,0.006923076923076922
251,0.8974285714285714,0.6082337571428571,0.05,1,4.0,0.0,0.005384615384615385
252,0.9234285714285714,0.17611035238201678,0.05,1,3.0,0.0,0.003076923076923077
253,0.7392857142857142,0.3850372610262001,0.05,3,8.0,0.0,0.006923076923076922
254,0.7272857142857142,0.16536716744795235,0.05,3,8.0,0.0,0.00923076923076923
255,0.8834285714285713,0.20878562879035234,0.05,1,5.0,0.0,0.006923076923076922
256,0.6647301587301587,0.1782624212718709,0.05,3,12.0,0.0,0.012307692307692308
257,0.7991904761904761,0.2380029114865686,0.05,2,8.0,0.0,0.008076923076923077
258,0.5997142857142856,0.1568287606137143,0.05,4,12.0,0.0,0.015384615384615385
259,0.7691904761904762,0.30026539420735177,0.05,2,9.0,0.0,0.01153846153846154
260,0.9314285714285714,0.6224301809523809,0.05,1,1.0,0.0,0.004615384615384615
261,0.7112301587301586,0.2424554244941526,0.05,3,9.0,0.0,0.013461538461538462
262,0.6691190476190476,0.18731800153274372,0.05,3,7.0,0.0,0.023076923076923075
263,0.7968571428571427,0.32875990249605425,0.05,2,7.0,0.0,0.007692307692307693
264,0.9114285714285714,0.14649931714381503,0.05,1,3.0,0.0,0.004615384615384615
265,0.7543571428571427,0.30896989011108633,0.05,2,7.0,0.0,0.017307692307692305
266,0.8887619047619048,0.16974283154601144,0.05,1,5.0,0.0,0.006153846153846154
267,0.6902857142857143,0.2887707255688849,0.05,3,9.0,0.0,0.013846153846153845
268,0.9074285714285714,0.6158470447619047,0.05,1,2.0,0.0,0.006153846153846154
269,0.9207619047619048,0.5547880542857142,0.05,1,1.0,0.0,0.006153846153846154
270,0.9294285714285714,0.3086870796290653,0.05,1,3.0,0.0,0.0023076923076923075
271,0.8143571428571428,0.39571303468238095,0.05,2,4.0,0.0,0.010384615384615384
272,0.8088571428571427,0.3612162711369108,0.05,2,5.0,0.0,0.00923076923076923
273,0.8183571428571428,0.3910682487898168,0.05,2,5.0,0.0,0.008461538461538461
274,0.8108571428571427,0.11822890263729774,0.05,2,7.0,0.0,0.006153846153846154
275,0.6380634920634919,0.21298740335863053,0.05,3,10.0,0.0,0.02153846153846154
276,0.7878571428571428,0.3231226518869651,0.05,2,7.0,0.0,0.00923076923076923
277,0.7132857142857143,0.17092401795538806,0.05,3,9.0,0.0,0.010384615384615384
278,0.671952380952381,0.1713898997943832,0.05,3,9.0,0.0,0.01846153846153846
279,0.9204285714285714,0.13254260537244433,0.05,1,3.0,0.0,0.003461538461538461
280,0.8013571428571428,0.3074231103814577,0.05,2,7.0,0.0,0.006923076923076922
281,0.9367619047619047,0.5655204961904761,0.05,1,1.0,0.0,0.0038461538461538464
282,0.7468571428571428,0.26302299723796047,0.05,2,8.0,0.0,0.013846153846153845
283,0.7152857142857143,0.23866832922929915,0.05,3,9.0,0.0,0.008076923076923077
284,0.9180952380952381,0.41469621547333335,0.05,1,2.0,0.0,0.005384615384615385
285,0.8158571428571427,0.3167493931667123,0.05,2,7.0,0.0,0.006923076923076922
286,0.8003571428571428,0.3473536580926323,0.05,2,5.0,0.0,0.011538461538461537
287,0.7923571428571428,0.3099298471465178,0.05,2,7.0,0.0,0.008461538461538461
288,0.8273571428571428,0.32878858090292007,0.05,2,5.0,0.0,0.006923076923076922
289,0.8273571428571428,0.10294813812223208,0.05,2,5.0,0.0,0.006923076923076922
290,0.7788571428571427,0.2867047038419281,0.05,2,7.0,0.0,0.01076923076923077
291,0.9254285714285714,0.6755224285714285,0.05,1,2.0,0.0,0.0038461538461538464
292,0.8934285714285713,0.4427320972476189,0.05,1,6.0,0.0,0.0038461538461538464
293,0.7765238095238095,0.2104509218414968,0.05,2,8.0,0.0,0.012692307692307694
294,0.8248571428571428,0.3293636599498197,0.05,2,4.0,0.0,0.010384615384615384
295,0.9054285714285714,0.08946706052771791,0.05,1,3.0,0.0,0.005384615384615385
296,0.8994285714285714,0.404458887522857,0.05,1,6.0,0.0,0.003076923076923077
297,0.9374285714285714,0.6850054285714285,0.05,1,2.0,0.0,0.0023076923076923075
298,0.9344285714285714,0.6169701857142857,0.05,1,2.0,0.0,0.0026923076923076926
299,0.7608571428571427,0.3843579642857142,0.05,2,6.0,0.0,0.016923076923076923
300,0.6451746031746032,0.20139409785335002,0.05,3,12.0,0.0,0.02
301,0.671952380952381,0.15873410284939357,0.05,3,9.0,0.0,0.01846153846153846
302,0.8158571428571427,0.4009232667791538,0.05,2,6.0,0.0,0.006923076923076922
303,0.8674285714285713,0.1316227299126691,0.05,1,5.0,0.0,0.00923076923076923
304,0.8026904761904762,0.4033010874285714,0.05,2,7.0,0.0,0.00576923076923077
305,0.6097142857142857,0.16638773801041729,0.05,4,12.0,0.0,0.012307692307692308
306,0.679063492063492,0.2031682310266059,0.05,3,12.0,0.0,0.012307692307692308
307,0.9084285714285714,0.7557742857142856,0.05,1,3.0,0.0,0.005
308,0.8078571428571427,0.27478937302968814,0.05,2,4.0,0.0,0.013846153846153845
309,0.8834285714285713,0.45563511323809514,0.05,1,1.0,0.0,0.011538461538461537
310,0.7975238095238096,0.29038007720111236,0.05,2,9.0,0.0,0.00576923076923077
311,0.8165238095238094,0.37716041370913844,0.05,2,8.0,0.0,0.004615384615384615
312,0.8834285714285713,0.13055091916576989,0.05,1,5.0,0.0,0.006923076923076922
313,0.8101904761904762,0.3973934948157143,0.05,2,3.0,0.0,0.015000000000000001
314,0.7152857142857142,0.14017346181720644,0.05,3,8.0,0.0,0.01153846153846154
315,0.9284285714285714,0.5758790704761905,0.05,1,2.0,0.0,0.003461538461538461
316,0.7781904761904762,0.2540600659149644,0.05,2,7.0,0.0,0.015000000000000001
317,0.7848571428571428,0.30832268032788235,0.05,2,6.0,0.0,0.015384615384615385
318,0.8361904761904762,0.2702422187856289,0.05,2,4.0,0.0,0.008076923076923077
319,0.688563492063492,0.17457144834587987,0.05,3,12.0,0.0,0.007692307692307693
320,0.9164285714285714,0.5955048857142857,0.05,1,2.0,0.0,0.005
321,0.7878571428571428,0.2584877033755517,0.05,2,8.0,0.0,0.006923076923076922
322,0.6722857142857143,0.191131258894737,0.05,3,12.0,0.0,0.013846153846153845
323,0.656063492063492,0.14159586505483887,0.05,3,9.0,0.0,0.02153846153846154
324,0.7923571428571428,0.2774047907267912,0.05,2,7.0,0.0,0.008461538461538461
325,0.9047619047619048,0.4389854668285714,0.05,1,1.0,0.0,0.008461538461538461
326,0.9114285714285714,0.22106145247816,0.05,1,3.0,0.0,0.004615384615384615
327,0.9224285714285714,0.5432731671428571,0.05,1,2.0,0.0,0.004230769230769231
328,0.8008571428571428,0.24416665034458768,0.05,2,7.0,0.0,0.010384615384615384
329,0.11270833333333335,0.18299191975528833,0.05,8,26.0,0.0,0.03807692307692308
330,0.8934285714285713,0.3253355084173237,0.05,1,6.0,0.0,0.0038461538461538464
331,0.7578571428571428,0.24702536177446965,0.05,2,9.0,0.0,0.013846153846153845
332,0.9144285714285714,0.1383319345465388,0.05,1,3.0,0.0,0.004230769230769231
333,0.9020952380952381,0.5981350095238095,0.05,1,2.0,0.0,0.007692307692307693
334,0.9340952380952381,0.5703215085714286,0.05,1,2.0,0.0,0.003076923076923077
335,0.7861904761904762,0.23885976908922696,0.05,2,9.0,0.0,0.008076923076923077
336,0.9404285714285714,0.5599543971428571,0.05,1,2.0,0.0,0.0019230769230769232
337,0.8328571428571427,0.41430683571428567,0.05,2,6.0,0.0,0.004615384615384615
338,0.8045238095238094,0.371251204119623,0.05,2,6.0,0.0,0.00923076923076923
339,0.9284285714285714,0.5182911634285714,0.05,1,2.0,0.0,0.003461538461538461
340,0.7665238095238095,0.38109449115690475,0.05,2,4.0,0.0,0.01846153846153846
341,0.5263428571428571,0.1360833455188638,0.05,5,14.0,0.0,0.013846153846153845
342,0.886095238095238,0.2803121125086314,0.05,1,2.0,0.0,0.01
343,0.6408968253968254,0.15332126221659986,0.05,3,12.0,0.0,0.016923076923076923
344,0.6722857142857143,0.1814917472395363,0.05,3,12.0,0.0,0.013846153846153845
345,0.9374285714285714,0.4628750749095238,0.05,1,2.0,0.0,0.0023076923076923075
346,0.617063492063492,0.1400135737620511,0.05,3,12.0,0.0,0.02153846153846154
347,0.8008571428571428,0.223895219399428,0.05,2,7.0,0.0,0.010384615384615384
348,0.8964285714285714,0.19802766239072322,0.05,1,6.0,0.0,0.003461538461538461
349,0.8133571428571428,0.3163190039382486,0.05,2,5.0,0.0,0.008461538461538461
350,0.8075238095238095,0.3744473596154197,0.05,2,4.0,0.0,0.01153846153846154
351,0.5914642857142857,0.1575376404144334,0.05,4,12.0,0.0,0.017307692307692305
352,0.8994285714285714,0.4260716019142856,0.05,1,1.0,0.0,0.00923076923076923
353,0.7895238095238095,0.3024285498079948,0.05,2,7.0,0.0,0.012692307692307694
354,0.9224285714285714,0.21955202884767888,0.05,1,2.0,0.0,0.004230769230769231
355,0.23757142857142866,0.15501510573996982,0.05,6,20.0,0.0,0.03923076923076923
356,0.5922142857142857,0.15733844779430792,0.05,4,12.0,0.0,0.016923076923076923
357,0.8138571428571427,0.0676939914379488,0.05,2,5.0,0.0,0.00923076923076923
358,0.9054285714285714,0.4348431199821428,0.05,1,3.0,0.0,0.005384615384615385
359,0.7935238095238094,0.14923557903926926,0.05,2,8.0,0.0,0.00923076923076923
360,0.6798968253968254,0.1270033606841826,0.05,3,9.0,0.0,0.016923076923076923
361,0.8093571428571428,0.2901447745770083,0.05,2,5.0,0.0,0.01
362,0.8567619047619047,0.0660874751535877,0.05,1,5.0,0.0,0.01076923076923077
363,0.7788571428571427,0.25471831319626237,0.05,2,7.0,0.0,0.01076923076923077
364,0.8148571428571427,0.3953983532142857,0.05,2,6.0,0.0,0.007692307692307693
365,0.8183571428571428,0.32961281321883373,0.05,2,5.0,0.0,0.008461538461538461
366,0.7823571428571428,0.3383737289755402,0.05,2,8.0,0.0,0.010384615384615384
367,0.8807619047619047,0.24694756792443495,0.05,1,2.0,0.0,0.01076923076923077
368,0.7998571428571428,0.2879352268430247,0.05,2,5.0,0.0,0.01076923076923077
369,0.7968571428571427,0.24842458326457137,0.05,2,7.0,0.0,0.007692307692307693
370,0.8674285714285713,0.08395400273438591,0.05,1,5.0,0.0,0.00923076923076923
371,0.9254285714285714,0.4045875674185714,0.05,1,2.0,0.0,0.0038461538461538464
372,0.9184285714285714,0.5684103814285715,0.05,1,4.0,0.0,0.0026923076923076926
373,0.9044285714285714,0.4424620470857142,0.05,1,2.0,0.0,0.006538461538461539
374,0.720190476190476,0.24613219954557358,0.05,2,7.0,0.0,0.02307692307692308
375,0.9054285714285714,0.07017519555509288,0.05,1,3.0,0.0,0.005384615384615385
376,0.8248571428571428,0.3066751760962666,0.05,2,4.0,0.0,0.010384615384615384
377,0.8887619047619048,0.09147872763822895,0.05,1,5.0,0.0,0.006153846153846154
378,0.7485634920634919,0.1994024912757036,0.05,3,7.0,0.0,0.007692307692307693
379,0.8038571428571428,0.329019097988424,0.05,2,9.0,0.0,0.004615384615384615
380,0.5922142857142857,0.15285752719578546,0.05,4,12.0,0.0,0.016923076923076923
381,0.8305238095238094,0.24922759540475406,0.05,2,4.0,0.0,0.00923076923076923
382,0.9014285714285714,0.16299428622376266,0.05,1,2.0,0.0,0.006923076923076922
383,0.7591904761904762,0.32526152481732373,0.05,2,6.0,0.0,0.01846153846153846
384,0.9020952380952381,0.22661800620926853,0.05,1,2.0,0.0,0.007692307692307693
385,0.651952380952381,0.1776113889915376,0.05,3,12.0,0.0,0.01846153846153846
386,0.8013571428571428,0.285892219931943,0.05,2,7.0,0.0,0.006923076923076922
387,0.9244285714285714,0.5175693432857142,0.05,1,4.0,0.0,0.0019230769230769232
388,0.7635238095238096,0.20669357338119837,0.05,2,9.0,0.0,0.012692307692307694
389,0.9024285714285714,0.2777289046751751,0.05,1,6.0,0.0,0.0026923076923076926
390,0.8083571428571428,0.24424956594079564,0.05,2,8.0,0.0,0.003461538461538461
391,0.6172142857142857,0.1279631723713898,0.05,4,12.0,0.0,0.01076923076923077
392,0.7072857142857143,0.13269176137743882,0.05,3,9.0,0.0,0.01153846153846154
393,0.7781904761904762,0.26999643620340746,0.05,2,7.0,0.0,0.015000000000000001
394,0.7535238095238095,0.2981879584359012,0.05,2,6.0,0.0,0.019615384615384614
395,0.8193571428571428,0.3858844988571428,0.05,2,6.0,0.0,0.006923076923076922
396,0.9344285714285714,0.42821584237714283,0.05,1,2.0,0.0,0.0026923076923076926
397,0.8674285714285713,0.073179134660034,0.05,1,5.0,0.0,0.00923076923076923
398,0.7818571428571428,0.2887671257213149,0.05,2,6.0,0.0,0.013846153846153845
399,0.7810238095238095,0.20735021192774306,0.05,2,8.0,0.0,0.008076923076923077
400,0.7968571428571427,0.23333641618725598,0.05,2,7.0,0.0,0.007692307692307693
401,0.6878412698412698,0.11919889833686588,0.05,3,9.0,0.0,0.015384615384615385
402,0.6798968253968254,0.10664153805431381,0.05,3,9.0,0.0,0.016923076923076923
403,0.5597142857142857,0.34408856292909973,0.05,4,12.0,0.0,0.02307692307692308
404,0.8133571428571428,0.27254346418648867,0.05,2,5.0,0.0,0.008461538461538461
405,0.6798968253968254,0.097683831198369,0.05,3,9.0,0.0,0.016923076923076923
406,0.8211904761904761,0.38530784801066664,0.05,2,4.0,0.0,0.00923076923076923
407,0.7478571428571428,0.2495298299652869,0.05,2,6.0,0.0,0.02076923076923077
408,0.9084285714285714,0.21118710355738446,0.05,1,3.0,0.0,0.005
409,0.7088412698412697,0.1700032589578752,0.05,3,7.0,0.0,0.015384615384615385
410,0.9294285714285714,0.21106839320164605,0.05,1,3.0,0.0,0.0023076923076923075
411,0.8268571428571427,0.2577377275048227,0.05,2,5.0,0.0,0.006153846153846154
412,0.7392857142857142,0.0990547034326514,0.05,3,8.0,0.0,0.006923076923076922
413,0.7968571428571427,0.2623484999323651,0.05,2,7.0,0.0,0.007692307692307693
414,0.8138571428571427,0.2650961112538173,0.05,2,5.0,0.0,0.00923076923076923
415,0.8934285714285713,0.24095601420765755,0.05,1,6.0,0.0,0.0038461538461538464
416,0.8211904761904761,0.35261007022192825,0.05,2,4.0,0.0,0.00923076923076923
417,0.9114285714285714,0.1719615538814815,0.05,1,3.0,0.0,0.004615384615384615
418,0.9034285714285714,0.4448124089571428,0.05,1,4.0,0.0,0.004615384615384615
419,0.7781904761904762,0.2450744601839433,0.05,2,7.0,0.0,0.015000000000000001
420,0.8348571428571427,0.32913322042002485,0.05,2,4.0,0.0,0.006923076923076922
421,0.8361904761904762,0.2892183804678925,0.05,2,4.0,0.0,0.008076923076923077
422,0.9207619047619048,0.41108692014571424,0.05,1,1.0,0.0,0.006153846153846154
423,0.8238571428571427,0.37469293183928565,0.05,2,6.0,0.0,0.006153846153846154
424,0.6655079365079365,0.17557789968853835,0.05,3,12.0,0.0,0.015384615384615385
425,0.7723571428571429,0.2866102001702805,0.05,2,9.0,0.0,0.01
426,0.4838095238095238,0.1317311815769494,0.05,5,14.0,0.0,0.02307692307692308
427,0.7691904761904762,0.1897778909784092,0.05,2,9.0,0.0,0.01153846153846154
428,0.6172142857142857,0.1155623709677779,0.05,4,12.0,0.0,0.01076923076923077
429,0.7633571428571428,0.2580283909358815,0.05,2,9.0,0.0,0.011538461538461537
430,0.9154285714285714,0.4587658754999999,0.05,1,4.0,0.0,0.003076923076923077
431,0.9154285714285714,0.1274822105791319,0.05,1,4.0,0.0,0.003076923076923077
432,0.9374285714285714,0.14008491035798387,0.05,1,2.0,0.0,0.0023076923076923075
433,0.6732857142857142,0.058358896901375835,0.05,3,8.0,0.0,0.019615384615384614
434,0.7768571428571429,0.24279984154665948,0.05,2,9.0,0.0,0.00923076923076923
435,0.7651904761904762,0.10218743516130491,0.05,2,8.0,0.0,0.015000000000000001
436,0.9180952380952381,0.18438309768342487,0.05,1,2.0,0.0,0.005384615384615385
437,0.9207619047619048,0.3699782281311428,0.05,1,1.0,0.0,0.006153846153846154
438,0.8103571428571428,0.2492811017333833,0.05,2,7.0,0.0,0.005384615384615385
439,0.9284285714285714,0.4760094003933333,0.05,1,2.0,0.0,0.003461538461538461
440,0.8121904761904761,0.23910848077053254,0.05,2,7.0,0.0,0.008076923076923077
441,0.8215238095238095,0.266055963887743,0.05,2,6.0,0.0,0.00576923076923077
442,0.8273571428571428,0.24640948821906747,0.05,2,5.0,0.0,0.006923076923076922
443,0.878095238095238,0.06771489721017354,0.05,1,5.0,0.0,0.007692307692307693
444,0.7748571428571429,0.17463413520709423,0.05,2,9.0,0.0,0.010384615384615384
445,0.7991904761904761,0.11005228435810954,0.05,2,8.0,0.0,0.008076923076923077
446,0.6322142857142856,0.11042095975988876,0.05,4,12.0,0.0,0.007692307692307693
447,0.8121904761904761,0.21781036613512095,0.05,2,7.0,0.0,0.008076923076923077
448,0.894095238095238,0.3063137386513618,0.05,1,1.0,0.0,0.01
449,0.9344285714285714,0.12307641932218549,0.05,1,2.0,0.0,0.0026923076923076926
450,0.6072142857142857,0.15803124043755964,0.05,4,12.0,0.0,0.013846153846153845
451,0.8143571428571428,0.36650314695960806,0.05,2,4.0,0.0,0.010384615384615384
452,0.9224285714285714,0.48595895742857137,0.05,1,2.0,0.0,0.004230769230769231
453,0.9184285714285714,0.4158892879499999,0.05,1,4.0,0.0,0.0026923076923076926
454,0.9127619047619048,0.1484241186473837,0.05,1,2.0,0.0,0.006153846153846154
455,0.7146190476190476,0.23631845594284265,0.05,3,9.0,0.0,0.00923076923076923
456,0.7838571428571427,0.18403472294347673,0.05,2,7.0,0.0,0.013846153846153845
457,0.5947142857142856,0.1017636618195209,0.05,4,12.0,0.0,0.015384615384615385
458,0.5797142857142856,0.09398657410012647,0.05,4,12.0,0.0,0.01846153846153846
459,0.8361904761904762,0.23413198564740603,0.05,2,4.0,0.0,0.008076923076923077
460,0.6618968253968253,0.23902039468725952,0.05,3,10.0,0.0,0.016923076923076923
461,0.9104285714285714,0.3730747571757428,0.05,1,2.0,0.0,0.005769230769230769
462,0.8138571428571427,0.2962587446794164,0.05,2,5.0,0.0,0.00923076923076923
463,0.7895238095238095,0.16938818806214356,0.05,2,7.0,0.0,0.012692307692307694
464,0.6372142857142857,0.15161368492873126,0.05,4,12.0,0.0,0.007692307692307693
465,0.8108571428571427,0.05100099569839012,0.05,2,7.0,0.0,0.006153846153846154
466,0.9127619047619048,0.13842218681607388,0.05,1,2.0,0.0,0.006153846153846154
467,0.9047619047619048,0.28634903145289237,0.05,1,1.0,0.0,0.008461538461538461
468,0.8914285714285713,0.11224837344931193,0.05,1,2.0,0.0,0.00923076923076923
469,0.9394285714285714,0.1512466348011331,0.05,1,2.0,0.0,0.0023076923076923075
470,0.5157095238095237,0.12625613371625247,0.05,5,14.0,0.0,0.016153846153846154
471,0.8280238095238095,0.35497981129163003,0.05,2,4.0,0.0,0.008076923076923077
472,0.4234428571428571,0.2098770121778109,0.05,5,11.0,0.0,0.033846153846153845
473,0.7968571428571427,0.20131429590944727,0.05,2,7.0,0.0,0.007692307692307693
474,0.6460079365079364,0.22525289876273447,0.05,3,10.0,0.0,0.02
475,0.8058571428571427,0.19033083624995195,0.05,2,7.0,0.0,0.006153846153846154
476,0.9367619047619047,0.4207977750561904,0.05,1,1.0,0.0,0.0038461538461538464
477,0.5491428571428572,0.20843990446562216,0.05,5,11.0,0.0,0.013846153846153845
478,0.9084285714285714,0.12702911835878294,0.05,1,3.0,0.0,0.005
479,0.6798968253968254,0.08992621810472824,0.05,3,9.0,0.0,0.016923076923076923
480,0.9124285714285714,0.5394793071428572,0.05,1,4.0,0.0,0.003461538461538461
481,0.9184285714285714,0.37430035915499993,0.05,1,4.0,0.0,0.0026923076923076926
482,0.7725238095238094,0.14498686292764215,0.05,2,7.0,0.0,0.016153846153846154
483,0.8974285714285714,0.4705313764285714,0.05,1,4.0,0.0,0.005384615384615385
484,0.9127619047619048,0.12235686943771418,0.05,1,2.0,0.0,0.006153846153846154
485,0.9024285714285714,0.6222152666666666,0.05,1,3.0,0.0,0.005769230769230769
486,0.8058571428571427,0.17571441100408186,0.05,2,7.0,0.0,0.006153846153846154
487,0.7768571428571428,0.27745607955099555,0.05,2,6.0,0.0,0.016923076923076923
488,0.651952380952381,0.17816534840118933,0.05,3,12.0,0.0,0.01846153846153846
489,0.9354285714285714,0.09488764073148781,0.05,1,3.0,0.0,0.0015384615384615385
490,0.8373571428571428,0.366129855475126,0.05,2,6.0,0.0,0.0038461538461538464
491,0.8078571428571427,0.25248572614844256,0.05,2,4.0,0.0,0.013846153846153845
492,0.8021904761904762,0.19944946910393757,0.05,2,4.0,0.0,0.015000000000000001
493,0.9020952380952381,0.08827070153193073,0.05,1,2.0,0.0,0.007692307692307693
494,0.9114285714285714,0.11045072872775707,0.05,1,3.0,0.0,0.004615384615384615
495,0.7691904761904762,0.1551308422522993,0.05,2,9.0,0.0,0.01153846153846154
496,0.8103571428571428,0.16374110604790787,0.05,2,7.0,0.0,0.005384615384615385
497,0.8038571428571427,0.40092284368985204,0.05,2,7.0,0.0,0.00923076923076923
498,0.9224285714285714,0.43736306168571426,0.05,1,2.0,0.0,0.004230769230769231
499,0.8934285714285713,0.1292507146428742,0.05,1,6.0,0.0,0.0038461538461538464
500,0.8211904761904761,0.331263108213694,0.05,2,4.0,0.0,0.00923076923076923
501,0.8133571428571428,0.23055744037414647,0.05,2,5.0,0.0,0.008461538461538461
502,0.7116746031746033,0.0921200685771257,0.05,3,9.0,0.0,0.01076923076923077
503,0.8045238095238094,0.23679158410571227,0.05,2,6.0,0.0,0.00923076923076923
504,0.6250079365079365,0.1392039400049116,0.05,3,12.0,0.0,0.02
505,0.9174285714285714,0.40335880798392854,0.05,1,3.0,0.0,0.0038461538461538464
506,0.8727619047619047,0.051380101202452066,0.05,1,5.0,0.0,0.008461538461538461
507,0.5500476190476191,0.28288769980188416,0.05,4,14.0,0.0,0.015384615384615385
508,0.7965238095238094,0.2243512889713665,0.05,2,4.0,0.0,0.016153846153846154
509,0.9164285714285714,0.3673942581394285,0.05,1,2.0,0.0,0.005
510,0.9314285714285714,0.34565483232548566,0.05,1,2.0,0.0,0.003076923076923077
511,0.6882857142857143,0.26015810479832757,0.05,3,11.0,0.0,0.00923076923076923
512,0.6297142857142857,0.14615554138406597,0.05,4,12.0,0.0,0.00923076923076923
513,0.8834285714285713,0.06191186417338046,0.05,1,5.0,0.0,0.006923076923076922
514,0.7733571428571429,0.2876920309717622,0.05,2,4.0,0.0,0.017307692307692305
515,0.8514285714285713,0.023720677756042363,0.05,1,5.0,0.0,0.011538461538461537
516,0.5711309523809522,0.19067079842137613,0.05,4,16.0,0.0,0.013461538461538462
517,0.7605238095238095,0.13595440375866447,0.05,2,8.0,0.0,0.01153846153846154
518,0.6962857142857143,0.37542370008205833,0.05,3,9.0,0.0,0.013846153846153845
519,0.2911428571428571,0.1326397017123894,0.05,7,19.0,0.0,0.024615384615384615
520,0.9204285714285714,0.17374635577970698,0.05,1,3.0,0.0,0.003461538461538461
521,0.8674285714285713,0.04090875774887348,0.05,1,5.0,0.0,0.00923076923076923
522,0.6538968253968254,0.34666698175090205,0.05,3,11.0,0.0,0.016923076923076923
523,0.9344285714285714,0.31408934909293706,0.05,1,2.0,0.0,0.0026923076923076926
524,0.8914285714285713,0.26270623166526486,0.05,1,4.0,0.0,0.006153846153846154
525,0.7703571428571427,0.02298690285484456,0.05,2,7.0,0.0,0.013076923076923078
526,0.8228571428571427,0.246021981421162,0.05,2,5.0,0.0,0.007692307692307693
527,0.5872142857142857,0.07205513019136466,0.05,4,12.0,0.0,0.016923076923076923
528,0.8135238095238095,0.17078659326938833,0.05,2,4.0,0.0,0.012692307692307694
529,0.9054285714285714,0.5629937399999999,0.05,1,3.0,0.0,0.005384615384615385
530,0.9114285714285714,0.09402223312662616,0.05,1,3.0,0.0,0.004615384615384615
531,0.6858412698412699,0.1542395861117756,0.05,3,12.0,0.0,0.01076923076923077
532,0.7928571428571427,0.03387573993224252,0.05,2,7.0,0.0,0.00923076923076923
533,0.9074285714285714,0.10644768162961737,0.05,1,2.0,0.0,0.006923076923076922
534,0.8121904761904761,0.15066305906714766,0.05,2,7.0,0.0,0.008076923076923077
535,0.9214285714285714,0.11577642178223135,0.05,1,4.0,0.0,0.0023076923076923075
536,0.827190476190476,0.1919343363554539,0.05,2,6.0,0.0,0.004615384615384615
537,0.8994285714285714,0.12232564317858674,0.05,1,6.0,0.0,0.003076923076923077
538,0.4838095238095238,0.1105067232875313,0.05,5,14.0,0.0,0.02307692307692308
539,0.40937619047619045,0.10462301923624504,0.05,5,14.0,0.0,0.03923076923076923
540,0.8974285714285714,0.39433116806142854,0.05,1,4.0,0.0,0.005384615384615385
541,0.9294285714285714,0.37502292718553565,0.05,1,3.0,0.0,0.0023076923076923075
542,0.9314285714285714,0.2796804141836433,0.05,1,2.0,0.0,0.003076923076923077
543,0.9124285714285714,0.25743560849873837,0.05,1,4.0,0.0,0.003461538461538461
544,0.8135238095238095,0.21188295052264858,0.05,2,4.0,0.0,0.012692307692307694
545,0.8555238095238096,0.40135472741234757,0.05,2,3.0,0.0,0.00576923076923077
546,0.9174285714285714,0.164684276113778,0.05,1,3.0,0.0,0.0038461538461538464
547,0.7953571428571428,0.2630126605502394,0.05,2,7.0,0.0,0.010384615384615384
548,0.8065238095238094,0.13475355716569376,0.05,2,7.0,0.0,0.00923076923076923
549,0.9084285714285714,0.0611389239410719,0.05,1,3.0,0.0,0.005
550,0.7318571428571428,0.19975141912186758,0.05,2,9.0,0.0,0.016923076923076923
551,0.8934285714285713,0.21686041278689183,0.05,1,6.0,0.0,0.0038461538461538464
552,0.8143571428571428,0.29010378809607973,0.05,2,4.0,0.0,0.010384615384615384
553,0.7848571428571428,0.2545221856757434,0.05,2,6.0,0.0,0.015384615384615385
554,0.8727619047619047,0.3147179975505714,0.05,1,1.0,0.0,0.013076923076923078
555,0.8083571428571429,0.21849749173006916,0.05,2,9.0,0.0,0.0038461538461538464
556,0.8363571428571428,0.06961487946464018,0.05,2,5.0,0.0,0.005384615384615385
557,0.9124285714285714,0.4384782387857143,0.05,1,4.0,0.0,0.003461538461538461
558,0.8248571428571428,0.16139155101989477,0.05,2,4.0,0.0,0.010384615384615384
559,0.9180952380952381,0.4972893577142857,0.05,1,2.0,0.0,0.005384615384615385
560,0.6722857142857143,0.14778194625386654,0.05,3,12.0,0.0,0.013846153846153845
561,0.6936746031746032,0.21935266297561784,0.05,3,10.0,0.0,0.01076923076923077
562,0.8223571428571428,0.21428846510324945,0.05,2,5.0,0.0,0.006923076923076922
563,0.8228571428571427,0.22093648789393916,0.05,2,5.0,0.0,0.007692307692307693
564,0.7813571428571429,0.18609633562541172,0.05,2,9.0,0.0,0.008461538461538461
565,0.6147142857142857,0.147836049211431,0.05,4,12.0,0.0,0.012307692307692308
566,0.9234285714285714,0.08754812274997359,0.05,1,2.0,0.0,0.004615384615384615
567,0.8133571428571428,0.19071471048279037,0.05,2,5.0,0.0,0.008461538461538461
568,0.9214285714285714,0.24069204764886454,0.05,1,4.0,0.0,0.0023076923076923075
569,0.8158571428571427,0.17036919455555555,0.05,2,6.0,0.0,0.006923076923076922
570,0.9074285714285714,0.07070929586014296,0.05,1,2.0,0.0,0.006153846153846154
571,0.9324285714285714,0.3405206344669821,0.05,1,3.0,0.0,0.0019230769230769232
572,0.9264285714285714,0.3004685710202839,0.05,1,3.0,0.0,0.0026923076923076926
573,0.8305238095238094,0.2009619701120428,0.05,2,4.0,0.0,0.00923076923076923
574,0.7665238095238095,0.266689240489197,0.05,2,4.0,0.0,0.01846153846153846
575,0.7948571428571428,0.17599943582438504,0.05,2,9.0,0.0,0.006153846153846154
576,0.8273571428571428,0.05723303752980835,0.05,2,5.0,0.0,0.006923076923076922
577,0.8093571428571428,0.21605620228243605,0.05,2,5.0,0.0,0.01
578,0.8844285714285713,0.1861743715082026,0.05,1,6.0,0.0,0.005
579,0.9324285714285714,0.10562000981396358,0.05,1,3.0,0.0,0.0019230769230769232
580,0.9127619047619048,0.4422270886095238,0.05,1,2.0,0.0,0.006153846153846154
581,0.7801904761904761,0.2548604401524829,0.05,2,4.0,0.0,0.016153846153846154
582,0.8143571428571428,0.255191807249978,0.05,2,4.0,0.0,0.010384615384615384
583,0.9124285714285714,0.3946304149071429,0.05,1,4.0,0.0,0.003461538461538461
584,0.9374285714285714,0.0935983391705254,0.05,1,2.0,0.0,0.0023076923076923075
585,0.886095238095238,0.038171122284621384,0.05,1,2.0,0.0,0.01
586,0.8974285714285714,0.08535033021503602,0.05,1,4.0,0.0,0.005384615384615385
587,0.7923571428571428,0.14093196857218265,0.05,2,7.0,0.0,0.008461538461538461
588,0.688563492063492,0.13998802165603777,0.05,3,12.0,0.0,0.007692307692307693
589,0.9354285714285714,0.5366943659999999,0.05,1,3.0,0.0,0.0015384615384615385
590,0.8295238095238094,0.2566929257629639,0.05,2,7.0,0.0,0.004615384615384615
591,0.9024285714285714,0.12728307420478024,0.05,1,3.0,0.0,0.005769230769230769
592,0.8133571428571428,0.17338346818235728,0.05,2,5.0,0.0,0.008461538461538461
593,0.8418571428571427,0.18814133736058847,0.05,2,4.0,0.0,0.006923076923076922
594,0.9204285714285714,0.4680249293999999,0.05,1,3.0,0.0,0.003461538461538461
595,0.7413571428571428,0.2954916574121033,0.05,2,8.0,0.0,0.017307692307692305
596,0.7037301587301588,0.08608288922586221,0.05,3,9.0,0.0,0.012307692307692308
597,0.6777857142857141,0.20644999093007396,0.05,3,10.0,0.0,0.013846153846153845
598,0.7861904761904762,0.1484956340322654,0.05,2,9.0,0.0,0.008076923076923077
599,0.8058571428571427,0.13440485743789077,0.05,2,7.0,0.0,0.006153846153846154
600,0.7968571428571427,0.3235655772592394,0.05,2,6.0,0.0,0.01076923076923077
601,0.7903571428571429,0.1581513135935033,0.05,2,9.0,0.0,0.006923076923076922
602,0.853190476190476,0.17668260807469044,0.05,2,4.0,0.0,0.004615384615384615
603,0.7928571428571427,0.23360517231423109,0.05,2,6.0,0.0,0.013846153846153845
604,0.8183571428571428,0.19780113299818716,0.05,2,5.0,0.0,0.008461538461538461
605,0.9100952380952381,0.32057953112884763,0.05,1,1.0,0.0,0.007692307692307693
606,0.9084285714285714,0.12055476678430221,0.05,1,3.0,0.0,0.005
607,0.9174285714285714,0.4182224364599999,0.05,1,3.0,0.0,0.0038461538461538464
608,0.7918571428571428,0.13696675531449476,0.05,2,9.0,0.0,0.006923076923076922
609,0.7895238095238095,0.19884349944564694,0.05,2,7.0,0.0,0.012692307692307694
610,0.8006904761904762,0.23173121319311585,0.05,2,4.0,0.0,0.012692307692307694
611,0.9314285714285714,0.4026267555171429,0.05,1,2.0,0.0,0.003076923076923077
612,0.894095238095238,0.2725215780159629,0.05,1,1.0,0.0,0.01
613,0.8994285714285714,0.2506027535476999,0.05,1,1.0,0.0,0.00923076923076923
614,0.679063492063492,0.13559202682733126,0.05,3,12.0,0.0,0.012307692307692308
615,0.9414285714285714,0.14149929010587203,0.05,1,3.0,0.0,0.0007692307692307692
616,0.9094285714285714,0.09157975580612632,0.05,1,4.0,0.0,0.0038461538461538464
617,0.7197301587301586,0.2415778218972362,0.05,3,7.0,0.0,0.012307692307692308
618,0.21557142857142852,0.3021874125346659,0.05,6,25.0,0.0,0.02423076923076923
619,0.8211904761904761,0.21123317324753377,0.05,2,4.0,0.0,0.00923076923076923
620,0.9204285714285714,0.10634936109528481,0.05,1,3.0,0.0,0.003461538461538461
621,0.9024285714285714,0.17560838377878707,0.05,1,6.0,0.0,0.0026923076923076926
622,0.8135238095238095,0.1411133779390329,0.05,2,4.0,0.0,0.012692307692307694
623,0.8348571428571427,0.2741516638153013,0.05,2,4.0,0.0,0.006923076923076922
624,0.44127619047619043,0.12190818539683204,0.05,5,14.0,0.0,0.03230769230769231
625,0.9354285714285714,0.09402555858295081,0.05,1,3.0,0.0,0.0015384615384615385
626,0.9114285714285714,0.06188470659245293,0.05,1,3.0,0.0,0.004615384615384615
627,0.6380634920634919,0.1963601658437356,0.05,3,10.0,0.0,0.02153846153846154
628,0.9264285714285714,0.1145248872490855,0.05,1,3.0,0.0,0.0026923076923076926
629,0.8021904761904762,0.1388242479006423,0.05,2,4.0,0.0,0.015000000000000001
630,0.7725238095238094,0.17087984232725573,0.05,2,7.0,0.0,0.016153846153846154
631,0.7965238095238094,0.12563211412001013,0.05,2,4.0,0.0,0.016153846153846154
632,0.9154285714285714,0.35816737341642857,0.05,1,4.0,0.0,0.003076923076923077
633,0.9174285714285714,0.2614217139182555,0.05,1,3.0,0.0,0.0038461538461538464
634,0.8211904761904761,0.24143768236662297,0.05,2,4.0,0.0,0.00923076923076923
635,0.8904285714285713,0.14604754540090836,0.05,1,6.0,0.0,0.004230769230769231
636,0.9054285714285714,0.36440019281399993,0.05,1,3.0,0.0,0.005384615384615385
637,0.9004285714285714,0.35789805125528573,0.05,1,4.0,0.0,0.005
638,0.8363571428571428,0.05855986762491855,0.05,2,5.0,0.0,0.005384615384615385
639,0.8228571428571427,0.048849678875087676,0.05,2,5.0,0.0,0.007692307692307693
640,0.7680238095238096,0.2032434390697353,0.05,2,7.0,0.0,0.015000000000000001
641,0.9204285714285714,0.07212978694306149,0.05,1,3.0,0.0,0.003461538461538461
642,0.7372857142857143,0.09406214979766704,0.05,3,9.0,0.0,0.00576923076923077
643,0.7196190476190476,0.08463785031120052,0.05,3,9.0,0.0,0.00923076923076923
644,0.9194285714285714,0.1682645483138433,0.05,1,2.0,0.0,0.004615384615384615
645,0.20340476190476175,0.15901516944382704,0.05,7,18.0,0.0,0.04230769230769231
646,0.7032857142857142,0.029802426983706536,0.05,3,8.0,0.0,0.013846153846153845
647,0.8135238095238095,0.12779869794102117,0.05,2,4.0,0.0,0.012692307692307694
648,0.8418571428571427,0.1292442567220745,0.05,2,4.0,0.0,0.006923076923076922
649,0.9174285714285714,0.3399601735326,0.05,1,3.0,0.0,0.0038461538461538464
650,0.8273571428571428,0.04485788972505722,0.05,2,5.0,0.0,0.006923076923076922
651,0.7813571428571429,0.13921109086224726,0.05,2,9.0,0.0,0.008461538461538461
652,0.862095238095238,0.044689754704074325,0.05,1,5.0,0.0,0.01
653,0.9064285714285714,0.08013545150647561,0.05,1,4.0,0.0,0.004230769230769231
654,0.8228571428571427,0.04137248575722979,0.05,2,5.0,0.0,0.007692307692307693
655,0.8248571428571427,0.22706353129741863,0.05,2,6.0,0.0,0.007692307692307693
656,0.7765238095238095,0.0541152086108479,0.05,2,8.0,0.0,0.012692307692307694
657,0.9154285714285714,0.24328319166731893,0.05,1,1.0,0.0,0.006923076923076922
658,0.9174285714285714,0.09505954682980156,0.05,1,3.0,0.0,0.0038461538461538464
659,0.8358571428571427,0.16809485797598625,0.05,2,5.0,0.0,0.004615384615384615
660,0.9074285714285714,0.3383640799654286,0.05,1,2.0,0.0,0.006153846153846154
661,0.7372857142857143,0.09066925855393099,0.05,3,9.0,0.0,0.00576923076923077
662,0.9284285714285714,0.24871237276527902,0.05,1,2.0,0.0,0.003461538461538461
663,0.9284285714285714,0.3671288106767142,0.05,1,2.0,0.0,0.003461538461538461
664,0.5697142857142856,0.14720953545240253,0.05,4,12.0,0.0,0.02153846153846154
665,0.8280238095238095,0.3934477801966404,0.05,2,4.0,0.0,0.008076923076923077
666,0.9234285714285714,0.15421584850240022,0.05,1,3.0,0.0,0.003076923076923077
667,0.7748571428571427,0.011283569720211939,0.05,2,7.0,0.0,0.012307692307692308
668,0.8228571428571427,0.2018097070667516,0.05,2,5.0,0.0,0.007692307692307693
669,0.7582857142857142,0.3164800471802535,0.05,3,7.0,0.0,0.00576923076923077
670,0.9054285714285714,0.08352786873209594,0.05,1,6.0,0.0,0.0023076923076923075
671,0.8103571428571428,0.12434733606544396,0.05,2,7.0,0.0,0.005384615384615385
672,0.7748571428571429,0.08580483010355971,0.05,2,9.0,0.0,0.010384615384615384
673,0.5407142857142857,0.1780469889571614,0.05,4,13.0,0.0,0.025384615384615387
674,0.9114285714285714,0.054182270281022626,0.05,1,3.0,0.0,0.004615384615384615
675,0.34657142857142853,0.2237198020796586,0.05,6,18.0,0.0,0.025384615384615387
676,0.9094285714285714,0.18981770145272303,0.05,1,4.0,0.0,0.0038461538461538464
677,0.9344285714285714,0.07202069758251795,0.05,1,2.0,0.0,0.0026923076923076926
678,0.7563571428571427,0.1861629706721961,0.05,2,7.0,0.0,0.014615384615384615
679,0.9314285714285714,0.06181862782426617,0.05,1,2.0,0.0,0.003076923076923077
680,0.9154285714285714,0.17683593130745068,0.05,1,4.0,0.0,0.003076923076923077
681,0.6097142857142857,0.0839162871698244,0.05,4,12.0,0.0,0.012307692307692308
682,0.4731761904761904,0.11247957010747336,0.05,5,14.0,0.0,0.025384615384615387
683,0.6698412698412697,0.19057623552617106,0.05,3,10.0,0.0,0.015384615384615385
684,0.8645238095238095,0.12896731162959835,0.05,2,4.0,0.0,0.0023076923076923075
685,0.9174285714285714,0.30596415617934003,0.05,1,3.0,0.0,0.0038461538461538464
686,0.8075238095238095,0.19014217856778962,0.05,2,4.0,0.0,0.01153846153846154
687,0.8048571428571427,0.17235572496866092,0.05,2,5.0,0.0,0.01076923076923077
688,0.6965079365079365,0.10598273259220299,0.05,3,12.0,0.0,0.006153846153846154
689,0.9204285714285714,0.10607033057979487,0.05,1,3.0,0.0,0.003461538461538461
690,0.9124285714285714,0.1561523381767056,0.05,1,4.0,0.0,0.003461538461538461
691,0.9064285714285714,0.10640794286104438,0.05,1,4.0,0.0,0.004230769230769231
692,0.8784285714285713,0.11944279086081755,0.05,1,6.0,0.0,0.005769230769230769
693,0.8248571428571428,0.09824497965506335,0.05,2,4.0,0.0,0.010384615384615384
694,0.886095238095238,0.019341900139591917,0.05,1,2.0,0.0,0.01
695,0.8085238095238095,0.39521874858144085,0.05,2,4.0,0.0,0.012692307692307694
696,0.8093571428571428,0.17574091567787337,0.05,2,5.0,0.0,0.01
697,0.8994285714285714,0.06917508185888632,0.05,1,6.0,0.0,0.003076923076923077
698,0.8674285714285714,0.17442870656411325,0.05,1,1.0,0.0,0.013846153846153845
699,0.7973571428571428,0.021600298412874364,0.05,2,7.0,0.0,0.008461538461538461
700,0.9234285714285714,0.07111784530933296,0.05,1,3.0,0.0,0.003076923076923077
701,0.8105238095238095,0.06625558060754388,0.05,2,8.0,0.0,0.00576923076923077
702,0.8967619047619048,0.3820043797485714,0.05,1,2.0,0.0,0.008461538461538461
703,0.9094285714285714,0.137537104359035,0.05,1,4.0,0.0,0.0038461538461538464
704,0.8090238095238095,0.20402482811941774,0.05,2,7.0,0.0,0.008076923076923077
705,0.8807619047619047,0.3278039417737142,0.05,1,2.0,0.0,0.01076923076923077
706,0.9164285714285714,0.1383180936580226,0.05,1,2.0,0.0,0.005
707,0.5497142857142856,0.06942733632141462,0.05,4,12.0,0.0,0.024615384615384615
708,0.7975238095238096,0.0894040514503961,0.05,2,9.0,0.0,0.00576923076923077
709,0.8964285714285714,0.05720562582950739,0.05,1,6.0,0.0,0.003461538461538461
710,0.878095238095238,0.05160240260784155,0.05,1,5.0,0.0,0.007692307692307693
711,0.7355079365079366,0.07796124143998445,0.05,3,9.0,0.0,0.006153846153846154
712,0.8143571428571428,0.21720108595362891,0.05,2,4.0,0.0,0.010384615384615384
713,0.8967619047619048,0.028074376792299405,0.05,1,2.0,0.0,0.008461538461538461
714,0.6850079365079365,0.11572036291311066,0.05,3,7.0,0.0,0.02
715,0.7406190476190475,0.11820076886801024,0.05,3,7.0,0.0,0.00923076923076923
716,0.8138571428571427,0.15985449830405216,0.05,2,5.0,0.0,0.00923076923076923
717,0.8363571428571428,0.1555939862135931,0.05,2,5.0,0.0,0.005384615384615385
718,0.7878571428571428,0.05000509158415495,0.05,2,8.0,0.0,0.010384615384615384
719,0.6383968253968253,0.1361929194197347,0.05,3,12.0,0.0,0.02153846153846154
720,0.8807619047619047,0.05732226466989587,0.05,1,2.0,0.0,0.01076923076923077
721,0.8273571428571428,0.1675129177432999,0.05,2,5.0,0.0,0.006923076923076922
722,0.9174285714285714,0.05531596619608958,0.05,1,3.0,0.0,0.0038461538461538464
723,0.9314285714285714,0.22098583590770182,0.05,1,1.0,0.0,0.004615384615384615
724,0.9180952380952381,0.3323568809296761,0.05,1,2.0,0.0,0.005384615384615385
725,0.7725238095238094,0.10585711059910169,0.05,2,7.0,0.0,0.016153846153846154
726,0.7848571428571428,0.1871888469321127,0.05,2,6.0,0.0,0.015384615384615385
727,0.9074285714285714,0.07825670486957292,0.05,1,2.0,0.0,0.006923076923076922
728,0.9034285714285714,0.3251082461297572,0.05,1,4.0,0.0,0.004615384615384615
729,0.9154285714285714,0.1828872523169316,0.05,1,1.0,0.0,0.006923076923076922
730,0.6097142857142857,0.0656916544165104,0.05,4,12.0,0.0,0.012307692307692308
731,0.9234285714285714,0.24127954252643002,0.05,1,3.0,0.0,0.003076923076923077
732,0.7951904761904761,0.10673457101468736,0.05,2,7.0,0.0,0.01153846153846154
733,0.8008571428571428,0.16888686165988864,0.05,2,7.0,0.0,0.010384615384615384
734,0.7885238095238095,0.1743594566770889,0.05,2,7.0,0.0,0.01153846153846154
735,0.6329523809523809,0.10282327453614844,0.05,3,12.0,0.0,0.01846153846153846
736,0.9047619047619047,0.07893802511191084,0.05,1,5.0,0.0,0.0038461538461538464
737,0.7913571428571428,0.022789472606567274,0.05,2,5.0,0.0,0.013076923076923078
738,0.43064285714285705,0.2741514866881224,0.05,5,14.0,0.0,0.03461538461538461
739,0.8021904761904761,0.16376906925913215,0.05,2,7.0,0.0,0.00923076923076923
740,0.8408571428571427,0.04146573259819736,0.05,2,5.0,0.0,0.004615384615384615
741,0.8904285714285713,0.04460480599161565,0.05,1,6.0,0.0,0.004230769230769231
742,0.9114285714285714,0.205151588273787,0.05,1,3.0,0.0,0.004615384615384615
743,0.7195238095238095,0.081463970836054,0.05,2,8.0,0.0,0.01846153846153846
744,0.9224285714285714,0.1304862842922203,0.05,1,2.0,0.0,0.004230769230769231
745,0.9114285714285714,0.14049851177473582,0.05,1,6.0,0.0,0.0015384615384615385
746,0.8363571428571428,0.038449294189783656,0.05,2,5.0,0.0,0.005384615384615385
747,0.9264285714285714,0.08003486316647312,0.05,1,3.0,0.0,0.0026923076923076926
748,0.9194285714285714,0.31652767196888576,0.05,1,2.0,0.0,0.004615384615384615
749,0.8191904761904761,0.12041004995232774,0.05,2,4.0,0.0,0.01153846153846154
750,0.7948571428571428,0.13620277144713544,0.05,2,9.0,0.0,0.006153846153846154
751,0.8138571428571427,0.026247986137070634,0.05,2,5.0,0.0,0.00923076923076923
752,0.7748571428571427,0.14721280210099996,0.05,2,7.0,0.0,0.013846153846153845
753,0.8191904761904761,0.10825497272890622,0.05,2,4.0,0.0,0.01153846153846154
754,0.8183571428571428,0.14705615259159494,0.05,2,5.0,0.0,0.008461538461538461
755,0.8143571428571428,0.19536046151355135,0.05,2,4.0,0.0,0.010384615384615384
756,0.7953571428571428,0.13031789086930728,0.05,2,7.0,0.0,0.010384615384615384
757,0.8121904761904761,0.10550296824116479,0.05,2,7.0,0.0,0.008076923076923077
758,0.6722857142857143,0.12492638647865702,0.05,3,12.0,0.0,0.013846153846153845
759,0.8021904761904762,0.09179547521359643,0.05,2,4.0,0.0,0.015000000000000001
760,0.9074285714285714,0.10243765586299824,0.05,1,2.0,0.0,0.006153846153846154
761,0.7878571428571428,0.18553520394147266,0.05,2,7.0,0.0,0.00923076923076923
762,0.7968571428571427,0.174535860850172,0.05,2,7.0,0.0,0.007692307692307693
763,0.8273571428571428,0.03223494675300248,0.05,2,5.0,0.0,0.006923076923076922
764,0.8191904761904761,0.09589733012274926,0.05,2,4.0,0.0,0.01153846153846154
765,0.9244285714285714,0.3135974215167815,0.05,1,4.0,0.0,0.0019230769230769232
766,0.9204285714285714,0.19363642944640835,0.05,1,3.0,0.0,0.003461538461538461
767,0.8408571428571427,0.037882535384377136,0.05,2,5.0,0.0,0.004615384615384615
768,0.8008571428571428,0.1774247297205562,0.05,2,6.0,0.0,0.012307692307692308
769,0.9367619047619047,0.1859318604185718,0.05,1,1.0,0.0,0.0038461538461538464
770,0.15997619047619033,0.2065628150454635,0.05,7,21.0,0.0,0.03807692307692308
771,0.8103571428571428,0.11262209645682963,0.05,2,7.0,0.0,0.005384615384615385
772,0.8013571428571428,0.09738723211911776,0.05,2,7.0,0.0,0.006923076923076922
773,0.8006904761904762,0.17721595110195304,0.05,2,4.0,0.0,0.012692307692307694
774,0.7885238095238095,0.11742030029788797,0.05,2,7.0,0.0,0.01153846153846154
775,0.9374285714285714,0.23284113548875107,0.05,1,2.0,0.0,0.0023076923076923075
776,0.8348571428571427,0.16679270177780178,0.05,2,4.0,0.0,0.006923076923076922
777,0.9224285714285714,0.29604814617194797,0.05,1,2.0,0.0,0.004230769230769231
778,0.8193571428571428,0.30945739300413866,0.05,2,6.0,0.0,0.006923076923076922
779,0.8674285714285713,0.04107451698559694,0.05,1,5.0,0.0,0.00923076923076923
780,0.8403571428571428,0.15470484871523332,0.05,2,5.0,0.0,0.0038461538461538464
781,0.44714285714285706,0.15061026910601646,0.05,5,16.0,0.0,0.025
782,0.8223571428571428,0.13168593786557975,0.05,2,5.0,0.0,0.006923076923076922
783,0.9254285714285714,0.11019389027669846,0.05,1,2.0,0.0,0.0038461538461538464
784,0.7538571428571428,0.03520412805531026,0.05,2,8.0,0.0,0.017307692307692305
785,0.9244285714285714,0.1371929499895419,0.05,1,4.0,0.0,0.0019230769230769232
786,0.8271904761904761,0.3593542600455531,0.05,2,3.0,0.0,0.01153846153846154
787,0.8904285714285713,0.10544866059726221,0.05,1,6.0,0.0,0.004230769230769231
788,0.8135238095238095,0.07919533022563052,0.05,2,4.0,0.0,0.012692307692307694
789,0.7072857142857143,0.06149690556335071,0.05,3,9.0,0.0,0.01153846153846154
790,0.7468571428571428,0.07793812972727393,0.05,2,8.0,0.0,0.013846153846153845
791,0.7973571428571428,0.029711861232325443,0.05,2,7.0,0.0,0.008461538461538461
792,0.7092857142857142,0.025121267540541597,0.05,3,8.0,0.0,0.012692307692307694
793,0.816190476190476,0.049458288977916265,0.05,2,8.0,0.0,0.004615384615384615
794,0.6587301587301587,0.11777138555289328,0.05,3,12.0,0.0,0.016923076923076923
795,0.9127619047619048,0.07576436771594908,0.05,1,2.0,0.0,0.006153846153846154
796,0.9254285714285714,0.2694433315547532,0.05,1,2.0,0.0,0.0038461538461538464
797,0.7816904761904762,0.10625427653633429,0.05,2,7.0,0.0,0.012692307692307694
798,0.8096904761904762,0.30469016792775816,0.05,2,8.0,0.0,0.00576923076923077
799,0.9324285714285714,0.07238348065907518,0.05,1,3.0,0.0,0.0019230769230769232
800,0.8874285714285713,0.08565389127425849,0.05,1,6.0,0.0,0.004615384615384615
801,0.6652857142857143,0.05441752424490905,0.05,3,9.0,0.0,0.019615384615384614
802,0.9264285714285714,0.05914513259316767,0.05,1,3.0,0.0,0.0026923076923076926
803,0.8228571428571427,0.12168500908452101,0.05,2,5.0,0.0,0.007692307692307693
804,0.9314285714285714,0.21688319477433793,0.05,1,1.0,0.0,0.004615384615384615
805,0.4944428571428571,0.10939226654110631,0.05,5,14.0,0.0,0.02076923076923077
806,0.9180952380952381,0.04897315059116192,0.05,1,2.0,0.0,0.005384615384615385
807,0.9194285714285714,0.2848749047719972,0.05,1,2.0,0.0,0.004615384615384615
808,0.6172142857142857,0.05591170666262074,0.05,4,12.0,0.0,0.01076923076923077
809,0.8013571428571428,0.1623780343377168,0.05,2,7.0,0.0,0.006923076923076922
810,0.2664285714285713,0.20340813207928057,0.05,7,20.0,0.0,0.026923076923076925
811,0.9244285714285714,0.13918542218218166,0.05,1,4.0,0.0,0.0019230769230769232
812,0.6898968253968254,0.2621006638410183,0.05,3,9.0,0.0,0.016923076923076923
813,0.7918571428571428,0.07914509259497887,0.05,2,9.0,0.0,0.006923076923076922
814,0.9224285714285714,0.04581754855060027,0.05,1,2.0,0.0,0.004230769230769231
815,0.6567857142857143,0.08588113572832028,0.05,3,12.0,0.0,0.013846153846153845
816,0.8103571428571428,0.15352991451925083,0.05,2,7.0,0.0,0.005384615384615385
817,0.8013571428571428,0.27358114598863414,0.05,2,6.0,0.0,0.01
818,0.7633571428571428,0.12068826275249078,0.05,2,9.0,0.0,0.011538461538461537
819,0.7895238095238095,0.1475719868034092,0.05,2,7.0,0.0,0.012692307692307694
820,0.9164285714285714,0.188557021939876,0.05,1,2.0,0.0,0.005
821,0.6722857142857143,0.10535512680881814,0.05,3,12.0,0.0,0.013846153846153845
822,0.9020952380952381,0.28312119283670845,0.05,1,2.0,0.0,0.007692307692307693
823,0.9204285714285714,0.11032270317483017,0.05,1,3.0,0.0,0.003461538461538461
824,0.36980952380952364,0.1866688954645242,0.05,5,18.0,0.0,0.030000000000000002
825,0.6097142857142857,0.054862702731880264,0.05,4,12.0,0.0,0.012307692307692308
826,0.8994285714285714,0.08625716045824972,0.05,1,3.0,0.0,0.006153846153846154
827,0.7468571428571428,0.07075600198184656,0.05,2,8.0,0.0,0.013846153846153845
828,0.9144285714285714,0.09883281814304101,0.05,1,3.0,0.0,0.004230769230769231
829,0.8211904761904761,0.18272997599539498,0.05,2,4.0,0.0,0.00923076923076923
830,0.7935238095238094,0.03005587092290901,0.05,2,8.0,0.0,0.00923076923076923
831,0.8361904761904762,0.0943771281682998,0.05,2,4.0,0.0,0.008076923076923077
832,0.8168571428571427,0.16858929914738874,0.05,2,6.0,0.0,0.00923076923076923
833,0.9124285714285714,0.12927426800890562,0.05,1,4.0,0.0,0.003461538461538461
834,0.8273571428571428,0.02808715765963199,0.05,2,5.0,0.0,0.006923076923076922
835,0.862095238095238,0.03724790738134254,0.05,1,5.0,0.0,0.01
836,0.6936746031746032,0.1635528124103589,0.05,3,10.0,0.0,0.01076923076923077
837,0.8887619047619048,0.049142762067379886,0.05,1,5.0,0.0,0.006153846153846154
838,0.9154285714285714,0.27323767936510335,0.05,1,4.0,0.0,0.003076923076923077
839,0.43064285714285705,0.1017585682847731,0.05,5,14.0,0.0,0.03461538461538461
840,0.5007142857142857,0.1701825645779871,0.05,4,15.0,0.0,0.02769230769230769
841,0.6618968253968253,0.14897776552292008,0.05,3,10.0,0.0,0.016923076923076923
842,0.9344285714285714,0.18770131974588844,0.05,1,2.0,0.0,0.0026923076923076926
843,0.9194285714285714,0.2364989983992779,0.05,1,2.0,0.0,0.004615384615384615
844,0.7953571428571428,0.08633740854452837,0.05,2,7.0,0.0,0.010384615384615384
845,0.5153809523809523,0.2718892954304514,0.05,4,11.0,0.0,0.03076923076923077
846,0.8418571428571427,0.08815246682935368,0.05,2,4.0,0.0,0.006923076923076922
847,0.6247142857142857,0.048230956197760286,0.05,4,12.0,0.0,0.00923076923076923
848,0.8994285714285714,0.13000534104338124,0.05,1,1.0,0.0,0.00923076923076923
849,0.8191904761904761,0.07525498017174725,0.05,2,4.0,0.0,0.01153846153846154
850,0.8514285714285713,0.02285644997654157,0.05,1,5.0,0.0,0.011538461538461537
851,0.9204285714285714,0.047230619333850865,0.05,1,3.0,0.0,0.003461538461538461
852,0.6993968253968254,0.09933908600750156,0.05,3,12.0,0.0,0.007692307692307693
853,0.6618968253968253,0.1351520944185605,0.05,3,10.0,0.0,0.016923076923076923
854,0.8994285714285714,0.05739087724187908,0.05,1,6.0,0.0,0.003076923076923077
855,0.8045238095238094,0.15011289941678801,0.05,2,6.0,0.0,0.00923076923076923
856,0.8168571428571427,0.15304796409382032,0.05,2,6.0,0.0,0.00923076923076923
857,0.9180952380952381,0.2708090735530376,0.05,1,2.0,0.0,0.005384615384615385
858,0.8223571428571428,0.12303472675866095,0.05,2,5.0,0.0,0.006923076923076922
859,0.9244285714285714,0.254913911428593,0.05,1,4.0,0.0,0.0019230769230769232
860,0.7913571428571428,0.029830214786761178,0.05,2,5.0,0.0,0.013076923076923078
861,0.9207619047619048,0.18452820863023756,0.05,1,1.0,0.0,0.006153846153846154
862,0.8058571428571427,0.10467471541434292,0.05,2,7.0,0.0,0.006153846153846154
863,0.8018571428571427,0.04004602117820977,0.05,2,7.0,0.0,0.007692307692307693
864,0.7526746031746031,0.26888086887252444,0.05,3,6.0,0.0,0.009615384615384616
865,0.8488571428571428,0.1552845467295299,0.05,2,6.0,0.0,0.003076923076923077
866,0.8015238095238094,0.052288524653357205,0.05,2,8.0,0.0,0.004615384615384615
867,0.9024285714285714,0.09208850214683262,0.05,1,6.0,0.0,0.0026923076923076926
868,0.8647619047619047,0.018492947373728197,0.05,1,2.0,0.0,0.013076923076923078
869,0.7686904761904761,0.2567259820535941,0.05,2,8.0,0.0,0.012692307692307694
870,0.9084285714285714,0.06839453856881261,0.05,1,3.0,0.0,0.005
871,0.7805238095238095,0.06830161146555475,0.05,2,9.0,0.0,0.00923076923076923
872,0.9234285714285714,0.10163144441242478,0.05,1,3.0,0.0,0.003076923076923077
873,0.9224285714285714,0.2593874142947975,0.05,1,2.0,0.0,0.004230769230769231
874,0.9244285714285714,0.12436312050630804,0.05,1,4.0,0.0,0.0019230769230769232
875,0.7938571428571428,0.14996162349429154,0.05,2,4.0,0.0,0.013846153846153845
876,0.886095238095238,0.014043507279876799,0.05,1,2.0,0.0,0.01
877,0.8305238095238094,0.06022726558359892,0.05,2,4.0,0.0,0.00923076923076923
878,0.8914285714285713,0.21706149953106713,0.05,1,2.0,0.0,0.00923076923076923
879,0.5497142857142856,0.047960202524434836,0.05,4,12.0,0.0,0.024615384615384615
880,0.9314285714285714,0.2248490985593501,0.05,1,2.0,0.0,0.003076923076923077
881,0.7946904761904762,0.04482741263525991,0.05,2,8.0,0.0,0.00576923076923077
882,0.8904285714285713,0.06953216292941056,0.05,1,6.0,0.0,0.004230769230769231
883,0.7788571428571427,0.1252306940186656,0.05,2,7.0,0.0,0.01076923076923077
884,0.846095238095238,0.018383565750839992,0.05,1,5.0,0.0,0.012307692307692308
885,0.7332857142857142,0.01954101137015603,0.05,3,8.0,0.0,0.008076923076923077
886,0.9100952380952381,0.15540872110054704,0.05,1,1.0,0.0,0.007692307692307693
887,0.8934285714285713,0.06557894663646946,0.05,1,6.0,0.0,0.0038461538461538464
888,0.8158571428571427,0.1415980465355488,0.05,2,6.0,0.0,0.006923076923076922
889,0.9144285714285714,0.038013944517562015,0.05,1,3.0,0.0,0.004230769230769231
890,0.8191904761904761,0.07443412158395168,0.05,2,4.0,0.0,0.01153846153846154
891,0.7928571428571427,0.031115417284571678,0.05,2,7.0,0.0,0.00923076923076923
892,0.8211904761904761,0.1669948304933967,0.05,2,4.0,0.0,0.00923076923076923
893,0.8994285714285714,0.05165178951769123,0.05,1,6.0,0.0,0.003076923076923077
894,0.9144285714285714,0.06644005243121442,0.05,1,3.0,0.0,0.004230769230769231
895,0.7908571428571428,0.07342609337375278,0.05,2,4.0,0.0,0.017307692307692305
896,0.4838095238095238,0.09561216075575994,0.05,5,14.0,0.0,0.02307692307692308
897,0.8514285714285713,0.011885071477928943,0.05,1,5.0,0.0,0.011538461538461537
898,0.9234285714285714,0.17727278650176748,0.05,1,3.0,0.0,0.003076923076923077
899,0.7968571428571427,0.12234601975108683,0.05,2,7.0,0.0,0.007692307692307693
900,0.8013571428571428,0.09799396972944341,0.05,2,7.0,0.0,0.006923076923076922
901,0.8914285714285713,0.09123327581207152,0.05,1,4.0,0.0,0.006153846153846154
902,0.7468571428571428,0.042722107041142154,0.05,2,8.0,0.0,0.013846153846153845
903,0.7678571428571428,0.11868318717491283,0.05,2,9.0,0.0,0.01076923076923077
904,0.8148571428571427,0.25597939288593585,0.05,2,6.0,0.0,0.007692307692307693
905,0.8193571428571428,0.0841868082704707,0.05,2,7.0,0.0,0.0038461538461538464
906,0.6655079365079365,0.09240561732877088,0.05,3,12.0,0.0,0.015384615384615385
907,0.8280238095238095,0.13324672769500534,0.05,2,4.0,0.0,0.008076923076923077
908,0.7678571428571428,0.10562266996614905,0.05,2,9.0,0.0,0.01076923076923077
909,0.8273571428571428,0.11275353407459149,0.05,2,5.0,0.0,0.006923076923076922
910,0.7768571428571428,0.11073604361961659,0.05,2,6.0,0.0,0.016923076923076923
911,0.8058571428571427,0.11577997339683715,0.05,2,7.0,0.0,0.006153846153846154
912,0.7488571428571428,0.5116304983201141,0.05,2,7.0,0.0,0.016923076923076923
913,0.7678571428571428,0.09398742432738888,0.05,2,9.0,0.0,0.01076923076923077
914,0.9164285714285714,0.15093118777129955,0.05,1,2.0,0.0,0.005
915,0.9034285714285714,0.09410994823086438,0.05,1,4.0,0.0,0.004615384615384615
916,0.8003571428571428,0.1241233447103608,0.05,2,5.0,0.0,0.011538461538461537
917,0.7903571428571429,0.07987300111671919,0.05,2,9.0,0.0,0.006923076923076922
918,0.9234285714285714,0.12263372529199612,0.05,1,3.0,0.0,0.003076923076923077
919,0.7813571428571429,0.07325908830490957,0.05,2,9.0,0.0,0.008461538461538461
920,0.8143571428571428,0.11886080046967862,0.05,2,4.0,0.0,0.010384615384615384
921,0.8143571428571428,0.4049045724173208,0.05,2,6.0,0.0,0.006923076923076922
922,0.6401746031746032,0.054165981599974766,0.05,3,9.0,0.0,0.024615384615384615
923,0.8135238095238095,0.05526196760601415,0.05,2,4.0,0.0,0.012692307692307694
924,0.7468571428571428,0.03988281269308519,0.05,2,8.0,0.0,0.013846153846153845
925,0.7951904761904761,0.08795100278611045,0.05,2,7.0,0.0,0.01153846153846154
926,0.003500000000000003,0.2493167932075016,0.05,8,32.0,0.0,0.04307692307692308
927,0.894095238095238,0.11167147360570984,0.05,1,1.0,0.0,0.01
928,0.7988571428571428,0.12001431697320786,0.05,2,6.0,0.0,0.010384615384615384
929,0.7923571428571428,0.09880067611592663,0.05,2,7.0,0.0,0.008461538461538461
930,0.9114285714285714,0.05924320084582213,0.05,1,3.0,0.0,0.004615384615384615
931,0.9084285714285714,0.06854106589680709,0.05,1,3.0,0.0,0.005
932,0.7733571428571429,0.11119638137039689,0.05,2,4.0,0.0,0.017307692307692305
933,0.8148571428571427,0.07524091559283741,0.05,2,7.0,0.0,0.004615384615384615
934,0.9134285714285714,0.1843641887034151,0.05,1,2.0,0.0,0.005384615384615385
935,0.9020952380952381,0.03563338126661064,0.05,1,2.0,0.0,0.007692307692307693
936,0.7152857142857142,0.031097901116956206,0.05,3,8.0,0.0,0.01153846153846154
937,0.5947142857142856,0.03477668504915754,0.05,4,12.0,0.0,0.015384615384615385
938,0.8313571428571428,0.11019130592989101,0.05,2,5.0,0.0,0.005384615384615385
939,0.8065238095238094,0.08583952967151742,0.05,2,7.0,0.0,0.00923076923076923
940,0.9054285714285714,0.02962196838388953,0.05,1,3.0,0.0,0.005384615384615385
941,0.9100952380952381,0.13986784899049232,0.05,1,1.0,0.0,0.007692307692307693
942,0.6655079365079365,0.08576915241848905,0.05,3,12.0,0.0,0.015384615384615385
943,0.9314285714285714,0.2424486728653178,0.05,1,2.0,0.0,0.003076923076923077
944,0.7748571428571427,0.015741351919575264,0.05,2,7.0,0.0,0.012307692307692308
945,0.7578571428571428,0.06742438296556874,0.05,2,9.0,0.0,0.013846153846153845
946,0.5997142857142856,0.1185722851093948,0.05,4,12.0,0.0,0.015384615384615385
947,0.894095238095238,0.10988106409144305,0.05,1,1.0,0.0,0.01
948,0.9154285714285714,0.12022629101563209,0.05,1,1.0,0.0,0.006923076923076922
949,0.886095238095238,0.01607004313994953,0.05,1,2.0,0.0,0.01
950,0.7878571428571428,0.01994652936713781,0.05,2,8.0,0.0,0.010384615384615384
951,0.8013571428571428,0.22622304490161263,0.05,2,6.0,0.0,0.01
952,0.5722142857142857,0.03269421018019519,0.05,4,12.0,0.0,0.02
953,0.8211904761904761,0.15257941433184408,0.05,2,4.0,0.0,0.00923076923076923
954,0.6402301587301585,0.5367393630320406,0.05,3,8.0,0.0,0.026153846153846156
955,0.8358571428571427,0.10174122070452762,0.05,2,5.0,0.0,0.004615384615384615
956,0.6248412698412699,0.07921264981439353,0.05,3,12.0,0.0,0.024615384615384615
957,0.894095238095238,0.07474788247782682,0.05,1,5.0,0.0,0.005384615384615385
958,0.9047619047619048,0.11117099291180554,0.05,1,1.0,0.0,0.008461538461538461
959,0.8183571428571428,0.059077933734043686,0.05,2,5.0,0.0,0.008461538461538461
960,0.8148571428571427,0.10090466802428133,0.05,2,7.0,0.0,0.004615384615384615
961,0.7012857142857143,0.03445827532708753,0.05,3,9.0,0.0,0.012692307692307694
962,0.9114285714285714,0.06247540623355663,0.05,1,3.0,0.0,0.004615384615384615
963,0.9014285714285714,0.1208380689941696,0.05,1,2.0,0.0,0.006923076923076922
964,0.8135238095238095,0.05252543458110637,0.05,2,4.0,0.0,0.012692307692307694
965,0.9344285714285714,0.09428040188673237,0.05,1,2.0,0.0,0.0026923076923076926
966,0.9294285714285714,0.07131888076123993,0.05,1,3.0,0.0,0.0023076923076923075
967,0.8318571428571427,0.10485235554167566,0.05,2,5.0,0.0,0.006153846153846154
968,0.8814285714285713,0.04702105197282247,0.05,1,6.0,0.0,0.005384615384615385
969,0.6647301587301587,0.07669080562958759,0.05,3,12.0,0.0,0.012307692307692308
970,0.8226904761904762,0.09175644756934442,0.05,2,7.0,0.0,0.00576923076923077
971,0.6832857142857143,0.02968906965242679,0.05,3,9.0,0.0,0.016153846153846154
972,0.9034285714285714,0.20842252028573371,0.05,1,4.0,0.0,0.004615384615384615
973,0.9260952380952381,0.11887032858073554,0.05,1,1.0,0.0,0.005384615384615385
974,0.7973571428571428,0.3980625691824899,0.05,2,7.0,0.0,0.008461538461538461
975,0.8211904761904761,0.13932999289672465,0.05,2,4.0,0.0,0.00923076923076923
976,0.7838571428571428,0.017867742870829095,0.05,2,7.0,0.0,0.01076923076923077
977,0.9127619047619048,0.21668868291129384,0.05,1,2.0,0.0,0.006153846153846154
978,0.8408571428571427,0.05246510275636701,0.05,2,5.0,0.0,0.004615384615384615
979,0.9264285714285714,0.071227865610201,0.05,1,3.0,0.0,0.0026923076923076926
980,0.9044285714285714,0.027492170950759287,0.05,1,2.0,0.0,0.006538461538461539
981,0.8475238095238096,0.06519608342149935,0.05,2,4.0,0.0,0.00576923076923077
982,0.7953571428571428,0.06993852985863175,0.05,2,7.0,0.0,0.010384615384615384
983,0.8048571428571427,0.03646655863688525,0.05,2,5.0,0.0,0.01076923076923077
984,0.7578571428571428,0.05972061946706242,0.05,2,9.0,0.0,0.013846153846153845
985,0.9314285714285714,0.21820380557878605,0.05,1,2.0,0.0,0.003076923076923077
986,0.8191904761904761,0.04750816119555418,0.05,2,4.0,0.0,0.01153846153846154
987,0.9204285714285714,0.05382543627374725,0.05,1,3.0,0.0,0.003461538461538461
988,0.9180952380952381,0.2003531479534978,0.05,1,2.0,0.0,0.005384615384615385
989,0.7813571428571429,0.06777625090129602,0.05,2,9.0,0.0,0.008461538461538461
990,0.3848095238095237,0.1982672365771438,0.05,5,16.0,0.0,0.04615384615384615
991,0.9084285714285714,0.266367740561406,0.05,1,3.0,0.0,0.005
992,0.7991904761904761,0.02367155022455375,0.05,2,8.0,0.0,0.008076923076923077
993,0.9404285714285714,0.19292776983307358,0.05,1,2.0,0.0,0.0019230769230769232
994,0.8887619047619048,0.06964996238932863,0.05,1,1.0,0.0,0.01076923076923077
995,0.9047619047619047,0.09068406346919278,0.05,1,5.0,0.0,0.0038461538461538464
996,0.8021904761904762,0.04657488168915397,0.05,2,4.0,0.0,0.015000000000000001
997,0.8305238095238094,0.05112932313876428,0.05,2,4.0,0.0,0.00923076923076923
998,0.9367619047619047,0.13205389362062492,0.05,1,1.0,0.0,0.0038461538461538464
999,0.7680238095238096,0.06330997422145096,0.05,2,7.0,0.0,0.015000000000000001
1000,0.9194285714285714,0.18438342502090743,0.05,1,2.0,0.0,0.004615384615384615
1001,0.8228571428571427,0.0905141776929988,0.05,2,5.0,0.0,0.007692307692307693
1002,0.8193571428571428,0.06953198957743606,0.05,2,7.0,0.0,0.0038461538461538464
1003,0.9264285714285714,0.16254550785159072,0.05,1,3.0,0.0,0.0026923076923076926
1004,0.8854285714285713,0.29235063607478573,0.05,1,4.0,0.0,0.006923076923076922
1005,0.7618571428571428,0.23846513995304258,0.05,2,8.0,0.0,0.013846153846153845
1006,0.8133571428571428,0.09056746809520794,0.05,2,5.0,0.0,0.008461538461538461
1007,0.9084285714285714,0.03635574623887805,0.05,1,3.0,0.0,0.005
1008,0.9234285714285714,0.1432909570664317,0.05,1,3.0,0.0,0.003076923076923077
1009,0.9294285714285714,0.12473198237980254,0.05,1,3.0,0.0,0.0023076923076923075
1010,0.8183571428571428,0.12662699825955825,0.05,2,5.0,0.0,0.008461538461538461
1011,0.8238571428571427,0.06148666359690902,0.05,2,7.0,0.0,0.003076923076923077
1012,0.8248571428571428,0.04350963714821032,0.05,2,4.0,0.0,0.010384615384615384
1013,0.7536904761904761,0.05668469291638023,0.05,2,8.0,0.0,0.012692307692307694
1014,0.8138571428571427,0.030867115503447895,0.05,2,5.0,0.0,0.00923076923076923
1015,0.878095238095238,0.06018183759189577,0.05,1,1.0,0.0,0.012307692307692308
1016,0.7768571428571428,0.09576614803470967,0.05,2,6.0,0.0,0.016923076923076923
1017,0.7805238095238095,0.04848612086138193,0.05,2,9.0,0.0,0.00923076923076923
1018,0.9234285714285714,0.2547309665052654,0.05,1,3.0,0.0,0.003076923076923077
1019,0.7875238095238095,0.10467076803205544,0.05,2,6.0,0.0,0.012692307692307694
1020,0.7152857142857142,0.007609402039889431,0.05,3,8.0,0.0,0.01153846153846154
1021,0.9184285714285714,0.29611557246730724,0.05,1,4.0,0.0,0.0026923076923076926
1022,0.9234285714285714,0.04567298638042694,0.05,1,3.0,0.0,0.003076923076923077
1023,0.8006904761904762,0.1165303997968204,0.05,2,4.0,0.0,0.012692307692307694
1024,0.8143571428571428,0.11233700872126307,0.05,2,4.0,0.0,0.010384615384615384
1025,0.7088412698412697,0.09793472836857198,0.05,3,7.0,0.0,0.015384615384615385
1026,0.9154285714285714,0.26350401522057654,0.05,1,4.0,0.0,0.003076923076923077
1027,0.9144285714285714,0.11996186135978848,0.05,1,3.0,0.0,0.004230769230769231
1028,0.9260952380952381,0.10001829948372909,0.05,1,1.0,0.0,0.005384615384615385
1029,0.46254285714285714,0.09039998187131183,0.05,5,14.0,0.0,0.02769230769230769
1030,0.7252857142857143,0.03512286737077552,0.05,3,9.0,0.0,0.008076923076923077
1031,0.8228571428571427,0.11067957968576131,0.05,2,5.0,0.0,0.007692307692307693
1032,0.8967619047619048,0.15898449982481466,0.05,1,2.0,0.0,0.008461538461538461
1033,0.8328571428571427,0.22123767258529461,0.05,2,6.0,0.0,0.004615384615384615
1034,0.9004285714285714,0.18458026825716034,0.05,1,4.0,0.0,0.005
1035,0.8834285714285713,0.04678283331892097,0.05,1,5.0,0.0,0.006923076923076922
1036,0.7678571428571428,0.0613805856814591,0.05,2,9.0,0.0,0.01076923076923077
1037,0.7931904761904761,0.09516192172939814,0.05,2,6.0,0.0,0.01153846153846154
1038,0.8964285714285714,0.0583441949551291,0.05,1,6.0,0.0,0.003461538461538461
1039,0.7691904761904762,0.050129289870762594,0.05,2,9.0,0.0,0.01153846153846154
1040,0.8361904761904762,0.043894477603025894,0.05,2,4.0,0.0,0.008076923076923077
1041,0.862095238095238,0.021984571178802148,0.05,1,5.0,0.0,0.01
1042,0.5997142857142856,0.11059524181042639,0.05,4,12.0,0.0,0.015384615384615385
1043,0.8887619047619048,0.04645278072758863,0.05,1,5.0,0.0,0.006153846153846154
1044,0.8228571428571427,0.08151072297546513,0.05,2,5.0,0.0,0.007692307692307693
1045,0.9264285714285714,0.11644644541830673,0.05,1,3.0,0.0,0.0026923076923076926
1046,0.8088571428571428,0.1017601302515081,0.05,2,6.0,0.0,0.01076923076923077
1047,0.9127619047619048,0.1590860498423332,0.05,1,2.0,0.0,0.006153846153846154
1048,0.6712857142857143,0.025965191429215606,0.05,3,9.0,0.0,0.01846153846153846
1049,0.8235238095238095,0.1262889219584289,0.05,2,7.0,0.0,0.00576923076923077
1050,0.7688571428571427,0.0910537433192598,0.05,2,6.0,0.0,0.01846153846153846
1051,0.688563492063492,0.06910717683470265,0.05,3,12.0,0.0,0.007692307692307693
1052,0.8273571428571428,0.07569624764501709,0.05,2,5.0,0.0,0.006923076923076922
1053,0.7878571428571428,0.04600494017656437,0.05,2,8.0,0.0,0.006923076923076922
1054,0.9274285714285714,0.24915361369851885,0.05,1,4.0,0.0,0.0015384615384615385
1055,0.6806190476190476,0.06210209497117684,0.05,3,12.0,0.0,0.00923076923076923
1056,0.6372142857142857,0.10011311669327369,0.05,4,12.0,0.0,0.007692307692307693
1057,0.7332857142857142,0.012202860527701734,0.05,3,8.0,0.0,0.008076923076923077
1058,0.894095238095238,0.07094899045560688,0.05,1,5.0,0.0,0.005384615384615385
1059,0.6072142857142857,0.0912090209222589,0.05,4,12.0,0.0,0.013846153846153845
1060,0.9024285714285714,0.05850977545961622,0.05,1,6.0,0.0,0.0026923076923076926
1061,0.7212857142857142,0.007829962002649071,0.05,3,8.0,0.0,0.010384615384615384
1062,0.7673571428571428,0.042769239702257655,0.05,2,8.0,0.0,0.010384615384615384
1063,0.9174285714285714,0.05510507904918094,0.05,1,3.0,0.0,0.0038461538461538464
1064,0.9374285714285714,0.14475426209475273,0.05,1,2.0,0.0,0.0023076923076923075
1065,0.9154285714285714,0.1811222414314443,0.05,1,4.0,0.0,0.003076923076923077
1066,0.878095238095238,0.04785409141004615,0.05,1,5.0,0.0,0.007692307692307693
1067,0.9287619047619047,0.07772181478042706,0.05,1,2.0,0.0,0.0038461538461538464
1068,0.7116746031746033,0.05220481144875585,0.05,3,9.0,0.0,0.01076923076923077
1069,0.9064285714285714,0.07934850050704578,0.05,1,4.0,0.0,0.004230769230769231
1070,0.7743571428571427,0.06797304506156548,0.05,2,7.0,0.0,0.011538461538461537
1071,0.9064285714285714,0.15401001728829988,0.05,1,4.0,0.0,0.004230769230769231
1072,0.8964285714285714,0.052838014299176006,0.05,1,6.0,0.0,0.003461538461538461
1073,0.7292857142857142,0.31157893843463674,0.05,3,7.0,0.0,0.010384615384615384
1074,0.886095238095238,0.11651077819143318,0.05,1,2.0,0.0,0.01
1075,0.9174285714285714,0.22325786985473883,0.05,1,3.0,0.0,0.0038461538461538464
1076,0.9154285714285714,0.212238252328667,0.05,1,4.0,0.0,0.003076923076923077
1077,0.9044285714285714,0.09727883588527741,0.05,1,2.0,0.0,0.006538461538461539
1078,0.7878571428571428,0.017491679882141342,0.05,2,8.0,0.0,0.010384615384615384
1079,0.9284285714285714,0.0497258013272579,0.05,1,2.0,0.0,0.003461538461538461
1080,0.8078571428571427,0.03772847336053331,0.05,2,4.0,0.0,0.013846153846153845
1081,0.5467142857142857,0.2643597794914774,0.05,4,15.0,0.0,0.012307692307692308
1082,0.9344285714285714,0.08125249165295378,0.05,1,2.0,0.0,0.0026923076923076926
1083,0.8013571428571428,0.06867101621414151,0.05,2,7.0,0.0,0.006923076923076922
1084,0.4848428571428572,0.14887967942712912,0.05,5,14.0,0.0,0.01730769230769231
1085,0.8328571428571427,0.20181197003297058,0.05,2,6.0,0.0,0.004615384615384615
1086,0.8887619047619048,0.0531022902326137,0.05,1,5.0,0.0,0.006153846153846154
1087,0.9174285714285714,0.10646051283895108,0.05,1,3.0,0.0,0.0038461538461538464
1088,0.9314285714285714,0.1074969871660395,0.05,1,1.0,0.0,0.004615384615384615
1089,0.6380634920634919,0.1414556106387249,0.05,3,10.0,0.0,0.02153846153846154
1090,0.8065238095238094,0.07290087404375467,0.05,2,7.0,0.0,0.00923076923076923
1091,0.8887619047619048,0.04084485991156139,0.05,1,5.0,0.0,0.006153846153846154
1092,0.7975238095238096,0.04968049333253027,0.05,2,9.0,0.0,0.00576923076923077
1093,0.6301190476190476,0.12551028057063915,0.05,3,10.0,0.0,0.023076923076923075
1094,0.7608571428571428,0.08621068800113141,0.05,2,6.0,0.0,0.02
1095,0.8994285714285714,0.04965879791365457,0.05,1,6.0,0.0,0.003076923076923077
1096,0.8994285714285714,0.04469291812228915,0.05,1,6.0,0.0,0.003076923076923077
1097,0.8408571428571427,0.1088112170455176,0.05,2,5.0,0.0,0.004615384615384615
1098,0.8914285714285713,0.03261629996905102,0.05,1,2.0,0.0,0.00923076923076923
1099,0.7088412698412697,0.08849678025044655,0.05,3,7.0,0.0,0.015384615384615385
1100,0.8075238095238095,0.10306098858361279,0.05,2,4.0,0.0,0.01153846153846154
1101,0.7723571428571429,0.05359647536110501,0.05,2,9.0,0.0,0.01
1102,0.7152857142857142,0.006216484686924817,0.05,3,8.0,0.0,0.01153846153846154
1103,0.8138571428571427,0.024789658126381564,0.05,2,5.0,0.0,0.00923076923076923
1104,0.8283571428571428,0.18145196301297675,0.05,2,6.0,0.0,0.005384615384615385
1105,0.8191904761904761,0.03878949922483166,0.05,2,4.0,0.0,0.01153846153846154
1106,0.7561746031746032,0.2702664321301355,0.05,3,7.0,0.0,0.006153846153846154
1107,0.6655079365079365,0.07847368062022708,0.05,3,12.0,0.0,0.015384615384615385
1108,0.8834285714285713,0.03425280763743288,0.05,1,5.0,0.0,0.006923076923076922
1109,0.4838095238095238,0.08826579008224114,0.05,5,14.0,0.0,0.02307692307692308
1110,0.6647301587301587,0.05389096366873373,0.05,3,12.0,0.0,0.012307692307692308
1111,0.651952380952381,0.07014482842357365,0.05,3,12.0,0.0,0.01846153846153846
1112,0.7883571428571428,0.029864666016048425,0.05,2,7.0,0.0,0.01
1113,0.9274285714285714,0.1227144834066417,0.05,1,4.0,0.0,0.0015384615384615385
1114,0.9194285714285714,0.10255095229674971,0.05,1,2.0,0.0,0.004615384615384615
1115,0.9314285714285714,0.07012724248765845,0.05,1,2.0,0.0,0.003076923076923077
1116,0.5647142857142857,0.03147417797316793,0.05,4,12.0,0.0,0.02153846153846154
1117,0.6172142857142857,0.02726404733373816,0.05,4,12.0,0.0,0.01076923076923077
1118,0.4731761904761904,0.07869036056712805,0.05,5,14.0,0.0,0.025384615384615387
1119,0.9180952380952381,0.0560213366388127,0.05,1,2.0,0.0,0.005384615384615385
1120,0.9180952380952381,0.04958219277832432,0.05,1,2.0,0.0,0.005384615384615385
1121,0.9154285714285714,0.07934980286868942,0.05,1,1.0,0.0,0.006923076923076922
1122,0.8138571428571427,0.04744119611748154,0.05,2,5.0,0.0,0.00923076923076923
1123,0.6329523809523809,0.056770588301124546,0.05,3,12.0,0.0,0.01846153846153846
1124,0.9234285714285714,0.1220204612946858,0.05,1,3.0,0.0,0.003076923076923077
1125,0.7725238095238094,0.05051420454957606,0.05,2,7.0,0.0,0.016153846153846154
1126,0.6655079365079365,0.06108096161443318,0.05,3,12.0,0.0,0.015384615384615385
1127,0.9004285714285714,0.08784635060699875,0.05,1,4.0,0.0,0.005
1128,0.8834285714285713,0.058718483429859636,0.05,1,5.0,0.0,0.006923076923076922
1129,0.7635238095238096,0.05340784620997702,0.05,2,9.0,0.0,0.012692307692307694
1130,0.9020952380952381,0.034419202974931395,0.05,1,2.0,0.0,0.007692307692307693
1131,0.9234285714285714,0.0695536845624477,0.05,1,3.0,0.0,0.003076923076923077
1132,0.9264285714285714,0.11281841516521718,0.05,1,3.0,0.0,0.0026923076923076926
1133,0.9260952380952381,0.09141395511610229,0.05,1,1.0,0.0,0.005384615384615385
1134,0.8128571428571428,0.05232898151578397,0.05,2,9.0,0.0,0.003076923076923077
1135,0.8647619047619047,0.00870935983284149,0.05,1,2.0,0.0,0.013076923076923078
1136,0.7793571428571427,0.013665403302631662,0.05,2,7.0,0.0,0.011538461538461537
1137,0.9194285714285714,0.05111451823889257,0.05,1,2.0,0.0,0.004615384615384615
1138,0.8191904761904761,0.03223610467802718,0.05,2,4.0,0.0,0.01153846153846154
1139,0.8101904761904761,0.09959109069809535,0.05,2,6.0,0.0,0.008076923076923077
1140,0.8807619047619047,0.008502561392541241,0.05,1,2.0,0.0,0.01076923076923077
1141,0.9144285714285714,0.053598316106202915,0.05,1,3.0,0.0,0.004230769230769231
1142,0.5922142857142857,0.09212185292076834,0.05,4,12.0,0.0,0.016923076923076923
1143,0.9084285714285714,0.08353657364869549,0.05,1,3.0,0.0,0.005
1144,0.9064285714285714,0.06376362829820781,0.05,1,4.0,0.0,0.004230769230769231
1145,0.8228571428571427,0.06613081022412576,0.05,2,5.0,0.0,0.007692307692307693
1146,0.6647301587301587,0.0531705134084951,0.05,3,12.0,0.0,0.012307692307692308
1147,0.9064285714285714,0.057387265468387016,0.05,1,4.0,0.0,0.004230769230769231
1148,0.7838571428571428,0.016611219996543636,0.05,2,7.0,0.0,0.01076923076923077
1149,0.9254285714285714,0.15863499284976623,0.05,1,2.0,0.0,0.0038461538461538464
1150,0.8363571428571428,0.09731920989217552,0.05,2,5.0,0.0,0.005384615384615385
1151,0.9024285714285714,0.09596567522380961,0.05,1,3.0,0.0,0.005769230769230769
1152,0.7175079365079364,0.12427928009968958,0.05,3,10.0,0.0,0.006153846153846154
1153,0.6397142857142857,0.03728062602556598,0.05,4,12.0,0.0,0.006153846153846154
1154,0.9020952380952381,0.12085970037228988,0.05,1,2.0,0.0,0.007692307692307693
1155,0.6297142857142857,0.08477056873221774,0.05,4,12.0,0.0,0.00923076923076923
1156,0.9254285714285714,0.09829585706707478,0.05,1,2.0,0.0,0.0038461538461538464
1157,0.8887619047619048,0.03891858371013024,0.05,1,5.0,0.0,0.006153846153846154
1158,0.6049642857142856,0.1977955638040535,0.05,4,12.0,0.0,0.013461538461538462
1159,0.9244285714285714,0.11197922384150549,0.05,1,4.0,0.0,0.0019230769230769232
1160,0.8158571428571427,0.08802998807319995,0.05,2,6.0,0.0,0.006923076923076922
1161,0.8453571428571428,0.04043155883335897,0.05,2,5.0,0.0,0.0038461538461538464
1162,0.9144285714285714,0.08071959076132751,0.05,1,3.0,0.0,0.004230769230769231
1163,0.9154285714285714,0.06064853892154831,0.05,1,4.0,0.0,0.003076923076923077
1164,0.7935238095238094,0.01569181331882402,0.05,2,8.0,0.0,0.00923076923076923
1165,0.8006904761904762,0.10355876820724558,0.05,2,4.0,0.0,0.012692307692307694
1166,0.7152857142857142,0.0178631186001403,0.05,3,8.0,0.0,0.01153846153846154
1167,0.23628571428571415,0.1487274372552832,0.05,7,22.0,0.0,0.02769230769230769
1168,0.8191904761904761,0.02968971137394355,0.05,2,4.0,0.0,0.01153846153846154
1169,0.9284285714285714,0.14577149356478958,0.05,1,2.0,0.0,0.003461538461538461
1170,0.9074285714285714,0.03692517039729637,0.05,1,2.0,0.0,0.006923076923076922
1171,0.7878571428571428,0.014069240297899965,0.05,2,8.0,0.0,0.006923076923076922
1172,0.9094285714285714,0.08578130145735496,0.05,1,4.0,0.0,0.0038461538461538464
1173,0.6653968253968252,0.26477242120709066,0.05,3,10.0,0.0,0.019230769230769232
1174,0.6618968253968253,0.09663456990276875,0.05,3,10.0,0.0,0.016923076923076923
1175,0.9154285714285714,0.07141482258182053,0.05,1,1.0,0.0,0.006923076923076922
1176,0.894095238095238,0.06201911443532926,0.05,1,5.0,0.0,0.005384615384615385
1177,0.7823571428571428,0.20360196672037748,0.05,2,8.0,0.0,0.010384615384615384
1178,0.7781904761904762,0.11291007047911356,0.05,2,7.0,0.0,0.015000000000000001
1179,0.8305238095238094,0.028666199312640472,0.05,2,4.0,0.0,0.00923076923076923
1180,0.5234761904761904,0.1939665762128431,0.05,5,14.0,0.0,0.011538461538461537
1181,0.9094285714285714,0.1850144270958003,0.05,1,4.0,0.0,0.0038461538461538464
1182,0.9144285714285714,0.197932082869265,0.05,1,3.0,0.0,0.004230769230769231
1183,0.9234285714285714,0.10736910770142871,0.05,1,3.0,0.0,0.003076923076923077
1184,0.9204285714285714,0.08549581094255432,0.05,1,3.0,0.0,0.003461538461538461
1185,0.6083968253968254,0.26837588208723545,0.05,3,6.0,0.0,0.036538461538461534
1186,0.9054285714285714,0.057087483852670706,0.05,1,6.0,0.0,0.0023076923076923075
1187,0.6647301587301587,0.05942599985432765,0.05,3,12.0,0.0,0.012307692307692308
1188,0.5048095238095238,0.18767974785041788,0.05,5,12.0,0.0,0.02307692307692308
1189,0.8904285714285713,0.06363219693128586,0.05,1,3.0,0.0,0.007307692307692308
1190,0.5252142857142856,0.1563733986427085,0.05,4,13.0,0.0,0.02
1191,0.9234285714285714,0.06882303119828148,0.05,1,3.0,0.0,0.003076923076923077
1192,0.6020476190476189,0.27057698919649065,0.05,4,13.0,0.0,0.015384615384615385
1193,0.3307142857142856,0.15078622092835325,0.05,7,20.0,0.0,0.015384615384615385
1194,0.8228571428571427,0.03235578211704049,0.05,2,5.0,0.0,0.007692307692307693
1195,0.894095238095238,0.05027255960449206,0.05,1,1.0,0.0,0.01
1196,0.7846904761904762,0.38863066016002634,0.05,2,6.0,0.0,0.012692307692307694
1197,0.7167857142857141,0.08187646037550182,0.05,3,7.0,0.0,0.013846153846153845
1198,0.7680238095238096,0.06506755645351603,0.05,2,7.0,0.0,0.015000000000000001
1199,0.7885238095238095,0.055253512499515156,0.05,2,7.0,0.0,0.01153846153846154
1200,0.8243571428571428,0.04200942212589126,0.05,2,7.0,0.0,0.0038461538461538464
1201,0.6857301587301585,0.07028680103919922,0.05,3,10.0,0.0,0.012307692307692308
1202,0.727563492063492,0.04678470083740401,0.05,3,9.0,0.0,0.007692307692307693
1203,0.6488412698412698,0.04321020530427381,0.05,3,12.0,0.0,0.015384615384615385
1204,0.9180952380952381,0.1247737303350609,0.05,1,2.0,0.0,0.005384615384615385
1205,0.8045238095238094,0.08553216618750031,0.05,2,6.0,0.0,0.00923076923076923
1206,0.6765079365079364,0.27316355359099415,0.05,3,10.0,0.0,0.015384615384615385
1207,0.6380634920634919,0.07075276223664073,0.05,3,10.0,0.0,0.02153846153846154
1208,0.9384285714285714,0.10526897723815731,0.05,1,3.0,0.0,0.0011538461538461537
1209,0.6878412698412698,0.03449886983609152,0.05,3,9.0,0.0,0.015384615384615385
1210,0.9194285714285714,0.04745137900884078,0.05,1,2.0,0.0,0.004615384615384615
1211,0.9194285714285714,0.09351488231956873,0.05,1,2.0,0.0,0.004615384615384615
1212,0.9264285714285714,0.19013887458233847,0.05,1,3.0,0.0,0.0026923076923076926
1213,0.9314285714285714,0.13419434420831067,0.05,1,2.0,0.0,0.003076923076923077
1214,0.7092857142857142,0.003540567367975885,0.05,3,8.0,0.0,0.012692307692307694
1215,0.9374285714285714,0.10216339408761188,0.05,1,2.0,0.0,0.0023076923076923075
1216,0.8103571428571428,0.06655834122160514,0.05,2,7.0,0.0,0.005384615384615385
1217,0.9020952380952381,0.09629635730155484,0.05,1,2.0,0.0,0.007692307692307693
1218,0.6460079365079364,0.06348484757999791,0.05,3,10.0,0.0,0.02
1219,0.9264285714285714,0.06450379812775087,0.05,1,3.0,0.0,0.0026923076923076926
1220,0.9184285714285714,0.16490216213807452,0.05,1,4.0,0.0,0.0026923076923076926
1221,0.6567857142857143,0.03807491889718262,0.05,3,12.0,0.0,0.013846153846153845
1222,0.7823571428571428,0.18270715402902438,0.05,2,8.0,0.0,0.010384615384615384
1223,0.6952857142857143,0.01696278984278284,0.05,3,9.0,0.0,0.013846153846153845
1224,0.9180952380952381,0.04516653087895295,0.05,1,2.0,0.0,0.005384615384615385
1225,0.5697142857142856,0.07037683204339124,0.05,4,12.0,0.0,0.02153846153846154
1226,0.7152857142857142,0.3021305114781049,0.05,3,8.0,0.0,0.01153846153846154
1227,0.9374285714285714,0.06070624110795675,0.05,1,2.0,0.0,0.0023076923076923075
1228,0.9020952380952381,0.03656597497409064,0.05,1,2.0,0.0,0.007692307692307693
1229,0.9244285714285714,0.1273006011351514,0.05,1,4.0,0.0,0.0019230769230769232
1230,0.8994285714285714,0.048187013823835056,0.05,1,6.0,0.0,0.003076923076923077
1231,0.9207619047619048,0.06960667365697193,0.05,1,1.0,0.0,0.006153846153846154
1232,0.9314285714285714,0.04863561699716101,0.05,1,2.0,0.0,0.003076923076923077
1233,0.6097142857142857,0.025614420082500172,0.05,4,12.0,0.0,0.012307692307692308
1234,0.6726746031746033,0.03490471821914117,0.05,3,12.0,0.0,0.01076923076923077
1235,0.9344285714285714,0.08894705467885067,0.05,1,2.0,0.0,0.0026923076923076926
1236,0.8348571428571427,0.10230881485232857,0.05,2,4.0,0.0,0.006923076923076922
1237,0.9324285714285714,0.17712498712410463,0.05,1,3.0,0.0,0.0019230769230769232
1238,0.9124285714285714,0.14460901555946992,0.05,1,4.0,0.0,0.003461538461538461
1239,0.7748571428571429,0.04581377289581756,0.05,2,9.0,0.0,0.010384615384615384
1240,0.7481904761904761,0.16770528420873806,0.05,2,8.0,0.0,0.016153846153846154
1241,0.7935238095238094,0.013753024566060978,0.05,2,8.0,0.0,0.00923076923076923
1242,0.8218571428571427,0.4220146621218994,0.05,2,4.0,0.0,0.00923076923076923
1243,0.7878571428571427,0.1586691815223429,0.05,2,6.0,0.0,0.012307692307692308
1244,0.9207619047619048,0.0626460062912747,0.05,1,1.0,0.0,0.006153846153846154
1245,0.8934285714285713,0.046281325983935306,0.05,1,6.0,0.0,0.0038461538461538464
1246,0.9054285714285714,0.13241248841169417,0.05,1,3.0,0.0,0.005384615384615385
1247,0.9204285714285714,0.1341712395705248,0.05,1,3.0,0.0,0.003461538461538461
1248,0.8834285714285713,0.03362521895325632,0.05,1,5.0,0.0,0.006923076923076922
1249,0.8028571428571427,0.15015722356173358,0.05,2,8.0,0.0,0.006923076923076922
1250,0.4944428571428571,0.071913638234504,0.05,5,14.0,0.0,0.02076923076923077
1251,0.9084285714285714,0.06474207951434152,0.05,1,3.0,0.0,0.005
1252,0.7448571428571427,0.08292558840958647,0.05,2,6.0,0.0,0.023076923076923075
1253,0.9314285714285714,0.1779450825188167,0.05,1,2.0,0.0,0.003076923076923077
1254,0.8178571428571427,0.10148192958485719,0.05,2,7.0,0.0,0.006923076923076922
1255,0.8887619047619048,0.03817468937882873,0.05,1,5.0,0.0,0.006153846153846154
1256,0.5050761904761903,0.06754337997689851,0.05,5,14.0,0.0,0.01846153846153846
1257,0.9204285714285714,0.12445631843082383,0.05,1,3.0,0.0,0.003461538461538461
1258,0.9127619047619048,0.04357604414334826,0.05,1,2.0,0.0,0.006153846153846154
1259,0.7878571428571428,0.06635454578243127,0.05,2,7.0,0.0,0.00923076923076923
1260,0.8133571428571428,0.08865965144616034,0.05,2,5.0,0.0,0.008461538461538461
1261,0.9164285714285714,0.062052349210965585,0.05,1,2.0,0.0,0.005
1262,0.9047619047619047,0.050357220440945705,0.05,1,5.0,0.0,0.0038461538461538464
1263,0.9284285714285714,0.15715057426693502,0.05,1,2.0,0.0,0.003461538461538461
1264,0.9254285714285714,0.05151605522472402,0.05,1,2.0,0.0,0.0038461538461538464
1265,0.9094285714285714,0.1394119459242671,0.05,1,4.0,0.0,0.0038461538461538464
1266,0.5257142857142856,0.23018121984097678,0.05,4,15.0,0.0,0.015384615384615385
1267,0.9034285714285714,0.11947075133184037,0.05,1,4.0,0.0,0.004615384615384615
1268,0.8138571428571427,0.05173751247353542,0.05,2,5.0,0.0,0.00923076923076923
1269,0.9154285714285714,0.05104807232881381,0.05,1,1.0,0.0,0.006923076923076922
1270,0.8006904761904762,0.08966610867459152,0.05,2,4.0,0.0,0.012692307692307694
1271,0.8003571428571428,0.041736574935653636,0.05,2,5.0,0.0,0.011538461538461537
1272,0.7788571428571427,0.036614917026907,0.05,2,7.0,0.0,0.01076923076923077
1273,0.9214285714285714,0.12552367619865634,0.05,1,4.0,0.0,0.0023076923076923075
1274,0.8964285714285714,0.045113656237331656,0.05,1,3.0,0.0,0.006538461538461539
1275,0.9184285714285714,0.1361481140035229,0.05,1,4.0,0.0,0.0026923076923076926
1276,0.7400238095238095,0.011597038425707973,0.05,2,8.0,0.0,0.015000000000000001
1277,0.8348571428571429,0.07009903879243418,0.05,2,7.0,0.0,0.003461538461538461
1278,0.9034285714285714,0.04398245938359702,0.05,1,4.0,0.0,0.004615384615384615
1279,0.8273571428571428,0.08400402701073517,0.05,2,5.0,0.0,0.006923076923076922
1280,0.8674285714285713,0.03179416955244807,0.05,1,5.0,0.0,0.00923076923076923
1281,0.9074285714285714,0.03388510639567999,0.05,1,2.0,0.0,0.006923076923076922
1282,0.6655079365079365,0.06314872765937359,0.05,3,12.0,0.0,0.015384615384615385
1283,0.6329523809523809,0.033282594850998236,0.05,3,12.0,0.0,0.01846153846153846
1284,0.8914285714285713,0.014496595756111952,0.05,1,2.0,0.0,0.00923076923076923
1285,0.8358571428571427,0.0753584818702615,0.05,2,5.0,0.0,0.004615384615384615
1286,0.7733571428571429,0.08300450235310819,0.05,2,4.0,0.0,0.017307692307692305
1287,0.23299999999999987,0.14593775550636773,0.05,7,18.0,0.0,0.04615384615384615
1288,0.894095238095238,0.04524530364404289,0.05,1,1.0,0.0,0.01
1289,0.8418571428571427,0.029440759686896967,0.05,2,4.0,0.0,0.006923076923076922
1290,0.26728571428571407,0.13442853065637977,0.05,7,20.0,0.0,0.02769230769230769
1291,0.9204285714285714,0.06460229061359857,0.05,1,3.0,0.0,0.003461538461538461
1292,0.8727619047619047,0.039778674162879835,0.05,1,5.0,0.0,0.008461538461538461
1293,0.8101904761904761,0.07951241668478665,0.05,2,6.0,0.0,0.008076923076923077
1294,0.8038571428571428,0.04633898667759473,0.05,2,9.0,0.0,0.004615384615384615
1295,0.6488412698412698,0.02789427490270639,0.05,3,12.0,0.0,0.015384615384615385
1296,0.8318571428571427,0.058082827615270616,0.05,2,5.0,0.0,0.006153846153846154
1297,0.6147142857142857,0.05627664216136956,0.05,4,12.0,0.0,0.012307692307692308
1298,0.8453571428571428,0.08669967550386654,0.05,2,5.0,0.0,0.0038461538461538464
1299,0.9124285714285714,0.11653330260317063,0.05,1,4.0,0.0,0.003461538461538461
1300,0.8361904761904762,0.02403338801152305,0.05,2,4.0,0.0,0.008076923076923077
1301,0.878095238095238,0.018654831730184562,0.05,1,5.0,0.0,0.007692307692307693
1302,0.7838571428571427,0.039816207344621046,0.05,2,7.0,0.0,0.013846153846153845
1303,0.8028571428571427,0.1352445485638588,0.05,2,8.0,0.0,0.006923076923076922
1304,0.9314285714285714,0.12077490978747962,0.05,1,2.0,0.0,0.003076923076923077
1305,0.8090238095238095,0.05357177840867228,0.05,2,7.0,0.0,0.008076923076923077
1306,0.7578571428571428,0.055772878454679486,0.05,2,9.0,0.0,0.013846153846153845
1307,0.9174285714285714,0.12000437042178491,0.05,1,3.0,0.0,0.0038461538461538464
1308,0.7605238095238095,0.004848864401525821,0.05,2,8.0,0.0,0.01153846153846154
1309,0.8807619047619047,0.065333388238066,0.05,1,2.0,0.0,0.01076923076923077
1310,0.617063492063492,0.026789651208862824,0.05,3,12.0,0.0,0.02153846153846154
1311,0.894095238095238,0.057144535595742174,0.05,1,5.0,0.0,0.005384615384615385
1312,0.7878571428571428,0.010749704622753875,0.05,2,8.0,0.0,0.010384615384615384
1313,0.7870238095238096,0.07175355620917545,0.05,2,4.0,0.0,0.015000000000000001
1314,0.9024285714285714,0.09300393337960644,0.05,1,3.0,0.0,0.005769230769230769
1315,0.9214285714285714,0.14098422935139687,0.05,1,4.0,0.0,0.0023076923076923075
1316,0.7691904761904762,0.04552671098183886,0.05,2,9.0,0.0,0.01153846153846154
1317,0.9020952380952381,0.025825366202428035,0.05,1,2.0,0.0,0.007692307692307693
1318,0.894095238095238,0.02460993176259907,0.05,1,1.0,0.0,0.01
1319,0.8363571428571428,0.05680940758019898,0.05,2,5.0,0.0,0.005384615384615385
1320,0.8273571428571428,0.07149310995969982,0.05,2,5.0,0.0,0.006923076923076922
1321,0.6726746031746033,0.01773542699617466,0.05,3,12.0,0.0,0.01076923076923077
1322,0.9174285714285714,0.055142061552238664,0.05,1,3.0,0.0,0.0038461538461538464
1323,0.7781904761904762,0.0938644003875696,0.05,2,7.0,0.0,0.015000000000000001
1324,0.9114285714285714,0.03315226182528863,0.05,1,3.0,0.0,0.004615384615384615
1325,0.6726746031746033,0.01601024346039781,0.05,3,12.0,0.0,0.01076923076923077
1326,0.8103571428571428,0.04375161968195629,0.05,2,7.0,0.0,0.005384615384615385
1327,0.8408571428571427,0.07256346415224763,0.05,2,5.0,0.0,0.004615384615384615
1328,0.7332857142857142,0.00761335420678011,0.05,3,8.0,0.0,0.008076923076923077
1329,0.8143571428571428,0.08643438697451888,0.05,2,4.0,0.0,0.010384615384615384
1330,0.6763412698412699,0.26047535075336115,0.05,3,9.0,0.0,0.021153846153846155
1331,0.7948571428571428,0.04324061137862867,0.05,2,9.0,0.0,0.006153846153846154
1332,0.6072142857142857,0.050222669754839036,0.05,4,12.0,0.0,0.013846153846153845
1333,0.8514285714285713,0.008894216689693923,0.05,1,5.0,0.0,0.011538461538461537
1334,0.8358571428571427,0.06783488318337333,0.05,2,5.0,0.0,0.004615384615384615
1335,0.9047619047619048,0.032815605253005864,0.05,1,1.0,0.0,0.008461538461538461
1336,0.688563492063492,0.018061299645601842,0.05,3,12.0,0.0,0.007692307692307693
1337,0.8874285714285713,0.032401356912675316,0.05,1,6.0,0.0,0.004615384615384615
1338,0.9264285714285714,0.04483703564275976,0.05,1,3.0,0.0,0.0026923076923076926
1339,0.8058571428571427,0.04003025084162709,0.05,2,7.0,0.0,0.006153846153846154
1340,0.9314285714285714,0.07805410661297196,0.05,1,1.0,0.0,0.004615384615384615
1341,0.9084285714285714,0.04129713430015347,0.05,1,3.0,0.0,0.005
1342,0.8273571428571428,0.06032531640668892,0.05,2,5.0,0.0,0.006923076923076922
1343,0.8138571428571427,0.024103959413894926,0.05,2,5.0,0.0,0.00923076923076923
1344,0.9254285714285714,0.064847114289869,0.05,1,2.0,0.0,0.0038461538461538464
1345,0.8248571428571428,0.02211833857767309,0.05,2,4.0,0.0,0.010384615384615384
1346,0.9134285714285714,0.029703026646873965,0.05,1,2.0,0.0,0.005384615384615385
1347,0.8904285714285713,0.038257658070860234,0.05,1,6.0,0.0,0.004230769230769231
1348,0.9144285714285714,0.04316742087013814,0.05,1,3.0,0.0,0.004230769230769231
1349,0.9054285714285714,0.08093986743373305,0.05,1,3.0,0.0,0.005384615384615385
1350,0.7813571428571429,0.043941131312345616,0.05,2,9.0,0.0,0.008461538461538461
1351,0.9344285714285714,0.04773272398218653,0.05,1,2.0,0.0,0.0026923076923076926
1352,0.9180952380952381,0.03924282958218528,0.05,1,2.0,0.0,0.005384615384615385
1353,0.9154285714285714,0.04020071139437187,0.05,1,1.0,0.0,0.006923076923076922
1354,0.6726746031746033,0.01264097032021109,0.05,3,12.0,0.0,0.01076923076923077
1355,0.8278571428571427,0.3711334176339399,0.05,2,6.0,0.0,0.004615384615384615
1356,0.9254285714285714,0.03395945158396785,0.05,1,2.0,0.0,0.0038461538461538464
1357,0.8283571428571428,0.05701542088139411,0.05,2,7.0,0.0,0.0023076923076923075
1358,0.7935238095238094,0.01126166185023697,0.05,2,8.0,0.0,0.00923076923076923
1359,0.6488412698412698,0.013823917542713763,0.05,3,12.0,0.0,0.015384615384615385
1360,0.9234285714285714,0.07326787156290737,0.05,1,3.0,0.0,0.003076923076923077
1361,0.8211904761904761,0.08768652856688147,0.05,2,4.0,0.0,0.00923076923076923
1362,0.7968571428571427,0.056202712594494,0.05,2,7.0,0.0,0.007692307692307693
1363,0.9114285714285714,0.0539410844066166,0.05,1,3.0,0.0,0.004615384615384615
1364,0.7748571428571429,0.03010549871698287,0.05,2,9.0,0.0,0.010384615384615384
1365,0.9074285714285714,0.08546671608092604,0.05,1,2.0,0.0,0.006923076923076922
1366,0.7698571428571428,0.05019636281198819,0.05,2,7.0,0.0,0.012307692307692308
1367,0.8021904761904762,0.0418804106848914,0.05,2,4.0,0.0,0.015000000000000001
1368,0.7938571428571428,0.08105948356397341,0.05,2,4.0,0.0,0.013846153846153845
1369,0.9134285714285714,0.04050270764246522,0.05,1,2.0,0.0,0.005384615384615385
1370,0.8844285714285713,0.028431892263774183,0.05,1,6.0,0.0,0.005
1371,0.8065238095238094,0.047035799134709955,0.05,2,7.0,0.0,0.00923076923076923
1372,0.8158571428571427,0.07612026039991532,0.05,2,6.0,0.0,0.006923076923076922
1373,0.8904285714285713,0.031588703037396804,0.05,1,6.0,0.0,0.004230769230769231
1374,0.5947142857142856,0.028136566940528823,0.05,4,12.0,0.0,0.015384615384615385
1375,0.9284285714285714,0.03852501163328392,0.05,1,2.0,0.0,0.003461538461538461
1376,0.9374285714285714,0.11469741880873163,0.05,1,2.0,0.0,0.0023076923076923075
1377,0.7965238095238094,0.024076620713002705,0.05,2,4.0,0.0,0.016153846153846154
1378,0.8183571428571428,0.02543517871705231,0.05,2,5.0,0.0,0.008461538461538461
1379,0.9154285714285714,0.1247963067682969,0.05,1,4.0,0.0,0.003076923076923077
1380,0.5997142857142856,0.04840204753475108,0.05,4,12.0,0.0,0.015384615384615385
1381,0.8904285714285713,0.02842983273365718,0.05,1,6.0,0.0,0.004230769230769231
1382,0.8103571428571428,0.0366090494162683,0.05,2,7.0,0.0,0.005384615384615385
1383,0.9234285714285714,0.09367659193061995,0.05,1,3.0,0.0,0.003076923076923077
1384,0.7851904761904761,0.02314517574521352,0.05,2,4.0,0.0,0.01846153846153846
1385,0.7092857142857142,0.2787362655173435,0.05,3,8.0,0.0,0.012692307692307694
1386,0.9194285714285714,0.025672510469955556,0.05,1,2.0,0.0,0.004615384615384615
1387,0.7618571428571428,0.13723406139802596,0.05,2,8.0,0.0,0.013846153846153845
1388,0.8328571428571429,0.06474112295080875,0.05,2,6.0,0.0,0.003461538461538461
1389,0.6172142857142857,0.03189135451412378,0.05,4,12.0,0.0,0.01076923076923077
1390,0.7951904761904761,0.07235003810928115,0.05,2,7.0,0.0,0.01153846153846154
1391,0.8754285714285713,0.004258011477368151,0.05,1,2.0,0.0,0.011538461538461537
1392,0.9114285714285714,0.029761436228071703,0.05,1,3.0,0.0,0.004615384615384615
1393,0.7673571428571428,0.016095895512621416,0.05,2,8.0,0.0,0.010384615384615384
1394,0.7931904761904761,0.06685836247574584,0.05,2,6.0,0.0,0.01153846153846154
1395,0.8048571428571427,0.015901168956217904,0.05,2,8.0,0.0,0.006923076923076922
1396,0.878095238095238,0.016915362618341367,0.05,1,1.0,0.0,0.012307692307692308
1397,0.7212857142857142,0.009063147629967183,0.05,3,8.0,0.0,0.010384615384615384
1398,0.6091190476190477,0.01725582285517165,0.05,3,12.0,0.0,0.023076923076923075
1399,0.9074285714285714,0.03583221032963135,0.05,1,2.0,0.0,0.006923076923076922
1400,0.9324285714285714,0.10122880694599334,0.05,1,3.0,0.0,0.0019230769230769232
1401,0.8083571428571429,0.03403671291728494,0.05,2,9.0,0.0,0.0038461538461538464
1402,0.8038571428571428,0.03136476688811296,0.05,2,9.0,0.0,0.004615384615384615
1403,0.8280238095238095,0.07399363572525042,0.05,2,4.0,0.0,0.008076923076923077
1404,0.9284285714285714,0.061362402860882126,0.05,1,2.0,0.0,0.003461538461538461
1405,0.8967619047619048,0.018028077631728867,0.05,1,2.0,0.0,0.008461538461538461
1406,0.9204285714285714,0.054529144832897614,0.05,1,3.0,0.0,0.003461538461538461
1407,0.9234285714285714,0.06054697596595493,0.05,1,3.0,0.0,0.003076923076923077
1408,0.6488412698412698,0.012152490723909856,0.05,3,12.0,0.0,0.015384615384615385
1409,0.9264285714285714,0.08510592625139402,0.05,1,3.0,0.0,0.0026923076923076926
1410,0.9174285714285714,0.06377217261560109,0.05,1,3.0,0.0,0.0038461538461538464
1411,0.7965238095238094,0.033997097866144355,0.05,2,4.0,0.0,0.016153846153846154
1412,0.8248571428571428,0.012191285911859029,0.05,2,4.0,0.0,0.010384615384615384
1413,0.9064285714285714,0.09797130857879066,0.05,1,4.0,0.0,0.004230769230769231
1414,0.9074285714285714,0.0769200444728334,0.05,1,2.0,0.0,0.006923076923076922
1415,0.7998571428571428,0.07706084590792855,0.05,2,5.0,0.0,0.01076923076923077
1416,0.8967619047619048,0.01622526986855599,0.05,1,2.0,0.0,0.008461538461538461
1417,0.7878571428571428,0.01045722874684396,0.05,2,8.0,0.0,0.010384615384615384
1418,0.45190952380952387,0.06950206245218152,0.05,5,14.0,0.0,0.030000000000000002
1419,0.8263571428571428,0.38348737219100315,0.05,2,4.0,0.0,0.008461538461538461
1420,0.9054285714285714,0.03407623034960783,0.05,1,3.0,0.0,0.005384615384615385
1421,0.9180952380952381,0.0359360762150337,0.05,1,2.0,0.0,0.005384615384615385
1422,0.4838095238095238,0.06256314933205878,0.05,5,14.0,0.0,0.02307692307692308
1423,0.8318571428571427,0.0576636104023871,0.05,2,5.0,0.0,0.006153846153846154
1424,0.8363571428571428,0.05301268298413303,0.05,2,5.0,0.0,0.005384615384615385
1425,0.7037301587301588,0.028877208628766377,0.05,3,9.0,0.0,0.012307692307692308
1426,0.8273571428571428,0.0441985028038851,0.05,2,5.0,0.0,0.006923076923076922
1427,0.9204285714285714,0.09800917261821862,0.05,1,3.0,0.0,0.003461538461538461
1428,0.5152142857142856,0.20742980616942808,0.05,4,15.0,0.0,0.016923076923076923
1429,0.9294285714285714,0.06049227836935944,0.05,1,3.0,0.0,0.0023076923076923075
1430,0.5622142857142857,0.04422953849404605,0.05,4,12.0,0.0,0.023076923076923075
1431,0.894095238095238,0.04896792696547825,0.05,1,5.0,0.0,0.005384615384615385
1432,0.8305238095238094,0.013827425984315855,0.05,2,4.0,0.0,0.00923076923076923
1433,0.8048571428571427,0.03336768080532099,0.05,2,5.0,0.0,0.01076923076923077
1434,0.7768571428571429,0.032563342935602646,0.05,2,9.0,0.0,0.00923076923076923
1435,0.8784285714285713,0.024672291529079904,0.05,1,6.0,0.0,0.005769230769230769
1436,0.846095238095238,0.0010975252341878239,0.05,1,5.0,0.0,0.012307692307692308
1437,0.8223571428571428,0.06256816007905064,0.05,2,5.0,0.0,0.006923076923076922
1438,0.9354285714285714,0.13575411561347228,0.05,1,3.0,0.0,0.0015384615384615385
1439,0.9074285714285714,0.06922804002555005,0.05,1,2.0,0.0,0.006923076923076922
1440,0.7948571428571428,0.027722449111856617,0.05,2,9.0,0.0,0.006153846153846154
1441,0.6798968253968254,0.023116050950742983,0.05,3,9.0,0.0,0.016923076923076923
1442,0.8363571428571428,0.04174777002257485,0.05,2,5.0,0.0,0.005384615384615385
1443,0.7991904761904761,0.011409788683564182,0.05,2,8.0,0.0,0.008076923076923077
1444,0.9404285714285714,0.06722616257479397,0.05,1,2.0,0.0,0.0019230769230769232
1445,0.7851904761904761,0.03264095257169186,0.05,2,4.0,0.0,0.01846153846153846
1446,0.8075238095238095,0.06546527368092353,0.05,2,4.0,0.0,0.01153846153846154
1447,0.8058571428571427,0.05067915466085321,0.05,2,7.0,0.0,0.006153846153846154
1448,0.8280238095238095,0.05971608870117462,0.05,2,4.0,0.0,0.008076923076923077
1449,0.7821904761904761,0.014252295247234092,0.05,2,8.0,0.0,0.01153846153846154
1450,0.9374285714285714,0.04945180201761601,0.05,1,2.0,0.0,0.0023076923076923075
1451,0.9314285714285714,0.055231002714206445,0.05,1,2.0,0.0,0.003076923076923077
1452,0.8313571428571428,0.05833181803571613,0.05,2,5.0,0.0,0.005384615384615385
1453,0.8418571428571427,0.01835195404561174,0.05,2,4.0,0.0,0.006923076923076922
1454,0.7968571428571427,0.01794874070208119,0.05,2,7.0,0.0,0.007692307692307693
1455,0.5922142857142857,0.03898835192949683,0.05,4,12.0,0.0,0.016923076923076923
1456,0.4731761904761904,0.19678138220380104,0.05,5,14.0,0.0,0.025384615384615387
1457,0.8348571428571427,0.05646823973250398,0.05,2,4.0,0.0,0.006923076923076922
1458,0.9084285714285714,0.04972800049629267,0.05,1,3.0,0.0,0.005
1459,0.8994285714285714,0.03818530737140513,0.05,1,6.0,0.0,0.003076923076923077
1460,0.7968571428571427,0.021000414137121726,0.05,2,7.0,0.0,0.007692307692307693
1461,0.9144285714285714,0.09472933458266186,0.05,1,3.0,0.0,0.004230769230769231
1462,0.5547142857142857,0.03910391748425951,0.05,4,12.0,0.0,0.024615384615384615
1463,0.9344285714285714,0.05450354631731458,0.05,1,2.0,0.0,0.0026923076923076926
1464,0.6972857142857142,0.007494577953457278,0.05,3,8.0,0.0,0.015000000000000001
1465,0.8193571428571428,0.042282825464442786,0.05,2,7.0,0.0,0.0038461538461538464
1466,0.6732857142857142,0.01334071576222414,0.05,3,8.0,0.0,0.019615384615384614
1467,0.9214285714285714,0.10317417772091164,0.05,1,4.0,0.0,0.0023076923076923075
1468,0.8553571428571428,0.16324890964725453,0.05,2,6.0,0.0,0.0007692307692307692
1469,0.8143571428571428,0.052776478618292766,0.05,2,4.0,0.0,0.010384615384615384
1470,0.6832857142857143,0.011381820681781544,0.05,3,9.0,0.0,0.016153846153846154
1471,0.9114285714285714,0.048436823259139894,0.05,1,3.0,0.0,0.004615384615384615
1472,0.9184285714285714,0.08985675994882047,0.05,1,4.0,0.0,0.0026923076923076926
1473,0.8211904761904761,0.06252884099408085,0.05,2,4.0,0.0,0.00923076923076923
1474,0.9374285714285714,0.04799518444661499,0.05,1,2.0,0.0,0.0023076923076923075
1475,0.8273571428571428,0.026265387219183478,0.05,2,5.0,0.0,0.006923076923076922
1476,0.8006904761904762,0.058318212351304966,0.05,2,4.0,0.0,0.012692307692307694
1477,0.8228571428571427,0.04830660508901524,0.05,2,5.0,0.0,0.007692307692307693
1478,0.9344285714285714,0.040195666001953456,0.05,1,2.0,0.0,0.0026923076923076926
1479,0.5679642857142857,0.21523733391638936,0.05,4,15.0,0.0,0.01730769230769231
1480,0.8674285714285713,0.01871785685307159,0.05,1,5.0,0.0,0.00923076923076923
1481,0.8211904761904761,0.04943067102714349,0.05,2,4.0,0.0,0.00923076923076923
1482,0.6451746031746032,0.06786790230329791,0.05,3,12.0,0.0,0.02
1483,0.7968571428571427,0.02338243334551815,0.05,2,7.0,0.0,0.007692307692307693
1484,0.8021904761904762,0.02545903900079366,0.05,2,4.0,0.0,0.015000000000000001
1485,0.8008571428571428,0.039999347723960244,0.05,2,7.0,0.0,0.010384615384615384
1486,0.8228571428571427,0.023927376757490626,0.05,2,5.0,0.0,0.007692307692307693
1487,0.7968571428571427,0.020500764772875324,0.05,2,7.0,0.0,0.007692307692307693
1488,0.8183571428571428,0.021420814515944575,0.05,2,5.0,0.0,0.008461538461538461
1489,0.679063492063492,0.05789433009303709,0.05,3,12.0,0.0,0.012307692307692308
1490,0.8348571428571427,0.0531396269492313,0.05,2,4.0,0.0,0.006923076923076922
1491,0.7192857142857143,0.014599015618916597,0.05,3,9.0,0.0,0.00923076923076923
1492,0.8273571428571428,0.033920030556295,0.05,2,5.0,0.0,0.006923076923076922
1493,0.878095238095238,0.015223826356507209,0.05,1,1.0,0.0,0.012307692307692308
1494,0.9294285714285714,0.061503546078619076,0.05,1,3.0,0.0,0.0023076923076923075
1495,0.8198571428571427,0.04162332774072386,0.05,2,7.0,0.0,0.004615384615384615
1496,0.9054285714285714,0.024024658438835722,0.05,1,3.0,0.0,0.005384615384615385
1497,0.9194285714285714,0.13243551684024146,0.05,1,2.0,0.0,0.004615384615384615
1498,0.9194285714285714,0.02241563231872512,0.05,1,2.0,0.0,0.004615384615384615
1499,0.6798968253968254,0.01621334616726411,0.05,3,9.0,0.0,0.016923076923076923
1500,0.7217301587301587,0.2631180142303667,0.05,3,6.0,0.0,0.016923076923076923
1501,0.9224285714285714,0.04297025135698129,0.05,1,2.0,0.0,0.004230769230769231
1502,0.8013571428571428,0.04291992407537004,0.05,2,7.0,0.0,0.006923076923076922
1503,0.9020952380952381,0.03617667034523753,0.05,1,2.0,0.0,0.007692307692307693
1504,0.6772857142857143,0.0026044421097947135,0.05,3,9.0,0.0,0.017307692307692305
1505,0.7748571428571429,0.01340678902905712,0.05,2,9.0,0.0,0.010384615384615384
1506,0.8138571428571427,0.01880279095513271,0.05,2,5.0,0.0,0.00923076923076923
1507,0.9064285714285714,0.06887108395393837,0.05,1,4.0,0.0,0.004230769230769231
1508,0.9274285714285714,0.06078293495785647,0.05,1,4.0,0.0,0.0015384615384615385
1509,0.7768571428571428,0.048107366857325806,0.05,2,6.0,0.0,0.016923076923076923
1510,0.9034285714285714,0.1065556240847425,0.05,1,4.0,0.0,0.004615384615384615
1511,0.8318571428571427,0.027370663961323816,0.05,2,5.0,0.0,0.006153846153846154
1512,0.6777857142857141,0.07608247969417455,0.05,3,10.0,0.0,0.013846153846153845
1513,0.7748571428571427,0.04966078862572659,0.05,2,7.0,0.0,0.013846153846153845
1514,0.6777857142857141,0.06721183531936759,0.05,3,10.0,0.0,0.013846153846153845
1515,0.7988571428571428,0.0644181562528287,0.05,2,6.0,0.0,0.010384615384615384
1516,0.7895238095238095,0.03070259506485251,0.05,2,7.0,0.0,0.012692307692307694
1517,0.8103571428571428,0.015819192594361653,0.05,2,7.0,0.0,0.005384615384615385
1518,0.9064285714285714,0.03370464146207075,0.05,1,4.0,0.0,0.004230769230769231
1519,0.7312857142857143,0.015813963704001788,0.05,3,9.0,0.0,0.006923076923076922
1520,0.7878571428571428,0.014916208903886174,0.05,2,8.0,0.0,0.006923076923076922
1521,0.6798968253968254,0.020433740858478378,0.05,3,9.0,0.0,0.016923076923076923
1522,0.8974285714285714,0.08907174837047571,0.05,1,4.0,0.0,0.005384615384615385
1523,0.9174285714285714,0.057993048010753334,0.05,1,3.0,0.0,0.0038461538461538464
1524,0.8727619047619047,0.034795873959836965,0.05,1,5.0,0.0,0.008461538461538461
1525,0.7801904761904761,0.055442450876122706,0.05,2,4.0,0.0,0.016153846153846154
1526,0.7895238095238095,0.028204924125324993,0.05,2,7.0,0.0,0.012692307692307694
1527,0.5476095238095238,0.0677072326097365,0.05,5,14.0,0.0,0.00923076923076923
1528,0.8754285714285713,0.0074846354086799405,0.05,1,2.0,0.0,0.011538461538461537
1529,0.8255238095238094,0.3728012210320114,0.05,2,4.0,0.0,0.00923076923076923
1530,0.7838571428571428,0.02159636732773962,0.05,2,7.0,0.0,0.01076923076923077
1531,0.9084285714285714,0.054984671953270725,0.05,1,6.0,0.0,0.0019230769230769232
1532,0.9020952380952381,0.01993049479885478,0.05,1,2.0,0.0,0.007692307692307693
1533,0.8807619047619047,0.035638569356328476,0.05,1,2.0,0.0,0.01076923076923077
1534,0.9194285714285714,0.035673226221283216,0.05,1,2.0,0.0,0.004615384615384615
1535,0.9244285714285714,0.11687997234285352,0.05,1,4.0,0.0,0.0019230769230769232
1536,0.827190476190476,0.05114245345129553,0.05,2,6.0,0.0,0.004615384615384615
1537,0.9064285714285714,0.08640525903722818,0.05,1,4.0,0.0,0.004230769230769231
1538,0.7037301587301588,0.03240914693508634,0.05,3,9.0,0.0,0.012307692307692308
1539,0.7973571428571428,0.02580141517817902,0.05,2,7.0,0.0,0.008461538461538461
1540,0.6072142857142857,0.0507584717451027,0.05,4,12.0,0.0,0.013846153846153845
1541,0.28774285714285697,0.21345692774948755,0.05,5,20.0,0.0,0.03692307692307692
1542,0.8984285714285714,0.09819196515621731,0.05,1,2.0,0.0,0.007307692307692308
1543,0.8475238095238096,0.031020762451261952,0.05,2,4.0,0.0,0.00576923076923077
1544,0.7810238095238095,0.0048291232078686575,0.05,2,8.0,0.0,0.008076923076923077
1545,0.9024285714285714,0.08917870405212502,0.05,1,3.0,0.0,0.005769230769230769
1546,0.9174285714285714,0.042443050532423476,0.05,1,3.0,0.0,0.0038461538461538464
1547,0.7686904761904761,0.12477885667567695,0.05,2,8.0,0.0,0.012692307692307694
1548,0.8363571428571428,0.05067342291114735,0.05,2,5.0,0.0,0.005384615384615385
1549,0.6525079365079365,0.26239449483867955,0.05,3,13.0,0.0,0.015384615384615385
1550,0.4838095238095238,0.05561222873709561,0.05,5,14.0,0.0,0.02307692307692308
1551,0.878095238095238,0.043581350846879974,0.05,1,5.0,0.0,0.007692307692307693
1552,0.6662142857142856,0.22346883413630445,0.05,4,8.0,0.0,0.011538461538461537
1553,0.8967619047619048,0.013200843644215365,0.05,1,2.0,0.0,0.008461538461538461
1554,0.7928571428571427,0.020937350244300823,0.05,2,7.0,0.0,0.00923076923076923
1555,0.7923571428571428,0.017145770580321573,0.05,2,7.0,0.0,0.008461538461538461
1556,0.9174285714285714,0.03601711619259984,0.05,1,3.0,0.0,0.0038461538461538464
1557,0.8974285714285714,0.052983975558544505,0.05,1,4.0,0.0,0.005384615384615385
1558,0.8934285714285713,0.03448620475794362,0.05,1,6.0,0.0,0.0038461538461538464
1559,0.9174285714285714,0.03241540457333991,0.05,1,3.0,0.0,0.0038461538461538464
1560,0.7991904761904761,0.008245270594910814,0.05,2,8.0,0.0,0.008076923076923077
1561,0.8078571428571427,0.010421987076912442,0.05,2,4.0,0.0,0.013846153846153845
1562,0.8348571428571427,0.04158503649402395,0.05,2,4.0,0.0,0.006923076923076922
1563,0.7821904761904761,0.0022196485296753776,0.05,2,8.0,0.0,0.01153846153846154
1564,0.9234285714285714,0.10126083364691252,0.05,1,3.0,0.0,0.003076923076923077
1565,0.8228571428571427,0.02703253739075756,0.05,2,5.0,0.0,0.007692307692307693
1566,0.9020952380952381,0.01721409261312712,0.05,1,2.0,0.0,0.007692307692307693
1567,0.9284285714285714,0.11837276864059565,0.05,1,2.0,0.0,0.003461538461538461
1568,0.9224285714285714,0.028719567388922007,0.05,1,2.0,0.0,0.004230769230769231
1569,0.5547142857142857,0.043836929996741186,0.05,4,12.0,0.0,0.024615384615384615
1570,0.6912857142857142,0.011024071555321294,0.05,3,8.0,0.0,0.016153846153846154
1571,0.7686904761904761,0.11071509073721958,0.05,2,8.0,0.0,0.012692307692307694
1572,0.7861904761904762,0.01717521249819126,0.05,2,9.0,0.0,0.008076923076923077
1573,0.8183571428571428,0.03091203735639947,0.05,2,5.0,0.0,0.008461538461538461
1574,0.9154285714285714,0.06568557800269004,0.05,1,4.0,0.0,0.003076923076923077
1575,0.9294285714285714,0.0971347502822213,0.05,1,3.0,0.0,0.0023076923076923075
1576,0.9234285714285714,0.07924247457073996,0.05,1,3.0,0.0,0.003076923076923077
1577,0.9214285714285714,0.10219197510856814,0.05,1,4.0,0.0,0.0023076923076923075
1578,0.8914285714285713,0.020916364110249552,0.05,1,2.0,0.0,0.00923076923076923
1579,0.9260952380952381,0.04684730692160144,0.05,1,1.0,0.0,0.005384615384615385
1580,0.9094285714285714,0.09205676155371789,0.05,1,4.0,0.0,0.0038461538461538464
1581,0.8006904761904762,0.0436022774347814,0.05,2,4.0,0.0,0.012692307692307694
1582,0.9254285714285714,0.03810590359915489,0.05,1,2.0,0.0,0.0038461538461538464
1583,0.7680238095238096,0.053434790381921116,0.05,2,7.0,0.0,0.015000000000000001
1584,0.7012857142857143,0.016200226942530798,0.05,3,9.0,0.0,0.012692307692307694
1585,0.9404285714285714,0.047003325775503035,0.05,1,2.0,0.0,0.0019230769230769232
1586,0.9314285714285714,0.03330299319795271,0.05,1,2.0,0.0,0.003076923076923077
1587,0.8045238095238094,0.05409244542610814,0.05,2,6.0,0.0,0.00923076923076923
1588,0.7032857142857142,0.007046064343672942,0.05,3,8.0,0.0,0.013846153846153845
1589,0.8088571428571428,0.05940698600027844,0.05,2,6.0,0.0,0.01076923076923077
1590,0.8887619047619048,0.04908437619594708,0.05,1,5.0,0.0,0.006153846153846154
1591,0.9284285714285714,0.1065354917765361,0.05,1,2.0,0.0,0.003461538461538461
1592,0.8914285714285713,0.0073338912071091444,0.05,1,2.0,0.0,0.00923076923076923
1593,0.7781904761904762,0.028604461232733858,0.05,2,7.0,0.0,0.015000000000000001
1594,0.6927857142857141,0.30693861977167197,0.05,3,10.0,0.0,0.013846153846153845
1595,0.7755238095238095,0.09162674752063082,0.05,2,8.0,0.0,0.01153846153846154
1596,0.4487428571428571,0.22411795851948613,0.05,5,16.0,0.0,0.02423076923076923
1597,0.9314285714285714,0.0972276769278585,0.05,1,2.0,0.0,0.003076923076923077
1598,0.9254285714285714,0.0928819425988825,0.05,1,2.0,0.0,0.0038461538461538464
1599,0.9184285714285714,0.06211702020242105,0.05,1,4.0,0.0,0.0026923076923076926
1600,0.9047619047619048,0.02082924289610799,0.05,1,1.0,0.0,0.008461538461538461
1601,0.8361904761904762,0.013349903847288958,0.05,2,4.0,0.0,0.008076923076923077
1602,0.8874285714285713,0.028007635377743756,0.05,1,6.0,0.0,0.004615384615384615
1603,0.862095238095238,0.0249574509794106,0.05,1,5.0,0.0,0.01
1604,0.9204285714285714,0.06831822711366597,0.05,1,3.0,0.0,0.003461538461538461
1605,0.7691904761904762,0.01775192212532467,0.05,2,9.0,0.0,0.01153846153846154
1606,0.7923571428571428,0.01484198652372104,0.05,2,7.0,0.0,0.008461538461538461
1607,0.7761904761904762,0.05483819183690036,0.05,2,6.0,0.0,0.015000000000000001
1608,0.8183571428571428,0.02601014570223409,0.05,2,5.0,0.0,0.008461538461538461
1609,0.7951904761904761,0.05857432050113448,0.05,2,7.0,0.0,0.01153846153846154
1610,0.6297142857142857,0.04523561899256423,0.05,4,12.0,0.0,0.00923076923076923
1611,0.886095238095238,0.037408045754028896,0.05,1,2.0,0.0,0.01
1612,0.7878571428571428,0.013211361297262136,0.05,2,8.0,0.0,0.006923076923076922
1613,0.8148571428571427,0.04200148030320838,0.05,2,7.0,0.0,0.004615384615384615
1614,0.6247142857142857,0.023564659367068752,0.05,4,12.0,0.0,0.00923076923076923
1615,0.47547619047619044,0.12909890883363376,0.05,5,15.0,0.0,0.01846153846153846
1616,0.9074285714285714,0.02701426140156793,0.05,1,2.0,0.0,0.006923076923076922
1617,0.8143571428571428,0.05674776927145431,0.05,2,4.0,0.0,0.010384615384615384
1618,0.9314285714285714,0.0875049092350727,0.05,1,2.0,0.0,0.003076923076923077
1619,0.6698412698412697,0.05131640183076913,0.05,3,10.0,0.0,0.015384615384615385
1620,0.8348571428571427,0.04794307463536562,0.05,2,4.0,0.0,0.006923076923076922
1621,0.6980634920634918,0.29432912825095586,0.05,3,5.0,0.0,0.02153846153846154
1622,0.8148571428571427,0.014435932505155014,0.05,2,7.0,0.0,0.004615384615384615
1623,0.8814285714285713,0.029914401673550528,0.05,1,6.0,0.0,0.005384615384615385
1624,0.8065238095238094,0.028615914025802214,0.05,2,7.0,0.0,0.00923076923076923
1625,0.49334285714285697,0.15653661866591656,0.05,5,19.0,0.0,0.008076923076923077
1626,0.9164285714285714,0.07459374833899424,0.05,1,2.0,0.0,0.005
1627,0.8313571428571428,0.061543134867931615,0.05,2,5.0,0.0,0.005384615384615385
1628,0.8235238095238095,0.06721031697185004,0.05,2,7.0,0.0,0.00576923076923077
1629,0.7931904761904761,0.04585748080165736,0.05,2,6.0,0.0,0.01153846153846154
1630,0.8874285714285713,0.03292296150619545,0.05,1,6.0,0.0,0.004615384615384615
1631,0.8008571428571428,0.05048128761007781,0.05,2,7.0,0.0,0.010384615384615384
1632,0.7895238095238095,0.04178031667449028,0.05,2,7.0,0.0,0.012692307692307694
1633,0.9204285714285714,0.06818747962935456,0.05,1,3.0,0.0,0.003461538461538461
1634,0.8834285714285713,0.04092334175356804,0.05,1,5.0,0.0,0.006923076923076922
1635,0.9284285714285714,0.07913437350509478,0.05,1,2.0,0.0,0.003461538461538461
1636,0.8148571428571427,0.01325758158579915,0.05,2,7.0,0.0,0.004615384615384615
1637,0.6929523809523809,0.0644618768394083,0.05,3,7.0,0.0,0.01846153846153846
1638,0.6097142857142857,0.020246401661539515,0.05,4,12.0,0.0,0.012307692307692308
1639,0.5947142857142856,0.020451770126332036,0.05,4,12.0,0.0,0.015384615384615385
1640,0.9144285714285714,0.035198745479181115,0.05,1,3.0,0.0,0.004230769230769231
1641,0.8724285714285713,0.010206871839969378,0.05,1,6.0,0.0,0.006538461538461539
1642,0.7953571428571428,0.044092584445662275,0.05,2,7.0,0.0,0.010384615384615384
1643,0.8226904761904762,0.040165953570037216,0.05,2,7.0,0.0,0.00576923076923077
1644,0.9047619047619048,0.018746318606497225,0.05,1,1.0,0.0,0.008461538461538461
1645,0.9024285714285714,0.04336873166641908,0.05,1,3.0,0.0,0.005769230769230769
1646,0.8874285714285713,0.02515771433324243,0.05,1,6.0,0.0,0.004615384615384615
1647,0.9074285714285714,0.05500057451195928,0.05,1,2.0,0.0,0.006923076923076922
1648,0.8488571428571428,0.07454021974901692,0.05,2,6.0,0.0,0.003076923076923077
1649,0.7938571428571428,0.04145826713053069,0.05,2,4.0,0.0,0.013846153846153845
1650,0.7686904761904761,0.08867858725890243,0.05,2,8.0,0.0,0.012692307692307694
1651,0.9234285714285714,0.058911757626767924,0.05,1,3.0,0.0,0.003076923076923077
1652,0.9124285714285714,0.116288154272712,0.05,1,4.0,0.0,0.003461538461538461
1653,0.666952380952381,0.26783582534363853,0.05,3,9.0,0.0,0.01846153846153846
1654,0.5219642857142857,0.23571316764185785,0.05,4,12.0,0.0,0.02423076923076923
1655,0.7833571428571428,0.04209115283234416,0.05,2,7.0,0.0,0.01
1656,0.7708571428571427,0.009235532177317207,0.05,2,8.0,0.0,0.013846153846153845
1657,0.9047619047619048,0.01687168674584749,0.05,1,1.0,0.0,0.008461538461538461
1658,0.8038571428571428,0.032438826389306286,0.05,2,9.0,0.0,0.004615384615384615
1659,0.886095238095238,0.012582731119778368,0.05,1,2.0,0.0,0.01
1660,0.7968571428571427,0.008541448396871265,0.05,2,7.0,0.0,0.007692307692307693
1661,0.9214285714285714,0.09197277759771139,0.05,1,4.0,0.0,0.0023076923076923075
1662,0.7167857142857141,0.06381725729154959,0.05,3,7.0,0.0,0.013846153846153845
1663,0.7312857142857143,0.012575599841125329,0.05,3,9.0,0.0,0.006923076923076922
1664,0.9260952380952381,0.03651785140459607,0.05,1,1.0,0.0,0.005384615384615385
1665,0.9264285714285714,0.06398667130991376,0.05,1,3.0,0.0,0.0026923076923076926
1666,0.7088412698412697,0.05487459457182042,0.05,3,7.0,0.0,0.015384615384615385
1667,0.8021904761904761,0.03616902691996171,0.05,2,7.0,0.0,0.00923076923076923
1668,0.6878412698412698,0.01851052377872638,0.05,3,9.0,0.0,0.015384615384615385
1669,0.8065238095238094,0.026263404550722735,0.05,2,7.0,0.0,0.00923076923076923
1670,0.8967619047619048,0.02199112467446729,0.05,1,2.0,0.0,0.008461538461538461
1671,0.9374285714285714,0.08022093615458525,0.05,1,2.0,0.0,0.0023076923076923075
1672,0.6592857142857143,0.012309644413421675,0.05,3,9.0,0.0,0.02076923076923077
1673,0.8974285714285714,0.021334177315863623,0.05,1,4.0,0.0,0.005384615384615385
1674,0.8006904761904762,0.03464981678689233,0.05,2,4.0,0.0,0.012692307692307694
1675,0.5957142857142856,0.16393215007353545,0.05,4,13.0,0.0,0.013846153846153845
1676,0.9204285714285714,0.07842127525399911,0.05,1,3.0,0.0,0.003461538461538461
1677,0.9164285714285714,0.05021644394559621,0.05,1,2.0,0.0,0.005
1678,0.9254285714285714,0.054194799551036565,0.05,1,2.0,0.0,0.0038461538461538464
1679,0.727063492063492,0.2710584417428432,0.05,3,6.0,0.0,0.013461538461538462
1680,0.9434285714285714,0.07819884253912679,0.05,1,2.0,0.0,0.0015384615384615385
1681,0.8223571428571428,0.04902859063276821,0.05,2,5.0,0.0,0.006923076923076922
1682,0.8967619047619048,0.01663869459241296,0.05,1,2.0,0.0,0.008461538461538461
1683,0.6806190476190476,0.013993112954098441,0.05,3,12.0,0.0,0.00923076923076923
1684,0.6722857142857143,0.2733454601324776,0.05,3,12.0,0.0,0.012692307692307694
1685,0.7116746031746033,0.022605162964231134,0.05,3,9.0,0.0,0.01076923076923077
1686,0.9404285714285714,0.0877544183115655,0.05,1,2.0,0.0,0.0019230769230769232
1687,0.8211904761904761,0.029379204290470806,0.05,2,4.0,0.0,0.00923076923076923
1688,0.8178571428571427,0.02983188855809976,0.05,2,7.0,0.0,0.006923076923076922
1689,0.7951904761904761,0.043999840847713745,0.05,2,7.0,0.0,0.01153846153846154
1690,0.7923571428571428,0.014496815703137322,0.05,2,7.0,0.0,0.008461538461538461
1691,0.8974285714285714,0.01920075958427725,0.05,1,4.0,0.0,0.005384615384615385
1692,0.9134285714285714,0.022528698739173403,0.05,1,2.0,0.0,0.005384615384615385
1693,0.9260952380952381,0.03286606626413646,0.05,1,1.0,0.0,0.005384615384615385
1694,0.7088412698412697,0.048686288057004035,0.05,3,7.0,0.0,0.015384615384615385
1695,0.9074285714285714,0.025641491799838323,0.05,1,2.0,0.0,0.006923076923076922
1696,0.9294285714285714,0.04695940136253618,0.05,1,3.0,0.0,0.0023076923076923075
1697,0.7928571428571427,0.04393270446223729,0.05,2,6.0,0.0,0.013846153846153845
1698,0.8647619047619047,0.006833850394096674,0.05,1,2.0,0.0,0.013076923076923078
1699,0.9024285714285714,0.015263461226282526,0.05,1,3.0,0.0,0.005769230769230769
1700,0.8075238095238095,0.027887091945090314,0.05,2,4.0,0.0,0.01153846153846154
1701,0.8191904761904761,0.011726831205896904,0.05,2,4.0,0.0,0.01153846153846154
1702,0.7923571428571428,0.04066955088020813,0.05,2,7.0,0.0,0.008461538461538461
1703,0.7965238095238094,0.015502400308602282,0.05,2,4.0,0.0,0.016153846153846154
1704,0.7810238095238095,0.016925057322829618,0.05,2,8.0,0.0,0.008076923076923077
1705,0.61884126984127,0.2955724178597525,0.05,3,9.0,0.0,0.026923076923076925
1706,0.8088571428571427,0.047789986953265196,0.05,2,5.0,0.0,0.00923076923076923
1707,0.9154285714285714,0.05290531818217892,0.05,1,4.0,0.0,0.003076923076923077
1708,0.9100952380952381,0.01357945963772278,0.05,1,1.0,0.0,0.007692307692307693
1709,0.9047619047619048,0.03905510887258046,0.05,1,1.0,0.0,0.008461538461538461
1710,0.9134285714285714,0.051978976480408945,0.05,1,2.0,0.0,0.005384615384615385
1711,0.6726746031746033,0.013204140197778935,0.05,3,12.0,0.0,0.01076923076923077
1712,0.8058571428571427,0.03262829727553246,0.05,2,7.0,0.0,0.006153846153846154
1713,0.7002857142857143,0.2129643604093995,0.05,3,11.0,0.0,0.006923076923076922
1714,0.9374285714285714,0.06078970658698413,0.05,1,2.0,0.0,0.0023076923076923075
1715,0.6376309523809524,0.2205115328586401,0.05,4,9.0,0.0,0.01884615384615385
1716,0.9184285714285714,0.11682485872741122,0.05,1,4.0,0.0,0.0026923076923076926
1717,0.9004285714285714,0.02028068362584956,0.05,1,4.0,0.0,0.005
1718,0.44612698412698415,0.3261323405165286,0.05,6,11.0,0.0,0.03076923076923077
1719,0.5797142857142856,0.02124619933947086,0.05,4,12.0,0.0,0.01846153846153846
1720,0.8031904761904761,0.02304082361495091,0.05,2,9.0,0.0,0.004615384615384615
1721,0.9284285714285714,0.037905388835873355,0.05,1,2.0,0.0,0.003461538461538461
1722,0.6072142857142857,0.03622260984636824,0.05,4,12.0,0.0,0.013846153846153845
1723,0.8834285714285713,0.014445152992716204,0.05,1,1.0,0.0,0.011538461538461537
1724,0.6698412698412697,0.05089032984262772,0.05,3,10.0,0.0,0.015384615384615385
1725,0.8006904761904762,0.03148729718017512,0.05,2,4.0,0.0,0.012692307692307694
1726,0.8363571428571428,0.04755424119012408,0.05,2,5.0,0.0,0.005384615384615385
1727,0.6655079365079365,0.05647557816671248,0.05,3,12.0,0.0,0.015384615384615385
1728,0.8268571428571427,0.0424809422616525,0.05,2,5.0,0.0,0.006153846153846154
1729,0.9127619047619048,0.05415046535468704,0.05,1,2.0,0.0,0.006153846153846154
1730,0.6878412698412698,0.01362342341527012,0.05,3,9.0,0.0,0.015384615384615385
1731,0.7818571428571428,0.04666397756534135,0.05,2,6.0,0.0,0.013846153846153845
1732,0.8674285714285713,0.028234673107875974,0.05,1,5.0,0.0,0.00923076923076923
1733,0.6912857142857142,0.009724121660665386,0.05,3,8.0,0.0,0.016153846153846154
1734,0.9284285714285714,0.047480138525933246,0.05,1,2.0,0.0,0.003461538461538461
1735,0.7875238095238095,0.038709289220871024,0.05,2,6.0,0.0,0.012692307692307694
1736,0.5722142857142857,0.02142208525414771,0.05,4,12.0,0.0,0.02
1737,0.8238571428571427,0.1301375725845344,0.05,2,6.0,0.0,0.006153846153846154
1738,0.9344285714285714,0.0675898511284031,0.05,1,2.0,0.0,0.0026923076923076926
1739,0.41880952380952374,0.28745330481597636,0.05,5,19.0,0.0,0.023076923076923075
1740,0.8514285714285713,0.007638791188667393,0.05,1,5.0,0.0,0.011538461538461537
1741,0.7528571428571428,0.037023523847448836,0.05,2,6.0,0.0,0.02153846153846154
1742,0.9074285714285714,0.03383086601556273,0.05,1,2.0,0.0,0.006153846153846154
1743,0.9144285714285714,0.03145563466253143,0.05,1,3.0,0.0,0.004230769230769231
1744,0.9374285714285714,0.06437895828521412,0.05,1,2.0,0.0,0.0023076923076923075
1745,0.9184285714285714,0.11057167121863198,0.05,1,4.0,0.0,0.0026923076923076926
1746,0.7212857142857142,0.021549293680095505,0.05,3,8.0,0.0,0.010384615384615384
1747,0.679063492063492,0.05025892658234695,0.05,3,12.0,0.0,0.012307692307692308
1748,0.8235238095238095,0.04498750221804865,0.05,2,7.0,0.0,0.00576923076923077
1749,0.671952380952381,0.01764903322983565,0.05,3,9.0,0.0,0.01846153846153846
1750,0.9234285714285714,0.06670658324812428,0.05,1,2.0,0.0,0.004615384615384615
1751,0.7968571428571427,0.03288893453191177,0.05,2,7.0,0.0,0.007692307692307693
1752,0.7072857142857143,0.00643801864072339,0.05,3,9.0,0.0,0.01153846153846154
1753,0.7768571428571429,0.02251226402012063,0.05,2,9.0,0.0,0.00923076923076923
1754,0.9114285714285714,0.05857192159377911,0.05,1,6.0,0.0,0.0015384615384615385
1755,0.8974285714285714,0.016384496594081033,0.05,1,4.0,0.0,0.005384615384615385
1756,0.8153571428571428,0.02936168828762742,0.05,2,7.0,0.0,0.005384615384615385
1757,0.8143571428571428,0.028365516457347584,0.05,2,4.0,0.0,0.010384615384615384
1758,0.9174285714285714,0.034236206933793256,0.05,1,3.0,0.0,0.0038461538461538464
1759,0.8914285714285713,0.027402085485884853,0.05,1,2.0,0.0,0.00923076923076923
1760,0.9064285714285714,0.038614786363960985,0.05,1,4.0,0.0,0.004230769230769231
1761,0.8834285714285713,0.0389205835384433,0.05,1,5.0,0.0,0.006923076923076922
1762,0.6798968253968254,0.018455735669416273,0.05,3,9.0,0.0,0.016923076923076923
1763,0.9260952380952381,0.029666028973222125,0.05,1,1.0,0.0,0.005384615384615385
1764,0.6770634920634919,0.03818013370303094,0.05,3,7.0,0.0,0.02153846153846154
1765,0.9034285714285714,0.031753307727564906,0.05,1,4.0,0.0,0.004615384615384615
1766,0.9024285714285714,0.043714729434401134,0.05,1,6.0,0.0,0.0026923076923076926
1767,0.7167857142857141,0.041280085253114995,0.05,3,7.0,0.0,0.013846153846153845
1768,0.5050761904761903,0.045157342162919764,0.05,5,14.0,0.0,0.01846153846153846
1769,0.6562142857142856,0.2081324393188058,0.05,4,9.0,0.0,0.01076923076923077
1770,0.9114285714285714,0.12277395886357956,0.05,1,3.0,0.0,0.004615384615384615
1771,0.7918571428571428,0.018161964920879792,0.05,2,9.0,0.0,0.006923076923076922
1772,0.8090238095238095,0.03179979455107784,0.05,2,7.0,0.0,0.008076923076923077
1773,0.9314285714285714,0.04573212467333987,0.05,1,2.0,0.0,0.003076923076923077
1774,0.8103571428571428,0.12044379147843792,0.05,2,6.0,0.0,0.008461538461538461
1775,0.8994285714285714,0.029816264651988944,0.05,1,1.0,0.0,0.00923076923076923
1776,0.7411904761904761,0.3327461299633216,0.05,2,7.0,0.0,0.016153846153846154
1777,0.8021904761904761,0.02910277057798677,0.05,2,7.0,0.0,0.00923076923076923
1778,0.9004285714285714,0.025577976954808457,0.05,1,4.0,0.0,0.005
1779,0.6972857142857142,0.01294255142460865,0.05,3,8.0,0.0,0.015000000000000001
1780,0.8133571428571428,0.037786360778495454,0.05,2,5.0,0.0,0.008461538461538461
1781,0.9024285714285714,0.01967887093126297,0.05,1,3.0,0.0,0.005769230769230769
1782,0.6698412698412697,0.04297634205430704,0.05,3,10.0,0.0,0.015384615384615385
1783,0.9004285714285714,0.08124592169344558,0.05,1,4.0,0.0,0.005
1784,0.7801904761904761,0.026231626280320275,0.05,2,4.0,0.0,0.016153846153846154
1785,0.9020952380952381,0.03532854360396309,0.05,1,2.0,0.0,0.007692307692307693
1786,0.7132857142857143,0.013147050794856896,0.05,3,9.0,0.0,0.010384615384615384
1787,0.8273571428571428,0.0364417528079245,0.05,2,5.0,0.0,0.006923076923076922
1788,0.6152142857142857,0.1502961177027468,0.05,4,11.0,0.0,0.013846153846153845
1789,0.7605238095238095,0.008282569746532575,0.05,2,8.0,0.0,0.01153846153846154
1790,0.9224285714285714,0.042941062456692713,0.05,1,2.0,0.0,0.004230769230769231
1791,0.7788571428571427,0.03455810647856311,0.05,2,7.0,0.0,0.01076923076923077
1792,0.9124285714285714,0.031828585098348516,0.05,1,4.0,0.0,0.003461538461538461
1793,0.7478571428571428,0.3536869256747512,0.05,2,7.0,0.0,0.02
1794,0.6097142857142857,0.012881438618403407,0.05,4,12.0,0.0,0.012307692307692308
1795,0.5382142857142858,0.3773350238091031,0.05,4,15.0,0.0,0.019230769230769232
1796,0.8178571428571427,0.028617203355815912,0.05,2,5.0,0.0,0.007692307692307693
1797,0.9020952380952381,0.038702591589978574,0.05,1,2.0,0.0,0.007692307692307693
1798,0.9154285714285714,0.03164572658851361,0.05,1,4.0,0.0,0.003076923076923077
1799,0.9284285714285714,0.056293477663082014,0.05,1,2.0,0.0,0.003461538461538461
1800,0.7212857142857142,0.015335947069704462,0.05,3,8.0,0.0,0.010384615384615384
1801,0.8143571428571428,0.0168471611086079,0.05,2,4.0,0.0,0.010384615384615384
1802,0.7870238095238096,0.017641358244860628,0.05,2,4.0,0.0,0.015000000000000001
1803,0.8228571428571427,0.023816395599496665,0.05,2,5.0,0.0,0.007692307692307693
1804,0.7781904761904762,0.009979905591004923,0.05,2,7.0,0.0,0.015000000000000001
1805,0.8964285714285714,0.05434369608087364,0.05,1,6.0,0.0,0.003461538461538461
1806,0.9404285714285714,0.05015891220600588,0.05,1,2.0,0.0,0.0019230769230769232
1807,0.9174285714285714,0.03271098383813664,0.05,1,3.0,0.0,0.0038461538461538464
1808,0.8273571428571428,0.0414205949950856,0.05,2,5.0,0.0,0.006923076923076922
1809,0.7998571428571428,0.024500534090094173,0.05,2,5.0,0.0,0.01076923076923077
1810,0.8754285714285713,0.005129022576900066,0.05,1,2.0,0.0,0.011538461538461537
1811,0.7138968253968253,0.2296366023895198,0.05,3,6.0,0.0,0.016923076923076923
1812,0.8021904761904762,0.006167587852668077,0.05,2,4.0,0.0,0.015000000000000001
1813,0.9144285714285714,0.026439885454322964,0.05,1,3.0,0.0,0.004230769230769231
1814,0.3415714285714286,0.11002857540259799,0.05,6,20.0,0.0,0.02076923076923077
1815,0.8273571428571428,0.050847708672821124,0.05,2,5.0,0.0,0.006923076923076922
1816,0.9284285714285714,0.05014724184710062,0.05,1,2.0,0.0,0.003461538461538461
1817,0.8006904761904762,0.016146554263151425,0.05,2,4.0,0.0,0.012692307692307694
1818,0.7019523809523809,0.24595621822673971,0.05,3,7.0,0.0,0.01846153846153846
1819,0.7953571428571428,0.026495903454003267,0.05,2,7.0,0.0,0.010384615384615384
1820,0.6618968253968253,0.041756348410010746,0.05,3,10.0,0.0,0.016923076923076923
1821,0.862095238095238,0.013949482189948625,0.05,1,5.0,0.0,0.01
1822,0.8178571428571427,0.038813625271592045,0.05,2,7.0,0.0,0.006923076923076922
1823,0.8228571428571427,0.021645135432975637,0.05,2,5.0,0.0,0.007692307692307693
1824,0.5772142857142857,0.03911287679731698,0.05,4,12.0,0.0,0.02
1825,0.6072142857142857,0.03515780398465365,0.05,4,12.0,0.0,0.013846153846153845
1826,0.8065238095238094,0.021228991592511348,0.05,2,7.0,0.0,0.00923076923076923
1827,0.6936746031746032,0.0331556932809246,0.05,3,10.0,0.0,0.01076923076923077
1828,0.878095238095238,0.04168386355204112,0.05,1,5.0,0.0,0.007692307692307693
1829,0.9254285714285714,0.05878107883236805,0.05,1,2.0,0.0,0.0038461538461538464
1830,0.7875238095238095,0.03328514876964128,0.05,2,6.0,0.0,0.012692307692307694
1831,0.8135238095238095,0.010279116038249214,0.05,2,4.0,0.0,0.012692307692307694
1832,0.9074285714285714,0.03661612031921013,0.05,1,2.0,0.0,0.006923076923076922
1833,0.9234285714285714,0.12600270340408837,0.05,1,3.0,0.0,0.003076923076923077
1834,0.5157095238095237,0.044211446225533614,0.05,5,14.0,0.0,0.016153846153846154
1835,0.8834285714285713,0.04284881053017031,0.05,1,5.0,0.0,0.006923076923076922
1836,0.8211904761904761,0.01137742274683895,0.05,2,4.0,0.0,0.00923076923076923
1837,0.9260952380952381,0.026699426075899924,0.05,1,1.0,0.0,0.005384615384615385
1838,0.8834285714285713,0.01083463818678998,0.05,1,1.0,0.0,0.011538461538461537
1839,0.9174285714285714,0.026795896908890726,0.05,1,3.0,0.0,0.0038461538461538464
1840,0.7768571428571428,0.036726925816724154,0.05,2,6.0,0.0,0.016923076923076923
1841,0.7748571428571429,0.021382457598157212,0.05,2,9.0,0.0,0.010384615384615384
1842,0.9034285714285714,0.016481153929662207,0.05,1,4.0,0.0,0.004615384615384615
1843,0.7973571428571428,0.022647233533590494,0.05,2,7.0,0.0,0.008461538461538461
1844,0.7903571428571429,0.02454160355100421,0.05,2,9.0,0.0,0.006923076923076922
1845,0.9224285714285714,0.04990297094913121,0.05,1,2.0,0.0,0.004230769230769231
1846,0.8485238095238095,0.020160550821503254,0.05,2,4.0,0.0,0.004615384615384615
1847,0.9074285714285714,0.029664129896773805,0.05,1,2.0,0.0,0.006153846153846154
1848,0.7543571428571428,0.027267830242294067,0.05,2,9.0,0.0,0.013076923076923078
1849,0.9194285714285714,0.024143020985405328,0.05,1,2.0,0.0,0.004615384615384615
1850,0.8093571428571428,0.035332723870470706,0.05,2,5.0,0.0,0.01
1851,0.7938571428571428,0.044880375717195276,0.05,2,4.0,0.0,0.013846153846153845
1852,0.9194285714285714,0.04191267385421804,0.05,1,2.0,0.0,0.004615384615384615
1853,0.8045238095238094,0.024558743516448822,0.05,2,6.0,0.0,0.00923076923076923
1854,0.5872142857142857,0.016762641834132785,0.05,4,12.0,0.0,0.016923076923076923
1855,0.9154285714285714,0.041751174368111044,0.05,1,1.0,0.0,0.006923076923076922
1856,0.9374285714285714,0.0557214064687962,0.05,1,2.0,0.0,0.0023076923076923075
1857,0.8088571428571428,0.0352167244631959,0.05,2,6.0,0.0,0.01076923076923077
1858,0.7878571428571428,0.02753523313532158,0.05,2,7.0,0.0,0.00923076923076923
1859,0.6301190476190476,0.04374513663483567,0.05,3,10.0,0.0,0.023076923076923075
1860,0.7272857142857142,0.010463310421158742,0.05,3,8.0,0.0,0.00923076923076923
1861,0.7968571428571427,0.008587576364989358,0.05,2,7.0,0.0,0.007692307692307693
1862,0.7878571428571428,0.005804300232263415,0.05,2,7.0,0.0,0.00923076923076923
1863,0.8914285714285713,0.01695450828728906,0.05,1,2.0,0.0,0.00923076923076923
1864,0.7132857142857143,0.005326439433397057,0.05,3,9.0,0.0,0.010384615384615384
1865,0.9374285714285714,0.05504262918540659,0.05,1,2.0,0.0,0.0023076923076923075
1866,0.8475238095238096,0.016673714350018964,0.05,2,4.0,0.0,0.00576923076923077
1867,0.9214285714285714,0.0827754998379403,0.05,1,4.0,0.0,0.0023076923076923075
1868,0.9164285714285714,0.02241298985532114,0.05,1,2.0,0.0,0.005
1869,0.8964285714285714,0.06123011839071413,0.05,1,3.0,0.0,0.006538461538461539
1870,0.7060079365079365,0.2576355142468999,0.05,3,5.0,0.0,0.02
1871,0.7498571428571428,0.023365395559815927,0.05,2,9.0,0.0,0.013846153846153845
1872,0.8305238095238094,0.017941941882359036,0.05,2,4.0,0.0,0.00923076923076923
1873,0.8348571428571429,0.03417167668681953,0.05,2,7.0,0.0,0.003461538461538461
1874,0.8408571428571427,0.043369037440750824,0.05,2,5.0,0.0,0.004615384615384615
1875,0.9020952380952381,0.025925724125226868,0.05,1,2.0,0.0,0.007692307692307693
1876,0.7748571428571427,0.015224632432680352,0.05,2,7.0,0.0,0.013846153846153845
1877,0.8914285714285713,0.0182801921119341,0.05,1,2.0,0.0,0.00923076923076923
1878,0.5922142857142857,0.032077333391581364,0.05,4,12.0,0.0,0.016923076923076923
1879,0.6072142857142857,0.02977983730591674,0.05,4,12.0,0.0,0.013846153846153845
1880,0.9174285714285714,0.02411630721800162,0.05,1,3.0,0.0,0.0038461538461538464
1881,0.6072142857142857,0.02814760883287956,0.05,4,12.0,0.0,0.013846153846153845
1882,0.7968571428571427,0.02171835339594269,0.05,2,7.0,0.0,0.007692307692307693
1883,0.9224285714285714,0.03864695621102343,0.05,1,2.0,0.0,0.004230769230769231
1884,0.9024285714285714,0.061107106551642754,0.05,1,3.0,0.0,0.005769230769230769
1885,0.894095238095238,0.04628134605324752,0.05,1,5.0,0.0,0.005384615384615385
1886,0.8727619047619047,0.020319878114589462,0.05,1,5.0,0.0,0.008461538461538461
1887,0.8138571428571427,0.0275302923772634,0.05,2,5.0,0.0,0.00923076923076923
1888,0.7688571428571427,0.4770321489497933,0.05,2,6.0,0.0,0.013846153846153845
1889,0.8361904761904762,0.010755089951491714,0.05,2,4.0,0.0,0.008076923076923077
1890,0.8198571428571427,0.036956553281952687,0.05,2,7.0,0.0,0.004615384615384615
1891,0.8348571428571427,0.013965952763091705,0.05,2,4.0,0.0,0.006923076923076922
1892,0.9054285714285714,0.05790932647278624,0.05,1,6.0,0.0,0.0023076923076923075
1893,0.7565079365079365,0.04164576676348123,0.05,3,7.0,0.0,0.006153846153846154
1894,0.9154285714285714,0.03757605693129995,0.05,1,1.0,0.0,0.006923076923076922
1895,0.5157095238095237,0.042128009769678974,0.05,5,14.0,0.0,0.016153846153846154
1896,0.9084285714285714,0.0591180948733262,0.05,1,3.0,0.0,0.005
1897,0.9044285714285714,0.015279918608206877,0.05,1,2.0,0.0,0.006538461538461539
1898,0.6670079365079364,0.2743695451966033,0.05,3,8.0,0.0,0.02
1899,0.7192857142857143,0.23620063767823885,0.05,3,9.0,0.0,0.00923076923076923
1900,0.9094285714285714,0.10000761490398746,0.05,1,4.0,0.0,0.0038461538461538464
1901,0.8008571428571428,0.028180416866770863,0.05,2,6.0,0.0,0.012307692307692308
1902,0.9024285714285714,0.049118393825507645,0.05,1,6.0,0.0,0.0026923076923076926
1903,0.9024285714285714,0.05278183142267445,0.05,1,6.0,0.0,0.0026923076923076926
1904,0.8994285714285714,0.04450364828040698,0.05,1,6.0,0.0,0.003076923076923077
1905,0.5922142857142857,0.02883628641068442,0.05,4,12.0,0.0,0.016923076923076923
1906,0.9114285714285714,0.05620628538599359,0.05,1,3.0,0.0,0.004615384615384615
1907,0.7543571428571427,0.024928646576687474,0.05,2,7.0,0.0,0.017307692307692305
1908,0.8361904761904762,0.019634120026950308,0.05,2,4.0,0.0,0.008076923076923077
1909,0.7705238095238094,0.03128239694133589,0.05,2,6.0,0.0,0.016153846153846154
1910,0.5487142857142856,0.17508622270923327,0.05,4,16.0,0.0,0.015384615384615385
1911,0.9127619047619048,0.041630765134476166,0.05,1,2.0,0.0,0.006153846153846154
1912,0.8418571428571427,0.02122518378745003,0.05,2,4.0,0.0,0.006923076923076922
1913,0.7032857142857142,0.006687239971887434,0.05,3,8.0,0.0,0.013846153846153845
1914,0.8078571428571427,0.005747747726973007,0.05,2,4.0,0.0,0.013846153846153845
1915,0.8674285714285713,0.018380429145460786,0.05,1,5.0,0.0,0.00923076923076923
1916,0.7247301587301586,0.028475939763357976,0.05,3,7.0,0.0,0.012307692307692308
1917,0.7008968253968253,0.27022440978909734,0.05,3,7.0,0.0,0.016923076923076923
1918,0.6936746031746032,0.03236593850923416,0.05,3,10.0,0.0,0.01076923076923077
1919,0.8013571428571428,0.01768649727308641,0.05,2,7.0,0.0,0.006923076923076922
1920,0.7665238095238095,0.03824638180848505,0.05,2,4.0,0.0,0.01846153846153846
1921,0.8363571428571428,0.02689609058944048,0.05,2,5.0,0.0,0.005384615384615385
1922,0.7088412698412697,0.02111286171918066,0.05,3,7.0,0.0,0.015384615384615385
1923,0.7536904761904761,0.010251866532535014,0.05,2,8.0,0.0,0.012692307692307694
1924,0.9104285714285714,0.033685088073529657,0.05,1,2.0,0.0,0.005769230769230769
1925,0.8143571428571428,0.005888696521688219,0.05,2,4.0,0.0,0.010384615384615384
1926,0.9154285714285714,0.033818451238169955,0.05,1,1.0,0.0,0.006923076923076922
1927,0.7016190476190475,0.02950663475310548,0.05,3,10.0,0.0,0.00923076923076923
1928,0.8008571428571428,0.0255260133304262,0.05,2,6.0,0.0,0.012307692307692308
1929,0.8058571428571427,0.11607412476841888,0.05,2,6.0,0.0,0.00923076923076923
1930,0.9234285714285714,0.027704676496201452,0.05,1,3.0,0.0,0.003076923076923077
1931,0.7973571428571428,0.030052349377053922,0.05,2,7.0,0.0,0.008461538461538461
1932,0.8408571428571427,0.041502538336453176,0.05,2,5.0,0.0,0.004615384615384615
1933,0.7781904761904762,0.034033509903341586,0.05,2,7.0,0.0,0.015000000000000001
1934,0.7883571428571428,0.023115847508873466,0.05,2,7.0,0.0,0.01
1935,0.7928571428571427,0.01966312252055863,0.05,2,7.0,0.0,0.00923076923076923
1936,0.7991904761904761,0.011813105758464504,0.05,2,8.0,0.0,0.008076923076923077
1937,0.8994285714285714,0.050244570942279076,0.05,1,5.0,0.0,0.004615384615384615
1938,0.7272857142857142,0.006855890236149631,0.05,3,8.0,0.0,0.00923076923076923
1939,0.8008571428571428,0.019821996744822767,0.05,2,7.0,0.0,0.010384615384615384
1940,0.9284285714285714,0.042400543596457174,0.05,1,2.0,0.0,0.003461538461538461
1941,0.7965238095238094,0.014133873766224547,0.05,2,4.0,0.0,0.016153846153846154
1942,0.9054285714285714,0.006934208846581247,0.05,1,3.0,0.0,0.005384615384615385
1943,0.9020952380952381,0.023333151712704225,0.05,1,2.0,0.0,0.007692307692307693
1944,0.9224285714285714,0.04396075472283101,0.05,1,2.0,0.0,0.004230769230769231
1945,0.9284285714285714,0.04114926582191658,0.05,1,2.0,0.0,0.003461538461538461
1946,0.5772142857142857,0.02683818971160809,0.05,4,12.0,0.0,0.02
1947,0.7765238095238095,0.015266810853077739,0.05,2,8.0,0.0,0.012692307692307694
1948,0.6072142857142857,0.023165854174915818,0.05,4,12.0,0.0,0.013846153846153845
1949,0.7688571428571427,0.030373329908487623,0.05,2,6.0,0.0,0.01846153846153846
1950,0.5872142857142857,0.019321617693050658,0.05,4,12.0,0.0,0.016923076923076923
1951,0.9114285714285714,0.06489107422558049,0.05,1,3.0,0.0,0.004615384615384615
1952,0.7538571428571428,0.018058317134235946,0.05,2,8.0,0.0,0.017307692307692305
1953,0.5872142857142857,0.01576132277706155,0.05,4,12.0,0.0,0.016923076923076923
1954,0.750063492063492,0.5324589572943751,0.05,3,5.0,0.0,0.012307692307692308
1955,0.7838571428571427,0.01607481983369413,0.05,2,7.0,0.0,0.013846153846153845
1956,0.7973571428571428,0.027987437618233413,0.05,2,7.0,0.0,0.008461538461538461
1957,0.8048571428571427,0.021267018247276448,0.05,2,5.0,0.0,0.01076923076923077
1958,0.7928571428571427,0.022180106838831593,0.05,2,6.0,0.0,0.013846153846153845
1959,0.8008571428571428,0.012416988105114823,0.05,2,7.0,0.0,0.010384615384615384
1960,0.9284285714285714,0.04556467925054797,0.05,1,2.0,0.0,0.003461538461538461
1961,0.7848571428571428,0.021047128417355343,0.05,2,6.0,0.0,0.015384615384615385
1962,0.9284285714285714,0.04831657926617672,0.05,1,2.0,0.0,0.003461538461538461
1963,0.9204285714285714,0.05958565684739425,0.05,1,3.0,0.0,0.003461538461538461
1964,0.8754285714285713,0.007750677020562202,0.05,1,2.0,0.0,0.011538461538461537
1965,0.7968571428571427,0.010764745129685283,0.05,2,7.0,0.0,0.007692307692307693
1966,0.9304285714285714,0.11984374095696937,0.05,1,4.0,0.0,0.0011538461538461537
1967,0.9234285714285714,0.0481074521180499,0.05,1,3.0,0.0,0.003076923076923077
1968,0.9374285714285714,0.05000821132549316,0.05,1,2.0,0.0,0.0023076923076923075
1969,0.8407619047619047,0.006345536456080714,0.05,1,5.0,0.0,0.013076923076923078
1970,0.8193571428571428,0.10074466198485776,0.05,2,6.0,0.0,0.006923076923076922
1971,0.9207619047619048,0.03576993944768636,0.05,1,1.0,0.0,0.006153846153846154
1972,0.886095238095238,0.01764227598517265,0.05,1,2.0,0.0,0.01
1973,0.9314285714285714,0.04648492133955906,0.05,1,2.0,0.0,0.003076923076923077
1974,0.9164285714285714,0.025034339239724868,0.05,1,2.0,0.0,0.005
1975,0.5549642857142857,0.19219120059988704,0.05,4,16.0,0.0,0.01730769230769231
1976,0.9284285714285714,0.036007390192943856,0.05,1,2.0,0.0,0.003461538461538461
1977,0.9254285714285714,0.03583642920560315,0.05,1,2.0,0.0,0.0038461538461538464
1978,0.7326746031746032,0.02737117899542992,0.05,3,7.0,0.0,0.01076923076923077
1979,0.9344285714285714,0.04125278628504281,0.05,1,2.0,0.0,0.0026923076923076926
1980,0.8754285714285713,0.0001343552876951204,0.05,1,2.0,0.0,0.011538461538461537
1981,0.8178571428571427,0.03574403813133048,0.05,2,5.0,0.0,0.007692307692307693
1982,0.9100952380952381,0.013829709724653472,0.05,1,1.0,0.0,0.007692307692307693
1983,0.4731761904761904,0.03776041714198909,0.05,5,14.0,0.0,0.025384615384615387
1984,0.9084285714285714,0.05020655444295685,0.05,1,6.0,0.0,0.0019230769230769232
1985,0.9054285714285714,0.02529670690624486,0.05,1,3.0,0.0,0.005384615384615385
1986,0.47414285714285703,0.10501467302430201,0.05,5,16.0,0.0,0.019230769230769232
1987,0.6858412698412699,0.04209366805097581,0.05,3,12.0,0.0,0.01076923076923077
1988,0.6539523809523808,0.03332746601040356,0.05,3,10.0,0.0,0.01846153846153846
1989,0.6756190476190476,0.2512575752504103,0.05,3,12.0,0.0,0.00923076923076923
1990,0.8967619047619048,0.021454253092259012,0.05,1,2.0,0.0,0.008461538461538461
1991,0.8105238095238095,0.016599776901609242,0.05,2,8.0,0.0,0.00576923076923077
1992,0.9164285714285714,0.02878226058992106,0.05,1,2.0,0.0,0.005
1993,0.7765238095238095,0.005558508745805657,0.05,2,8.0,0.0,0.012692307692307694
1994,0.9020952380952381,0.03187804838665542,0.05,1,2.0,0.0,0.007692307692307693
1995,0.8223571428571428,0.03027297783700733,0.05,2,5.0,0.0,0.006923076923076922
1996,0.9094285714285714,0.08685936686127238,0.05,1,4.0,0.0,0.0038461538461538464
1997,0.9254285714285714,0.035160489236811476,0.05,1,2.0,0.0,0.0038461538461538464
1998,0.7092857142857142,0.017563848081974347,0.05,3,8.0,0.0,0.012692307692307694
1999,0.9127619047619048,0.035308827783033125,0.05,1,2.0,0.0,0.006153846153846154
2000,0.7691904761904762,0.022442789424250043,0.05,2,9.0,0.0,0.01153846153846154
2001,0.7908571428571428,0.01272831968769772,0.05,2,4.0,0.0,0.017307692307692305
2002,0.4854761904761904,0.14991614383537644,0.05,5,13.0,0.0,0.02692307692307692
2003,0.7870238095238096,0.021404271672232023,0.05,2,4.0,0.0,0.015000000000000001
2004,0.5263428571428571,0.03289264136980317,0.05,5,14.0,0.0,0.013846153846153845
2005,0.6329523809523809,0.01984106339487098,0.05,3,12.0,0.0,0.01846153846153846
2006,0.9114285714285714,0.02876703621562038,0.05,1,3.0,0.0,0.004615384615384615
2007,0.6676190476190477,0.23772879190685928,0.05,3,9.0,0.0,0.023076923076923075
2008,0.8191904761904761,0.0035489523936010348,0.05,2,4.0,0.0,0.01153846153846154
2009,0.6832857142857143,0.007275996666777251,0.05,3,9.0,0.0,0.016153846153846154
2010,0.7895238095238095,0.02010970683472879,0.05,2,7.0,0.0,0.012692307692307694
2011,0.9114285714285714,0.1262480153261477,0.05,1,3.0,0.0,0.004615384615384615
2012,0.9134285714285714,0.01953090531575241,0.05,1,2.0,0.0,0.005384615384615385
2013,0.7891904761904761,0.07209745643066318,0.05,2,8.0,0.0,0.00923076923076923
2014,0.6858412698412699,0.0380663468150767,0.05,3,12.0,0.0,0.01076923076923077
2015,0.9164285714285714,0.022644440313130287,0.05,1,2.0,0.0,0.005
2016,0.6993968253968254,0.03296841565873265,0.05,3,12.0,0.0,0.007692307692307693
2017,0.9304285714285714,0.04658333264329528,0.05,1,4.0,0.0,0.0011538461538461537
2018,0.9094285714285714,0.09603071631196647,0.05,1,4.0,0.0,0.0038461538461538464
2019,0.9314285714285714,0.040904034530928945,0.05,1,2.0,0.0,0.003076923076923077
2020,0.9174285714285714,0.05162152490353222,0.05,1,3.0,0.0,0.0038461538461538464
2021,0.8088571428571429,0.019936735791601157,0.05,2,9.0,0.0,0.003461538461538461
2022,0.6912857142857142,0.011780842941777836,0.05,3,8.0,0.0,0.016153846153846154
2023,0.8313571428571428,0.021356790652528213,0.05,2,5.0,0.0,0.005384615384615385
2024,0.6097142857142857,0.009711176054721993,0.05,4,12.0,0.0,0.012307692307692308
2025,0.6772857142857143,0.010669169690070738,0.05,3,9.0,0.0,0.017307692307692305
2026,0.8238571428571427,0.09367589210833249,0.05,2,6.0,0.0,0.006153846153846154
2027,0.5422142857142856,0.026552988561733715,0.05,4,12.0,0.0,0.026153846153846156
2028,0.8834285714285713,0.01421992791447857,0.05,1,1.0,0.0,0.011538461538461537
2029,0.7212857142857142,0.016110396447594783,0.05,3,8.0,0.0,0.010384615384615384
2030,0.7931904761904761,0.030720976787267484,0.05,2,6.0,0.0,0.01153846153846154
2031,0.8198571428571428,0.34843520693036956,0.05,2,4.0,0.0,0.010384615384615384
2032,0.8108571428571427,0.02616759286700171,0.05,2,7.0,0.0,0.006153846153846154
2033,0.9340952380952381,0.06336600203577658,0.05,1,2.0,0.0,0.003076923076923077
2034,0.8914285714285713,0.010333169874767067,0.05,1,2.0,0.0,0.00923076923076923
2035,0.8021904761904762,0.013414342564006476,0.05,2,4.0,0.0,0.015000000000000001
2036,0.9234285714285714,0.08805175075542226,0.05,1,3.0,0.0,0.003076923076923077
2037,0.7406190476190475,0.029636388654277274,0.05,3,7.0,0.0,0.00923076923076923
2038,0.9174285714285714,0.11998681246532417,0.05,1,3.0,0.0,0.0038461538461538464
2039,0.9244285714285714,0.047020179259327666,0.05,1,4.0,0.0,0.0019230769230769232
2040,0.8964285714285714,0.05224657567988,0.05,1,3.0,0.0,0.006538461538461539
2041,0.8211904761904761,0.013119177377641567,0.05,2,4.0,0.0,0.00923076923076923
2042,0.28614285714285714,0.1367857737840189,0.05,7,24.0,0.0,0.01076923076923077
2043,0.7252857142857143,0.009163132443312608,0.05,3,9.0,0.0,0.008076923076923077
2044,0.7252857142857143,0.008617428490364695,0.05,3,9.0,0.0,0.008076923076923077
2045,0.9164285714285714,0.02181363107783607,0.05,1,2.0,0.0,0.005
2046,0.8418571428571427,0.019362841474199255,0.05,2,4.0,0.0,0.006923076923076922
2047,0.9284285714285714,0.032379996281817314,0.05,1,2.0,0.0,0.003461538461538461
2048,0.7958571428571427,0.015468253073260774,0.05,2,5.0,0.0,0.012307692307692308
2049,0.9254285714285714,0.03870699249914733,0.05,1,2.0,0.0,0.0038461538461538464
2050,0.5939642857142857,0.19976735834339385,0.05,4,13.0,0.0,0.017307692307692305
2051,0.6493968253968252,0.26607162076905994,0.05,3,10.0,0.0,0.02153846153846154
2052,0.9204285714285714,0.02124078796192319,0.05,1,3.0,0.0,0.003461538461538461
2053,0.7212857142857142,0.017696608375236195,0.05,3,8.0,0.0,0.010384615384615384
2054,0.5839642857142857,0.18229260899418787,0.05,4,14.0,0.0,0.013461538461538462
2055,0.8887619047619048,0.007464601789697323,0.05,1,1.0,0.0,0.01076923076923077
2056,0.9314285714285714,0.04438079380976878,0.05,1,1.0,0.0,0.004615384615384615
2057,0.7973571428571428,0.02035992300022832,0.05,2,7.0,0.0,0.008461538461538461
2058,0.9344285714285714,0.0351419966536356,0.05,1,2.0,0.0,0.0026923076923076926
2059,0.9194285714285714,0.028836293249232647,0.05,1,2.0,0.0,0.004615384615384615
2060,0.8964285714285714,0.04055509796427248,0.05,1,6.0,0.0,0.003461538461538461
2061,0.9154285714285714,0.019948525055939026,0.05,1,1.0,0.0,0.006923076923076922
2062,0.9134285714285714,0.010627796988271987,0.05,1,2.0,0.0,0.005384615384615385
2063,0.4016825396825397,0.13139327046019914,0.05,6,16.0,0.0,0.024615384615384615
2064,0.9047619047619048,0.01327604776212532,0.05,1,1.0,0.0,0.008461538461538461
2065,0.9154285714285714,0.01795367255034508,0.05,1,1.0,0.0,0.006923076923076922
2066,0.8373571428571428,0.08118480465247235,0.05,2,6.0,0.0,0.0038461538461538464
2067,0.9164285714285714,0.012565017289444813,0.05,1,2.0,0.0,0.005
2068,0.8003571428571428,0.4425599778423357,0.05,2,6.0,0.0,0.008461538461538461
2069,0.9134285714285714,0.008308515560500385,0.05,1,2.0,0.0,0.005384615384615385
2070,0.617063492063492,0.021387774516427482,0.05,3,12.0,0.0,0.02153846153846154
2071,0.6297142857142857,0.02525596617651571,0.05,4,12.0,0.0,0.00923076923076923
2072,0.8361904761904762,0.009721089497406632,0.05,2,4.0,0.0,0.008076923076923077
2073,0.8914285714285713,0.014759457745196713,0.05,1,2.0,0.0,0.00923076923076923
2074,0.7708571428571427,0.01025499007177616,0.05,2,8.0,0.0,0.013846153846153845
2075,0.7968571428571427,0.07947567576670089,0.05,2,6.0,0.0,0.01076923076923077
2076,0.862095238095238,0.027808151196433872,0.05,1,5.0,0.0,0.01
2077,0.9264285714285714,0.055459372413179,0.05,1,3.0,0.0,0.0026923076923076926
2078,0.9254285714285714,0.01947766400445039,0.05,1,2.0,0.0,0.0038461538461538464
2079,0.7755238095238095,0.06551062707374489,0.05,2,8.0,0.0,0.01153846153846154
2080,0.7875238095238095,0.016897456891258933,0.05,2,6.0,0.0,0.012692307692307694
2081,0.6770634920634919,0.02402069290227793,0.05,3,7.0,0.0,0.02153846153846154
2082,0.9344285714285714,0.04067189974802754,0.05,1,2.0,0.0,0.0026923076923076926
2083,0.7072857142857143,0.004845052411055743,0.05,3,9.0,0.0,0.01153846153846154
2084,0.8093571428571428,0.012514620220997974,0.05,2,5.0,0.0,0.01
2085,0.8133571428571428,0.02760105143794206,0.05,2,5.0,0.0,0.008461538461538461
2086,0.7968571428571427,0.025983362767213414,0.05,2,7.0,0.0,0.007692307692307693
2087,0.9174285714285714,0.13584893035296675,0.05,1,3.0,0.0,0.0038461538461538464
2088,0.8153571428571428,0.028621519539003104,0.05,2,7.0,0.0,0.005384615384615385
2089,0.8021904761904762,0.013472359024102099,0.05,2,4.0,0.0,0.015000000000000001
2090,0.6329523809523809,0.018777714370704485,0.05,3,12.0,0.0,0.01846153846153846
2091,0.9144285714285714,0.061401966803022456,0.05,1,3.0,0.0,0.004230769230769231
2092,0.8138571428571427,0.014201477507925775,0.05,2,5.0,0.0,0.00923076923076923
2093,0.8238571428571427,0.015350575197995264,0.05,2,7.0,0.0,0.003076923076923077
2094,0.8318571428571427,0.022549317135258096,0.05,2,5.0,0.0,0.006153846153846154
2095,0.6222142857142856,0.022478441084704426,0.05,4,12.0,0.0,0.01076923076923077
2096,0.7528571428571428,0.009505107100008958,0.05,2,6.0,0.0,0.02153846153846154
2097,0.8058571428571427,0.01673344700491708,0.05,2,7.0,0.0,0.006153846153846154
2098,0.8994285714285714,0.006615109652579387,0.05,1,1.0,0.0,0.00923076923076923
2099,0.5263428571428571,0.028822546844979823,0.05,5,14.0,0.0,0.013846153846153845
2100,0.6698412698412697,0.031831430345883614,0.05,3,10.0,0.0,0.015384615384615385
2101,0.6587301587301587,0.036885649574707045,0.05,3,12.0,0.0,0.016923076923076923
2102,0.5369761904761905,0.02562643393563675,0.05,5,14.0,0.0,0.01153846153846154
2103,0.5872142857142857,0.014982260291652283,0.05,4,12.0,0.0,0.016923076923076923
2104,0.4914642857142857,0.16587204483602272,0.05,4,14.0,0.0,0.032692307692307694
2105,0.7247301587301586,0.02997648468399298,0.05,3,7.0,0.0,0.012307692307692308
2106,0.5817142857142856,0.21010554527902087,0.05,4,12.0,0.0,0.01846153846153846
2107,0.8138571428571427,0.012609065132125508,0.05,2,5.0,0.0,0.00923076923076923
2108,0.727563492063492,0.024875013432208697,0.05,3,9.0,0.0,0.007692307692307693
2109,0.7923571428571428,0.016642238698474643,0.05,2,7.0,0.0,0.008461538461538461
2110,0.9014285714285714,0.0036047097732248012,0.05,1,2.0,0.0,0.006923076923076922
2111,0.7913571428571428,0.0009527899889946179,0.05,2,5.0,0.0,0.013076923076923078
2112,0.886095238095238,0.010095636964085553,0.05,1,2.0,0.0,0.01
2113,0.8834285714285713,0.062202655424130504,0.05,1,5.0,0.0,0.006923076923076922
2114,0.7132857142857143,0.009166664501841374,0.05,3,9.0,0.0,0.010384615384615384
2115,0.9004285714285714,0.018318161333394922,0.05,1,4.0,0.0,0.005
2116,0.7326746031746032,0.026576020927678783,0.05,3,7.0,0.0,0.01076923076923077
2117,0.8318571428571427,0.03218412418008043,0.05,2,5.0,0.0,0.006153846153846154
2118,0.8348571428571427,0.04638197104983599,0.05,2,4.0,0.0,0.006923076923076922
2119,0.9264285714285714,0.025116709165730833,0.05,1,3.0,0.0,0.0026923076923076926
2120,0.9224285714285714,0.02563226797005247,0.05,1,2.0,0.0,0.004230769230769231
2121,0.8088571428571427,0.024421817444115423,0.05,2,5.0,0.0,0.00923076923076923
2122,0.846095238095238,0.018649056548384113,0.05,1,5.0,0.0,0.012307692307692308
2123,0.6772857142857143,0.01054883177911877,0.05,3,9.0,0.0,0.017307692307692305
2124,0.8048571428571427,0.007620436784686047,0.05,2,5.0,0.0,0.01076923076923077
2125,0.9194285714285714,0.013734050700747624,0.05,1,2.0,0.0,0.004615384615384615
2126,0.8348571428571427,0.011758311797994525,0.05,2,4.0,0.0,0.006923076923076922
2127,0.8138571428571427,0.011691844375006977,0.05,2,5.0,0.0,0.00923076923076923
2128,0.7885238095238095,0.020987615983070196,0.05,2,7.0,0.0,0.01153846153846154
2129,0.5263428571428571,0.024739903457675093,0.05,5,14.0,0.0,0.013846153846153845
2130,0.6852857142857142,0.01997661526359636,0.05,3,8.0,0.0,0.017307692307692305
2131,0.9054285714285714,0.032542751383143886,0.05,1,3.0,0.0,0.005384615384615385
2132,0.9394285714285714,0.05729985288729045,0.05,1,2.0,0.0,0.0023076923076923075
2133,0.9100952380952381,0.016620265353988195,0.05,1,1.0,0.0,0.007692307692307693
2134,0.9154285714285714,0.1138543553538286,0.05,1,4.0,0.0,0.003076923076923077
2135,0.4838095238095238,0.027542716985898406,0.05,5,14.0,0.0,0.02307692307692308
2136,0.9114285714285714,0.03528847624482945,0.05,1,3.0,0.0,0.004615384615384615
2137,0.5050761904761903,0.024339387315388095,0.05,5,14.0,0.0,0.01846153846153846
2138,0.8318571428571427,0.02011976607941679,0.05,2,5.0,0.0,0.006153846153846154
2139,0.9344285714285714,0.03624423879590233,0.05,1,2.0,0.0,0.0026923076923076926
2140,0.9144285714285714,0.06554035501521016,0.05,1,3.0,0.0,0.004230769230769231
2141,0.9144285714285714,0.058986319513689156,0.05,1,3.0,0.0,0.004230769230769231
2142,0.7965238095238094,0.013400970461214579,0.05,2,4.0,0.0,0.016153846153846154
2143,0.8373571428571428,0.06313502461155907,0.05,2,6.0,0.0,0.0038461538461538464
2144,0.8834285714285713,0.05411748422687901,0.05,1,5.0,0.0,0.006923076923076922
2145,0.7698571428571428,0.024430644732254925,0.05,2,7.0,0.0,0.012307692307692308
2146,0.7821904761904761,0.0025393703952002467,0.05,2,8.0,0.0,0.01153846153846154
2147,0.7923571428571428,0.016217396161450848,0.05,2,7.0,0.0,0.008461538461538461
2148,0.5889642857142856,0.22140282121265825,0.05,4,10.0,0.0,0.021153846153846155
2149,0.8994285714285714,0.064048411992921,0.05,1,5.0,0.0,0.004615384615384615
2150,0.8075238095238095,0.045019256206689395,0.05,2,4.0,0.0,0.01153846153846154
2151,0.9260952380952381,0.026824971961977306,0.05,1,1.0,0.0,0.005384615384615385
2152,0.8006904761904762,0.009378185696708397,0.05,2,4.0,0.0,0.012692307692307694
2153,0.7611904761904761,0.022427422006525588,0.05,2,7.0,0.0,0.01846153846153846
2154,0.9404285714285714,0.04457781478417722,0.05,1,2.0,0.0,0.0019230769230769232
2155,0.9264285714285714,0.0650876875623203,0.05,1,3.0,0.0,0.0026923076923076926
2156,0.8058571428571427,0.06192924692977847,0.05,2,6.0,0.0,0.00923076923076923
2157,0.9144285714285714,0.04101387061105222,0.05,1,3.0,0.0,0.004230769230769231
2158,0.7838571428571427,0.013782417512538725,0.05,2,7.0,0.0,0.013846153846153845
2159,0.8183571428571428,0.012489184999194658,0.05,2,5.0,0.0,0.008461538461538461
2160,0.5507142857142857,0.23103954710093305,0.05,4,13.0,0.0,0.023076923076923075
2161,0.671952380952381,0.010228957434304001,0.05,3,9.0,0.0,0.01846153846153846
2162,0.8063571428571428,0.02534189275925991,0.05,2,7.0,0.0,0.006923076923076922
2163,0.8967619047619048,0.0301880742894004,0.05,1,2.0,0.0,0.008461538461538461
2164,0.9004285714285714,0.08421982505294112,0.05,1,4.0,0.0,0.005
2165,0.7152857142857142,0.02617456320188427,0.05,3,8.0,0.0,0.01153846153846154
2166,0.8211904761904761,0.03714239683045306,0.05,2,4.0,0.0,0.00923076923076923
2167,0.8183571428571428,0.011813022474222723,0.05,2,5.0,0.0,0.008461538461538461
2168,0.7252857142857143,0.007910779361487688,0.05,3,9.0,0.0,0.008076923076923077
2169,0.7072857142857143,0.008043078723476907,0.05,3,9.0,0.0,0.01153846153846154
2170,0.6380634920634919,0.03343778701474368,0.05,3,10.0,0.0,0.02153846153846154
2171,0.9134285714285714,0.03835117471114158,0.05,1,2.0,0.0,0.005384615384615385
2172,0.9127619047619048,0.04316926686046041,0.05,1,2.0,0.0,0.006153846153846154
2173,0.894095238095238,0.054746530438077534,0.05,1,5.0,0.0,0.005384615384615385
2174,0.7928571428571427,0.016945411769457852,0.05,2,7.0,0.0,0.00923076923076923
2175,0.7861904761904762,0.009849956954762207,0.05,2,9.0,0.0,0.008076923076923077
2176,0.8914285714285713,0.017519006841080986,0.05,1,2.0,0.0,0.00923076923076923
2177,0.6587301587301587,0.032588820244151474,0.05,3,12.0,0.0,0.016923076923076923
2178,0.9204285714285714,0.06785259376668784,0.05,1,3.0,0.0,0.003461538461538461
2179,0.5567142857142857,0.1288996991221689,0.05,4,13.0,0.0,0.015384615384615385
2180,0.9074285714285714,0.007120033305759499,0.05,1,2.0,0.0,0.006153846153846154
2181,0.9144285714285714,0.04657891880608822,0.05,1,3.0,0.0,0.004230769230769231
2182,0.8974285714285714,0.0613195834401602,0.05,1,4.0,0.0,0.005384615384615385
2183,0.8944285714285714,0.07747290735265411,0.05,1,4.0,0.0,0.005769230769230769
2184,0.9264285714285714,0.043758442191795366,0.05,1,3.0,0.0,0.0026923076923076926
2185,0.6858412698412699,0.02611266362863751,0.05,3,12.0,0.0,0.01076923076923077
2186,0.7823571428571428,0.05700768902390352,0.05,2,8.0,0.0,0.010384615384615384
2187,0.8088571428571427,0.01000465327366673,0.05,2,5.0,0.0,0.00923076923076923
2188,0.9134285714285714,0.011619814916312032,0.05,1,2.0,0.0,0.005384615384615385
2189,0.8013571428571428,0.055318774538238524,0.05,2,6.0,0.0,0.01
2190,0.9127619047619048,0.03710043949030628,0.05,1,2.0,0.0,0.006153846153846154
2191,0.8183571428571428,0.023550010754589068,0.05,2,5.0,0.0,0.008461538461538461
2192,0.8514285714285713,0.026013354417128265,0.05,1,5.0,0.0,0.011538461538461537
2193,0.7618571428571428,0.05268148231329317,0.05,2,8.0,0.0,0.013846153846153845
2194,0.8063571428571428,0.02306081148367206,0.05,2,7.0,0.0,0.006923076923076922
2195,0.9294285714285714,0.02560503824915772,0.05,1,3.0,0.0,0.0023076923076923075
2196,0.9214285714285714,0.043766102594956946,0.05,1,4.0,0.0,0.0023076923076923075
2197,0.7578571428571428,0.015376550142683354,0.05,2,9.0,0.0,0.013846153846153845
2198,0.9344285714285714,0.03340802997518355,0.05,1,2.0,0.0,0.0026923076923076926
2199,0.4944428571428571,0.024416006942404155,0.05,5,14.0,0.0,0.02076923076923077
2200,0.9074285714285714,0.006724027722749715,0.05,1,2.0,0.0,0.006153846153846154
2201,0.9074285714285714,0.0030672269776651495,0.05,1,2.0,0.0,0.006153846153846154
2202,0.9154285714285714,0.03148634520005544,0.05,1,4.0,0.0,0.003076923076923077
2203,0.9234285714285714,0.045912483549947036,0.05,1,3.0,0.0,0.003076923076923077
2204,0.579047619047619,0.21265053698087538,0.05,4,9.0,0.0,0.021538461538461538
2205,0.7167857142857141,0.027061253116496542,0.05,3,7.0,0.0,0.013846153846153845
2206,0.8408571428571427,0.05685620605929148,0.05,2,5.0,0.0,0.004615384615384615
2207,0.7037301587301588,0.01984812513319223,0.05,3,9.0,0.0,0.012307692307692308
2208,0.8884285714285713,0.0013377106800498417,0.05,1,4.0,0.0,0.006538461538461539
2209,-2.433,0.6046698359855214,0.05,8,22.0,0.0,0.04153846153846154
2210,0.8318571428571427,0.028464557017150394,0.05,2,5.0,0.0,0.006153846153846154
2211,0.9114285714285714,0.005044534424241909,0.05,1,3.0,0.0,0.004615384615384615
2212,0.6655079365079365,0.028434697442782042,0.05,3,12.0,0.0,0.015384615384615385
2213,0.3682380952380953,0.26266730671894595,0.05,6,14.0,0.0,0.03692307692307692
2214,0.8268571428571427,0.006557612867134577,0.05,2,5.0,0.0,0.006153846153846154
2215,0.9260952380952381,0.024142474765779576,0.05,1,1.0,0.0,0.005384615384615385
2216,0.2987936507936509,0.1124557100919078,0.05,6,17.0,0.0,0.0376923076923077
2217,0.630063492063492,0.28692366226733484,0.05,3,11.0,0.0,0.02153846153846154
2218,0.8183571428571428,0.019781193919653606,0.05,2,5.0,0.0,0.008461538461538461
2219,0.8361904761904762,0.014504796375140905,0.05,2,4.0,0.0,0.008076923076923077
2220,0.5872142857142857,0.1352933038022117,0.05,4,12.0,0.0,0.016923076923076923
2221,0.8093571428571428,0.006634546328466273,0.05,2,5.0,0.0,0.01
2222,0.5747142857142855,0.23276005245246947,0.05,4,10.0,0.0,0.01846153846153846
2223,0.8674285714285713,0.02528379211792986,0.05,1,5.0,0.0,0.00923076923076923
2224,0.9254285714285714,0.024051624950474748,0.05,1,2.0,0.0,0.0038461538461538464
2225,0.7651904761904762,0.00887536783221532,0.05,2,8.0,0.0,0.015000000000000001
2226,0.9114285714285714,0.04832879237900578,0.05,1,3.0,0.0,0.004615384615384615
2227,0.8418571428571427,0.016240577492177943,0.05,2,4.0,0.0,0.006923076923076922
2228,0.9094285714285714,0.02220393961204492,0.05,1,4.0,0.0,0.0038461538461538464
2229,0.7833571428571428,0.02366916309650441,0.05,2,7.0,0.0,0.01
2230,0.9284285714285714,0.0506065777929936,0.05,1,2.0,0.0,0.003461538461538461
2231,0.9204285714285714,0.013540080981817693,0.05,1,3.0,0.0,0.003461538461538461
2232,0.8834285714285713,0.03875541290613693,0.05,1,5.0,0.0,0.006923076923076922
2233,0.9144285714285714,0.04649591314110524,0.05,1,3.0,0.0,0.004230769230769231
2234,0.8348571428571427,0.03371539420838299,0.05,2,4.0,0.0,0.006923076923076922
2235,0.9047619047619048,0.009624905485256074,0.05,1,1.0,0.0,0.008461538461538461
2236,0.7878571428571428,0.027819277237696005,0.05,2,7.0,0.0,0.00923076923076923
2237,0.7488571428571428,0.4506623370060777,0.05,2,6.0,0.0,0.01846153846153846
2238,0.7088412698412697,0.15658499791903935,0.05,3,7.0,0.0,0.015384615384615385
2239,0.9164285714285714,0.014438959067027302,0.05,1,2.0,0.0,0.005
2240,0.7923571428571428,0.02249600239928523,0.05,2,7.0,0.0,0.008461538461538461
2241,0.7400238095238095,0.030654588533119198,0.05,2,8.0,0.0,0.015000000000000001
2242,0.7481904761904761,0.04750669005456565,0.05,2,8.0,0.0,0.016153846153846154
2243,0.9094285714285714,0.10237327610137792,0.05,1,4.0,0.0,0.0038461538461538464
2244,0.8403571428571428,0.012683481498710736,0.05,2,5.0,0.0,0.0038461538461538464
2245,0.8974285714285714,0.08013594849124017,0.05,1,4.0,0.0,0.005384615384615385
2246,0.8984285714285714,0.0009309588269528213,0.05,1,2.0,0.0,0.007307692307692308
2247,0.7608571428571428,0.019488528153701,0.05,2,6.0,0.0,0.02
2248,0.7973571428571428,0.01805405553952044,0.05,2,7.0,0.0,0.008461538461538461
2249,0.9134285714285714,0.03363109770126038,0.05,1,2.0,0.0,0.005384615384615385
2250,0.8273571428571428,0.022655470647759246,0.05,2,5.0,0.0,0.006923076923076922
2251,0.8305238095238094,0.009473737755389566,0.05,2,4.0,0.0,0.00923076923076923
2252,0.7788571428571427,0.02035686221471844,0.05,2,7.0,0.0,0.01076923076923077
2253,0.9034285714285714,0.06118762509614417,0.05,1,4.0,0.0,0.004615384615384615
2254,0.7665238095238095,0.02611816127522837,0.05,2,4.0,0.0,0.01846153846153846
2255,0.8487619047619047,0.03909679906810526,0.05,1,2.0,0.0,0.015384615384615385
2256,0.8727619047619047,0.02651569397778042,0.05,1,5.0,0.0,0.008461538461538461
2257,0.5922142857142857,0.028020116629653924,0.05,4,12.0,0.0,0.016923076923076923
2258,0.8904285714285713,0.0423808568921451,0.05,1,6.0,0.0,0.004230769230769231
2259,0.8148571428571427,0.027831967918080458,0.05,2,6.0,0.0,0.007692307692307693
2260,0.8964285714285714,0.045386950547338545,0.05,1,6.0,0.0,0.003461538461538461
2261,0.7332857142857142,0.2438919071460537,0.05,3,8.0,0.0,0.008076923076923077
2262,0.6850079365079365,0.13230576552744425,0.05,3,7.0,0.0,0.02
2263,0.8844285714285713,0.03214277120293063,0.05,1,6.0,0.0,0.005
2264,0.9034285714285714,0.043636939912551354,0.05,1,4.0,0.0,0.004615384615384615
2265,0.9284285714285714,0.02376050427989862,0.05,1,2.0,0.0,0.003461538461538461
2266,0.7968571428571427,0.0180326897561795,0.05,2,7.0,0.0,0.007692307692307693
2267,0.6488412698412698,0.019571805013051263,0.05,3,12.0,0.0,0.015384615384615385
2268,0.5722142857142857,0.10505012336899819,0.05,4,12.0,0.0,0.02
2269,0.7878571428571428,0.016560579617702187,0.05,2,7.0,0.0,0.00923076923076923
2270,0.7528571428571428,0.020371588153136,0.05,2,6.0,0.0,0.02153846153846154
2271,0.7928571428571427,0.011076844197963176,0.05,2,6.0,0.0,0.013846153846153845
2272,0.8198571428571427,0.028331900542184096,0.05,2,7.0,0.0,0.004615384615384615
2273,0.8193571428571428,0.0275555557800779,0.05,2,6.0,0.0,0.006923076923076922
2274,0.8093571428571428,0.11777434277154558,0.05,2,5.0,0.0,0.01
2275,0.9127619047619048,0.028812880838705368,0.05,1,2.0,0.0,0.006153846153846154
2276,0.9114285714285714,0.04073018045712018,0.05,1,3.0,0.0,0.004615384615384615
2277,0.5442142857142857,0.3768339870071177,0.05,4,13.0,0.0,0.026153846153846156
2278,0.9344285714285714,0.03516213705574245,0.05,1,2.0,0.0,0.0026923076923076926
2279,0.7192857142857143,0.006170479133659312,0.05,3,9.0,0.0,0.00923076923076923
2280,0.6765079365079364,0.24313418336084003,0.05,3,10.0,0.0,0.015384615384615385
2281,0.8133571428571428,0.007784960752514225,0.05,2,5.0,0.0,0.008461538461538461
2282,0.9084285714285714,0.0398290921084371,0.05,1,3.0,0.0,0.005
2283,0.8138571428571427,0.013940579331464586,0.05,2,5.0,0.0,0.00923076923076923
2284,0.9127619047619048,0.041676752812544904,0.05,1,2.0,0.0,0.006153846153846154
2285,0.9180952380952381,0.0428424108646237,0.05,1,2.0,0.0,0.005384615384615385
2286,0.7733571428571429,0.022024762889653438,0.05,2,4.0,0.0,0.017307692307692305
2287,0.8093571428571428,0.01992476426075318,0.05,2,5.0,0.0,0.01
2288,0.9004285714285714,0.07866060717356183,0.05,1,4.0,0.0,0.005
2289,0.8018571428571427,0.3626819790675025,0.05,2,7.0,0.0,0.007692307692307693
2290,0.8133571428571428,0.0035317791356508366,0.05,2,5.0,0.0,0.008461538461538461
2291,0.7748571428571429,0.012613528504131222,0.05,2,9.0,0.0,0.010384615384615384
2292,0.9054285714285714,0.11207907213237278,0.05,1,3.0,0.0,0.005384615384615385
2293,0.9124285714285714,0.06406886258652977,0.05,1,4.0,0.0,0.003461538461538461
2294,0.9094285714285714,0.019983545650840484,0.05,1,4.0,0.0,0.0038461538461538464
2295,0.8075238095238095,0.03389324539197186,0.05,2,4.0,0.0,0.01153846153846154
2296,0.8874285714285713,0.0444070732458024,0.05,1,6.0,0.0,0.004615384615384615
2297,0.9204285714285714,0.04565716241140816,0.05,1,3.0,0.0,0.003461538461538461
2298,0.7162857142857142,0.27336147466376187,0.05,3,7.0,0.0,0.013846153846153845
2299,0.651952380952381,0.028333888863283068,0.05,3,12.0,0.0,0.01846153846153846
2300,0.7326190476190475,0.24960980104283992,0.05,3,8.0,0.0,0.00923076923076923
2301,0.7875238095238095,0.02588565164971146,0.05,2,6.0,0.0,0.012692307692307694
2302,0.7813571428571429,0.009811105477019244,0.05,2,9.0,0.0,0.008461538461538461
2303,0.7741904761904761,0.02485299889047804,0.05,2,8.0,0.0,0.00923076923076923
2304,0.47246428571428567,0.18997861783284656,0.05,4,14.0,0.0,0.028846153846153848
2305,0.8934285714285713,0.04692687218624281,0.05,1,6.0,0.0,0.0038461538461538464
2306,0.8135238095238095,0.010632798705985269,0.05,2,4.0,0.0,0.012692307692307694
2307,0.8283571428571428,0.029483240160888546,0.05,2,6.0,0.0,0.005384615384615385
2308,0.8065238095238094,0.02108147793155074,0.05,2,7.0,0.0,0.00923076923076923
2309,0.7878571428571428,0.01916396901570888,0.05,2,7.0,0.0,0.00923076923076923
2310,0.3692095238095237,0.17227830187189982,0.05,5,13.0,0.0,0.050769230769230775
2311,0.7991904761904761,0.02028504004721765,0.05,2,8.0,0.0,0.008076923076923077
2312,0.8183571428571428,0.009377312382729375,0.05,2,5.0,0.0,0.008461538461538461
2313,0.7665238095238095,0.02472824663833245,0.05,2,4.0,0.0,0.01846153846153846
2314,0.8191904761904761,0.0062595637357601985,0.05,2,4.0,0.0,0.01153846153846154
2315,0.7953571428571428,0.011150992026717432,0.05,2,5.0,0.0,0.011538461538461537
2316,0.8408571428571427,0.11091230207594005,0.05,2,5.0,0.0,0.004615384615384615
2317,0.9114285714285714,0.10889650779747839,0.05,1,3.0,0.0,0.004615384615384615
2318,0.8361904761904762,0.01005565027586891,0.05,2,4.0,0.0,0.008076923076923077
2319,0.9180952380952381,0.0426992298675789,0.05,1,2.0,0.0,0.005384615384615385
2320,0.4838095238095238,0.07066616926723542,0.05,5,14.0,0.0,0.02307692307692308
2321,0.7951904761904761,0.014920894314736033,0.05,2,7.0,0.0,0.01153846153846154
2322,0.8328571428571427,0.029246832107736265,0.05,2,6.0,0.0,0.004615384615384615
2323,0.8191904761904761,0.01027523106762529,0.05,2,4.0,0.0,0.01153846153846154
2324,0.8228571428571427,0.010750447791693263,0.05,2,5.0,0.0,0.007692307692307693
2325,0.8488571428571428,0.03801228132243695,0.05,2,6.0,0.0,0.003076923076923077
2326,0.8994285714285714,0.002412547417424249,0.05,1,1.0,0.0,0.00923076923076923
2327,0.7938571428571428,0.030308890764925045,0.05,2,4.0,0.0,0.013846153846153845
2328,0.7332857142857142,0.05156499687483607,0.05,3,8.0,0.0,0.008076923076923077
2329,0.7951904761904761,0.018079403585184728,0.05,2,7.0,0.0,0.01153846153846154
2330,0.9054285714285714,0.05423418496761856,0.05,1,6.0,0.0,0.0023076923076923075
2331,0.9254285714285714,0.02264592335016824,0.05,1,2.0,0.0,0.0038461538461538464
2332,0.9084285714285714,0.031939444410383544,0.05,1,3.0,0.0,0.005
2333,0.9314285714285714,0.024384453851908794,0.05,1,2.0,0.0,0.003076923076923077
2334,0.8183571428571428,0.014701446387491268,0.05,2,5.0,0.0,0.008461538461538461
2335,0.7761904761904762,0.011087994284097513,0.05,2,6.0,0.0,0.015000000000000001
2336,0.9284285714285714,0.0189460084667179,0.05,1,2.0,0.0,0.003461538461538461
2337,0.8048571428571427,0.015681476877225542,0.05,2,8.0,0.0,0.006923076923076922
2338,0.6796190476190476,0.6146096782043368,0.05,3,13.0,0.0,0.00923076923076923
2339,0.9047619047619048,0.008662414936730478,0.05,1,1.0,0.0,0.008461538461538461
2340,0.5607142857142857,0.19843881492462603,0.05,4,13.0,0.0,0.023076923076923075
2341,0.8183571428571428,0.007628334995196051,0.05,2,5.0,0.0,0.008461538461538461
2342,0.7196190476190476,0.021509791752612584,0.05,3,9.0,0.0,0.00923076923076923
2343,0.9134285714285714,0.008381331015151372,0.05,1,2.0,0.0,0.005384615384615385
2344,0.9024285714285714,0.04684825549260474,0.05,1,6.0,0.0,0.0026923076923076926
2345,0.8727619047619047,0.049822297198682475,0.05,1,5.0,0.0,0.008461538461538461
2346,0.8974285714285714,0.030830053419481973,0.05,1,4.0,0.0,0.005384615384615385
2347,0.7768571428571428,0.013044019292303421,0.05,2,6.0,0.0,0.016923076923076923
2348,0.6702857142857143,0.2024013051773436,0.05,3,11.0,0.0,0.012692307692307694
2349,0.8348571428571427,0.010396958728342065,0.05,2,4.0,0.0,0.006923076923076922
2350,0.9264285714285714,0.0539210269254794,0.05,1,3.0,0.0,0.0026923076923076926
2351,0.8407619047619047,0.007061690935028286,0.05,1,5.0,0.0,0.013076923076923078
2352,0.9104285714285714,0.014334572588434402,0.05,1,2.0,0.0,0.005769230769230769
2353,0.8103571428571428,0.023445338730790632,0.05,2,6.0,0.0,0.008461538461538461
2354,0.8238571428571427,0.007555564609358523,0.05,2,7.0,0.0,0.003076923076923077
2355,0.7923571428571428,0.012023946806506591,0.05,2,7.0,0.0,0.008461538461538461
2356,0.9144285714285714,0.006186072883635929,0.05,1,3.0,0.0,0.004230769230769231
2357,0.5847142857142857,0.028364968807248175,0.05,4,12.0,0.0,0.01846153846153846
2358,0.9214285714285714,0.05252948612692332,0.05,1,4.0,0.0,0.0023076923076923075
2359,0.7616904761904761,0.39993510416225003,0.05,2,7.0,0.0,0.012692307692307694
2360,0.8008571428571428,0.011882738383640623,0.05,2,7.0,0.0,0.010384615384615384
2361,0.9224285714285714,0.053533854241850864,0.05,1,2.0,0.0,0.004230769230769231
2362,0.894095238095238,0.04697781149180791,0.05,1,5.0,0.0,0.005384615384615385
2363,0.8834285714285713,0.03161336367596046,0.05,1,5.0,0.0,0.006923076923076922
2364,0.9274285714285714,0.053276537514231004,0.05,1,4.0,0.0,0.0015384615384615385
2365,0.9074285714285714,0.028810185716548364,0.05,1,2.0,0.0,0.006923076923076922
2366,0.8148571428571427,0.030491197375558554,0.05,2,6.0,0.0,0.007692307692307693
2367,0.6800079365079365,0.2711568431745988,0.05,3,7.0,0.0,0.02
2368,0.7678571428571428,0.008109695503754677,0.05,2,9.0,0.0,0.01076923076923077
2369,0.7848571428571428,0.016883646138042274,0.05,2,6.0,0.0,0.015384615384615385
2370,0.9047619047619048,0.007504626009015247,0.05,1,1.0,0.0,0.008461538461538461
2371,0.6926190476190476,0.021784176422974626,0.05,3,12.0,0.0,0.00923076923076923
2372,0.7870238095238096,0.013272612703383702,0.05,2,4.0,0.0,0.015000000000000001
2373,0.9194285714285714,0.05279284640897597,0.05,1,2.0,0.0,0.004615384615384615
2374,0.8008571428571428,0.011772735331302908,0.05,2,7.0,0.0,0.010384615384615384
2375,0.8887619047619048,0.03513063410133754,0.05,1,5.0,0.0,0.006153846153846154
2376,0.8090238095238095,0.012958570958958637,0.05,2,7.0,0.0,0.008076923076923077
2377,0.8090238095238095,0.012378486544711798,0.05,2,7.0,0.0,0.008076923076923077
2378,0.7903571428571429,0.00549186884138797,0.05,2,9.0,0.0,0.006923076923076922
2379,0.8934285714285713,0.0331634299433442,0.05,1,6.0,0.0,0.0038461538461538464
2380,0.9204285714285714,0.049385235686696394,0.05,1,3.0,0.0,0.003461538461538461
2381,0.9114285714285714,0.038244970249164845,0.05,1,3.0,0.0,0.004615384615384615
2382,0.8268571428571427,0.005014132183733144,0.05,2,5.0,0.0,0.006153846153846154
2383,0.8008571428571428,0.02271024572662378,0.05,2,7.0,0.0,0.010384615384615384
2384,0.8211904761904761,0.02376626458191705,0.05,2,4.0,0.0,0.00923076923076923
2385,0.8153571428571428,0.024208391816565922,0.05,2,7.0,0.0,0.005384615384615385
2386,0.870095238095238,0.011404166188439757,0.05,1,2.0,0.0,0.012307692307692308
2387,0.9284285714285714,0.0452679879311344,0.05,1,2.0,0.0,0.003461538461538461
2388,0.9100952380952381,0.012087496741447046,0.05,1,1.0,0.0,0.007692307692307693
2389,0.6488412698412698,0.023417637462944712,0.05,3,12.0,0.0,0.015384615384615385
2390,0.7536904761904761,0.02400953542330575,0.05,2,8.0,0.0,0.012692307692307694
2391,0.9264285714285714,0.04942047322424836,0.05,1,3.0,0.0,0.0026923076923076926
2392,0.8228571428571427,0.009164643068307443,0.05,2,5.0,0.0,0.007692307692307693
2393,0.6488412698412698,0.019781485349536276,0.05,3,12.0,0.0,0.015384615384615385
2394,0.9164285714285714,0.020901479987108007,0.05,1,2.0,0.0,0.005
2395,0.9274285714285714,0.07537673107604159,0.05,1,4.0,0.0,0.0015384615384615385
2396,0.8994285714285714,0.002462840109723974,0.05,1,1.0,0.0,0.00923076923076923
2397,0.8967619047619048,0.0399676200539939,0.05,1,2.0,0.0,0.008461538461538461
2398,0.7973571428571428,0.020514678154197108,0.05,2,7.0,0.0,0.008461538461538461
2399,0.8924285714285713,0.018948592379953944,0.05,1,2.0,0.0,0.008076923076923077
2400,0.9054285714285714,0.09968555418436176,0.05,1,3.0,0.0,0.005384615384615385
2401,0.8143571428571428,0.02322915487697158,0.05,2,4.0,0.0,0.010384615384615384
2402,0.7611904761904761,0.012130773018216079,0.05,2,7.0,0.0,0.016153846153846154
2403,0.6172142857142857,0.05794943279366094,0.05,4,12.0,0.0,0.01076923076923077
2404,0.8193571428571428,0.009547799275868296,0.05,2,7.0,0.0,0.0038461538461538464
2405,0.7903571428571429,0.003122133422309159,0.05,2,9.0,0.0,0.006923076923076922
2406,0.7648571428571428,0.016551554800840418,0.05,2,6.0,0.0,0.017307692307692305
2407,0.8228571428571427,0.01552997996139166,0.05,2,5.0,0.0,0.007692307692307693
2408,0.7903571428571429,0.0028007910365081545,0.05,2,9.0,0.0,0.006923076923076922
2409,0.8305238095238094,0.007794405213557787,0.05,2,4.0,0.0,0.00923076923076923
2410,0.7833571428571428,0.4447563216191059,0.05,2,8.0,0.0,0.006923076923076922
2411,0.6247142857142857,0.051960690345475485,0.05,4,12.0,0.0,0.00923076923076923
2412,0.9234285714285714,0.04147842590182349,0.05,1,3.0,0.0,0.003076923076923077
2413,0.8143571428571428,0.0011444590582169178,0.05,2,4.0,0.0,0.010384615384615384
2414,0.7408571428571429,0.030194099545222286,0.05,2,9.0,0.0,0.017307692307692305
2415,0.8754285714285713,0.03142204422209971,0.05,1,6.0,0.0,0.006153846153846154
2416,0.6488412698412698,0.018822766092546444,0.05,3,12.0,0.0,0.015384615384615385
2417,0.9047619047619048,0.007549889432085011,0.05,1,1.0,0.0,0.008461538461538461
2418,0.7688571428571427,0.015139867422542974,0.05,2,6.0,0.0,0.01846153846153846
2419,0.7935238095238094,0.00844225581639585,0.05,2,8.0,0.0,0.00923076923076923
2420,0.7468571428571428,0.021922643056276003,0.05,2,8.0,0.0,0.013846153846153845
2421,0.8874285714285713,0.040279839799889694,0.05,1,6.0,0.0,0.004615384615384615
2422,0.7755238095238095,0.05055470570478787,0.05,2,8.0,0.0,0.01153846153846154
2423,0.4152936507936509,0.1494434307993054,0.05,6,16.0,0.0,0.02153846153846154
2424,0.7781904761904762,0.018549836873192727,0.05,2,7.0,0.0,0.015000000000000001
2425,0.8138571428571427,0.004119971194881777,0.05,2,5.0,0.0,0.00923076923076923
2426,0.9184285714285714,0.05883905796843747,0.05,1,4.0,0.0,0.0026923076923076926
2427,0.9254285714285714,0.021708783029380174,0.05,1,2.0,0.0,0.0038461538461538464
2428,0.830095238095238,0.017718414250453618,0.05,1,5.0,0.0,0.014615384615384615
2429,0.7968571428571427,0.02185841192096749,0.05,2,7.0,0.0,0.007692307692307693
2430,0.9114285714285714,0.04784925806175744,0.05,1,3.0,0.0,0.004615384615384615
2431,0.886095238095238,0.006019768244506674,0.05,1,2.0,0.0,0.01
2432,0.9124285714285714,0.09442412929542465,0.05,1,4.0,0.0,0.003461538461538461
2433,0.8248571428571428,0.011023510945371906,0.05,2,4.0,0.0,0.010384615384615384
2434,0.6457301587301587,0.2106432445164718,0.05,3,13.0,0.0,0.016923076923076923
2435,0.8567619047619047,0.026204584939516717,0.05,1,5.0,0.0,0.01076923076923077
2436,0.6152857142857142,0.25759373225107784,0.05,3,9.0,0.0,0.03461538461538462
2437,0.8994285714285714,0.038486187777918346,0.05,1,6.0,0.0,0.003076923076923077
2438,0.8138571428571427,0.06389789632704795,0.05,2,5.0,0.0,0.00923076923076923
2439,0.7951904761904761,0.009287417375341556,0.05,2,7.0,0.0,0.01153846153846154
2440,0.9054285714285714,0.040637569000126494,0.05,1,6.0,0.0,0.0023076923076923075
2441,0.6222142857142856,0.02779091680807938,0.05,4,12.0,0.0,0.01076923076923077
2442,0.8138571428571427,0.06112509966759666,0.05,2,5.0,0.0,0.00923076923076923
2443,0.8248571428571428,0.008078553417988132,0.05,2,4.0,0.0,0.010384615384615384
2444,0.9207619047619048,0.02154541373396901,0.05,1,1.0,0.0,0.006153846153846154
2445,0.6488412698412698,0.018948650898010972,0.05,3,12.0,0.0,0.015384615384615385
2446,0.9154285714285714,0.017461567155543145,0.05,1,1.0,0.0,0.006923076923076922
2447,0.4731761904761904,0.0531241086381079,0.05,5,14.0,0.0,0.025384615384615387
2448,0.7765238095238095,0.007190706702652372,0.05,2,8.0,0.0,0.012692307692307694
2449,0.7037301587301588,0.012036599681404395,0.05,3,9.0,0.0,0.012307692307692308
2450,0.9094285714285714,0.031411138243670034,0.05,1,4.0,0.0,0.0038461538461538464
2451,0.9324285714285714,0.04925466783761989,0.05,1,3.0,0.0,0.0019230769230769232
2452,0.8138571428571427,0.011297766842133072,0.05,2,5.0,0.0,0.00923076923076923
2453,0.6916190476190476,0.25078676462500965,0.05,3,6.0,0.0,0.023076923076923075
2454,0.1559166666666667,0.19038339158157425,0.05,8,24.0,0.0,0.03461538461538462
2455,0.8408571428571427,0.017365083616488752,0.05,2,5.0,0.0,0.004615384615384615
2456,0.8211904761904761,0.0044837018529726436,0.05,2,4.0,0.0,0.00923076923076923
2457,0.8854285714285713,0.00427002441930302,0.05,1,4.0,0.0,0.006923076923076922
2458,0.9047619047619048,0.003390872360572117,0.05,1,1.0,0.0,0.008461538461538461
2459,0.9154285714285714,0.01571541043998881,0.05,1,1.0,0.0,0.006923076923076922
2460,0.6850079365079365,0.022333191956432834,0.05,3,7.0,0.0,0.02
2461,0.6647301587301587,0.016431688103577608,0.05,3,12.0,0.0,0.012307692307692308
2462,0.6460079365079364,0.038210259105953805,0.05,3,10.0,0.0,0.02
2463,0.5722142857142857,0.028802943386310648,0.05,4,12.0,0.0,0.02
2464,0.9287619047619047,0.04193159275483471,0.05,1,2.0,0.0,0.0038461538461538464
2465,0.9207619047619048,0.019477202729323295,0.05,1,1.0,0.0,0.006153846153846154
2466,0.9264285714285714,0.03832920105385784,0.05,1,3.0,0.0,0.0026923076923076926
2467,0.9254285714285714,0.019543197913636234,0.05,1,2.0,0.0,0.0038461538461538464
2468,0.886095238095238,0.013575403278554221,0.05,1,2.0,0.0,0.01
2469,0.8093571428571428,0.0486128949171139,0.05,2,5.0,0.0,0.01
2470,0.7448571428571427,0.01798353226359617,0.05,2,6.0,0.0,0.023076923076923075
2471,0.9234285714285714,0.04955119628403215,0.05,1,2.0,0.0,0.004615384615384615
2472,0.8974285714285714,0.01584302197737275,0.05,1,4.0,0.0,0.005384615384615385
2473,0.7648571428571428,0.016303877561636648,0.05,2,6.0,0.0,0.017307692307692305
2474,0.9384285714285714,0.046496280948472024,0.05,1,3.0,0.0,0.0011538461538461537
2475,0.8148571428571427,0.02856612379758644,0.05,2,7.0,0.0,0.004615384615384615
2476,0.6383968253968253,0.027571709686863472,0.05,3,12.0,0.0,0.02153846153846154
2477,0.6447142857142857,0.021472688079149538,0.05,4,12.0,0.0,0.006153846153846154
2478,0.6929523809523809,0.02420036870371008,0.05,3,7.0,0.0,0.01846153846153846
2479,0.8008571428571428,0.016798577691313932,0.05,2,7.0,0.0,0.010384615384615384
2480,0.7536904761904761,0.01502953529674661,0.05,2,8.0,0.0,0.012692307692307694
2481,0.7823571428571428,0.05131569402341474,0.05,2,8.0,0.0,0.010384615384615384
2482,0.6635079365079366,0.2523053319045843,0.05,3,12.0,0.0,0.015384615384615385
2483,0.7895238095238095,0.011022712332093065,0.05,2,7.0,0.0,0.012692307692307694
2484,0.7788571428571427,0.030337135019796513,0.05,2,7.0,0.0,0.01076923076923077
2485,0.9287619047619047,0.07337329978126628,0.05,1,2.0,0.0,0.0038461538461538464
2486,0.9314285714285714,0.02971845179118149,0.05,1,1.0,0.0,0.004615384615384615
2487,0.7968571428571427,0.012138845883838012,0.05,2,7.0,0.0,0.007692307692307693
2488,0.5872142857142857,0.029795069126314105,0.05,4,12.0,0.0,0.016923076923076923
2489,0.7923571428571428,0.010748705177455242,0.05,2,7.0,0.0,0.008461538461538461
2490,0.7953571428571428,0.007096057915244258,0.05,2,7.0,0.0,0.010384615384615384
2491,0.8065238095238094,0.014405336261780144,0.05,2,7.0,0.0,0.00923076923076923
2492,0.44127619047619043,0.03996009557413096,0.05,5,14.0,0.0,0.03230769230769231
2493,0.7212857142857142,0.03121097436142639,0.05,3,8.0,0.0,0.010384615384615384
2494,0.8018571428571427,0.029294246982023098,0.05,2,7.0,0.0,0.007692307692307693
2495,0.7765238095238095,0.0070628470408447,0.05,2,8.0,0.0,0.012692307692307694
2496,0.8045238095238094,0.005058551896133023,0.05,2,6.0,0.0,0.00923076923076923
2497,0.6698412698412697,0.0302729119357427,0.05,3,10.0,0.0,0.015384615384615385
2498,0.9024285714285714,0.0064325344047276856,0.05,1,3.0,0.0,0.005769230769230769
2499,0.7016190476190475,0.025761145224900917,0.05,3,10.0,0.0,0.00923076923076923
2500,0.7953571428571428,0.006296383272519135,0.05,2,7.0,0.0,0.010384615384615384
2501,0.44880952380952377,0.10883135515584867,0.05,5,15.0,0.0,0.02307692307692308
2502,0.886095238095238,0.0049282331873153895,0.05,1,2.0,0.0,0.01
2503,0.5872142857142857,0.01957840655135143,0.05,4,12.0,0.0,0.016923076923076923
2504,0.8088571428571428,0.01435430025136758,0.05,2,6.0,0.0,0.01076923076923077
2505,0.7400238095238095,0.020561475982771305,0.05,2,8.0,0.0,0.015000000000000001
2506,0.7468571428571428,0.016256771835814754,0.05,2,8.0,0.0,0.013846153846153845
2507,0.9114285714285714,0.03971451027689865,0.05,1,3.0,0.0,0.004615384615384615
2508,0.8418571428571427,0.011107241127345624,0.05,2,4.0,0.0,0.006923076923076922
2509,0.9154285714285714,0.023985191085756474,0.05,1,4.0,0.0,0.003076923076923077
2510,0.9224285714285714,0.014588878122272608,0.05,1,2.0,0.0,0.004230769230769231
2511,0.9384285714285714,0.060528924232931436,0.05,1,3.0,0.0,0.0011538461538461537
2512,0.8088571428571428,0.014115398351312314,0.05,2,6.0,0.0,0.01076923076923077
2513,0.9234285714285714,0.06082284901330193,0.05,1,2.0,0.0,0.004615384615384615
2514,0.7331904761904761,0.022309477091755125,0.05,2,8.0,0.0,0.016153846153846154
2515,0.7765238095238095,0.00596604618878771,0.05,2,8.0,0.0,0.012692307692307694
2516,0.9020952380952381,0.033407230778638386,0.05,1,2.0,0.0,0.007692307692307693
2517,0.9254285714285714,0.030237341646700333,0.05,1,2.0,0.0,0.0038461538461538464
2518,0.7180634920634921,0.2162593465088878,0.05,3,9.0,0.0,0.012307692307692308
2519,0.8075238095238095,0.0025584318351382085,0.05,2,4.0,0.0,0.01153846153846154
2520,0.8994285714285714,0.0038038508769424606,0.05,1,1.0,0.0,0.00923076923076923
2521,0.9344285714285714,0.02512999031004537,0.05,1,2.0,0.0,0.0026923076923076926
2522,0.9344285714285714,0.02853790472644213,0.05,1,2.0,0.0,0.0026923076923076926
2523,0.9254285714285714,0.0166841142537979,0.05,1,2.0,0.0,0.0038461538461538464
2524,0.9324285714285714,0.09057668562167787,0.05,1,3.0,0.0,0.0019230769230769232
2525,0.4838095238095238,0.028959924489118882,0.05,5,14.0,0.0,0.02307692307692308
2526,0.8133571428571428,0.001894450539505932,0.05,2,5.0,0.0,0.008461538461538461
2527,0.7686904761904761,0.046322992605743185,0.05,2,8.0,0.0,0.012692307692307694
2528,0.6091190476190477,0.02382085950270152,0.05,3,12.0,0.0,0.023076923076923075
2529,0.656063492063492,0.011163366170915326,0.05,3,9.0,0.0,0.02153846153846154
2530,0.7392857142857142,0.033942723584180046,0.05,3,8.0,0.0,0.006923076923076922
2531,0.8138571428571427,0.04628945078144364,0.05,2,5.0,0.0,0.00923076923076923
2532,0.9264285714285714,0.07551901705951003,0.05,1,3.0,0.0,0.0026923076923076926
2533,0.8183571428571428,0.011035762573355146,0.05,2,5.0,0.0,0.008461538461538461
2534,0.5447142857142857,0.3617402284601574,0.05,4,14.0,0.0,0.02076923076923077
2535,0.7678571428571428,0.013052843025155858,0.05,2,9.0,0.0,0.01076923076923077
2536,0.6772857142857143,0.011640873780769723,0.05,3,9.0,0.0,0.017307692307692305
2537,0.7885238095238095,0.004149284513277285,0.05,2,7.0,0.0,0.01153846153846154
2538,0.5997142857142856,0.01948067725004024,0.05,4,12.0,0.0,0.015384615384615385
2539,0.9314285714285714,0.03321360748203028,0.05,1,2.0,0.0,0.003076923076923077
2540,0.6062857142857141,0.03815533469037543,0.05,3,10.0,0.0,0.02769230769230769
2541,0.6072142857142857,0.017571655483604537,0.05,4,12.0,0.0,0.013846153846153845
2542,0.8088571428571427,0.44482395082021153,0.05,2,5.0,0.0,0.00923076923076923
2543,0.5932301587301587,0.028809961897851972,0.05,3,12.0,0.0,0.026153846153846156
2544,0.7635238095238096,0.007341037813081597,0.05,2,9.0,0.0,0.012692307692307694
2545,0.8138571428571427,0.013537173050867046,0.05,2,5.0,0.0,0.00923076923076923
2546,0.8514285714285713,0.024795026144312282,0.05,1,5.0,0.0,0.011538461538461537
2547,0.7946904761904762,0.009723703106163828,0.05,2,8.0,0.0,0.00576923076923077
2548,0.6618968253968253,0.02627238189281822,0.05,3,10.0,0.0,0.016923076923076923
2549,0.8078571428571427,0.011191707319545607,0.05,2,4.0,0.0,0.013846153846153845
2550,0.9144285714285714,0.025514360240007417,0.05,1,3.0,0.0,0.004230769230769231
2551,0.6297142857142857,0.01345540777703605,0.05,4,12.0,0.0,0.00923076923076923
2552,0.8914285714285713,0.013761393519630793,0.05,1,2.0,0.0,0.00923076923076923
2553,0.7406190476190475,0.03919638148253498,0.05,3,7.0,0.0,0.00923076923076923
2554,0.9340952380952381,0.05505192083433441,0.05,1,2.0,0.0,0.003076923076923077
2555,0.8065238095238094,0.013443267319305952,0.05,2,7.0,0.0,0.00923076923076923
2556,0.5345428571428572,0.25123171960564117,0.05,5,13.0,0.0,0.016153846153846154
2557,0.7908571428571428,0.021010535833158428,0.05,2,4.0,0.0,0.017307692307692305
2558,0.5997142857142856,0.01719846499976138,0.05,4,12.0,0.0,0.015384615384615385
2559,0.7938571428571428,0.0282687340467232,0.05,2,4.0,0.0,0.013846153846153845
2560,0.9260952380952381,0.02324320087741849,0.05,1,1.0,0.0,0.005384615384615385
2561,0.8018571428571427,0.05089713181041533,0.05,2,7.0,0.0,0.007692307692307693
2562,0.7748571428571429,0.001461320222990281,0.05,2,9.0,0.0,0.010384615384615384
2563,0.3883095238095238,0.15150020989189267,0.05,5,20.0,0.0,0.025384615384615387
2564,0.8223571428571428,0.0026507960771655625,0.05,2,5.0,0.0,0.006923076923076922
2565,0.6618968253968253,0.025507260585435915,0.05,3,10.0,0.0,0.016923076923076923
2566,0.9194285714285714,0.012112435008279632,0.05,1,2.0,0.0,0.004615384615384615
2567,0.7810238095238095,0.00562243481419189,0.05,2,8.0,0.0,0.008076923076923077
2568,0.6532857142857142,0.018393689456814744,0.05,3,9.0,0.0,0.021923076923076927
2569,0.8133571428571428,0.0019470621241021724,0.05,2,5.0,0.0,0.008461538461538461
2570,0.7833571428571428,0.026668961603469543,0.05,2,7.0,0.0,0.01
2571,0.8874285714285713,0.02463169256299702,0.05,1,6.0,0.0,0.004615384615384615
2572,0.5647142857142857,0.020842519854989,0.05,4,12.0,0.0,0.02153846153846154
2573,0.9020952380952381,0.021165865399620287,0.05,1,2.0,0.0,0.007692307692307693
2574,0.8328571428571427,0.028844918041690315,0.05,2,6.0,0.0,0.004615384615384615
2575,0.7723571428571429,0.00956726100051608,0.05,2,9.0,0.0,0.01
2576,0.6611746031746031,0.011114769295320478,0.05,3,7.0,0.0,0.024615384615384615
2577,0.8043571428571428,0.0063988566458879625,0.05,2,5.0,0.0,0.01
2578,0.7665238095238095,0.026849689179418268,0.05,2,4.0,0.0,0.01846153846153846
2579,0.8373571428571428,0.024897947152327515,0.05,2,6.0,0.0,0.0038461538461538464
2580,0.7673571428571428,0.0038074716456155677,0.05,2,8.0,0.0,0.010384615384615384
2581,0.9014285714285714,0.029774143830038846,0.05,1,2.0,0.0,0.006923076923076922
2582,0.7725238095238094,0.003949173651386417,0.05,2,7.0,0.0,0.016153846153846154
2583,0.9284285714285714,0.04074118913802094,0.05,1,2.0,0.0,0.003461538461538461
2584,0.9274285714285714,0.045158134450076215,0.05,1,4.0,0.0,0.0015384615384615385
2585,0.5937142857142857,0.19784381393755077,0.05,4,9.0,0.0,0.02307692307692308
2586,0.7326746031746032,0.03429872250335549,0.05,3,7.0,0.0,0.01076923076923077
2587,0.8887619047619048,0.05355052581796571,0.05,1,5.0,0.0,0.006153846153846154
2588,0.8103571428571428,0.03126865563820297,0.05,2,6.0,0.0,0.008461538461538461
2589,0.9314285714285714,0.021015702828418137,0.05,1,2.0,0.0,0.003076923076923077
2590,0.7748571428571429,0.0057281890567735805,0.05,2,9.0,0.0,0.010384615384615384
2591,0.9180952380952381,0.02756459013141621,0.05,1,2.0,0.0,0.005384615384615385
2592,0.8754285714285713,0.010168523306697264,0.05,1,6.0,0.0,0.006153846153846154
2593,0.8727619047619047,0.061979209272131186,0.05,1,5.0,0.0,0.008461538461538461
2594,0.8143571428571428,0.008045738101374766,0.05,2,4.0,0.0,0.010384615384615384
2595,0.7838571428571428,0.03763501464568292,0.05,2,7.0,0.0,0.01076923076923077
2596,0.4874642857142857,0.2390865354773108,0.05,4,14.0,0.0,0.028846153846153848
2597,0.8967619047619048,0.02473317436744127,0.05,1,2.0,0.0,0.008461538461538461
2598,0.5997142857142856,0.014863029335064337,0.05,4,12.0,0.0,0.015384615384615385
2599,0.7595238095238095,0.019517082889451365,0.05,2,8.0,0.0,0.016153846153846154
2600,0.6857301587301585,0.018853453193321434,0.05,3,10.0,0.0,0.012307692307692308
2601,0.8121904761904761,0.015888090110403763,0.05,2,7.0,0.0,0.008076923076923077
2602,0.9324285714285714,0.06324985720010301,0.05,1,3.0,0.0,0.0019230769230769232
2603,0.9114285714285714,0.07325904288927454,0.05,1,3.0,0.0,0.004615384615384615
2604,0.8416904761904762,0.01289815947611539,0.05,2,4.0,0.0,0.00576923076923077
2605,0.7810238095238095,0.0035383726872365018,0.05,2,8.0,0.0,0.008076923076923077
2606,0.8363571428571428,0.021095621962628486,0.05,2,5.0,0.0,0.005384615384615385
2607,0.6936746031746032,0.021057061023139794,0.05,3,10.0,0.0,0.01076923076923077
2608,0.8944285714285714,0.028955152171593723,0.05,1,4.0,0.0,0.005769230769230769
2609,0.5795095238095238,0.028443363311602687,0.05,5,14.0,0.0,0.0023076923076923075
2610,0.8727619047619047,0.0661834387974789,0.05,1,5.0,0.0,0.008461538461538461
2611,0.7771746031746032,0.4848247754514084,0.05,3,5.0,0.0,0.006153846153846154
2612,0.9144285714285714,0.1272434867862796,0.05,1,3.0,0.0,0.004230769230769231
2613,0.46254285714285714,0.2903201194205859,0.05,5,14.0,0.0,0.02769230769230769
2614,0.8013571428571428,0.02840779924984782,0.05,2,6.0,0.0,0.01
2615,0.9294285714285714,0.05392487148009273,0.05,1,3.0,0.0,0.0023076923076923075
2616,0.7988571428571428,0.017663368619681263,0.05,2,6.0,0.0,0.010384615384615384
2617,0.6301190476190476,0.0295210003989617,0.05,3,10.0,0.0,0.023076923076923075
2618,0.8273571428571428,0.03463984248904922,0.05,2,5.0,0.0,0.006923076923076922
2619,0.8075238095238095,0.015253561732725296,0.05,2,4.0,0.0,0.01153846153846154
2620,0.9004285714285714,0.006586671977180769,0.05,1,4.0,0.0,0.005
2621,0.9174285714285714,0.08661558446804996,0.05,1,3.0,0.0,0.0038461538461538464
2622,0.9144285714285714,0.027323774651548893,0.05,1,3.0,0.0,0.004230769230769231
2623,0.6587301587301587,0.016180595238340183,0.05,3,12.0,0.0,0.016923076923076923
2624,0.8063571428571428,0.03773677911662149,0.05,2,7.0,0.0,0.006923076923076922
2625,0.5157095238095237,0.03272374650173591,0.05,5,14.0,0.0,0.016153846153846154
2626,0.8178571428571427,0.018015940622510884,0.05,2,7.0,0.0,0.006923076923076922
2627,0.7688571428571427,0.0065477629886064315,0.05,2,6.0,0.0,0.01846153846153846
2628,0.9174285714285714,0.009210719035745107,0.05,1,3.0,0.0,0.0038461538461538464
2629,0.9074285714285714,0.0421567794235268,0.05,1,2.0,0.0,0.006153846153846154
2630,0.5922142857142857,0.015179744503748482,0.05,4,12.0,0.0,0.016923076923076923
2631,0.9204285714285714,0.03953238433208339,0.05,1,3.0,0.0,0.003461538461538461
2632,0.7878571428571428,0.008192012636142276,0.05,2,8.0,0.0,0.006923076923076922
2633,0.9234285714285714,0.030141464451607924,0.05,1,2.0,0.0,0.004615384615384615
2634,0.9034285714285714,0.021978851442676972,0.05,1,4.0,0.0,0.004615384615384615
2635,0.8784285714285713,0.031782489057378904,0.05,1,6.0,0.0,0.005769230769230769
2636,0.7858571428571428,0.00870950088840089,0.05,2,9.0,0.0,0.007692307692307693
2637,0.9084285714285714,0.06751576627626332,0.05,1,3.0,0.0,0.005
2638,0.7252857142857143,0.013753834455991357,0.05,3,9.0,0.0,0.008076923076923077
2639,0.9174285714285714,0.06976418964863695,0.05,1,3.0,0.0,0.0038461538461538464
2640,0.6698412698412697,0.02331509083714241,0.05,3,10.0,0.0,0.015384615384615385
2641,0.7808571428571427,0.3754227029308605,0.05,2,8.0,0.0,0.01076923076923077
2642,0.9024285714285714,0.05360105710745944,0.05,1,3.0,0.0,0.005769230769230769
2643,0.7891904761904761,0.038338530129663984,0.05,2,8.0,0.0,0.00923076923076923
2644,0.8361904761904762,0.007833205413081579,0.05,2,4.0,0.0,0.008076923076923077
2645,0.9114285714285714,0.05724095139671348,0.05,1,3.0,0.0,0.004615384615384615
2646,0.9254285714285714,0.01690119150745162,0.05,1,2.0,0.0,0.0038461538461538464
2647,0.8228571428571427,0.013950232589736156,0.05,2,5.0,0.0,0.007692307692307693
2648,0.6647301587301587,0.00669530165764561,0.05,3,12.0,0.0,0.012307692307692308
2649,0.9024285714285714,0.0067103528678293944,0.05,1,3.0,0.0,0.005769230769230769
2650,0.9224285714285714,0.03277348403444502,0.05,1,2.0,0.0,0.004230769230769231
2651,0.9164285714285714,0.02466707022421888,0.05,1,2.0,0.0,0.005
2652,0.6698412698412697,0.027479354469070055,0.05,3,10.0,0.0,0.015384615384615385
2653,0.7883571428571428,0.02933953700972436,0.05,2,7.0,0.0,0.01
2654,0.8228571428571427,0.00975578886173678,0.05,2,5.0,0.0,0.007692307692307693
2655,0.9314285714285714,0.03720036320179698,0.05,1,2.0,0.0,0.003076923076923077
2656,0.8143571428571428,0.015113613604679277,0.05,2,4.0,0.0,0.010384615384615384
2657,0.8075238095238095,0.013383275243660175,0.05,2,4.0,0.0,0.01153846153846154
2658,0.7536904761904761,0.01353876093915607,0.05,2,8.0,0.0,0.012692307692307694
2659,0.7725238095238094,0.0084046688789427,0.05,2,7.0,0.0,0.016153846153846154
2660,0.8045238095238094,0.013715025628163624,0.05,2,6.0,0.0,0.00923076923076923
2661,0.9047619047619048,0.004630676109587228,0.05,1,1.0,0.0,0.008461538461538461
2662,0.9127619047619048,0.04110072220910277,0.05,1,2.0,0.0,0.006153846153846154
2663,0.8058571428571427,0.010393297926061917,0.05,2,7.0,0.0,0.006153846153846154
2664,0.8248571428571428,0.009649455127707485,0.05,2,4.0,0.0,0.010384615384615384
2665,0.9374285714285714,0.03948032688161729,0.05,1,2.0,0.0,0.0023076923076923075
2666,0.8078571428571427,0.012211622845277437,0.05,2,4.0,0.0,0.013846153846153845
2667,0.8994285714285714,0.08987842669579915,0.05,1,5.0,0.0,0.004615384615384615
2668,0.6726746031746033,0.007930209980479478,0.05,3,12.0,0.0,0.01076923076923077
2669,0.9174285714285714,0.032579145898875006,0.05,1,3.0,0.0,0.0038461538461538464
2670,0.9074285714285714,0.002788927643293526,0.05,1,2.0,0.0,0.006153846153846154
2671,0.9004285714285714,0.005928004779462648,0.05,1,4.0,0.0,0.005
2672,0.9294285714285714,0.07523254272357882,0.05,1,3.0,0.0,0.0023076923076923075
2673,0.8904285714285713,0.028874758252487087,0.05,1,6.0,0.0,0.004230769230769231
2674,0.8874285714285713,0.038500958993619716,0.05,1,6.0,0.0,0.004615384615384615
2675,0.8914285714285713,0.09280127604735233,0.05,1,4.0,0.0,0.006153846153846154
2676,0.7968571428571427,0.022312160055358188,0.05,2,7.0,0.0,0.007692307692307693
2677,0.5947142857142856,0.01880973117154036,0.05,4,12.0,0.0,0.015384615384615385
2678,0.8318571428571427,0.012899556945788815,0.05,2,5.0,0.0,0.006153846153846154
2679,0.8088571428571427,0.004070450938640502,0.05,2,5.0,0.0,0.00923076923076923
2680,0.8348571428571427,0.007966618418798088,0.05,2,4.0,0.0,0.006923076923076922
2681,0.8807619047619047,0.015539348660219443,0.05,1,2.0,0.0,0.01076923076923077
2682,0.7355079365079366,0.015467326920237038,0.05,3,9.0,0.0,0.006153846153846154
2683,0.6562142857142856,0.18340436164395452,0.05,4,9.0,0.0,0.01076923076923077
2684,0.8944285714285714,0.0006647956984836556,0.05,1,4.0,0.0,0.005769230769230769
2685,0.9020952380952381,0.022249948098214567,0.05,1,2.0,0.0,0.007692307692307693
2686,0.3682380952380953,0.16215580423409134,0.05,6,14.0,0.0,0.03692307692307692
2687,0.9064285714285714,0.09659443042375226,0.05,1,4.0,0.0,0.004230769230769231
2688,0.8567619047619047,0.01577368237217791,0.05,1,5.0,0.0,0.01076923076923077
2689,0.7708571428571427,0.007135360670212698,0.05,2,8.0,0.0,0.013846153846153845
2690,0.9034285714285714,0.03505963695443437,0.05,1,4.0,0.0,0.004615384615384615
2691,0.8158571428571427,0.014109323801505813,0.05,2,7.0,0.0,0.006923076923076922
2692,0.7833571428571428,0.01407656853799194,0.05,2,7.0,0.0,0.01
2693,0.5647142857142857,0.015712965026865672,0.05,4,12.0,0.0,0.02153846153846154
2694,0.8305238095238094,0.0068266489704952305,0.05,2,4.0,0.0,0.00923076923076923
2695,0.8191904761904761,0.008585600213602052,0.05,2,4.0,0.0,0.01153846153846154
2696,0.8418571428571427,0.01959632330132799,0.05,2,6.0,0.0,0.003076923076923077
2697,0.9294285714285714,0.14475790882333528,0.05,1,3.0,0.0,0.0023076923076923075
2698,0.9314285714285714,0.030834275165295133,0.05,1,1.0,0.0,0.004615384615384615
2699,0.9020952380952381,0.026323983321525746,0.05,1,2.0,0.0,0.007692307692307693
2700,0.9264285714285714,0.017960682418953544,0.05,1,3.0,0.0,0.0026923076923076926
2701,0.9074285714285714,0.0270554502588366,0.05,1,2.0,0.0,0.006923076923076922
2702,0.9004285714285714,0.08093498738137705,0.05,1,4.0,0.0,0.005
2703,0.6072142857142857,0.027264019390049382,0.05,4,12.0,0.0,0.013846153846153845
2704,0.9104285714285714,0.031598112393157685,0.05,1,2.0,0.0,0.005769230769230769
2705,0.9154285714285714,0.043553673258990955,0.05,1,4.0,0.0,0.003076923076923077
2706,0.8021904761904762,0.013804012019136891,0.05,2,4.0,0.0,0.015000000000000001
2707,0.9214285714285714,0.026401683871364767,0.05,1,4.0,0.0,0.0023076923076923075
2708,0.8191904761904761,0.007117395411968708,0.05,2,4.0,0.0,0.01153846153846154
2709,0.8754285714285713,0.0193187471275309,0.05,1,2.0,0.0,0.011538461538461537
2710,0.7805238095238095,0.00617166455689544,0.05,2,9.0,0.0,0.00923076923076923
2711,0.6858412698412699,0.013526526055334812,0.05,3,12.0,0.0,0.01076923076923077
2712,0.6929523809523809,0.019603086058284536,0.05,3,7.0,0.0,0.01846153846153846
2713,0.9054285714285714,0.04906738078834605,0.05,1,3.0,0.0,0.005384615384615385
2714,0.8348571428571429,0.029551035283299942,0.05,2,7.0,0.0,0.003461538461538461
2715,0.48744285714285707,0.14624943260116458,0.05,5,12.0,0.0,0.021153846153846155
2716,0.9367619047619047,0.03158554745634323,0.05,1,1.0,0.0,0.0038461538461538464
2717,0.9244285714285714,0.04086001252571125,0.05,1,4.0,0.0,0.0019230769230769232
2718,0.9004285714285714,0.0027615154842283163,0.05,1,4.0,0.0,0.005
2719,0.9074285714285714,0.029024918322706483,0.05,1,2.0,0.0,0.006923076923076922
2720,0.12041666666666678,0.08578149368195305,0.05,8,25.0,0.0,0.03461538461538462
2721,0.8063571428571428,0.030444718729670306,0.05,2,7.0,0.0,0.006923076923076922
2722,0.8078571428571427,0.009942288564789237,0.05,2,4.0,0.0,0.013846153846153845
2723,0.6929523809523809,0.032088900811920285,0.05,3,7.0,0.0,0.01846153846153846
2724,0.7818571428571428,0.026716038455492863,0.05,2,6.0,0.0,0.013846153846153845
2725,0.827190476190476,0.012102773800707622,0.05,2,6.0,0.0,0.004615384615384615
2726,0.7152857142857142,0.024985074697205973,0.05,3,8.0,0.0,0.01153846153846154
2727,0.8305238095238094,0.0014716141467668864,0.05,2,4.0,0.0,0.00923076923076923
2728,0.8093571428571428,0.0019200519585271802,0.05,2,5.0,0.0,0.01
2729,0.8834285714285713,0.041367158911940316,0.05,1,5.0,0.0,0.006923076923076922
2730,0.9264285714285714,0.1491704063944106,0.05,1,3.0,0.0,0.0026923076923076926
2731,0.894095238095238,0.009582485684567654,0.05,1,1.0,0.0,0.01
2732,0.7908571428571428,0.015436946371201243,0.05,2,4.0,0.0,0.017307692307692305
2733,0.9234285714285714,0.035321231308987566,0.05,1,3.0,0.0,0.003076923076923077
2734,0.9124285714285714,0.024774011273140162,0.05,1,4.0,0.0,0.003461538461538461
2735,0.8984285714285714,0.009926040017856463,0.05,1,2.0,0.0,0.007307692307692308
2736,0.9314285714285714,0.021489965121035848,0.05,1,2.0,0.0,0.003076923076923077
2737,0.8238571428571427,0.02712814845666639,0.05,2,6.0,0.0,0.006153846153846154
2738,0.8727619047619047,0.05020885480273285,0.05,1,5.0,0.0,0.008461538461538461
2739,0.7056190476190476,0.2535178761833671,0.05,3,11.0,0.0,0.00923076923076923
2740,0.9184285714285714,0.03022409198838638,0.05,1,4.0,0.0,0.0026923076923076926
2741,0.6772857142857143,0.017748761236313155,0.05,3,9.0,0.0,0.017307692307692305
2742,0.8887619047619048,0.06358345810449939,0.05,1,5.0,0.0,0.006153846153846154
2743,0.9314285714285714,0.0419334360160708,0.05,1,2.0,0.0,0.003076923076923077
2744,0.9114285714285714,0.019789108178088766,0.05,1,3.0,0.0,0.004615384615384615
2745,0.7768571428571428,0.007732118969104307,0.05,2,6.0,0.0,0.016923076923076923
2746,0.7788571428571427,0.021448432496263214,0.05,2,7.0,0.0,0.01076923076923077
2747,0.8994285714285714,0.05423120824248118,0.05,1,5.0,0.0,0.004615384615384615
2748,0.9254285714285714,0.04343830115384195,0.05,1,2.0,0.0,0.0038461538461538464
2749,0.7025079365079365,0.21765272356183604,0.05,3,9.0,0.0,0.015384615384615385
2750,0.8013571428571428,0.0069080636135003815,0.05,2,7.0,0.0,0.006923076923076922
2751,0.9180952380952381,0.04038107021915782,0.05,1,2.0,0.0,0.005384615384615385
2752,0.9344285714285714,0.06520413419019966,0.05,1,2.0,0.0,0.0026923076923076926
2753,0.6567857142857143,0.0194889643820485,0.05,3,12.0,0.0,0.013846153846153845
2754,0.8994285714285714,0.017057603149550626,0.05,1,3.0,0.0,0.006153846153846154
2755,0.9154285714285714,0.09701410069882932,0.05,1,4.0,0.0,0.003076923076923077
2756,0.7323571428571429,0.04689685808511712,0.05,2,4.0,0.0,0.02423076923076923
2757,0.5647142857142857,0.01655598176424311,0.05,4,12.0,0.0,0.02153846153846154
2758,0.7167857142857141,0.02547352857005551,0.05,3,7.0,0.0,0.013846153846153845
2759,0.9020952380952381,0.02753238292195881,0.05,1,2.0,0.0,0.007692307692307693
2760,0.8934285714285713,0.03974291964197485,0.05,1,6.0,0.0,0.0038461538461538464
2761,0.7818571428571428,0.025126968217005663,0.05,2,6.0,0.0,0.013846153846153845
2762,0.6640079365079365,0.020266832557092274,0.05,3,9.0,0.0,0.02
2763,0.7818571428571428,0.02078796235928293,0.05,2,6.0,0.0,0.013846153846153845
2764,0.7680238095238096,0.014180752864065505,0.05,2,7.0,0.0,0.015000000000000001
2765,0.9344285714285714,0.048094471038457765,0.05,1,2.0,0.0,0.0026923076923076926
2766,0.6798968253968254,0.013215425288826946,0.05,3,9.0,0.0,0.016923076923076923
2767,0.8967619047619048,0.003946460918555661,0.05,1,2.0,0.0,0.008461538461538461
2768,0.7883571428571428,0.016984311323115453,0.05,2,7.0,0.0,0.01
2769,0.4731761904761904,0.027181618195256618,0.05,5,14.0,0.0,0.025384615384615387
2770,0.9064285714285714,0.08163352289707326,0.05,1,4.0,0.0,0.004230769230769231
2771,0.7673571428571428,0.016814580111011612,0.05,2,8.0,0.0,0.010384615384615384
2772,0.8994285714285714,0.028869547335530377,0.05,1,3.0,0.0,0.006153846153846154
2773,0.9144285714285714,0.020810197360279892,0.05,1,3.0,0.0,0.004230769230769231
2774,0.862095238095238,0.030558445627382747,0.05,1,5.0,0.0,0.01
2775,0.6647301587301587,0.02609265911885787,0.05,3,12.0,0.0,0.012307692307692308
2776,0.8158571428571427,0.009065487990934595,0.05,2,6.0,0.0,0.006923076923076922
2777,0.9324285714285714,0.022164614177058173,0.05,1,3.0,0.0,0.0019230769230769232
2778,0.8408571428571427,0.01649049691507304,0.05,2,5.0,0.0,0.004615384615384615
2779,0.8238571428571427,0.026468527251776952,0.05,2,6.0,0.0,0.006153846153846154
2780,0.6850079365079365,0.01743735675957625,0.05,3,7.0,0.0,0.02
2781,0.8058571428571427,0.014437560361813817,0.05,2,7.0,0.0,0.006153846153846154
2782,0.8964285714285714,0.03198728242723836,0.05,1,6.0,0.0,0.003461538461538461
2783,0.9020952380952381,0.02477914462976294,0.05,1,2.0,0.0,0.007692307692307693
2784,0.8215238095238095,0.006583795539329751,0.05,2,6.0,0.0,0.00576923076923077
2785,0.7755238095238095,0.04117879996345519,0.05,2,8.0,0.0,0.01153846153846154
2786,0.9024285714285714,0.04726557443380908,0.05,1,6.0,0.0,0.0026923076923076926
2787,0.9254285714285714,0.0387732260301602,0.05,1,2.0,0.0,0.0038461538461538464
2788,0.7878571428571428,0.011837662225390011,0.05,2,7.0,0.0,0.00923076923076923
2789,0.9204285714285714,0.05838396567809112,0.05,1,3.0,0.0,0.003461538461538461
2790,0.8361904761904762,0.004148895500281635,0.05,2,4.0,0.0,0.008076923076923077
2791,0.7928571428571427,0.00458746233502122,0.05,2,6.0,0.0,0.013846153846153845
2792,0.9144285714285714,0.018729177624251858,0.05,1,3.0,0.0,0.004230769230769231
2793,0.6806190476190476,0.023106851578780452,0.05,3,12.0,0.0,0.00923076923076923
2794,0.8133571428571428,0.004311498697409766,0.05,2,5.0,0.0,0.008461538461538461
2795,0.8884285714285713,0.00951463606419456,0.05,1,4.0,0.0,0.006538461538461539
2796,0.7801904761904761,0.021791293362723674,0.05,2,4.0,0.0,0.016153846153846154
2797,0.4386428571428571,0.17790408806177432,0.05,5,18.0,0.0,0.020769230769230766
2798,0.9064285714285714,0.08124464771577589,0.05,1,4.0,0.0,0.004230769230769231
2799,0.8727619047619047,0.026547884142102185,0.05,1,5.0,0.0,0.008461538461538461
2800,0.8844285714285713,0.019833508289872626,0.05,1,6.0,0.0,0.005
2801,0.8328571428571427,0.02131337211039619,0.05,2,6.0,0.0,0.004615384615384615
2802,0.8418571428571427,0.010138330090624426,0.05,2,4.0,0.0,0.006923076923076922
2803,0.7413571428571428,0.041277101759799706,0.05,2,8.0,0.0,0.017307692307692305
2804,0.9064285714285714,0.07312018294419831,0.05,1,4.0,0.0,0.004230769230769231
2805,0.9114285714285714,0.02947380140827882,0.05,1,3.0,0.0,0.004615384615384615
2806,0.6456190476190475,0.23622291680286853,0.05,3,10.0,0.0,0.023076923076923075
2807,0.7345238095238095,0.02565429669329794,0.05,2,8.0,0.0,0.01846153846153846
2808,0.7781904761904762,0.013309466663044445,0.05,2,7.0,0.0,0.015000000000000001
2809,0.8964285714285714,0.047183217169937786,0.05,1,6.0,0.0,0.003461538461538461
2810,0.9024285714285714,0.03454556911028195,0.05,1,3.0,0.0,0.005769230769230769
2811,0.8058571428571427,0.014876078071782928,0.05,2,7.0,0.0,0.006153846153846154
2812,0.9344285714285714,0.02234096860893231,0.05,1,2.0,0.0,0.0026923076923076926
2813,0.8904285714285713,0.03646489545294396,0.05,1,6.0,0.0,0.004230769230769231
2814,0.7748571428571429,0.013411622804728851,0.05,2,9.0,0.0,0.010384615384615384
2815,0.7521904761904763,0.016635966381834233,0.05,2,9.0,0.0,0.015000000000000001
2816,0.6494642857142856,0.15851145072772044,0.05,4,10.0,0.0,0.009615384615384616
2817,0.8934285714285713,0.03353901699042816,0.05,1,6.0,0.0,0.0038461538461538464
2818,0.9034285714285714,0.027198305933091804,0.05,1,4.0,0.0,0.004615384615384615
2819,0.9214285714285714,0.04247847533978266,0.05,1,4.0,0.0,0.0023076923076923075
2820,0.7833571428571428,0.018793264170522073,0.05,2,7.0,0.0,0.01
2821,0.5772142857142857,0.030020847110367538,0.05,4,12.0,0.0,0.02
2822,0.8075238095238095,0.009714370108762582,0.05,2,4.0,0.0,0.01153846153846154
2823,0.8994285714285714,0.003290903782777632,0.05,1,1.0,0.0,0.00923076923076923
2824,0.7550238095238095,0.027123835936196272,0.05,2,8.0,0.0,0.015000000000000001
2825,0.8273571428571428,0.01432306779473752,0.05,2,5.0,0.0,0.006923076923076922
2826,0.7723571428571429,0.023888939456504554,0.05,2,9.0,0.0,0.01
2827,0.8807619047619047,0.0065311991060914565,0.05,1,2.0,0.0,0.01076923076923077
2828,0.8834285714285713,0.0391736456348305,0.05,1,5.0,0.0,0.006923076923076922
2829,0.878095238095238,0.05840329733855243,0.05,1,5.0,0.0,0.007692307692307693
2830,0.9144285714285714,0.03521497265520679,0.05,1,3.0,0.0,0.004230769230769231
2831,0.6858412698412699,0.017008645465272476,0.05,3,12.0,0.0,0.01076923076923077
2832,0.8133571428571428,0.0035889072915563647,0.05,2,5.0,0.0,0.008461538461538461
2833,0.8967619047619048,0.0035518148267000837,0.05,1,2.0,0.0,0.008461538461538461
2834,0.8003571428571428,0.009729786940181395,0.05,2,5.0,0.0,0.011538461538461537
2835,0.485797619047619,0.18096472462536892,0.05,4,12.0,0.0,0.029615384615384616
2836,0.7833571428571428,0.0140220433833389,0.05,2,7.0,0.0,0.01
2837,0.9194285714285714,0.005106871748039032,0.05,1,2.0,0.0,0.004615384615384615
2838,0.8158571428571427,0.0129461256567317,0.05,2,7.0,0.0,0.006923076923076922
2839,0.6456190476190475,0.18367250103362623,0.05,3,10.0,0.0,0.023076923076923075
2840,0.9174285714285714,0.048574471436173106,0.05,1,3.0,0.0,0.0038461538461538464
2841,0.8363571428571428,0.01352801843532131,0.05,2,5.0,0.0,0.005384615384615385
2842,0.9404285714285714,0.06580238525322701,0.05,1,2.0,0.0,0.0019230769230769232
2843,0.8045238095238094,0.010563891009192639,0.05,2,6.0,0.0,0.00923076923076923
2844,0.6798968253968254,0.01750283732356391,0.05,3,9.0,0.0,0.016923076923076923
2845,0.8083571428571429,0.014120778649264032,0.05,2,9.0,0.0,0.0038461538461538464
2846,0.9174285714285714,0.04371702429255575,0.05,1,3.0,0.0,0.0038461538461538464
2847,0.7705238095238094,0.0201778333241876,0.05,2,6.0,0.0,0.016153846153846154
2848,0.6460079365079364,0.03374688041675378,0.05,3,10.0,0.0,0.02
2849,0.9124285714285714,0.02447193448810503,0.05,1,4.0,0.0,0.003461538461538461
2850,0.8280238095238095,0.008042541027581673,0.05,2,4.0,0.0,0.008076923076923077
2851,0.9174285714285714,0.034693475389686146,0.05,1,3.0,0.0,0.0038461538461538464
2852,0.5077142857142857,0.36267461912325827,0.05,4,13.0,0.0,0.03230769230769231
2853,0.9294285714285714,0.05134532186330021,0.05,1,3.0,0.0,0.0023076923076923075
2854,0.9174285714285714,0.01985625986182671,0.05,1,3.0,0.0,0.0038461538461538464
2855,0.9144285714285714,0.1286358237541757,0.05,1,3.0,0.0,0.004230769230769231
2856,0.8058571428571427,0.008887743844511964,0.05,2,6.0,0.0,0.00923076923076923
2857,0.8784285714285713,0.018590806190277087,0.05,1,6.0,0.0,0.005769230769230769
2858,0.8363571428571428,0.05092617610150779,0.05,2,5.0,0.0,0.005384615384615385
2859,0.8143571428571428,0.008326601132740807,0.05,2,4.0,0.0,0.010384615384615384
2860,0.8994285714285714,0.016210789676970205,0.05,1,3.0,0.0,0.006153846153846154
2861,0.8228571428571427,0.04320199872531977,0.05,2,5.0,0.0,0.007692307692307693
2862,0.8964285714285714,0.03473172557124937,0.05,1,6.0,0.0,0.003461538461538461
2863,0.9234285714285714,0.010948152759352348,0.05,1,3.0,0.0,0.003076923076923077
2864,0.8727619047619047,0.05059873433629092,0.05,1,5.0,0.0,0.008461538461538461
2865,0.9104285714285714,0.02545091987122483,0.05,1,2.0,0.0,0.005769230769230769
2866,0.9184285714285714,0.02143682754222498,0.05,1,4.0,0.0,0.0026923076923076926
2867,0.6857301587301585,0.02854515700574319,0.05,3,10.0,0.0,0.012307692307692308
2868,0.9074285714285714,0.026857567863668552,0.05,1,2.0,0.0,0.006923076923076922
2869,0.7821904761904761,0.006941726545748594,0.05,2,8.0,0.0,0.01153846153846154
2870,0.9094285714285714,0.03721146881325721,0.05,1,4.0,0.0,0.0038461538461538464
2871,0.9374285714285714,0.05696351027817392,0.05,1,2.0,0.0,0.0023076923076923075
2872,0.7611904761904761,0.006807704345769383,0.05,2,7.0,0.0,0.01846153846153846
2873,0.7563571428571427,0.032173497052884525,0.05,2,7.0,0.0,0.014615384615384615
2874,0.8088571428571428,0.012154296475885729,0.05,2,6.0,0.0,0.01076923076923077
2875,0.6832857142857143,0.01304010422592087,0.05,3,9.0,0.0,0.016153846153846154
2876,0.7895238095238095,0.007642281865830658,0.05,2,7.0,0.0,0.012692307692307694
2877,0.7635238095238096,0.015617912246545462,0.05,2,9.0,0.0,0.012692307692307694
2878,0.7368571428571428,0.024586191156581838,0.05,2,6.0,0.0,0.024615384615384615
2879,0.9154285714285714,0.03949032193193147,0.05,1,4.0,0.0,0.003076923076923077
2880,0.9114285714285714,0.0544071911586167,0.05,1,3.0,0.0,0.004615384615384615
2881,0.6142301587301585,0.0349125818776936,0.05,3,10.0,0.0,0.026153846153846156
2882,0.9154285714285714,0.007093659377375605,0.05,1,1.0,0.0,0.006923076923076922
2883,0.7468571428571428,0.015008580201444965,0.05,2,8.0,0.0,0.013846153846153845
2884,0.8013571428571428,0.011467231915368692,0.05,2,7.0,0.0,0.006923076923076922
2885,0.7247301587301586,0.024908780949669602,0.05,3,7.0,0.0,0.012307692307692308
2886,0.9434285714285714,0.057267159250356525,0.05,1,2.0,0.0,0.0015384615384615385
2887,0.7016190476190475,0.02041955427491915,0.05,3,10.0,0.0,0.00923076923076923
2888,0.6815079365079364,0.24120558010046297,0.05,3,8.0,0.0,0.021153846153846155
2889,-2.5525,0.4302228103411481,0.05,8,22.0,0.0,0.057692307692307696
2890,0.9004285714285714,0.020541289738738255,0.05,1,4.0,0.0,0.005
2891,0.9284285714285714,0.013596184573235082,0.05,1,2.0,0.0,0.003461538461538461
2892,0.8944285714285714,0.011230627805804416,0.05,1,4.0,0.0,0.005769230769230769
2893,0.7708571428571427,0.0010714863035932165,0.05,2,8.0,0.0,0.013846153846153845
2894,0.7878571428571428,0.009468277452622686,0.05,2,8.0,0.0,0.010384615384615384
2895,0.8280238095238095,0.00815700497989541,0.05,2,4.0,0.0,0.008076923076923077
2896,0.8633571428571428,0.026622186104025447,0.05,2,5.0,0.0,0.0007692307692307692
2897,0.9047619047619048,0.004282373227028513,0.05,1,1.0,0.0,0.008461538461538461
2898,0.8045238095238094,0.005328874288049235,0.05,2,6.0,0.0,0.00923076923076923
2899,0.7116746031746033,0.013804458413946138,0.05,3,9.0,0.0,0.01076923076923077
2900,0.7903571428571429,0.014328314647281792,0.05,2,9.0,0.0,0.006923076923076922
2901,0.8228571428571427,0.010962588647195015,0.05,2,5.0,0.0,0.007692307692307693
2902,0.8994285714285714,0.042239427941440755,0.05,1,6.0,0.0,0.003076923076923077
2903,0.8193571428571428,0.017127122371076886,0.05,2,7.0,0.0,0.0038461538461538464
2904,0.8008571428571428,0.00857094643586409,0.05,2,7.0,0.0,0.010384615384615384
2905,0.7012857142857143,0.010281309937543096,0.05,3,9.0,0.0,0.012692307692307694
2906,0.6567857142857143,0.01869180567300847,0.05,3,12.0,0.0,0.013846153846153845
2907,0.7875238095238095,0.011605384679049091,0.05,2,6.0,0.0,0.012692307692307694
2908,0.8305238095238094,0.009390873609845363,0.05,2,4.0,0.0,0.00923076923076923
2909,0.8248571428571428,0.007474037821368462,0.05,2,4.0,0.0,0.010384615384615384
2910,0.9114285714285714,0.05719177493366934,0.05,1,3.0,0.0,0.004615384615384615
2911,0.8418571428571427,0.008679679266059726,0.05,2,4.0,0.0,0.006923076923076922
2912,0.9204285714285714,0.041930114987652645,0.05,1,3.0,0.0,0.003461538461538461
2913,0.6221746031746032,0.03265948212531222,0.05,3,10.0,0.0,0.024615384615384615
2914,0.9020952380952381,0.019933774084876843,0.05,1,2.0,0.0,0.007692307692307693
2915,0.7878571428571427,0.01993985818151206,0.05,2,6.0,0.0,0.012307692307692308
2916,0.9044285714285714,0.017489054619501676,0.05,1,2.0,0.0,0.006538461538461539
2917,0.9034285714285714,0.024995587545520892,0.05,1,4.0,0.0,0.004615384615384615
2918,0.7765238095238095,0.003477078842143655,0.05,2,8.0,0.0,0.012692307692307694
2919,0.8008571428571428,0.008029443537163505,0.05,2,7.0,0.0,0.010384615384615384
2920,0.8143571428571428,0.01846895713142649,0.05,2,4.0,0.0,0.010384615384615384
2921,0.7635238095238096,0.010370347329824836,0.05,2,9.0,0.0,0.012692307692307694
2922,0.8028571428571427,0.016468955051386458,0.05,2,8.0,0.0,0.006923076923076922
2923,0.8363571428571428,0.017656306158164548,0.05,2,5.0,0.0,0.005384615384615385
2924,0.6798968253968254,0.010251234893109454,0.05,3,9.0,0.0,0.016923076923076923
2925,0.8887619047619048,0.05842111744363809,0.05,1,5.0,0.0,0.006153846153846154
2926,0.8178571428571427,0.016020116306234622,0.05,2,7.0,0.0,0.006923076923076922
2927,0.9114285714285714,0.05703280392664489,0.05,1,3.0,0.0,0.004615384615384615
2928,0.9064285714285714,0.0889916392736626,0.05,1,4.0,0.0,0.004230769230769231
2929,0.8148571428571427,0.015521815099792502,0.05,2,7.0,0.0,0.004615384615384615
2930,0.886095238095238,0.0019403966763891223,0.05,1,2.0,0.0,0.01
2931,0.9084285714285714,0.02573710348888736,0.05,1,3.0,0.0,0.005
2932,0.6072142857142857,0.022601099726168056,0.05,4,12.0,0.0,0.013846153846153845
2933,0.5822142857142858,0.1246557139419751,0.05,4,12.0,0.0,0.019230769230769232
2934,0.7072857142857143,0.006900430665967239,0.05,3,9.0,0.0,0.01153846153846154
2935,0.7180634920634921,0.20005715229938767,0.05,3,9.0,0.0,0.012307692307692308
2936,0.9144285714285714,0.0008533374834170937,0.05,1,3.0,0.0,0.004230769230769231
2937,0.9074285714285714,0.013863300010696689,0.05,1,2.0,0.0,0.006923076923076922
2938,0.8358571428571427,0.01454951836617846,0.05,2,5.0,0.0,0.004615384615384615
2939,0.7953571428571428,0.012868173696486462,0.05,2,7.0,0.0,0.010384615384615384
2940,0.9184285714285714,0.01929314478800248,0.05,1,4.0,0.0,0.0026923076923076926
2941,0.9244285714285714,0.11117184309887862,0.05,1,4.0,0.0,0.0019230769230769232
2942,0.8088571428571428,0.012042074604503128,0.05,2,6.0,0.0,0.01076923076923077
2943,0.9154285714285714,0.006812530762340896,0.05,1,1.0,0.0,0.006923076923076922
2944,0.8594285714285714,0.024920309657916362,0.05,1,2.0,0.0,0.013846153846153845
2945,0.7948571428571428,0.014415479857376456,0.05,2,9.0,0.0,0.006153846153846154
2946,0.9344285714285714,0.02191413254557628,0.05,1,2.0,0.0,0.0026923076923076926
2947,0.7468571428571428,0.016553355480011578,0.05,2,8.0,0.0,0.013846153846153845
2948,0.7092857142857142,0.18319544353605235,0.05,3,8.0,0.0,0.012692307692307694
2949,0.6952857142857143,0.008761322043723707,0.05,3,9.0,0.0,0.013846153846153845
2950,0.9004285714285714,0.01949602879096879,0.05,1,4.0,0.0,0.005
2951,0.7016190476190475,0.02413605092160065,0.05,3,10.0,0.0,0.00923076923076923
2952,0.8215238095238095,0.005565675929950165,0.05,2,6.0,0.0,0.00576923076923077
2953,0.7788571428571427,0.020629910716290112,0.05,2,7.0,0.0,0.01076923076923077
2954,0.7953571428571428,0.009656227393712247,0.05,2,7.0,0.0,0.010384615384615384
2955,0.9204285714285714,0.006768003735075356,0.05,1,3.0,0.0,0.003461538461538461
2956,0.7212857142857142,0.15720091320059193,0.05,3,8.0,0.0,0.010384615384615384
2957,0.9214285714285714,0.03854642591187196,0.05,1,4.0,0.0,0.0023076923076923075
2958,0.8148571428571427,0.019971486310647824,0.05,2,6.0,0.0,0.007692307692307693
2959,0.40937619047619045,0.11640231787239044,0.05,5,14.0,0.0,0.03923076923076923
2960,0.7890238095238095,0.3759281049257356,0.05,2,7.0,0.0,0.008076923076923077
2961,0.9180952380952381,0.05037997269842609,0.05,1,2.0,0.0,0.005384615384615385
2962,0.8514285714285713,0.015245672365940877,0.05,1,5.0,0.0,0.011538461538461537
2963,0.9314285714285714,0.01523656611591162,0.05,1,2.0,0.0,0.003076923076923077
2964,0.8138571428571427,0.012577008530630096,0.05,2,5.0,0.0,0.00923076923076923
2965,0.7392857142857142,0.11523951729899767,0.05,3,8.0,0.0,0.006923076923076922
2966,0.8994285714285714,0.009868722313893241,0.05,1,1.0,0.0,0.00923076923076923
2967,0.7678571428571428,0.015866315831825795,0.05,2,9.0,0.0,0.01076923076923077
2968,0.7960238095238095,0.012403595680247403,0.05,2,8.0,0.0,0.008076923076923077
2969,0.8844285714285713,0.029414024090855695,0.05,1,6.0,0.0,0.005
2970,0.8807619047619047,0.008008642095250207,0.05,1,2.0,0.0,0.01076923076923077
2971,0.8103571428571428,0.01764129523967123,0.05,2,6.0,0.0,0.008461538461538461
2972,0.8135238095238095,0.010682870675695066,0.05,2,4.0,0.0,0.012692307692307694
2973,0.3482380952380951,0.1485465756627595,0.05,7,18.0,0.0,0.015384615384615384
2974,0.6488412698412698,0.017727335739492145,0.05,3,12.0,0.0,0.015384615384615385
2975,0.9284285714285714,0.04209400699368282,0.05,1,2.0,0.0,0.003461538461538461
2976,0.8183571428571428,0.00864222749958321,0.05,2,5.0,0.0,0.008461538461538461
2977,0.8994285714285714,0.05676084082960198,0.05,1,5.0,0.0,0.004615384615384615
2978,0.9214285714285714,0.02036383030920219,0.05,1,4.0,0.0,0.0023076923076923075
2979,0.6993968253968254,0.024230282214115828,0.05,3,12.0,0.0,0.007692307692307693
2980,0.7895238095238095,0.008012575214944195,0.05,2,7.0,0.0,0.012692307692307694
2981,0.6587301587301587,0.02276396592183501,0.05,3,12.0,0.0,0.016923076923076923
2982,0.8448571428571428,0.012673029466360453,0.05,2,5.0,0.0,0.003076923076923077
2983,0.5572142857142857,0.07705053370283713,0.05,4,12.0,0.0,0.023076923076923075
2984,0.7521904761904763,0.01636023986488544,0.05,2,9.0,0.0,0.015000000000000001
2985,0.8498571428571428,0.020362468470614348,0.05,2,5.0,0.0,0.003076923076923077
2986,0.9344285714285714,0.04328502393461198,0.05,1,2.0,0.0,0.0026923076923076926
2987,0.8138571428571427,0.006301131463772147,0.05,2,5.0,0.0,0.00923076923076923
2988,0.8148571428571427,0.013242798059054206,0.05,2,7.0,0.0,0.004615384615384615
2989,0.4838095238095238,0.061611272072168766,0.05,5,14.0,0.0,0.02307692307692308
2990,0.9020952380952381,0.028541111219058557,0.05,1,2.0,0.0,0.007692307692307693
2991,0.8361904761904762,0.0049649448947149954,0.05,2,4.0,0.0,0.008076923076923077
2992,0.886095238095238,0.005769999021283723,0.05,1,2.0,0.0,0.01
2993,0.7951904761904761,0.010388010079367904,0.05,2,7.0,0.0,0.01153846153846154
2994,0.8065238095238094,0.015858796305401768,0.05,2,7.0,0.0,0.00923076923076923
2995,0.9174285714285714,0.0030912033615678736,0.05,1,3.0,0.0,0.0038461538461538464
2996,0.7392857142857142,0.06106647407015997,0.05,3,8.0,0.0,0.006923076923076922
2997,0.7991904761904761,0.013324892189553572,0.05,2,8.0,0.0,0.008076923076923077
2998,0.7498571428571428,0.02233108449040655,0.05,2,9.0,0.0,0.013846153846153845
2999,0.9234285714285714,0.1409171074767691,0.05,1,3.0,0.0,0.003076923076923077
3000,0.8834285714285713,0.0494520163202089,0.05,1,5.0,0.0,0.006923076923076922
3001,0.4731761904761904,0.05773161489662628,0.05,5,14.0,0.0,0.025384615384615387
3002,0.6912857142857142,0.038510412537899774,0.05,3,8.0,0.0,0.016153846153846154
3003,0.6712857142857143,0.011994417808649072,0.05,3,9.0,0.0,0.01846153846153846
3004,0.9154285714285714,0.013038186595500156,0.05,1,1.0,0.0,0.006923076923076922
3005,0.8228571428571427,0.010559129236940967,0.05,2,5.0,0.0,0.007692307692307693
3006,0.7838571428571428,0.019180137943225706,0.05,2,7.0,0.0,0.01076923076923077
3007,0.8043571428571428,0.017889368866409905,0.05,2,5.0,0.0,0.01
3008,0.9054285714285714,0.024677756249917304,0.05,1,3.0,0.0,0.005384615384615385
3009,0.9154285714285714,0.007118149917496042,0.05,1,1.0,0.0,0.006923076923076922
3010,0.704952380952381,0.30926018994633403,0.05,3,9.0,0.0,0.011538461538461537
3011,0.8108571428571427,0.023683298657998064,0.05,2,7.0,0.0,0.006153846153846154
3012,0.7810238095238095,0.012982999408614027,0.05,2,8.0,0.0,0.008076923076923077
3013,0.8075238095238095,0.014333874774952182,0.05,2,4.0,0.0,0.01153846153846154
3014,0.7935238095238094,0.009998609288621008,0.05,2,8.0,0.0,0.00923076923076923
3015,0.7167857142857141,0.06334525802713098,0.05,3,7.0,0.0,0.013846153846153845
3016,0.9254285714285714,0.029956521541150805,0.05,1,2.0,0.0,0.0038461538461538464
3017,0.6587301587301587,0.026346309680645146,0.05,3,12.0,0.0,0.016923076923076923
3018,0.9264285714285714,0.011782083025411061,0.05,1,3.0,0.0,0.0026923076923076926
3019,0.9194285714285714,0.00472271929101864,0.05,1,2.0,0.0,0.004615384615384615
3020,0.854095238095238,0.026807000880844645,0.05,1,2.0,0.0,0.014615384615384615
3021,0.9447619047619047,0.06654036587390655,0.05,1,2.0,0.0,0.0015384615384615385
3022,0.8328571428571427,0.011003927519783407,0.05,2,6.0,0.0,0.004615384615384615
3023,0.7116746031746033,0.01079943353398057,0.05,3,9.0,0.0,0.01076923076923077
3024,0.8807619047619047,0.006189774610383281,0.05,1,2.0,0.0,0.01076923076923077
3025,0.8994285714285714,0.0001293661243559896,0.05,1,3.0,0.0,0.006153846153846154
3026,0.7816904761904762,0.0071571452039974615,0.05,2,7.0,0.0,0.012692307692307694
3027,0.8015238095238094,0.011095434673172477,0.05,2,8.0,0.0,0.004615384615384615
3028,0.7247301587301586,0.055960154599544176,0.05,3,7.0,0.0,0.012307692307692308
3029,0.5872142857142857,0.05015127865875538,0.05,4,12.0,0.0,0.016923076923076923
3030,0.8191904761904761,0.010707433148964773,0.05,2,4.0,0.0,0.01153846153846154
3031,0.8348571428571427,0.00804276818252353,0.05,2,4.0,0.0,0.006923076923076922
3032,0.8318571428571427,0.011071602357873578,0.05,2,5.0,0.0,0.006153846153846154
3033,0.9034285714285714,0.021691167183636395,0.05,1,4.0,0.0,0.004615384615384615
3034,0.7938571428571428,0.015949808439205015,0.05,2,4.0,0.0,0.013846153846153845
3035,0.8844285714285713,0.04732232288536031,0.05,1,6.0,0.0,0.005
3036,0.9234285714285714,0.04702033343048606,0.05,1,2.0,0.0,0.004615384615384615
3037,0.6329523809523809,0.016733070479711138,0.05,3,12.0,0.0,0.01846153846153846
3038,0.8181904761904761,0.43780549437992,0.05,2,5.0,0.0,0.008076923076923077
3039,0.862095238095238,0.028798456405368822,0.05,1,5.0,0.0,0.01
3040,0.5847142857142857,0.019535881291325607,0.05,4,12.0,0.0,0.01846153846153846
3041,0.9114285714285714,0.03020419668314156,0.05,1,3.0,0.0,0.004615384615384615
3042,0.9294285714285714,0.06737433901350454,0.05,1,3.0,0.0,0.0023076923076923075
3043,0.8048571428571427,0.005289438486168141,0.05,2,5.0,0.0,0.01076923076923077
3044,0.9054285714285714,0.11276715365741874,0.05,1,3.0,0.0,0.005384615384615385
3045,0.9254285714285714,0.02696086938703568,0.05,1,2.0,0.0,0.0038461538461538464
3046,0.7282857142857142,0.2764875164538757,0.05,3,8.0,0.0,0.008076923076923077
3047,0.9127619047619048,0.03165163342077082,0.05,1,2.0,0.0,0.006153846153846154
3048,0.9464285714285714,0.06607104733255698,0.05,1,2.0,0.0,0.0011538461538461537
3049,0.6287301587301587,0.24564586940690417,0.05,3,9.0,0.0,0.025
3050,0.9174285714285714,0.017883570488079648,0.05,1,3.0,0.0,0.0038461538461538464
3051,0.9124285714285714,0.10126341994925603,0.05,1,4.0,0.0,0.003461538461538461
3052,0.9204285714285714,0.052430357458081556,0.05,1,3.0,0.0,0.003461538461538461
3053,0.9134285714285714,0.026463942599301293,0.05,1,2.0,0.0,0.005384615384615385
3054,0.8013571428571428,0.015969803022332474,0.05,2,7.0,0.0,0.006923076923076922
3055,0.8964285714285714,0.04386472832413857,0.05,1,6.0,0.0,0.003461538461538461
3056,0.5369761904761905,0.05118214871467995,0.05,5,14.0,0.0,0.01153846153846154
3057,0.7008968253968253,0.033783112848455,0.05,3,7.0,0.0,0.016923076923076923
3058,0.6929523809523809,0.02817258712849798,0.05,3,7.0,0.0,0.01846153846153846
3059,0.9344285714285714,0.019250447361916834,0.05,1,2.0,0.0,0.0026923076923076926
3060,0.6022142857142857,0.04489301135795831,0.05,4,12.0,0.0,0.013846153846153845
3061,0.6878412698412698,0.00857684570319761,0.05,3,9.0,0.0,0.015384615384615385
3062,0.9254285714285714,0.00832540262572512,0.05,1,2.0,0.0,0.0038461538461538464
3063,0.9134285714285714,0.0045071376368474025,0.05,1,2.0,0.0,0.005384615384615385
3064,0.8305238095238094,0.006193610752798451,0.05,2,4.0,0.0,0.00923076923076923
3065,0.7012857142857143,0.006005458518823244,0.05,3,9.0,0.0,0.012692307692307694
3066,0.7823571428571428,0.00547971211265047,0.05,2,8.0,0.0,0.010384615384615384
3067,0.8093571428571428,0.05440015076832955,0.05,2,5.0,0.0,0.01
3068,0.9004285714285714,0.016107565025224035,0.05,1,4.0,0.0,0.005
3069,0.9384285714285714,0.05418377701482746,0.05,1,3.0,0.0,0.0011538461538461537
3070,0.9404285714285714,0.05477809224618824,0.05,1,2.0,0.0,0.0019230769230769232
3071,0.9384285714285714,0.04876539931334467,0.05,1,3.0,0.0,0.0011538461538461537
3072,0.9204285714285714,0.019095213439271674,0.05,1,3.0,0.0,0.003461538461538461
3073,0.6635079365079366,0.23433148015763128,0.05,3,12.0,0.0,0.015384615384615385
3074,0.8183571428571428,0.007334556293396466,0.05,2,5.0,0.0,0.008461538461538461
3075,0.9124285714285714,0.009327447278281942,0.05,1,4.0,0.0,0.003461538461538461
3076,0.6952857142857143,0.006703492854266413,0.05,3,9.0,0.0,0.013846153846153845
3077,0.8934285714285713,0.036478255491724676,0.05,1,6.0,0.0,0.0038461538461538464
3078,0.9214285714285714,0.03549680852270165,0.05,1,4.0,0.0,0.0023076923076923075
3079,0.9114285714285714,0.030546125419575798,0.05,1,3.0,0.0,0.004615384615384615
3080,0.9084285714285714,0.013888859382010121,0.05,1,3.0,0.0,0.005
3081,0.8313571428571428,0.011344057675391483,0.05,2,5.0,0.0,0.005384615384615385
3082,0.9164285714285714,0.02759293636257687,0.05,1,2.0,0.0,0.005
3083,0.7870238095238096,0.019162516805962482,0.05,2,4.0,0.0,0.015000000000000001
3084,0.7116746031746033,0.006124252094922437,0.05,3,9.0,0.0,0.01076923076923077
3085,0.9284285714285714,0.010712909504320467,0.05,1,2.0,0.0,0.003461538461538461
3086,0.6488412698412698,0.014612391990708592,0.05,3,12.0,0.0,0.015384615384615385
3087,0.7801904761904761,0.022367603496750987,0.05,2,4.0,0.0,0.016153846153846154
3088,0.6372142857142857,0.01751132270644276,0.05,4,12.0,0.0,0.007692307692307693
3089,0.9324285714285714,0.1295407889068524,0.05,1,3.0,0.0,0.0019230769230769232
3090,0.9174285714285714,0.014185692095344482,0.05,1,3.0,0.0,0.0038461538461538464
3091,0.7678571428571428,0.01857487128433133,0.05,2,9.0,0.0,0.01076923076923077
3092,0.9234285714285714,0.03709586951732169,0.05,1,2.0,0.0,0.004615384615384615
3093,0.5258809523809524,0.15819405998262706,0.05,4,14.0,0.0,0.030000000000000002
3094,0.7741904761904761,0.023744853922788467,0.05,2,8.0,0.0,0.00923076923076923
3095,0.7265079365079364,0.27009697438330854,0.05,3,6.0,0.0,0.015384615384615385
3096,0.7968571428571427,0.027430816612905917,0.05,2,7.0,0.0,0.007692307692307693
3097,0.7931904761904761,0.022191569243576126,0.05,2,6.0,0.0,0.01153846153846154
3098,0.8295238095238094,0.016816233143541193,0.05,2,7.0,0.0,0.004615384615384615
3099,0.8727619047619047,0.046380487472900245,0.05,1,5.0,0.0,0.008461538461538461
3100,0.8008571428571428,0.013204848374443412,0.05,2,6.0,0.0,0.012307692307692308
3101,0.6797857142857142,0.3336648706544314,0.05,3,11.0,0.0,0.013846153846153845
3102,0.7923571428571428,0.02350369792279816,0.05,2,7.0,0.0,0.008461538461538461
3103,0.8887619047619048,0.05562533771019207,0.05,1,5.0,0.0,0.006153846153846154
3104,0.7878571428571428,0.006098780690647121,0.05,2,8.0,0.0,0.010384615384615384
3105,0.8078571428571427,0.012236451363078216,0.05,2,4.0,0.0,0.013846153846153845
3106,0.8003571428571428,0.011162015867526798,0.05,2,5.0,0.0,0.011538461538461537
3107,0.9204285714285714,0.051494414671104494,0.05,1,3.0,0.0,0.003461538461538461
3108,0.8013571428571428,0.017043391526248286,0.05,2,6.0,0.0,0.01
3109,0.6785079365079365,0.2317458703614965,0.05,3,11.0,0.0,0.015384615384615385
3110,0.8013571428571428,0.016255770525995195,0.05,2,7.0,0.0,0.006923076923076922
3111,0.9180952380952381,0.03407305113442738,0.05,1,2.0,0.0,0.005384615384615385
3112,0.7768571428571428,0.003810302064458704,0.05,2,6.0,0.0,0.016923076923076923
3113,0.6936746031746032,0.03491658338724527,0.05,3,10.0,0.0,0.01076923076923077
3114,0.9100952380952381,0.009401407332831346,0.05,1,1.0,0.0,0.007692307692307693
3115,0.8964285714285714,0.04436938342812058,0.05,1,6.0,0.0,0.003461538461538461
3116,0.7951904761904761,0.009779151314925794,0.05,2,7.0,0.0,0.01153846153846154
3117,0.9174285714285714,0.0358995044469993,0.05,1,3.0,0.0,0.0038461538461538464
3118,0.8135238095238095,0.008406016117859738,0.05,2,4.0,0.0,0.012692307692307694
3119,0.5369761904761905,0.14135593718242698,0.05,5,14.0,0.0,0.01153846153846154
3120,0.7705238095238094,0.023767040207161416,0.05,2,6.0,0.0,0.016153846153846154
3121,0.9324285714285714,0.02776712288581007,0.05,1,3.0,0.0,0.0019230769230769232
3122,0.9154285714285714,0.08222111962851486,0.05,1,5.0,0.0,0.0023076923076923075
3123,0.8138571428571427,0.0017673310986133228,0.05,2,5.0,0.0,0.00923076923076923
3124,0.6770634920634919,0.014349707302666678,0.05,3,7.0,0.0,0.02153846153846154
3125,0.894095238095238,0.007538733400451747,0.05,1,1.0,0.0,0.01
3126,0.6587301587301587,0.027299104890306514,0.05,3,12.0,0.0,0.016923076923076923
3127,0.8045238095238094,0.011180501285593947,0.05,2,6.0,0.0,0.00923076923076923
3128,0.679063492063492,0.02191977285193684,0.05,3,12.0,0.0,0.012307692307692308
3129,0.7923571428571428,0.019264194804582913,0.05,2,7.0,0.0,0.008461538461538461
3130,0.8694285714285713,0.012932445085308442,0.05,1,6.0,0.0,0.006923076923076922
3131,0.8133571428571428,0.015571332004441885,0.05,2,5.0,0.0,0.008461538461538461
3132,0.7432857142857143,0.011789814332258527,0.05,3,9.0,0.0,0.004615384615384615
3133,0.9274285714285714,0.03794712767043151,0.05,1,4.0,0.0,0.0015384615384615385
3134,0.6022142857142857,0.044422324463525925,0.05,4,12.0,0.0,0.013846153846153845
3135,0.8135238095238095,0.007052810651760999,0.05,2,4.0,0.0,0.012692307692307694
3136,0.7928571428571427,0.004446551222690498,0.05,2,6.0,0.0,0.013846153846153845
3137,0.7858571428571428,0.012509707306287754,0.05,2,9.0,0.0,0.007692307692307693
3138,0.6618968253968253,0.029404324815131926,0.05,3,10.0,0.0,0.016923076923076923
3139,0.6857301587301585,0.024469799883960402,0.05,3,10.0,0.0,0.012307692307692308
3140,0.9064285714285714,0.025326988275888418,0.05,1,4.0,0.0,0.004230769230769231
3141,0.7818571428571428,0.015683168328268715,0.05,2,6.0,0.0,0.013846153846153845
3142,0.9207619047619048,0.019881806606260155,0.05,1,1.0,0.0,0.006153846153846154
3143,0.7870238095238096,0.017596229743068736,0.05,2,4.0,0.0,0.015000000000000001
3144,0.8138571428571427,0.007329264874507857,0.05,2,5.0,0.0,0.00923076923076923
3145,0.8183571428571428,0.010932795405198481,0.05,2,5.0,0.0,0.008461538461538461
3146,0.7708571428571427,0.0036520651516612768,0.05,2,8.0,0.0,0.013846153846153845
3147,0.6567857142857143,0.013528992215901906,0.05,3,12.0,0.0,0.013846153846153845
3148,0.9084285714285714,0.007396125277130072,0.05,1,3.0,0.0,0.005
3149,0.6857301587301585,0.022276781096696913,0.05,3,10.0,0.0,0.012307692307692308
3150,0.7991904761904761,0.010809871099669244,0.05,2,8.0,0.0,0.008076923076923077
3151,0.9344285714285714,0.01564161855388846,0.05,1,2.0,0.0,0.0026923076923076926
3152,0.8238571428571427,0.012720643490819583,0.05,2,6.0,0.0,0.006153846153846154
3153,0.7788571428571427,0.022025535457251888,0.05,2,7.0,0.0,0.01076923076923077
3154,0.9204285714285714,0.03964964686219741,0.05,1,3.0,0.0,0.003461538461538461
3155,0.9054285714285714,0.06363822439428468,0.05,1,6.0,0.0,0.0023076923076923075
3156,0.9344285714285714,0.05026013400937601,0.05,1,2.0,0.0,0.0026923076923076926
3157,0.7810238095238095,0.002460616245062386,0.05,2,8.0,0.0,0.008076923076923077
3158,0.9020952380952381,0.02994325397101194,0.05,1,2.0,0.0,0.007692307692307693
3159,0.7953571428571428,0.005099744275430973,0.05,2,7.0,0.0,0.010384615384615384
3160,0.9164285714285714,0.02723412060843844,0.05,1,2.0,0.0,0.005
3161,0.8874285714285713,0.03200632389576119,0.05,1,6.0,0.0,0.004615384615384615
3162,0.8834285714285713,0.04413944261930136,0.05,1,5.0,0.0,0.006923076923076922
3163,0.8727619047619047,0.04067700607229896,0.05,1,5.0,0.0,0.008461538461538461
3164,0.7833571428571428,0.02093331445567337,0.05,2,6.0,0.0,0.013076923076923078
3165,0.7523571428571427,0.020442501674261815,0.05,2,7.0,0.0,0.016153846153846154
3166,0.9214285714285714,0.02815241490338838,0.05,1,4.0,0.0,0.0023076923076923075
3167,0.9314285714285714,0.013943576126837387,0.05,1,2.0,0.0,0.003076923076923077
3168,0.5082142857142856,0.1701897030751156,0.05,4,15.0,0.0,0.026153846153846156
3169,0.9174285714285714,0.009990410597229049,0.05,1,3.0,0.0,0.0038461538461538464
3170,0.671952380952381,0.00885382791830902,0.05,3,9.0,0.0,0.01846153846153846
3171,0.7132857142857143,0.008474215181216419,0.05,3,9.0,0.0,0.010384615384615384
3172,0.8964285714285714,0.048274401954856216,0.05,1,6.0,0.0,0.003461538461538461
3173,0.9034285714285714,0.0006052974495462937,0.05,1,4.0,0.0,0.004615384615384615
3174,0.679063492063492,0.022257838447984568,0.05,3,12.0,0.0,0.012307692307692308
3175,0.9084285714285714,8.630462493885993e-06,0.05,1,3.0,0.0,0.005
3176,0.8674285714285713,0.036084882855069944,0.05,1,5.0,0.0,0.00923076923076923
3177,0.9264285714285714,0.04130955400229941,0.05,1,3.0,0.0,0.0026923076923076926
3178,0.9047619047619048,0.004260331740920109,0.05,1,1.0,0.0,0.008461538461538461
3179,0.8191904761904761,0.004322879568030458,0.05,2,4.0,0.0,0.01153846153846154
3180,0.6892857142857143,0.19006702508953746,0.05,3,9.0,0.0,0.015000000000000001
3181,0.9184285714285714,0.022337173413049527,0.05,1,4.0,0.0,0.0026923076923076926
3182,0.8021904761904762,0.012587798254544758,0.05,2,4.0,0.0,0.015000000000000001
3183,0.9154285714285714,0.03692194588169406,0.05,1,4.0,0.0,0.003076923076923077
3184,0.894095238095238,0.014500965233494867,0.05,1,1.0,0.0,0.01
3185,0.8318571428571427,0.016855651999632237,0.05,2,5.0,0.0,0.006153846153846154
3186,0.7061746031746032,0.020010129901126345,0.05,3,12.0,0.0,0.006153846153846154
3187,0.8814285714285713,0.02844696175937056,0.05,1,6.0,0.0,0.005384615384615385
3188,0.894095238095238,0.05039216502403798,0.05,1,5.0,0.0,0.005384615384615385
3189,0.7975238095238096,0.008392316467320637,0.05,2,9.0,0.0,0.00576923076923077
3190,0.8273571428571428,0.013067050345380693,0.05,2,5.0,0.0,0.006923076923076922
3191,0.8238571428571427,0.017370538962257154,0.05,2,7.0,0.0,0.003076923076923077
3192,0.8135238095238095,0.006655443277452766,0.05,2,4.0,0.0,0.012692307692307694
3193,0.9374285714285714,0.018549218514153698,0.05,1,2.0,0.0,0.0023076923076923075
3194,0.8328571428571429,0.024370230309257723,0.05,2,6.0,0.0,0.006153846153846154
3195,0.9064285714285714,0.02422975129352467,0.05,1,4.0,0.0,0.004230769230769231
3196,0.6072142857142857,0.014464792087424877,0.05,4,12.0,0.0,0.013846153846153845
3197,0.8904285714285713,0.03180569150618506,0.05,1,6.0,0.0,0.004230769230769231
3198,0.6698412698412697,0.024905990286637387,0.05,3,10.0,0.0,0.015384615384615385
3199,0.8103571428571428,0.012818241666485541,0.05,2,7.0,0.0,0.005384615384615385
3200,0.8348571428571427,0.011484008548536262,0.05,2,4.0,0.0,0.006923076923076922
3201,0.8191904761904761,0.0036378479799004104,0.05,2,4.0,0.0,0.01153846153846154
3202,0.7793571428571427,0.0312271547184394,0.05,2,7.0,0.0,0.011538461538461537
3203,0.9114285714285714,0.06100288607859394,0.05,1,3.0,0.0,0.004615384615384615
3204,0.6698412698412697,0.02421624221440803,0.05,3,10.0,0.0,0.015384615384615385
3205,0.7918571428571428,0.010249495547812848,0.05,2,9.0,0.0,0.006923076923076922
3206,0.8944285714285714,0.009806776164172248,0.05,1,4.0,0.0,0.005769230769230769
3207,0.8834285714285713,0.01943970738769929,0.05,1,1.0,0.0,0.011538461538461537
3208,0.7805238095238095,0.011620020202101733,0.05,2,9.0,0.0,0.00923076923076923
3209,0.8354285714285714,0.003654151938003558,0.05,1,5.0,0.0,0.013846153846153845
3210,0.9034285714285714,0.0005447677045916643,0.05,1,4.0,0.0,0.004615384615384615
3211,0.8033571428571428,0.3252030788831756,0.05,2,8.0,0.0,0.006923076923076922
3212,0.7192857142857143,0.007018356275441488,0.05,3,9.0,0.0,0.00923076923076923
3213,0.886095238095238,0.0013342539790154317,0.05,1,2.0,0.0,0.01
3214,0.7821904761904761,0.0036943081456138893,0.05,2,8.0,0.0,0.01153846153846154
3215,0.9284285714285714,0.04228048870355661,0.05,1,2.0,0.0,0.003461538461538461
3216,0.9124285714285714,0.026826098547755084,0.05,1,4.0,0.0,0.003461538461538461
3217,0.7816904761904762,0.012105484623219864,0.05,2,7.0,0.0,0.012692307692307694
3218,0.8013571428571428,0.0186710399825481,0.05,2,7.0,0.0,0.006923076923076922
3219,0.8727619047619047,0.0233004004774251,0.05,1,5.0,0.0,0.008461538461538461
3220,0.9204285714285714,0.005343487250582979,0.05,1,3.0,0.0,0.003461538461538461
3221,0.9047619047619048,0.002384202043478667,0.05,1,1.0,0.0,0.008461538461538461
3222,0.8058571428571427,0.019883343034463985,0.05,2,6.0,0.0,0.00923076923076923
3223,0.9284285714285714,0.038052439833200946,0.05,1,2.0,0.0,0.003461538461538461
3224,0.894095238095238,0.012812448505797547,0.05,1,1.0,0.0,0.01
3225,0.7946904761904762,0.005083151882498582,0.05,2,8.0,0.0,0.00576923076923077
3226,0.8178571428571427,0.014406740811650887,0.05,2,7.0,0.0,0.006923076923076922
3227,0.7678571428571428,0.017031781670351576,0.05,2,9.0,0.0,0.01076923076923077
3228,0.9084285714285714,0.023413236296247808,0.05,1,3.0,0.0,0.005
3229,0.9054285714285714,0.05415443728462832,0.05,1,3.0,0.0,0.005384615384615385
3230,0.7833571428571428,0.020749852420634984,0.05,2,7.0,0.0,0.01
3231,0.862095238095238,0.00929713391052378,0.05,1,5.0,0.0,0.01
3232,0.7512857142857142,0.051147762368229044,0.05,3,8.0,0.0,0.004615384615384615
3233,0.8103571428571428,0.01568832570703438,0.05,2,6.0,0.0,0.008461538461538461
3234,0.5050761904761903,0.044394555437027194,0.05,5,14.0,0.0,0.01846153846153846
3235,0.9234285714285714,0.12625057544506557,0.05,1,3.0,0.0,0.003076923076923077
3236,0.6587301587301587,0.021769273894784853,0.05,3,12.0,0.0,0.016923076923076923
3237,0.7312857142857143,0.007669059125685089,0.05,3,9.0,0.0,0.006923076923076922
3238,0.9294285714285714,0.020992232583755488,0.05,1,3.0,0.0,0.0023076923076923075
3239,0.9264285714285714,0.04302186425710364,0.05,1,3.0,0.0,0.0026923076923076926
3240,0.894095238095238,0.06704181327074099,0.05,1,5.0,0.0,0.005384615384615385
3241,0.7931904761904761,0.011991460605400961,0.05,2,6.0,0.0,0.01153846153846154
3242,0.8238571428571427,0.010706978414745993,0.05,2,6.0,0.0,0.006153846153846154
3243,0.9004285714285714,0.0021034560717445583,0.05,1,4.0,0.0,0.005
3244,0.6380634920634919,0.030392000206091525,0.05,3,10.0,0.0,0.02153846153846154
3245,0.9284285714285714,0.039074812140006854,0.05,1,2.0,0.0,0.003461538461538461
3246,0.6952857142857143,0.004522964293111202,0.05,3,9.0,0.0,0.013846153846153845
3247,0.7688571428571427,0.014012263514679324,0.05,2,6.0,0.0,0.01846153846153846
3248,0.8363571428571428,0.054407985223924205,0.05,2,5.0,0.0,0.005384615384615385
3249,0.9054285714285714,0.02257335681552275,0.05,1,3.0,0.0,0.005384615384615385
3250,0.846095238095238,0.005345512008666287,0.05,1,5.0,0.0,0.012307692307692308
3251,0.7032857142857142,0.03212864017478878,0.05,3,8.0,0.0,0.013846153846153845
3252,0.5797142857142856,0.038923627696995367,0.05,4,12.0,0.0,0.01846153846153846
3253,0.4731761904761904,0.04575048960174279,0.05,5,14.0,0.0,0.025384615384615387
3254,0.9174285714285714,0.06826826880372361,0.05,1,3.0,0.0,0.0038461538461538464
3255,0.8408571428571427,0.05069758356260007,0.05,2,5.0,0.0,0.004615384615384615
3256,0.5797142857142856,0.03437642669799634,0.05,4,12.0,0.0,0.01846153846153846
3257,0.8844285714285713,0.02899918188223305,0.05,1,6.0,0.0,0.005
3258,0.9020952380952381,0.028779232319787518,0.05,1,2.0,0.0,0.007692307692307693
3259,0.9324285714285714,0.021893009325379964,0.05,1,3.0,0.0,0.0019230769230769232
3260,0.8218571428571428,0.021453684765622427,0.05,2,8.0,0.0,0.003461538461538461
3261,0.8158571428571427,0.0043721674616504225,0.05,2,6.0,0.0,0.006923076923076922
3262,0.8994285714285714,0.0014957366489293245,0.05,1,1.0,0.0,0.00923076923076923
3263,0.8884285714285713,0.08228680291835766,0.05,1,4.0,0.0,0.006538461538461539
3264,0.9264285714285714,0.04131602113397048,0.05,1,3.0,0.0,0.0026923076923076926
3265,0.7481904761904761,0.015911339977347394,0.05,2,8.0,0.0,0.01846153846153846
3266,0.8874285714285713,0.029099263694009725,0.05,1,6.0,0.0,0.004615384615384615
3267,0.9064285714285714,0.09205812262652191,0.05,1,4.0,0.0,0.004230769230769231
3268,0.9294285714285714,0.0417196778313933,0.05,1,3.0,0.0,0.0023076923076923075
3269,0.7788571428571427,0.022208516659236732,0.05,2,7.0,0.0,0.01076923076923077
3270,0.9204285714285714,0.007703708392841957,0.05,1,3.0,0.0,0.003461538461538461
3271,0.7092857142857142,0.024689084882942858,0.05,3,8.0,0.0,0.012692307692307694
3272,0.8934285714285713,0.03218933732460871,0.05,1,6.0,0.0,0.0038461538461538464
3273,0.46254285714285714,0.12519466013611105,0.05,5,14.0,0.0,0.02769230769230769
3274,0.9094285714285714,0.010893110464570088,0.05,1,4.0,0.0,0.0038461538461538464
3275,0.9254285714285714,0.004694296662738351,0.05,1,2.0,0.0,0.0038461538461538464
3276,0.4944428571428571,0.03594387421037061,0.05,5,14.0,0.0,0.02076923076923077
3277,0.5922142857142857,0.0231262984772026,0.05,4,12.0,0.0,0.016923076923076923
3278,0.8727619047619047,0.02185570585886709,0.05,1,5.0,0.0,0.008461538461538461
3279,0.8994285714285714,0.0013461629840364475,0.05,1,1.0,0.0,0.00923076923076923
3280,0.7152857142857142,0.028648860193306147,0.05,3,8.0,0.0,0.01153846153846154
3281,0.5847142857142857,0.01899981407272633,0.05,4,12.0,0.0,0.01846153846153846
3282,0.9044285714285714,0.013116780549978002,0.05,1,2.0,0.0,0.006538461538461539
3283,0.7521904761904763,0.020080225515143935,0.05,2,9.0,0.0,0.015000000000000001
3284,0.6655079365079365,0.02048454072746338,0.05,3,12.0,0.0,0.015384615384615385
3285,0.9344285714285714,0.013224866996464524,0.05,1,2.0,0.0,0.0026923076923076926
3286,0.6878412698412698,0.004240960131136655,0.05,3,9.0,0.0,0.015384615384615385
3287,0.9074285714285714,0.015097619703181908,0.05,1,2.0,0.0,0.006153846153846154
3288,0.894095238095238,0.04464359793615846,0.05,1,5.0,0.0,0.005384615384615385
3289,0.7326746031746032,0.0303861339338312,0.05,3,7.0,0.0,0.01076923076923077
3290,0.5994642857142857,0.16161172122138737,0.05,4,11.0,0.0,0.01730769230769231
3291,0.485797619047619,0.1590986665113724,0.05,4,12.0,0.0,0.029615384615384616
3292,0.9047619047619048,0.0008645369885510457,0.05,1,1.0,0.0,0.008461538461538461
3293,0.9284285714285714,0.03580510249498026,0.05,1,2.0,0.0,0.003461538461538461
3294,0.9144285714285714,0.057789920536580386,0.05,1,6.0,0.0,0.0011538461538461537
3295,0.9184285714285714,0.03664846040003922,0.05,1,4.0,0.0,0.0026923076923076926
3296,0.5872142857142857,0.02648519931470064,0.05,4,12.0,0.0,0.016923076923076923
3297,0.7813571428571429,0.017300717654789577,0.05,2,9.0,0.0,0.008461538461538461
3298,0.9034285714285714,0.09346254060446735,0.05,1,4.0,0.0,0.004615384615384615
3299,0.6587301587301587,0.021338705596504377,0.05,3,12.0,0.0,0.016923076923076923
3300,0.7913571428571428,0.005968362431709673,0.05,2,5.0,0.0,0.013076923076923078
3301,0.8148571428571427,0.011790508020545709,0.05,2,7.0,0.0,0.004615384615384615
3302,0.7968571428571427,0.022901424579088947,0.05,2,7.0,0.0,0.007692307692307693
3303,0.7132857142857143,0.005290750691836747,0.05,3,9.0,0.0,0.010384615384615384
3304,0.9194285714285714,0.026167330926006205,0.05,1,2.0,0.0,0.004615384615384615
3305,0.9074285714285714,0.020132504752219393,0.05,1,2.0,0.0,0.006923076923076922
3306,0.9204285714285714,0.00480913852552467,0.05,1,3.0,0.0,0.003461538461538461
3307,0.7392857142857142,0.02863494527090175,0.05,3,8.0,0.0,0.006923076923076922
3308,0.7521904761904763,0.020712376940004107,0.05,2,9.0,0.0,0.015000000000000001
3309,0.7938571428571428,0.021459564798769593,0.05,2,4.0,0.0,0.013846153846153845
3310,0.6722857142857143,0.018196885264185503,0.05,3,12.0,0.0,0.013846153846153845
3311,0.862095238095238,0.011901790518764499,0.05,1,5.0,0.0,0.01
3312,0.7680238095238096,0.015669845463489873,0.05,2,7.0,0.0,0.015000000000000001
3313,0.9260952380952381,0.02545511998103389,0.05,1,1.0,0.0,0.005384615384615385
3314,0.9344285714285714,0.01407745669849958,0.05,1,2.0,0.0,0.0026923076923076926
3315,0.7875238095238095,0.013169073324060143,0.05,2,6.0,0.0,0.012692307692307694
3316,0.8148571428571427,0.01418203913364896,0.05,2,6.0,0.0,0.007692307692307693
3317,0.9244285714285714,0.10551894360390424,0.05,1,4.0,0.0,0.0019230769230769232
3318,0.9144285714285714,0.03121795083523593,0.05,1,3.0,0.0,0.004230769230769231
3319,0.9054285714285714,0.017050081900571445,0.05,1,3.0,0.0,0.005384615384615385
3320,0.7326746031746032,0.02749182930831347,0.05,3,7.0,0.0,0.01076923076923077
3321,0.9020952380952381,0.03181562607323807,0.05,1,2.0,0.0,0.007692307692307693
3322,0.6858412698412699,0.014896659419149602,0.05,3,12.0,0.0,0.01076923076923077
3323,0.7008968253968253,0.015566307853318547,0.05,3,7.0,0.0,0.016923076923076923
3324,0.9174285714285714,0.06185444058815892,0.05,1,3.0,0.0,0.0038461538461538464
3325,0.7810238095238095,0.010904219432204154,0.05,2,8.0,0.0,0.008076923076923077
3326,0.7578571428571428,0.016649370643057604,0.05,2,9.0,0.0,0.013846153846153845
3327,0.9367619047619047,0.033576274649597115,0.05,1,1.0,0.0,0.0038461538461538464
3328,0.8103571428571428,0.018324091203389792,0.05,2,7.0,0.0,0.005384615384615385
3329,0.9194285714285714,0.002330288971350347,0.05,1,2.0,0.0,0.004615384615384615
3330,0.5792142857142857,0.15463793369060275,0.05,4,16.0,0.0,0.011538461538461537
3331,0.9094285714285714,0.02604239578117462,0.05,1,4.0,0.0,0.0038461538461538464
3332,0.8108571428571427,0.02757398662555599,0.05,2,7.0,0.0,0.006153846153846154
3333,0.7748571428571427,0.012036114529417274,0.05,2,7.0,0.0,0.013846153846153845
3334,0.9047619047619047,0.05643092651067538,0.05,1,5.0,0.0,0.0038461538461538464
3335,0.8361904761904762,0.0030137685477999443,0.05,2,4.0,0.0,0.008076923076923077
3336,0.9174285714285714,0.029767709196605763,0.05,1,3.0,0.0,0.0038461538461538464
3337,0.9124285714285714,0.008509709065867455,0.05,1,4.0,0.0,0.003461538461538461
3338,0.8363571428571428,0.013228803429253533,0.05,2,5.0,0.0,0.005384615384615385
3339,0.9127619047619048,0.03601832103617075,0.05,1,2.0,0.0,0.006153846153846154
3340,0.9174285714285714,0.1192615397799176,0.05,1,3.0,0.0,0.0038461538461538464
3341,0.9144285714285714,0.0009333375535577337,0.05,1,3.0,0.0,0.004230769230769231
3342,0.9124285714285714,0.0076587381592807535,0.05,1,4.0,0.0,0.003461538461538461
3343,0.8887619047619048,0.07973038032390167,0.05,1,5.0,0.0,0.006153846153846154
3344,0.6926190476190476,0.011950820148076765,0.05,3,12.0,0.0,0.00923076923076923
3345,0.8904285714285713,0.0352318240069075,0.05,1,6.0,0.0,0.004230769230769231
3346,0.7088412698412697,0.01732575797702311,0.05,3,7.0,0.0,0.015384615384615385
3347,0.4944428571428571,0.039926594240715665,0.05,5,14.0,0.0,0.02076923076923077
3348,0.7535238095238095,0.0300371429420912,0.05,2,6.0,0.0,0.019615384615384614
3349,0.9204285714285714,0.03409615575171232,0.05,1,3.0,0.0,0.003461538461538461
3350,0.8944285714285714,0.061627487176305284,0.05,1,4.0,0.0,0.005769230769230769
3351,0.5722142857142857,0.027206663669841258,0.05,4,12.0,0.0,0.02
3352,0.9154285714285714,0.02943815620305712,0.05,1,4.0,0.0,0.003076923076923077
3353,0.8103571428571428,0.01707076954840192,0.05,2,7.0,0.0,0.005384615384615385
3354,0.8178571428571427,0.4329968878586023,0.05,2,5.0,0.0,0.007692307692307693
3355,0.9144285714285714,0.023790938276945228,0.05,1,3.0,0.0,0.004230769230769231
3356,0.8994285714285714,0.04070864160621679,0.05,1,6.0,0.0,0.003076923076923077
3357,0.8273571428571428,0.008460494738853297,0.05,2,5.0,0.0,0.006923076923076922
3358,0.7848571428571428,0.01133292629237348,0.05,2,6.0,0.0,0.015384615384615385
3359,0.9174285714285714,0.030075029016029764,0.05,1,3.0,0.0,0.0038461538461538464
3360,0.9284285714285714,0.03757961912203567,0.05,1,2.0,0.0,0.003461538461538461
3361,0.7935238095238094,0.021468781583698304,0.05,2,8.0,0.0,0.00923076923076923
3362,0.8148571428571427,0.019871562941053744,0.05,2,7.0,0.0,0.004615384615384615
3363,0.9114285714285714,0.11508321053531823,0.05,1,3.0,0.0,0.004615384615384615
3364,0.8283571428571428,0.015015053339251183,0.05,2,6.0,0.0,0.005384615384615385
3365,0.7037301587301588,0.01993936281537867,0.05,3,9.0,0.0,0.012307692307692308
3366,0.5157095238095237,0.14866329974245365,0.05,5,14.0,0.0,0.016153846153846154
3367,0.9194285714285714,0.02355059783340563,0.05,1,2.0,0.0,0.004615384615384615
3368,0.7192857142857143,0.016199951835478177,0.05,3,9.0,0.0,0.00923076923076923
3369,0.9047619047619048,0.0007780832896959744,0.05,1,1.0,0.0,0.008461538461538461
3370,0.9404285714285714,0.01890273992578473,0.05,1,2.0,0.0,0.0019230769230769232
3371,0.8065238095238094,0.020388671188318053,0.05,2,7.0,0.0,0.00923076923076923
3372,0.6993968253968254,0.009151726958078052,0.05,3,12.0,0.0,0.007692307692307693
3373,0.7392857142857142,0.025155370298632535,0.05,3,8.0,0.0,0.006923076923076922
3374,0.9207619047619048,0.015299725039273682,0.05,1,1.0,0.0,0.006153846153846154
3375,0.9114285714285714,0.10113168624789348,0.05,1,3.0,0.0,0.004615384615384615
3376,0.9020952380952381,0.012785920943664153,0.05,1,2.0,0.0,0.007692307692307693
3377,0.8078571428571427,0.010285491946188163,0.05,2,4.0,0.0,0.013846153846153845
3378,0.9084285714285714,0.017827802861468456,0.05,1,3.0,0.0,0.005
3379,0.9154285714285714,0.01580379941811305,0.05,1,4.0,0.0,0.003076923076923077
3380,0.7810238095238095,0.0021430786172362826,0.05,2,8.0,0.0,0.008076923076923077
3381,0.7918571428571428,0.009849448812729866,0.05,2,9.0,0.0,0.006923076923076922
3382,0.7838571428571427,0.011652806822099238,0.05,2,7.0,0.0,0.013846153846153845
3383,0.8887619047619048,0.06948032878539723,0.05,1,5.0,0.0,0.006153846153846154
3384,0.6552857142857141,0.01604277800838842,0.05,3,8.0,0.0,0.02307692307692308
3385,0.5647142857142857,0.03382251836766234,0.05,4,12.0,0.0,0.02153846153846154
3386,0.6401746031746032,0.02417948552818013,0.05,3,9.0,0.0,0.024615384615384615
3387,0.8964285714285714,0.004045022575321577,0.05,1,3.0,0.0,0.006538461538461539
3388,0.7331904761904761,0.025843165355448172,0.05,2,8.0,0.0,0.016153846153846154
3389,0.7765238095238095,0.005548360658773344,0.05,2,8.0,0.0,0.012692307692307694
3390,0.7611904761904761,0.01871248489366406,0.05,2,7.0,0.0,0.016153846153846154
3391,0.8038571428571428,0.010010391222189274,0.05,2,9.0,0.0,0.004615384615384615
3392,0.7861904761904762,0.008346799304579433,0.05,2,9.0,0.0,0.008076923076923077
3393,0.8834285714285713,0.03378847874766955,0.05,1,5.0,0.0,0.006923076923076922
3394,0.7748571428571429,0.013103510769207849,0.05,2,9.0,0.0,0.010384615384615384
3395,0.8198571428571427,0.028002270363437998,0.05,2,7.0,0.0,0.004615384615384615
3396,0.9144285714285714,0.0008400037982019271,0.05,1,3.0,0.0,0.004230769230769231
3397,0.8008571428571428,0.006386491904155522,0.05,2,6.0,0.0,0.012307692307692308
3398,0.878095238095238,0.05118620917331451,0.05,1,5.0,0.0,0.007692307692307693
3399,0.5772142857142857,0.023592939165936716,0.05,4,12.0,0.0,0.02
3400,0.8135238095238095,0.008357127578784485,0.05,2,4.0,0.0,0.012692307692307694
3401,0.9154285714285714,0.09049858912674857,0.05,1,4.0,0.0,0.003076923076923077
3402,0.9164285714285714,0.022559275878076823,0.05,1,2.0,0.0,0.005
3403,0.8178571428571427,0.021058801052640685,0.05,2,7.0,0.0,0.006923076923076922
3404,0.9184285714285714,0.08444873021407373,0.05,1,4.0,0.0,0.0026923076923076926
3405,0.6618968253968253,0.02362760723168722,0.05,3,10.0,0.0,0.016923076923076923
3406,0.9224285714285714,0.0014121422671362627,0.05,1,2.0,0.0,0.004230769230769231
3407,0.9207619047619048,0.0142186471846375,0.05,1,1.0,0.0,0.006153846153846154
3408,0.6172142857142857,0.03212892119971236,0.05,4,12.0,0.0,0.01076923076923077
3409,0.8974285714285714,0.05500385719266632,0.05,1,4.0,0.0,0.005384615384615385
3410,0.8103571428571428,0.01717385600510979,0.05,2,7.0,0.0,0.005384615384615385
3411,0.7092857142857142,0.01194605877470408,0.05,3,8.0,0.0,0.012692307692307694
3412,0.8807619047619047,0.01224446664313239,0.05,1,2.0,0.0,0.01076923076923077
3413,0.8408571428571427,0.028743543634988378,0.05,2,5.0,0.0,0.004615384615384615
3414,0.9384285714285714,0.050517916360126924,0.05,1,3.0,0.0,0.0011538461538461537
3415,0.7891904761904761,0.010107913828058257,0.05,2,8.0,0.0,0.00923076923076923
3416,0.6408968253968254,0.03312767446770056,0.05,3,12.0,0.0,0.016923076923076923
3417,0.8153571428571428,0.023222215576193972,0.05,2,7.0,0.0,0.005384615384615385
3418,0.7748571428571429,0.010933103388973686,0.05,2,9.0,0.0,0.010384615384615384
3419,0.3723492063492064,0.2125923826403696,0.05,6,13.0,0.0,0.033846153846153845
3420,0.6806190476190476,0.030591086854570865,0.05,3,12.0,0.0,0.00923076923076923
3421,0.8301904761904761,0.026462218334922405,0.05,2,8.0,0.0,0.0023076923076923075
3422,0.7875238095238095,0.01248670045392658,0.05,2,6.0,0.0,0.012692307692307694
3423,0.9180952380952381,0.02750732884929774,0.05,1,2.0,0.0,0.005384615384615385
3424,0.6383968253968253,0.026347094938533783,0.05,3,12.0,0.0,0.02153846153846154
3425,0.9294285714285714,0.08371192713020026,0.05,1,3.0,0.0,0.0023076923076923075
3426,0.9324285714285714,0.03946612472411426,0.05,1,3.0,0.0,0.0019230769230769232
3427,0.9074285714285714,0.03975849417141342,0.05,1,2.0,0.0,0.006923076923076922
3428,0.7895238095238095,0.006676966685220109,0.05,2,7.0,0.0,0.012692307692307694
3429,0.9034285714285714,0.0160020493816192,0.05,1,4.0,0.0,0.004615384615384615
3430,0.7923571428571428,0.020359436063357605,0.05,2,6.0,0.0,0.011538461538461537
3431,0.4944428571428571,0.03020486939106749,0.05,5,14.0,0.0,0.02076923076923077
3432,0.8305238095238094,0.00031663261818198896,0.05,2,4.0,0.0,0.00923076923076923
3433,0.7895238095238095,0.006310101058751572,0.05,2,7.0,0.0,0.012692307692307694
3434,0.8093571428571428,0.048642184495840346,0.05,2,5.0,0.0,0.01
3435,0.8138571428571427,0.040666007753347166,0.05,2,5.0,0.0,0.00923076923076923
3436,0.8887619047619048,0.0393763113825365,0.05,1,5.0,0.0,0.006153846153846154
3437,0.7891904761904761,0.009580734364781573,0.05,2,8.0,0.0,0.00923076923076923
3438,0.8018571428571427,0.014252205613216662,0.05,2,7.0,0.0,0.007692307692307693
3439,0.7686904761904761,0.010616531802127904,0.05,2,8.0,0.0,0.012692307692307694
3440,0.6297142857142857,0.029713455095135677,0.05,4,12.0,0.0,0.00923076923076923
3441,0.9244285714285714,0.09092131344175647,0.05,1,4.0,0.0,0.0019230769230769232
3442,0.7685238095238095,0.2909433670808998,0.05,2,7.0,0.0,0.01153846153846154
3443,0.652047619047619,0.19452543871449618,0.05,4,8.0,0.0,0.015384615384615385
3444,0.8305238095238094,0.008483765783264818,0.05,2,4.0,0.0,0.00923076923076923
3445,0.4731761904761904,0.029133716916460228,0.05,5,14.0,0.0,0.025384615384615387
3446,0.8075238095238095,0.019903230901818558,0.05,2,4.0,0.0,0.01153846153846154
3447,0.7030634920634921,0.27037240314272454,0.05,3,9.0,0.0,0.012307692307692308
3448,0.8198571428571427,0.021873313225720725,0.05,2,7.0,0.0,0.004615384615384615
3449,0.6321190476190477,0.3083292937018845,0.05,3,11.0,0.0,0.023076923076923075
3450,0.8048571428571427,0.04089563194093637,0.05,2,5.0,0.0,0.01076923076923077
3451,0.7072857142857143,0.02097154096423685,0.05,3,9.0,0.0,0.01153846153846154
3452,0.8153571428571428,0.018135235266299676,0.05,2,7.0,0.0,0.005384615384615385
3453,0.9354285714285714,0.08134073441718026,0.05,1,3.0,0.0,0.0015384615384615385
3454,0.9054285714285714,0.10693321602263828,0.05,1,3.0,0.0,0.005384615384615385
3455,0.46254285714285714,0.031646514870723744,0.05,5,14.0,0.0,0.02769230769230769
3456,0.9344285714285714,0.04149979376886803,0.05,1,2.0,0.0,0.0026923076923076926
3457,0.8904285714285713,0.041963558021889225,0.05,1,6.0,0.0,0.004230769230769231
3458,0.7953571428571428,0.01856907810134567,0.05,2,5.0,0.0,0.011538461538461537
3459,0.7991904761904761,0.012756829862872687,0.05,2,8.0,0.0,0.008076923076923077
3460,0.9204285714285714,0.027640520317789408,0.05,1,3.0,0.0,0.003461538461538461
3461,0.7953571428571428,0.0009290444870890258,0.05,2,7.0,0.0,0.010384615384615384
3462,0.8887619047619048,0.019203217533826256,0.05,1,1.0,0.0,0.01076923076923077
3463,0.9094285714285714,0.02431880285625443,0.05,1,4.0,0.0,0.0038461538461538464
3464,0.9224285714285714,0.0012709280404226142,0.05,1,2.0,0.0,0.004230769230769231
3465,0.8964285714285714,0.04666928863919784,0.05,1,6.0,0.0,0.003461538461538461
3466,0.8103571428571428,0.023196939320859256,0.05,2,7.0,0.0,0.005384615384615385
3467,0.8273571428571428,0.012390800574318017,0.05,2,5.0,0.0,0.006923076923076922
3468,0.8944285714285714,0.006776580523698228,0.05,1,4.0,0.0,0.005769230769230769
3469,0.9404285714285714,0.019143835236380413,0.05,1,2.0,0.0,0.0019230769230769232
3470,0.7212857142857142,0.013722292177214471,0.05,3,8.0,0.0,0.010384615384615384
3471,0.688563492063492,0.030666920304548945,0.05,3,12.0,0.0,0.007692307692307693
3472,0.7008968253968253,0.23701163162613068,0.05,3,7.0,0.0,0.016923076923076923
3473,0.6962857142857143,0.3124006868377063,0.05,3,9.0,0.0,0.012692307692307694
3474,0.9274285714285714,0.02189286434335269,0.05,1,4.0,0.0,0.0015384615384615385
3475,0.8028571428571427,0.010326760079806818,0.05,2,8.0,0.0,0.006923076923076922
3476,0.9344285714285714,0.011229451712742367,0.05,1,2.0,0.0,0.0026923076923076926
3477,0.9154285714285714,0.00843641920201288,0.05,1,1.0,0.0,0.006923076923076922
3478,0.9074285714285714,0.018784113768535393,0.05,1,2.0,0.0,0.006153846153846154
3479,0.8008571428571428,0.006926124492459662,0.05,2,6.0,0.0,0.012307692307692308
3480,0.5722142857142857,0.022158243192343496,0.05,4,12.0,0.0,0.02
3481,0.7838571428571427,0.0034141874627507396,0.05,2,7.0,0.0,0.013846153846153845
3482,0.9264285714285714,0.03262470388367533,0.05,1,3.0,0.0,0.0026923076923076926
3483,0.7931904761904761,0.009548090249744234,0.05,2,6.0,0.0,0.01153846153846154
3484,0.9124285714285714,0.004703577909017431,0.05,1,4.0,0.0,0.003461538461538461
3485,0.8228571428571427,0.009576664520885847,0.05,2,5.0,0.0,0.007692307692307693
3486,0.8348571428571427,0.01212010475710934,0.05,2,4.0,0.0,0.006923076923076922
3487,0.8994285714285714,0.04500235977527811,0.05,1,6.0,0.0,0.003076923076923077
3488,0.7833571428571428,0.026865085135481415,0.05,2,7.0,0.0,0.01
3489,0.8088571428571429,0.009910655967600934,0.05,2,9.0,0.0,0.003461538461538461
3490,0.9284285714285714,0.03230334829026915,0.05,1,2.0,0.0,0.003461538461538461
3491,0.8008571428571428,0.011791813202987722,0.05,2,7.0,0.0,0.010384615384615384
3492,0.9207619047619048,0.01471710421955641,0.05,1,1.0,0.0,0.006153846153846154
3493,0.7878571428571428,0.006753242421958627,0.05,2,8.0,0.0,0.010384615384615384
3494,0.6397142857142857,0.021544561159996617,0.05,4,12.0,0.0,0.006153846153846154
3495,0.8075238095238095,0.02103915030579495,0.05,2,4.0,0.0,0.01153846153846154
3496,0.7821904761904761,0.003582885880504094,0.05,2,8.0,0.0,0.01153846153846154
3497,0.870095238095238,0.023243404035632076,0.05,1,2.0,0.0,0.012307692307692308
3498,0.9224285714285714,0.0018934934585318475,0.05,1,2.0,0.0,0.004230769230769231
3499,0.4731761904761904,0.028702992609059053,0.05,5,14.0,0.0,0.025384615384615387
3500,0.6908412698412697,0.2518972961895767,0.05,3,8.0,0.0,0.015384615384615385
3501,0.8243571428571428,0.02120457048274027,0.05,2,7.0,0.0,0.0038461538461538464
3502,0.9084285714285714,0.0076717753270277855,0.05,1,3.0,0.0,0.005
3503,0.5157095238095237,0.028721308922019927,0.05,5,14.0,0.0,0.016153846153846154
3504,0.8418571428571427,0.008666270378776264,0.05,2,4.0,0.0,0.006923076923076922
3505,0.9034285714285714,0.002901077528671636,0.05,1,4.0,0.0,0.004615384615384615
3506,0.9124285714285714,0.011610969775804447,0.05,1,4.0,0.0,0.003461538461538461
3507,0.9444285714285714,0.053645964314552264,0.05,1,3.0,0.0,0.0003846153846153846
3508,0.9004285714285714,0.007766779881884345,0.05,1,4.0,0.0,0.005
3509,0.9224285714285714,0.02534981439198125,0.05,1,2.0,0.0,0.004230769230769231
3510,0.7848571428571428,0.009356253388324076,0.05,2,6.0,0.0,0.015384615384615385
3511,0.8934285714285713,0.034502123797750306,0.05,1,6.0,0.0,0.0038461538461538464
3512,0.5947142857142856,0.017281304512513557,0.05,4,12.0,0.0,0.015384615384615385
3513,0.8934285714285713,0.021904597794324965,0.05,1,3.0,0.0,0.006923076923076922
3514,0.6806190476190476,0.028652739390496618,0.05,3,12.0,0.0,0.00923076923076923
3515,0.8065238095238094,0.0073930697000735845,0.05,2,7.0,0.0,0.00923076923076923
3516,0.5157095238095237,0.027133062779481066,0.05,5,14.0,0.0,0.016153846153846154
3517,0.8178571428571427,0.00495758573099403,0.05,2,5.0,0.0,0.007692307692307693
3518,0.7870238095238096,0.01995650987190639,0.05,2,4.0,0.0,0.015000000000000001
3519,0.9204285714285714,0.05591596681869582,0.05,1,3.0,0.0,0.003461538461538461
3520,0.7388571428571428,0.539630658790099,0.05,2,8.0,0.0,0.017307692307692305
3521,0.9114285714285714,0.01691950562603206,0.05,1,3.0,0.0,0.004615384615384615
3522,0.9124285714285714,0.005009898106304145,0.05,1,4.0,0.0,0.003461538461538461
3523,0.8914285714285713,0.01055012720177606,0.05,1,4.0,0.0,0.006153846153846154
3524,0.9100952380952381,0.0025787271309340998,0.05,1,1.0,0.0,0.007692307692307693
3525,0.7973571428571428,0.008922553086919582,0.05,2,7.0,0.0,0.008461538461538461
3526,0.8045238095238094,0.003545226305728899,0.05,2,6.0,0.0,0.00923076923076923
3527,0.9254285714285714,0.033054378998844336,0.05,1,2.0,0.0,0.0038461538461538464
3528,0.9144285714285714,0.04432437013682622,0.05,1,3.0,0.0,0.004230769230769231
3529,0.9184285714285714,0.07857983268395141,0.05,1,4.0,0.0,0.0026923076923076926
3530,0.7878571428571428,0.02392935886498737,0.05,2,8.0,0.0,0.006923076923076922
3531,0.7058571428571427,0.03909875794965806,0.05,2,8.0,0.0,0.02076923076923077
3532,0.5792142857142857,0.21627910531420294,0.05,4,16.0,0.0,0.011538461538461537
3533,0.8013571428571428,0.023313159964441443,0.05,2,7.0,0.0,0.006923076923076922
3534,0.5847142857142857,0.03080964992139315,0.05,4,12.0,0.0,0.01846153846153846
3535,0.9124285714285714,0.07412109304542924,0.05,1,4.0,0.0,0.003461538461538461
3536,0.8065238095238094,0.014257445941107894,0.05,2,7.0,0.0,0.00923076923076923
3537,0.7895238095238095,0.0017941152709555763,0.05,2,7.0,0.0,0.012692307692307694
3538,0.9004285714285714,0.012886922570628956,0.05,1,4.0,0.0,0.005
3539,0.9264285714285714,0.06082103725831767,0.05,1,3.0,0.0,0.0026923076923076926
3540,0.6900634920634919,0.19586374877931176,0.05,3,10.0,0.0,0.012307692307692308
3541,0.7755238095238095,0.011277078583971034,0.05,2,8.0,0.0,0.01153846153846154
3542,0.9154285714285714,0.007592777281811625,0.05,1,1.0,0.0,0.006923076923076922
3543,0.9224285714285714,0.0017041441126786072,0.05,1,2.0,0.0,0.004230769230769231
3544,0.6798968253968254,0.02423268495363055,0.05,3,9.0,0.0,0.016923076923076923
3545,0.6297142857142857,0.02970954104369919,0.05,4,12.0,0.0,0.00923076923076923
3546,0.9224285714285714,0.041071542757821766,0.05,1,2.0,0.0,0.004230769230769231
3547,0.6850079365079365,0.02557617672174406,0.05,3,7.0,0.0,0.02
3548,0.9234285714285714,0.010285861985107503,0.05,1,3.0,0.0,0.003076923076923077
3549,0.8280238095238095,0.014549163671761345,0.05,2,4.0,0.0,0.008076923076923077
3550,0.9344285714285714,0.010466270298589264,0.05,1,2.0,0.0,0.0026923076923076926
3551,0.5358809523809523,0.19788615705709725,0.05,4,8.0,0.0,0.026923076923076925
3552,0.6832857142857143,0.019771721324134146,0.05,3,9.0,0.0,0.016153846153846154
3553,0.9404285714285714,0.017012465933206267,0.05,1,2.0,0.0,0.0019230769230769232
3554,0.9434285714285714,0.018311219339885665,0.05,1,2.0,0.0,0.0015384615384615385
3555,0.5772142857142857,0.028024308032405715,0.05,4,12.0,0.0,0.02
3556,0.7838571428571427,0.0027546819251942356,0.05,2,7.0,0.0,0.013846153846153845
3557,0.7928571428571427,0.023044278447600264,0.05,2,7.0,0.0,0.00923076923076923
3558,0.6655079365079365,0.021217978774545305,0.05,3,12.0,0.0,0.015384615384615385
3559,0.8964285714285714,0.04520667189319538,0.05,1,6.0,0.0,0.003461538461538461
3560,0.7441904761904762,0.024227699143243964,0.05,2,7.0,0.0,0.021923076923076927
3561,0.7953571428571428,0.012098172532694351,0.05,2,7.0,0.0,0.010384615384615384
3562,0.9224285714285714,0.022814832952783082,0.05,1,2.0,0.0,0.004230769230769231
3563,0.9184285714285714,0.09277259209487021,0.05,1,4.0,0.0,0.0026923076923076926
3564,0.8567619047619047,0.025248556329799388,0.05,1,5.0,0.0,0.01076923076923077
3565,0.9024285714285714,0.04668600470387585,0.05,1,6.0,0.0,0.0026923076923076926
3566,0.8143571428571428,0.00447867509751837,0.05,2,4.0,0.0,0.010384615384615384
3567,0.9004285714285714,0.06549533288538312,0.05,1,4.0,0.0,0.005
3568,0.43064285714285705,0.02728525772285656,0.05,5,14.0,0.0,0.03461538461538461
3569,0.8103571428571428,0.017086567722662094,0.05,2,6.0,0.0,0.008461538461538461
3570,0.7088412698412697,0.029727764178778426,0.05,3,7.0,0.0,0.015384615384615385
3571,0.9434285714285714,0.04153334965750477,0.05,1,2.0,0.0,0.0015384615384615385
3572,0.9144285714285714,0.021083153002919852,0.05,1,3.0,0.0,0.004230769230769231
3573,0.9004285714285714,0.014295550139352353,0.05,1,4.0,0.0,0.005
3574,0.7741904761904761,0.02171693084340015,0.05,2,8.0,0.0,0.00923076923076923
3575,0.7481904761904761,0.021520963763013046,0.05,2,8.0,0.0,0.016153846153846154
3576,0.6655079365079365,0.018901254232556213,0.05,3,12.0,0.0,0.015384615384615385
3577,0.4838095238095238,0.024462918570546922,0.05,5,14.0,0.0,0.02307692307692308
3578,0.30314285714285694,0.145920056781232,0.05,5,20.0,0.0,0.04153846153846154
3579,0.7072857142857143,0.015528017978383287,0.05,3,9.0,0.0,0.01153846153846154
3580,0.8994285714285714,0.038353863133320565,0.05,1,6.0,0.0,0.003076923076923077
3581,0.9367619047619047,0.028166832886963755,0.05,1,1.0,0.0,0.0038461538461538464
3582,0.4944428571428571,0.02335535777268728,0.05,5,14.0,0.0,0.02076923076923077
3583,0.5263428571428571,0.0213037963620903,0.05,5,14.0,0.0,0.013846153846153845
3584,0.8013571428571428,0.02415544953710308,0.05,2,7.0,0.0,0.006923076923076922
3585,0.9254285714285714,0.001519902594102951,0.05,1,2.0,0.0,0.0038461538461538464
3586,0.7309523809523809,0.2208026013404202,0.05,3,8.0,0.0,0.011538461538461537
3587,0.8018571428571427,0.010024735736754276,0.05,2,7.0,0.0,0.007692307692307693
3588,0.8727619047619047,0.06563095946918562,0.05,1,5.0,0.0,0.008461538461538461
3589,0.8485238095238095,0.01465206892289378,0.05,2,4.0,0.0,0.004615384615384615
3590,0.7392857142857142,0.03196066778958443,0.05,3,8.0,0.0,0.006923076923076922
3591,0.8328571428571429,0.013154788673183093,0.05,2,6.0,0.0,0.003461538461538461
3592,0.8133571428571428,0.006719146917042118,0.05,2,5.0,0.0,0.008461538461538461
3593,0.8211904761904761,0.0032411475325427874,0.05,2,4.0,0.0,0.00923076923076923
3594,0.8158571428571427,0.006640474198455371,0.05,2,6.0,0.0,0.006923076923076922
3595,0.8008571428571428,0.009635574476496767,0.05,2,6.0,0.0,0.012307692307692308
3596,0.7753571428571429,0.3872519409584021,0.05,2,9.0,0.0,0.006923076923076922
3597,0.9234285714285714,0.054355516369713475,0.05,1,3.0,0.0,0.003076923076923077
3598,0.7247301587301586,0.0229517165561632,0.05,3,7.0,0.0,0.012307692307692308
3599,0.6926190476190476,0.01272315236733649,0.05,3,12.0,0.0,0.00923076923076923
3600,0.9154285714285714,0.027865995125417098,0.05,1,4.0,0.0,0.003076923076923077
3601,0.8248571428571428,0.002994040237541462,0.05,2,4.0,0.0,0.010384615384615384
3602,0.8088571428571428,0.009285333959377085,0.05,2,6.0,0.0,0.01076923076923077
3603,0.7928571428571427,0.0047781191342497475,0.05,2,6.0,0.0,0.013846153846153845
3604,0.7725238095238094,0.00930518721016449,0.05,2,7.0,0.0,0.016153846153846154
3605,0.8887619047619048,0.07687536288432617,0.05,1,5.0,0.0,0.006153846153846154
3606,0.9324285714285714,0.05791996473274219,0.05,1,3.0,0.0,0.0019230769230769232
3607,0.9164285714285714,0.008580356731269667,0.05,1,2.0,0.0,0.005
3608,0.8834285714285713,0.02798318373506592,0.05,1,1.0,0.0,0.011538461538461537
3609,0.8238571428571427,0.015987811390476225,0.05,2,6.0,0.0,0.006153846153846154
3610,0.8038571428571428,0.01067817630133977,0.05,2,9.0,0.0,0.004615384615384615
3611,0.9154285714285714,0.007508908295673744,0.05,1,4.0,0.0,0.003076923076923077
3612,0.8994285714285714,0.01474272421340328,0.05,1,3.0,0.0,0.006153846153846154
3613,0.8078571428571427,0.010599675546482001,0.05,2,4.0,0.0,0.013846153846153845
3614,0.9084285714285714,0.02812796825946795,0.05,1,3.0,0.0,0.005
3615,0.9114285714285714,0.001268451792062919,0.05,1,3.0,0.0,0.004615384615384615
3616,0.7212857142857142,0.01806915254477807,0.05,3,8.0,0.0,0.010384615384615384
3617,0.9194285714285714,0.013380014691754316,0.05,1,2.0,0.0,0.004615384615384615
3618,0.8814285714285713,0.021499966224190703,0.05,1,6.0,0.0,0.005384615384615385
3619,0.8065238095238094,0.020390416213198204,0.05,2,7.0,0.0,0.00923076923076923
3620,0.9100952380952381,0.0014818013051074441,0.05,1,1.0,0.0,0.007692307692307693
3621,0.9094285714285714,0.06903609767344421,0.05,1,4.0,0.0,0.0038461538461538464
3622,0.9144285714285714,0.018974837702627867,0.05,1,3.0,0.0,0.004230769230769231
3623,0.9174285714285714,0.020077353932365094,0.05,1,3.0,0.0,0.0038461538461538464
3624,0.8305238095238094,0.004973133428542331,0.05,2,4.0,0.0,0.00923076923076923
3625,0.9180952380952381,0.034546652254947574,0.05,1,2.0,0.0,0.005384615384615385
3626,0.9284285714285714,0.03414785651287344,0.05,1,2.0,0.0,0.003461538461538461
3627,0.9094285714285714,0.06213248790609982,0.05,1,4.0,0.0,0.0038461538461538464
3628,0.7481904761904761,0.018504178722162645,0.05,2,8.0,0.0,0.016153846153846154
3629,0.7818571428571428,0.014148914792514844,0.05,2,6.0,0.0,0.013846153846153845
3630,0.7838571428571427,0.0033519698648378227,0.05,2,7.0,0.0,0.013846153846153845
3631,0.8228571428571427,0.046593972014225105,0.05,2,5.0,0.0,0.007692307692307693
3632,0.7345238095238095,0.025264075967534882,0.05,2,8.0,0.0,0.01846153846153846
3633,0.8361904761904762,0.005454931256674012,0.05,2,4.0,0.0,0.008076923076923077
3634,0.7725238095238094,0.008670862889667341,0.05,2,7.0,0.0,0.016153846153846154
3635,0.9114285714285714,0.11966813390621334,0.05,1,3.0,0.0,0.004615384615384615
3636,0.9184285714285714,0.030028598908730775,0.05,1,4.0,0.0,0.0026923076923076926
3637,0.6250079365079365,0.03377985295763738,0.05,3,12.0,0.0,0.02
3638,0.7883571428571428,0.0025605690955822213,0.05,2,7.0,0.0,0.01
3639,0.7167857142857141,0.017044776259876104,0.05,3,7.0,0.0,0.013846153846153845
3640,0.8407619047619047,0.0008671030298386118,0.05,1,5.0,0.0,0.013076923076923078
3641,0.6806190476190476,0.02910187059916684,0.05,3,12.0,0.0,0.00923076923076923
3642,0.7958571428571427,0.03157276895085814,0.05,2,5.0,0.0,0.012307692307692308
3643,0.8108571428571427,0.013072992371140346,0.05,2,7.0,0.0,0.006153846153846154
3644,0.9224285714285714,0.0017223210581427395,0.05,1,2.0,0.0,0.004230769230769231
3645,0.7698571428571428,0.03037345560320165,0.05,2,7.0,0.0,0.012307692307692308
3646,0.6655079365079365,0.0167896396978466,0.05,3,12.0,0.0,0.015384615384615385
3647,0.9100952380952381,0.07011372606018806,0.05,1,5.0,0.0,0.003076923076923077
3648,0.9194285714285714,0.012042013222578918,0.05,1,2.0,0.0,0.004615384615384615
3649,0.6655079365079365,0.016353232903149013,0.05,3,12.0,0.0,0.015384615384615385
3650,0.8305238095238094,0.004118038671156621,0.05,2,4.0,0.0,0.00923076923076923
3651,0.9324285714285714,0.049315171433521154,0.05,1,3.0,0.0,0.0019230769230769232
3652,0.679063492063492,0.013177157350351298,0.05,3,12.0,0.0,0.012307692307692308
3653,0.8313571428571428,0.005074107498836911,0.05,2,5.0,0.0,0.005384615384615385
3654,0.7948571428571428,0.012860674881414735,0.05,2,9.0,0.0,0.006153846153846154
3655,0.9164285714285714,0.018733070861586043,0.05,1,2.0,0.0,0.005
3656,0.7611904761904761,0.014552667864353164,0.05,2,7.0,0.0,0.01846153846153846
3657,0.9204285714285714,0.024227555063428885,0.05,1,3.0,0.0,0.003461538461538461
3658,0.9047619047619048,0.0030124789154926113,0.05,1,1.0,0.0,0.008461538461538461
3659,0.9047619047619047,0.06044926096589509,0.05,1,5.0,0.0,0.0038461538461538464
3660,0.9194285714285714,0.0073679123346926945,0.05,1,2.0,0.0,0.004615384615384615
3661,0.7768571428571429,0.013821145174275296,0.05,2,9.0,0.0,0.00923076923076923
3662,0.5922142857142857,0.02796740783498544,0.05,4,12.0,0.0,0.016923076923076923
3663,0.9174285714285714,0.018804799557086027,0.05,1,3.0,0.0,0.0038461538461538464
3664,0.8904285714285713,0.04166021149573673,0.05,1,6.0,0.0,0.004230769230769231
3665,0.9064285714285714,0.0022419825338936272,0.05,1,4.0,0.0,0.004230769230769231
3666,0.9284285714285714,0.028859763775427427,0.05,1,2.0,0.0,0.003461538461538461
3667,0.9144285714285714,0.02638365429016898,0.05,1,3.0,0.0,0.004230769230769231
3668,0.8243571428571428,0.0196198646862073,0.05,2,7.0,0.0,0.0038461538461538464
3669,0.7475238095238095,0.026403264274719618,0.05,2,7.0,0.0,0.01846153846153846
3670,0.8008571428571428,0.025042913534266076,0.05,2,7.0,0.0,0.010384615384615384
3671,0.8887619047619048,0.03840433486930572,0.05,1,5.0,0.0,0.006153846153846154
3672,0.8183571428571428,0.02468045940902347,0.05,2,5.0,0.0,0.008461538461538461
3673,0.8238571428571427,0.016412020211398926,0.05,2,6.0,0.0,0.006153846153846154
3674,0.7923571428571428,0.021443546579320294,0.05,2,7.0,0.0,0.008461538461538461
3675,0.9124285714285714,0.07460976292620358,0.05,1,4.0,0.0,0.003461538461538461
3676,0.9374285714285714,0.034973787397884704,0.05,1,2.0,0.0,0.0023076923076923075
3677,0.9034285714285714,0.01408030797321469,0.05,1,4.0,0.0,0.004615384615384615
3678,0.8994285714285714,0.08313252918251957,0.05,1,5.0,0.0,0.004615384615384615
3679,0.7788571428571427,0.024159479439825493,0.05,2,7.0,0.0,0.01076923076923077
3680,0.6562142857142856,0.2265649992358868,0.05,4,9.0,0.0,0.01076923076923077
3681,0.9204285714285714,0.10973806961762955,0.05,1,3.0,0.0,0.003461538461538461
3682,0.8008571428571428,0.007260587494419879,0.05,2,6.0,0.0,0.012307692307692308
3683,0.9174285714285714,0.09576426265586657,0.05,1,3.0,0.0,0.0038461538461538464
3684,0.7485634920634919,0.027348098723156872,0.05,3,7.0,0.0,0.007692307692307693
3685,0.9034285714285714,0.005017784280504256,0.05,1,4.0,0.0,0.004615384615384615
3686,0.9020952380952381,0.015091987029452802,0.05,1,2.0,0.0,0.007692307692307693
3687,0.8784285714285713,0.02549419034616307,0.05,1,6.0,0.0,0.005769230769230769
3688,0.8083571428571429,0.003806430918543491,0.05,2,9.0,0.0,0.0038461538461538464
3689,0.9047619047619048,0.002711231023943328,0.05,1,1.0,0.0,0.008461538461538461
3690,0.6072142857142857,0.029740296771004537,0.05,4,12.0,0.0,0.013846153846153845
3691,0.9047619047619047,0.05076465410128039,0.05,1,5.0,0.0,0.0038461538461538464
3692,0.7092857142857142,0.3076233134358493,0.05,3,8.0,0.0,0.012692307692307694
3693,0.7913571428571428,0.412809423381283,0.05,2,6.0,0.0,0.01
3694,0.7252857142857143,0.01120067378445048,0.05,3,9.0,0.0,0.008076923076923077
3695,0.9127619047619048,0.04007982162902901,0.05,1,2.0,0.0,0.006153846153846154
3696,0.8887619047619048,0.06415260959760105,0.05,1,5.0,0.0,0.006153846153846154
3697,0.7953571428571428,0.003296798540483592,0.05,2,7.0,0.0,0.010384615384615384
3698,0.9124285714285714,0.021672277175893262,0.05,1,4.0,0.0,0.003461538461538461
3699,0.8183571428571428,0.039269457878222336,0.05,2,5.0,0.0,0.008461538461538461
3700,0.7538571428571428,0.008879920814487074,0.05,2,8.0,0.0,0.017307692307692305
3701,0.6481190476190477,0.024812986195656934,0.05,3,9.0,0.0,0.023076923076923075
3702,0.9294285714285714,0.016858393387143344,0.05,1,3.0,0.0,0.0023076923076923075
3703,0.8021904761904761,0.0019688861245506506,0.05,2,7.0,0.0,0.00923076923076923
3704,0.7951904761904761,0.009441196767771609,0.05,2,7.0,0.0,0.01153846153846154
3705,0.8138571428571427,0.03496365163015852,0.05,2,5.0,0.0,0.00923076923076923
3706,0.8018571428571427,0.01777281058243474,0.05,2,7.0,0.0,0.007692307692307693
3707,0.8964285714285714,0.042592774528468436,0.05,1,6.0,0.0,0.003461538461538461
3708,0.8135238095238095,0.006194088620443738,0.05,2,4.0,0.0,0.012692307692307694
3709,0.6618968253968253,0.030751236554690847,0.05,3,10.0,0.0,0.016923076923076923
3710,0.5497142857142856,0.033238210094493376,0.05,4,12.0,0.0,0.024615384615384615
3711,0.9020952380952381,0.026571798376656353,0.05,1,2.0,0.0,0.007692307692307693
3712,0.9144285714285714,0.01392431960137741,0.05,1,3.0,0.0,0.004230769230769231
3713,0.9164285714285714,0.9164285714285714,0.05,1,2.0,0.0,0.005
3714,0.9114285714285714,0.009531887641239689,0.05,1,3.0,0.0,0.004615384615384615
3715,0.8058571428571427,0.011004072762652084,0.05,2,7.0,0.0,0.006153846153846154
3716,0.7528571428571428,0.019486239232197167,0.05,2,6.0,0.0,0.02153846153846154
3717,0.7951904761904761,0.012516431854592835,0.05,2,7.0,0.0,0.01153846153846154
3718,0.8211904761904761,0.02476487479020134,0.05,2,4.0,0.0,0.00923076923076923
3719,0.9127619047619048,0.05293534085024587,0.05,1,2.0,0.0,0.006153846153846154
3720,0.9434285714285714,0.019449911047671575,0.05,1,2.0,0.0,0.0015384615384615385
3721,0.7953571428571428,0.0067428192719820035,0.05,2,7.0,0.0,0.010384615384615384
3722,0.8121904761904761,0.01777089382995317,0.05,2,7.0,0.0,0.008076923076923077
3723,0.8934285714285713,0.03794477131154672,0.05,1,6.0,0.0,0.0038461538461538464
3724,0.9284285714285714,0.00250491994290436,0.05,1,2.0,0.0,0.003461538461538461
3725,0.6097142857142857,0.030746043126471806,0.05,4,12.0,0.0,0.012307692307692308
3726,0.9047619047619048,0.0024401079215490284,0.05,1,1.0,0.0,0.008461538461538461
3727,0.9124285714285714,0.011504885518401564,0.05,1,4.0,0.0,0.003461538461538461
3728,0.7725238095238094,0.002729867116939344,0.05,2,7.0,0.0,0.016153846153846154
3729,0.6022142857142857,0.026847807881231006,0.05,4,12.0,0.0,0.013846153846153845
3730,0.7935238095238094,0.01109689372072803,0.05,2,8.0,0.0,0.00923076923076923
3731,0.9254285714285714,0.0006311211012234308,0.05,1,2.0,0.0,0.0038461538461538464
3732,0.9034285714285714,0.004516005852453819,0.05,1,4.0,0.0,0.004615384615384615
3733,0.5994642857142857,0.15846706257744292,0.05,4,11.0,0.0,0.01730769230769231
3734,0.9004285714285714,0.06732306176743674,0.05,1,4.0,0.0,0.005
3735,0.8058571428571427,0.01043030831619629,0.05,2,7.0,0.0,0.006153846153846154
3736,0.8874285714285713,0.0302072902252023,0.05,1,6.0,0.0,0.004615384615384615
3737,0.7673571428571428,0.014342697146642824,0.05,2,8.0,0.0,0.010384615384615384
3738,0.7755238095238095,0.01778579949451531,0.05,2,8.0,0.0,0.01153846153846154
3739,0.9084285714285714,0.04594722990533595,0.05,1,3.0,0.0,0.005
3740,0.8363571428571428,0.009506400659153869,0.05,2,5.0,0.0,0.005384615384615385
3741,0.9234285714285714,0.03011979954235855,0.05,1,3.0,0.0,0.003076923076923077
3742,0.9084285714285714,0.09671648144889233,0.05,1,3.0,0.0,0.005
3743,0.9164285714285714,0.01331924398276274,0.05,1,2.0,0.0,0.005
3744,0.5547142857142857,0.028060019357359745,0.05,4,12.0,0.0,0.024615384615384615
3745,0.9314285714285714,0.02811117356743187,0.05,1,2.0,0.0,0.003076923076923077
3746,0.656063492063492,0.02153904932686901,0.05,3,9.0,0.0,0.02153846153846154
3747,0.9254285714285714,0.019300056210688643,0.05,1,2.0,0.0,0.0038461538461538464
3748,0.9404285714285714,0.032370050589619837,0.05,1,2.0,0.0,0.0019230769230769232
3749,0.6451746031746032,0.02425190862098614,0.05,3,12.0,0.0,0.02
3750,0.8914285714285713,0.013247951872323971,0.05,1,2.0,0.0,0.00923076923076923
3751,0.6698412698412697,0.02791820229830307,0.05,3,10.0,0.0,0.015384615384615385
3752,0.8248571428571428,0.00564286925876728,0.05,2,4.0,0.0,0.010384615384615384
3753,0.9284285714285714,0.05360592765071215,0.05,1,2.0,0.0,0.003461538461538461
3754,0.9287619047619047,0.04987131720705862,0.05,1,2.0,0.0,0.0038461538461538464
3755,0.8914285714285713,0.007550852153019427,0.05,1,2.0,0.0,0.00923076923076923
3756,0.7452857142857142,0.019205559712122122,0.05,3,8.0,0.0,0.00576923076923077
3757,0.9100952380952381,0.0013336211745966775,0.05,1,1.0,0.0,0.007692307692307693
3758,0.6798968253968254,0.017656744381654692,0.05,3,9.0,0.0,0.016923076923076923
3759,0.886095238095238,0.001462433604384139,0.05,1,2.0,0.0,0.01
3760,0.5607142857142856,0.15822472077603994,0.05,4,15.0,0.0,0.015384615384615385
3761,0.6513968253968253,0.2354475524904636,0.05,3,11.0,0.0,0.02153846153846154
3762,0.9024285714285714,0.04218656120268205,0.05,1,6.0,0.0,0.0026923076923076926
3763,0.6990238095238095,0.04382433137334757,0.05,2,8.0,0.0,0.021923076923076927
3764,0.9180952380952381,0.03331619024394572,0.05,1,2.0,0.0,0.005384615384615385
3765,0.8065238095238094,0.008103373665800606,0.05,2,7.0,0.0,0.00923076923076923
3766,0.7808571428571428,0.40734750796799296,0.05,2,7.0,0.0,0.010384615384615384
3767,0.7958571428571427,0.010895723374557686,0.05,2,5.0,0.0,0.012307692307692308
3768,0.7668571428571428,0.01659359612955419,0.05,2,7.0,0.0,0.017307692307692305
3769,0.8904285714285713,0.025967905082413867,0.05,1,6.0,0.0,0.004230769230769231
3770,0.9174285714285714,0.03722491063557565,0.05,1,3.0,0.0,0.0038461538461538464
3771,0.9004285714285714,0.007064405267208418,0.05,1,4.0,0.0,0.005
3772,0.7668571428571428,0.007174705589671482,0.05,2,7.0,0.0,0.017307692307692305
3773,0.9234285714285714,0.10065463568788857,0.05,1,3.0,0.0,0.003076923076923077
3774,0.9144285714285714,0.05735907428616238,0.05,1,6.0,0.0,0.0011538461538461537
3775,0.9020952380952381,0.036975140098554515,0.05,1,2.0,0.0,0.007692307692307693
3776,0.8138571428571427,0.008989322500344732,0.05,2,5.0,0.0,0.00923076923076923
3777,0.8228571428571427,0.00901093576514922,0.05,2,5.0,0.0,0.007692307692307693
3778,0.9207619047619048,0.01782070934189961,0.05,1,1.0,0.0,0.006153846153846154
3779,0.8018571428571427,0.03075234176550673,0.05,2,7.0,0.0,0.007692307692307693
3780,0.7605238095238095,0.011757979922736472,0.05,2,8.0,0.0,0.01153846153846154
3781,0.44127619047619043,0.0363267756615814,0.05,5,14.0,0.0,0.03230769230769231
3782,0.7733571428571429,0.028627660385185938,0.05,2,4.0,0.0,0.017307692307692305
3783,0.9420952380952381,0.03737197174104301,0.05,1,1.0,0.0,0.003076923076923077
3784,0.7870238095238096,0.016356747655219883,0.05,2,4.0,0.0,0.015000000000000001
3785,0.7481904761904761,0.011866071010604051,0.05,2,8.0,0.0,0.01846153846153846
3786,0.7128571428571427,0.0393618111796441,0.05,2,6.0,0.0,0.02923076923076923
3787,0.7883571428571428,0.023338687999174823,0.05,2,7.0,0.0,0.01
3788,0.6647301587301587,0.016122062327471893,0.05,3,12.0,0.0,0.012307692307692308
3789,0.9054285714285714,0.008827445951571034,0.05,1,3.0,0.0,0.005384615384615385
3790,0.8994285714285714,0.03237111457417252,0.05,1,6.0,0.0,0.003076923076923077
3791,0.7651904761904762,0.005757879315645975,0.05,2,8.0,0.0,0.015000000000000001
3792,0.9180952380952381,0.04927762608869912,0.05,1,2.0,0.0,0.005384615384615385
3793,0.8103571428571428,0.020588190500747283,0.05,2,7.0,0.0,0.005384615384615385
3794,0.8727619047619047,0.027380430921191024,0.05,1,5.0,0.0,0.008461538461538461
3795,0.6472142857142857,0.026752192354296878,0.05,4,12.0,0.0,0.004615384615384615
3796,0.9344285714285714,0.035595730483180765,0.05,1,2.0,0.0,0.0026923076923076926
3797,0.9224285714285714,0.8307857142857142,0.05,1,2.0,0.0,0.004230769230769231
3798,0.9204285714285714,0.10506237227361359,0.05,1,3.0,0.0,0.003461538461538461
3799,0.9194285714285714,0.006568008991101104,0.05,1,2.0,0.0,0.004615384615384615
3800,0.4914642857142857,0.16429086106004182,0.05,4,14.0,0.0,0.032692307692307694
3801,0.8248571428571428,0.013948221798753546,0.05,2,4.0,0.0,0.010384615384615384
3802,0.7923571428571428,0.020021422805998945,0.05,2,7.0,0.0,0.008461538461538461
3803,0.7032857142857142,0.011011132310817332,0.05,3,8.0,0.0,0.013846153846153845
3804,0.8914285714285713,0.01768319681316244,0.05,1,2.0,0.0,0.00923076923076923
3805,0.8727619047619047,0.050824681339145195,0.05,1,5.0,0.0,0.008461538461538461
3806,0.7878571428571428,0.01935994842636629,0.05,2,7.0,0.0,0.00923076923076923
3807,0.6655079365079365,0.016999804598560913,0.05,3,12.0,0.0,0.015384615384615385
3808,0.8143571428571428,0.0022595197900643904,0.05,2,4.0,0.0,0.010384615384615384
3809,0.7465238095238096,0.02236972934059611,0.05,2,9.0,0.0,0.016153846153846154
3810,0.6297142857142857,0.018553086277689063,0.05,4,12.0,0.0,0.00923076923076923
3811,0.4731761904761904,0.03504531409835654,0.05,5,14.0,0.0,0.025384615384615387
3812,0.9074285714285714,0.030042292685940608,0.05,1,2.0,0.0,0.006153846153846154
3813,0.8964285714285714,0.03362316685754618,0.05,1,6.0,0.0,0.003461538461538461
3814,0.7651904761904762,0.004712704878790219,0.05,2,8.0,0.0,0.015000000000000001
3815,0.7923571428571428,0.016810869529200523,0.05,2,7.0,0.0,0.008461538461538461
3816,0.5997142857142856,0.0209579494559346,0.05,4,12.0,0.0,0.015384615384615385
3817,0.5337142857142857,0.14756621306184947,0.05,4,11.0,0.0,0.03230769230769231
3818,0.9064285714285714,0.11268489509045088,0.05,1,4.0,0.0,0.004230769230769231
3819,0.7460238095238095,0.036398858361141484,0.05,2,4.0,0.0,0.021923076923076927
3820,0.9064285714285714,0.013505049458303886,0.05,1,4.0,0.0,0.004230769230769231
3821,0.8015238095238094,0.008888976202517551,0.05,2,8.0,0.0,0.004615384615384615
3822,0.8013571428571428,0.02240494120079478,0.05,2,6.0,0.0,0.01
3823,0.6798968253968254,0.00737407458683655,0.05,3,9.0,0.0,0.016923076923076923
3824,0.7748571428571429,0.007728077256616506,0.05,2,9.0,0.0,0.010384615384615384
3825,0.6798968253968254,0.007351429095299289,0.05,3,9.0,0.0,0.016923076923076923
3826,0.6850079365079365,0.011298562207878504,0.05,3,7.0,0.0,0.02
3827,0.8148571428571427,0.012318126745192726,0.05,2,7.0,0.0,0.004615384615384615
3828,0.9064285714285714,0.00035796474048754856,0.05,1,4.0,0.0,0.004230769230769231
3829,0.8727619047619047,0.02932223890345298,0.05,1,5.0,0.0,0.008461538461538461
3830,0.9234285714285714,0.034916121659840815,0.05,1,2.0,0.0,0.004615384615384615
3831,0.9127619047619048,0.026126590288072182,0.05,1,2.0,0.0,0.006153846153846154
3832,0.6488412698412698,0.015021385116915273,0.05,3,12.0,0.0,0.015384615384615385
3833,0.8078571428571427,0.0184226959136235,0.05,2,4.0,0.0,0.013846153846153845
3834,0.5872142857142857,0.021052959492212392,0.05,4,12.0,0.0,0.016923076923076923
3835,0.6957857142857142,0.0066019321017395756,0.05,3,9.0,0.0,0.013846153846153845
3836,0.7688571428571427,0.010282753678649892,0.05,2,6.0,0.0,0.01846153846153846
3837,0.8148571428571427,0.010072775668487854,0.05,2,7.0,0.0,0.004615384615384615
3838,0.9294285714285714,0.05148553128190603,0.05,1,3.0,0.0,0.0023076923076923075
3839,0.7705238095238094,0.019687440983061966,0.05,2,6.0,0.0,0.016153846153846154
3840,0.9074285714285714,0.035813865609137685,0.05,1,2.0,0.0,0.006923076923076922
3841,0.6972857142857142,0.007692486238786933,0.05,3,8.0,0.0,0.015000000000000001
3842,0.7132857142857143,0.012362898130449773,0.05,3,9.0,0.0,0.010384615384615384
3843,0.8727619047619047,0.050161192696236756,0.05,1,5.0,0.0,0.008461538461538461
3844,0.5078761904761904,0.15924358228356658,0.05,5,16.0,0.0,0.016153846153846154
3845,0.9214285714285714,0.014677831733561186,0.05,1,4.0,0.0,0.0023076923076923075
3846,0.9234285714285714,0.01005529864358612,0.05,1,3.0,0.0,0.003076923076923077
3847,0.9054285714285714,0.02233697815371538,0.05,1,3.0,0.0,0.005384615384615385
3848,0.9234285714285714,0.03142450949385678,0.05,1,2.0,0.0,0.004615384615384615
3849,0.8914285714285713,0.0037179414555289503,0.05,1,2.0,0.0,0.00923076923076923
3850,0.7312857142857143,0.011064420293154279,0.05,3,9.0,0.0,0.006923076923076922
3851,0.7935238095238094,0.018404955496600595,0.05,2,8.0,0.0,0.00923076923076923
3852,0.9144285714285714,0.057902501050501765,0.05,1,3.0,0.0,0.004230769230769231
3853,0.46254285714285714,0.030282615301335136,0.05,5,14.0,0.0,0.02769230769230769
3854,0.8058571428571427,0.012931860314275123,0.05,2,7.0,0.0,0.006153846153846154
3855,0.8904285714285713,0.020134003116755284,0.05,1,6.0,0.0,0.004230769230769231
3856,0.9294285714285714,0.044103280338343875,0.05,1,3.0,0.0,0.0023076923076923075
3857,0.7368571428571428,0.026022458281921734,0.05,2,6.0,0.0,0.024615384615384615
3858,0.7312857142857143,0.009414656893061831,0.05,3,9.0,0.0,0.006923076923076922
3859,0.9164285714285714,0.008911208091990974,0.05,1,2.0,0.0,0.005
3860,0.7870238095238096,0.023976415529803285,0.05,2,4.0,0.0,0.015000000000000001
3861,0.8021904761904761,0.019897263718763325,0.05,2,7.0,0.0,0.00923076923076923
3862,0.8318571428571427,0.008398961738486144,0.05,2,5.0,0.0,0.006153846153846154
3863,0.8754285714285713,0.000232479048223877,0.05,1,2.0,0.0,0.011538461538461537
3864,0.9174285714285714,0.014578698877115714,0.05,1,3.0,0.0,0.0038461538461538464
3865,0.9100952380952381,0.06880448358918856,0.05,1,5.0,0.0,0.003076923076923077
3866,0.8967619047619048,0.0019871860233573457,0.05,1,2.0,0.0,0.008461538461538461
3867,0.7923571428571428,0.019506640388617935,0.05,2,7.0,0.0,0.008461538461538461
3868,0.7485634920634919,0.02980561308037455,0.05,3,7.0,0.0,0.007692307692307693
3869,0.7891904761904761,0.022466606386506383,0.05,2,8.0,0.0,0.00923076923076923
3870,0.9014285714285714,0.0036063512151859323,0.05,1,2.0,0.0,0.006923076923076922
3871,0.7838571428571428,0.024417408531164475,0.05,2,7.0,0.0,0.01076923076923077
3872,0.7991904761904761,0.016403831687689663,0.05,2,8.0,0.0,0.008076923076923077
3873,0.9234285714285714,0.043177437749731484,0.05,1,3.0,0.0,0.003076923076923077
3874,0.7555238095238095,0.01897710881982867,0.05,2,7.0,0.0,0.019615384615384614
3875,0.9114285714285714,0.04732524134508864,0.05,1,6.0,0.0,0.0015384615384615385
3876,0.9334285714285714,0.025210048560205034,0.05,1,4.0,0.0,0.0007692307692307692
3877,0.9127619047619048,0.02635301432381465,0.05,1,2.0,0.0,0.006153846153846154
3878,0.8013571428571428,0.018262811319797012,0.05,2,6.0,0.0,0.01
3879,0.6912857142857142,0.008220949218473014,0.05,3,8.0,0.0,0.016153846153846154
3880,0.8088571428571427,0.008398789525565553,0.05,2,5.0,0.0,0.00923076923076923
3881,0.7016190476190475,0.025200196357675342,0.05,3,10.0,0.0,0.00923076923076923
3882,0.6097142857142857,0.016972756841264258,0.05,4,12.0,0.0,0.012307692307692308
3883,0.685063492063492,0.22504169506191452,0.05,3,9.0,0.0,0.019230769230769232
3884,0.9420952380952381,0.03513723620393916,0.05,1,1.0,0.0,0.003076923076923077
3885,0.9004285714285714,0.08905173262885602,0.05,1,4.0,0.0,0.005
3886,0.8135238095238095,0.016840358341368267,0.05,2,4.0,0.0,0.012692307692307694
3887,0.7938571428571428,0.01124862575250174,0.05,2,4.0,0.0,0.013846153846153845
3888,0.8003571428571428,0.007577379042951915,0.05,2,5.0,0.0,0.011538461538461537
3889,0.6936746031746032,0.02119355138384556,0.05,3,10.0,0.0,0.01076923076923077
3890,0.9264285714285714,0.07286173514689809,0.05,1,3.0,0.0,0.0026923076923076926
3891,0.8844285714285713,0.019879171010595886,0.05,1,3.0,0.0,0.008076923076923077
3892,0.6247142857142857,0.15287527088960495,0.05,4,9.0,0.0,0.012307692307692308
3893,0.9204285714285714,0.12208919836571197,0.05,1,3.0,0.0,0.003461538461538461
3894,0.7798571428571428,0.3327458920201877,0.05,2,9.0,0.0,0.006923076923076922
3895,0.9164285714285714,0.009745572051386042,0.05,1,2.0,0.0,0.005
3896,0.7605238095238095,0.013006187385800616,0.05,2,8.0,0.0,0.01153846153846154
3897,0.5263428571428571,0.0322584184091814,0.05,5,14.0,0.0,0.013846153846153845
3898,0.9094285714285714,0.0013109562958154575,0.05,1,4.0,0.0,0.0038461538461538464
3899,0.6798968253968254,0.011677618792199676,0.05,3,9.0,0.0,0.016923076923076923
3900,0.9114285714285714,0.009108746090463749,0.05,1,3.0,0.0,0.004615384615384615
3901,0.6647301587301587,0.015114719701050236,0.05,3,12.0,0.0,0.012307692307692308
3902,0.7012857142857143,0.006924101074322915,0.05,3,9.0,0.0,0.012692307692307694
3903,0.7212857142857142,0.01119994901117527,0.05,3,8.0,0.0,0.010384615384615384
3904,0.25214285714285706,0.07907702600915378,0.05,7,22.0,0.0,0.024615384615384615
3905,0.8904285714285713,0.02159271721057976,0.05,1,6.0,0.0,0.004230769230769231
3906,0.7931904761904761,0.014041975548570562,0.05,2,6.0,0.0,0.01153846153846154
3907,0.9324285714285714,0.042692952304509535,0.05,1,3.0,0.0,0.0019230769230769232
3908,0.8283571428571428,0.0061338492322594584,0.05,2,6.0,0.0,0.005384615384615385
3909,0.7795238095238095,0.02465103053092421,0.05,2,4.0,0.0,0.019615384615384614
3910,0.666952380952381,0.27264039360804954,0.05,3,9.0,0.0,0.01846153846153846
3911,0.7958571428571427,0.00972736781077077,0.05,2,5.0,0.0,0.012307692307692308
3912,0.7116746031746033,0.003578946587055487,0.05,3,9.0,0.0,0.01076923076923077
3913,0.8083571428571429,0.01799959567228815,0.05,2,9.0,0.0,0.0038461538461538464
3914,0.9260952380952381,0.017634774566938738,0.05,1,1.0,0.0,0.005384615384615385
3915,0.7923571428571428,0.023612955199126595,0.05,2,7.0,0.0,0.008461538461538461
3916,0.8065238095238094,0.006829306091766796,0.05,2,7.0,0.0,0.00923076923076923
3917,0.7878571428571428,0.0012681715755131218,0.05,2,8.0,0.0,0.006923076923076922
3918,0.8313571428571428,0.00531352528041007,0.05,2,5.0,0.0,0.005384615384615385
3919,0.9094285714285714,0.0011798606662338784,0.05,1,4.0,0.0,0.0038461538461538464
3920,0.6147142857142857,0.017715487246721062,0.05,4,12.0,0.0,0.012307692307692308
3921,0.7768571428571429,0.020728301817168504,0.05,2,9.0,0.0,0.00923076923076923
3922,0.9194285714285714,0.008133045530657856,0.05,1,2.0,0.0,0.004615384615384615
3923,0.8884285714285713,0.006466110940348102,0.05,1,4.0,0.0,0.006538461538461539
3924,0.8441904761904762,0.2946172028377041,0.05,2,3.0,0.0,0.008076923076923077
3925,0.8088571428571427,0.39433352266009525,0.05,2,5.0,0.0,0.00923076923076923
3926,0.7152857142857142,0.021987467525824995,0.05,3,8.0,0.0,0.01153846153846154
3927,0.9144285714285714,0.03862134362490155,0.05,1,3.0,0.0,0.004230769230769231
3928,0.8754285714285713,0.004433445489521737,0.05,1,6.0,0.0,0.006153846153846154
3929,0.9104285714285714,0.01537828734144342,0.05,1,2.0,0.0,0.005769230769230769
3930,0.9154285714285714,0.0052046304435781066,0.05,1,1.0,0.0,0.006923076923076922
3931,0.6892857142857143,0.01008295816438339,0.05,3,9.0,0.0,0.015000000000000001
3932,0.8013571428571428,0.01406240026083716,0.05,2,7.0,0.0,0.006923076923076922
3933,0.5922142857142857,0.017919724722603336,0.05,4,12.0,0.0,0.016923076923076923
3934,0.9084285714285714,0.056792254558320376,0.05,1,3.0,0.0,0.005
3935,0.6726746031746033,0.006571913488175762,0.05,3,12.0,0.0,0.01076923076923077
3936,0.9114285714285714,0.008197871481417374,0.05,1,3.0,0.0,0.004615384615384615
3937,0.9054285714285714,0.11896567074296927,0.05,1,3.0,0.0,0.005384615384615385
3938,0.8904285714285713,0.024867776587760293,0.05,1,6.0,0.0,0.004230769230769231
3939,0.8215238095238095,0.005888038202468637,0.05,2,6.0,0.0,0.00576923076923077
3940,0.7733571428571429,0.028642378763719056,0.05,2,4.0,0.0,0.017307692307692305
3941,0.7748571428571429,0.007521675957385288,0.05,2,9.0,0.0,0.010384615384615384
3942,0.8135238095238095,0.0094353185145587,0.05,2,4.0,0.0,0.012692307692307694
3943,0.6857301587301585,0.019882244103340534,0.05,3,10.0,0.0,0.012307692307692308
3944,0.9114285714285714,0.03374043119331305,0.05,1,3.0,0.0,0.004615384615384615
3945,0.9144285714285714,0.11606910366867229,0.05,1,3.0,0.0,0.004230769230769231
3946,0.9127619047619048,0.01778846742102158,0.05,1,2.0,0.0,0.006153846153846154
3947,0.8453571428571428,0.04446800770175552,0.05,2,5.0,0.0,0.0038461538461538464
3948,0.9074285714285714,0.01566355560371202,0.05,1,2.0,0.0,0.006153846153846154
3949,0.9154285714285714,0.007034970849000177,0.05,1,1.0,0.0,0.006923076923076922
3950,0.9244285714285714,0.04181949984631328,0.05,1,4.0,0.0,0.0019230769230769232
3951,0.6072142857142857,0.015049052067938967,0.05,4,12.0,0.0,0.013846153846153845
3952,0.7988571428571428,0.00977581173683828,0.05,2,6.0,0.0,0.010384615384615384
3953,0.7492857142857143,0.012672638471670846,0.05,3,9.0,0.0,0.003461538461538461
3954,0.9127619047619048,0.03247723650737866,0.05,1,2.0,0.0,0.006153846153846154
3955,0.9294285714285714,0.025378084333275708,0.05,1,3.0,0.0,0.0023076923076923075
3956,0.6222142857142856,0.01235807439895828,0.05,4,12.0,0.0,0.01076923076923077
3957,0.7938571428571428,0.017923405678373472,0.05,2,4.0,0.0,0.013846153846153845
3958,0.9134285714285714,0.02334462289614958,0.05,1,2.0,0.0,0.005384615384615385
3959,0.9024285714285714,0.034380998928984274,0.05,1,6.0,0.0,0.0026923076923076926
3960,0.9264285714285714,0.0744382341287475,0.05,1,3.0,0.0,0.0026923076923076926
3961,0.9214285714285714,0.019354396966561382,0.05,1,4.0,0.0,0.0023076923076923075
3962,0.8273571428571428,0.00916604547434291,0.05,2,5.0,0.0,0.006923076923076922
3963,0.8887619047619048,0.044194312159057114,0.05,1,5.0,0.0,0.006153846153846154
3964,0.7838571428571428,0.03203673916510663,0.05,2,7.0,0.0,0.01076923076923077
3965,0.9094285714285714,0.022637549861681983,0.05,1,4.0,0.0,0.0038461538461538464
3966,0.8215238095238095,0.005167399665579386,0.05,2,6.0,0.0,0.00576923076923077
3967,0.8135238095238095,0.010883924465397654,0.05,2,4.0,0.0,0.012692307692307694
3968,0.9204285714285714,0.030438434223795552,0.05,1,3.0,0.0,0.003461538461538461
3969,0.8248571428571428,0.006212690524309228,0.05,2,4.0,0.0,0.010384615384615384
3970,0.8235238095238095,0.023637351524010586,0.05,2,7.0,0.0,0.00576923076923077
3971,0.9054285714285714,0.008950231220772542,0.05,1,3.0,0.0,0.005384615384615385
3972,0.8834285714285713,0.05971047231244264,0.05,1,5.0,0.0,0.006923076923076922
3973,0.6898968253968254,0.25875681352947916,0.05,3,9.0,0.0,0.016923076923076923
3974,0.7092857142857142,0.0033357772484841064,0.05,3,8.0,0.0,0.012692307692307694
3975,0.9124285714285714,0.00841895726990527,0.05,1,4.0,0.0,0.003461538461538461
3976,0.7883571428571428,0.027306667756356318,0.05,2,7.0,0.0,0.01
3977,0.9094285714285714,0.02037379487551383,0.05,1,4.0,0.0,0.0038461538461538464
3978,0.9074285714285714,0.01067628734558601,0.05,1,2.0,0.0,0.006923076923076922
3979,0.46254285714285714,0.029899924315702254,0.05,5,14.0,0.0,0.02769230769230769
3980,0.7858571428571428,0.014321850330864416,0.05,2,9.0,0.0,0.007692307692307693
3981,0.8361904761904762,0.003354079064473048,0.05,2,4.0,0.0,0.008076923076923077
3982,0.7908571428571428,0.018821633412318683,0.05,2,4.0,0.0,0.017307692307692305
3983,0.829190476190476,0.01788792331413175,0.05,2,7.0,0.0,0.004615384615384615
3984,0.9224285714285714,0.0020200872827919047,0.05,1,2.0,0.0,0.004230769230769231
3985,0.8964285714285714,0.03437374821922956,0.05,1,6.0,0.0,0.003461538461538461
3986,0.8143571428571428,0.0005610072915058217,0.05,2,4.0,0.0,0.010384615384615384
3987,0.9254285714285714,0.0002289851537525811,0.05,1,2.0,0.0,0.0038461538461538464
3988,0.9124285714285714,0.10452156935353185,0.05,1,4.0,0.0,0.003461538461538461
3989,0.7998571428571428,0.35223083372767083,0.05,2,5.0,0.0,0.01076923076923077
3990,0.9294285714285714,0.12313665320273015,0.05,1,3.0,0.0,0.0023076923076923075
3991,0.878095238095238,0.026987869039312384,0.05,1,5.0,0.0,0.007692307692307693
3992,0.9127619047619048,0.04097245750556677,0.05,1,2.0,0.0,0.006153846153846154
3993,0.671952380952381,0.014486129422100666,0.05,3,9.0,0.0,0.01846153846153846
3994,0.8807619047619047,0.0030862810042896482,0.05,1,2.0,0.0,0.01076923076923077
3995,0.9204285714285714,0.013840275899948074,0.05,1,3.0,0.0,0.003461538461538461
3996,0.6408968253968254,0.020900881682838546,0.05,3,12.0,0.0,0.016923076923076923
3997,0.5961746031746031,0.2306571714755942,0.05,3,12.0,0.0,0.024615384615384615
3998,0.8048571428571427,0.01069734920271409,0.05,2,5.0,0.0,0.01076923076923077
3999,0.9234285714285714,0.025608658611027457,0.05,1,2.0,0.0,0.004615384615384615
4000,0.7635238095238096,0.015683403854935052,0.05,2,9.0,0.0,0.012692307692307694
4001,0.6832857142857143,0.010826653379949184,0.05,3,9.0,0.0,0.016153846153846154
4002,0.8994285714285714,0.033936373397306596,0.05,1,6.0,0.0,0.003076923076923077
4003,0.8178571428571427,0.01148293244715054,0.05,2,7.0,0.0,0.006923076923076922
4004,0.8143571428571428,0.0005432983107961364,0.05,2,4.0,0.0,0.010384615384615384
4005,0.9127619047619048,0.03687521175501007,0.05,1,2.0,0.0,0.006153846153846154
4006,0.7953571428571428,0.015686959803869138,0.05,2,7.0,0.0,0.010384615384615384
4007,0.7965238095238094,0.01675826888144949,0.05,2,4.0,0.0,0.016153846153846154
4008,0.8043571428571428,0.01013218431689622,0.05,2,5.0,0.0,0.01
4009,0.8075238095238095,0.003935123605674495,0.05,2,4.0,0.0,0.01153846153846154
4010,0.7528571428571428,0.017221044872574254,0.05,2,6.0,0.0,0.02153846153846154
4011,0.7651904761904762,0.00294170474159261,0.05,2,8.0,0.0,0.015000000000000001
4012,0.9084285714285714,0.041495605308961236,0.05,1,6.0,0.0,0.0019230769230769232
4013,0.7668571428571428,0.014608449147650415,0.05,2,7.0,0.0,0.017307692307692305
4014,0.8178571428571427,0.003131223657113158,0.05,2,5.0,0.0,0.007692307692307693
4015,0.8083571428571429,0.01695635780236565,0.05,2,9.0,0.0,0.0038461538461538464
4016,0.8018571428571427,0.023830914970557504,0.05,2,7.0,0.0,0.007692307692307693
4017,0.9144285714285714,0.033366388073981734,0.05,1,3.0,0.0,0.004230769230769231
4018,0.8248571428571428,0.002176067222182443,0.05,2,4.0,0.0,0.010384615384615384
4019,0.6297142857142857,0.01610504315774905,0.05,4,12.0,0.0,0.00923076923076923
4020,0.6587301587301587,0.0199739174254695,0.05,3,12.0,0.0,0.016923076923076923
4021,0.9144285714285714,0.06266521112615697,0.05,1,3.0,0.0,0.004230769230769231
4022,0.7931904761904761,0.016951697114354902,0.05,2,6.0,0.0,0.01153846153846154
4023,0.8305238095238094,0.0012935744257692727,0.05,2,4.0,0.0,0.00923076923076923
4024,0.7781904761904762,0.007814471482357033,0.05,2,7.0,0.0,0.015000000000000001
4025,0.8887619047619048,0.04237216440807123,0.05,1,5.0,0.0,0.006153846153846154
4026,0.7781904761904762,0.006600042442633569,0.05,2,7.0,0.0,0.015000000000000001
4027,0.6329523809523809,0.019143434983290148,0.05,3,12.0,0.0,0.01846153846153846
4028,0.8101904761904761,0.00995053237231941,0.05,2,6.0,0.0,0.008076923076923077
4029,0.9034285714285714,0.012336415387962485,0.05,1,4.0,0.0,0.004615384615384615
4030,0.9144285714285714,0.021394590801416036,0.05,1,3.0,0.0,0.004230769230769231
4031,0.6655079365079365,0.015979596635309234,0.05,3,12.0,0.0,0.015384615384615385
4032,0.7668571428571428,0.007370877284454791,0.05,2,7.0,0.0,0.017307692307692305
4033,0.9284285714285714,0.0032060866383772924,0.05,1,2.0,0.0,0.003461538461538461
4034,0.9100952380952381,0.0006491659341130163,0.05,1,1.0,0.0,0.007692307692307693
4035,0.9180952380952381,0.04263576610977149,0.05,1,2.0,0.0,0.005384615384615385
4036,0.45190952380952387,0.029446759058808204,0.05,5,14.0,0.0,0.030000000000000002
4037,0.8075238095238095,0.010901097766808698,0.05,2,4.0,0.0,0.01153846153846154
4038,0.9154285714285714,0.06480161463393075,0.05,1,5.0,0.0,0.0023076923076923075
4039,0.7903571428571429,0.017507065524357546,0.05,2,9.0,0.0,0.006923076923076922
4040,0.8333571428571428,0.03901181628501643,0.05,2,7.0,0.0,0.0023076923076923075
4041,0.7528571428571428,0.031062288563799723,0.05,2,4.0,0.0,0.02076923076923077
4042,0.656063492063492,0.01458516550355841,0.05,3,9.0,0.0,0.02153846153846154
4043,0.9314285714285714,0.04417346818653112,0.05,1,2.0,0.0,0.003076923076923077
4044,0.8178571428571427,0.02196306454746244,0.05,2,7.0,0.0,0.006923076923076922
4045,0.9034285714285714,0.09146676894888173,0.05,1,4.0,0.0,0.004615384615384615
4046,0.9260952380952381,0.01699814043076686,0.05,1,1.0,0.0,0.005384615384615385
4047,0.8273571428571428,0.035167507453291336,0.05,2,5.0,0.0,0.006923076923076922
4048,0.9054285714285714,0.010255131721274457,0.05,1,3.0,0.0,0.005384615384615385
4049,0.9127619047619048,0.012381126083258143,0.05,1,2.0,0.0,0.006153846153846154
4050,0.8121904761904761,0.008253682681942265,0.05,2,7.0,0.0,0.008076923076923077
4051,0.7680238095238096,0.018091180073138258,0.05,2,7.0,0.0,0.015000000000000001
4052,0.7072857142857143,0.008930184266408236,0.05,3,9.0,0.0,0.01153846153846154
4053,0.9180952380952381,0.042283934131307155,0.05,1,2.0,0.0,0.005384615384615385
4054,0.9314285714285714,0.019319740977592037,0.05,1,2.0,0.0,0.003076923076923077
4055,0.485797619047619,0.15281769128757322,0.05,4,12.0,0.0,0.029615384615384616
4056,0.9287619047619047,0.0271430134749322,0.05,1,2.0,0.0,0.0038461538461538464
4057,0.7975238095238096,0.010896682392207813,0.05,2,9.0,0.0,0.00576923076923077
4058,0.6677301587301587,0.5081924726053586,0.05,3,6.0,0.0,0.025
4059,0.9064285714285714,0.004061874599610493,0.05,1,4.0,0.0,0.004230769230769231
4060,0.9194285714285714,0.05048429777984942,0.05,1,2.0,0.0,0.004615384615384615
4061,0.7748571428571427,0.014563207162352765,0.05,2,7.0,0.0,0.013846153846153845
4062,0.9074285714285714,0.02770552283212757,0.05,1,2.0,0.0,0.006923076923076922
4063,0.7691904761904762,0.01612016941554395,0.05,2,9.0,0.0,0.01153846153846154
4064,0.8058571428571427,0.019136192245050032,0.05,2,6.0,0.0,0.00923076923076923
4065,0.9234285714285714,0.027229618549147072,0.05,1,3.0,0.0,0.003076923076923077
4066,0.9294285714285714,0.07139869001354127,0.05,1,3.0,0.0,0.0023076923076923075
4067,0.9054285714285714,0.006506656694232338,0.05,1,3.0,0.0,0.005384615384615385
4068,0.9114285714285714,0.011855991024809165,0.05,1,3.0,0.0,0.004615384615384615
4069,0.9314285714285714,0.05743586800186451,0.05,1,2.0,0.0,0.003076923076923077
4070,0.7761904761904762,0.020606085053612444,0.05,2,6.0,0.0,0.015000000000000001
4071,0.9054285714285714,0.050320852751274514,0.05,1,6.0,0.0,0.0023076923076923075
4072,0.9134285714285714,0.021756121367877967,0.05,1,2.0,0.0,0.005384615384615385
4073,0.7810238095238095,0.014032265436274616,0.05,2,8.0,0.0,0.008076923076923077
4074,0.7885238095238095,0.008103707273832916,0.05,2,7.0,0.0,0.01153846153846154
4075,0.9244285714285714,0.035449639321392556,0.05,1,4.0,0.0,0.0019230769230769232
4076,0.9314285714285714,0.01738776687983279,0.05,1,2.0,0.0,0.003076923076923077
4077,0.9344285714285714,0.010181921445487241,0.05,1,2.0,0.0,0.0026923076923076926
4078,0.7761904761904762,0.01881660896841164,0.05,2,6.0,0.0,0.015000000000000001
4079,0.7481904761904761,0.010791309665845406,0.05,2,8.0,0.0,0.01846153846153846
4080,0.9074285714285714,0.034865226076960965,0.05,1,2.0,0.0,0.006923076923076922
4081,0.5797142857142856,0.017197298299324065,0.05,4,12.0,0.0,0.01846153846153846
4082,0.48327619047619036,0.1351874909588002,0.05,5,16.0,0.0,0.01884615384615385
4083,0.8178571428571427,0.02177494812631048,0.05,2,7.0,0.0,0.006923076923076922
4084,0.9344285714285714,0.040580509231090245,0.05,1,2.0,0.0,0.0026923076923076926
4085,0.9234285714285714,0.039029749266583535,0.05,1,3.0,0.0,0.003076923076923077
4086,0.8143571428571428,0.017107839402757397,0.05,2,4.0,0.0,0.010384615384615384
4087,0.8934285714285713,0.03328876747614706,0.05,1,6.0,0.0,0.0038461538461538464
4088,0.8143571428571428,0.00729933538590305,0.05,2,4.0,0.0,0.010384615384615384
4089,0.5922142857142857,0.01720261725187655,0.05,4,12.0,0.0,0.016923076923076923
4090,0.7908571428571427,0.01610096004474132,0.05,2,5.0,0.0,0.012307692307692308
4091,0.6372142857142857,0.009295076167858629,0.05,4,12.0,0.0,0.007692307692307693
4092,0.7252857142857143,0.009678519865420898,0.05,3,9.0,0.0,0.008076923076923077
4093,0.9047619047619048,0.005917582674034971,0.05,1,1.0,0.0,0.008461538461538461
4094,0.8228571428571427,0.03350668449601463,0.05,2,5.0,0.0,0.007692307692307693
4095,0.7608571428571427,0.03393993337481671,0.05,2,7.0,0.0,0.013846153846153845
4096,0.8148571428571427,0.01759311372427147,0.05,2,6.0,0.0,0.007692307692307693
4097,0.9194285714285714,0.005836270699061452,0.05,1,2.0,0.0,0.004615384615384615
4098,0.8078571428571427,0.011038667317900486,0.05,2,4.0,0.0,0.013846153846153845
4099,0.9020952380952381,0.026045370135931556,0.05,1,2.0,0.0,0.007692307692307693
4100,0.5772142857142857,0.020922388974765005,0.05,4,12.0,0.0,0.02
4101,0.8994285714285714,0.03595989072853234,0.05,1,6.0,0.0,0.003076923076923077
4102,0.6611746031746031,0.008163761653557403,0.05,3,7.0,0.0,0.024615384615384615
4103,0.8048571428571427,0.0026717141359894336,0.05,2,5.0,0.0,0.01076923076923077
4104,0.9324285714285714,0.018944791901304714,0.05,1,3.0,0.0,0.0019230769230769232
4105,0.9344285714285714,0.009747356370844673,0.05,1,2.0,0.0,0.0026923076923076926
4106,0.9254285714285714,0.009648990191849505,0.05,1,2.0,0.0,0.0038461538461538464
4107,0.7232857142857142,0.20896376008301223,0.05,3,7.0,0.0,0.01153846153846154
4108,0.6892857142857143,0.011345000383338263,0.05,3,9.0,0.0,0.015000000000000001
4109,0.9127619047619048,0.00842871212743912,0.05,1,2.0,0.0,0.006153846153846154
4110,0.9214285714285714,0.03167135070747085,0.05,1,4.0,0.0,0.0023076923076923075
4111,0.7448571428571427,0.02109898057324705,0.05,2,6.0,0.0,0.023076923076923075
4112,0.7878571428571428,0.009445192330973962,0.05,2,8.0,0.0,0.010384615384615384
4113,0.38790476190476203,0.21064279620545814,0.05,6,15.0,0.0,0.03230769230769231
4114,0.9154285714285714,0.005340842260035172,0.05,1,1.0,0.0,0.006923076923076922
4115,0.9260952380952381,0.015298326387690131,0.05,1,1.0,0.0,0.005384615384615385
4116,0.9254285714285714,0.008684091172664554,0.05,1,2.0,0.0,0.0038461538461538464
4117,0.5847142857142857,0.018622095302029518,0.05,4,12.0,0.0,0.01846153846153846
4118,0.7723571428571429,0.017447251576316825,0.05,2,9.0,0.0,0.01
4119,0.9184285714285714,0.008344312860350533,0.05,1,4.0,0.0,0.0026923076923076926
4120,0.8135238095238095,0.007775682972933018,0.05,2,4.0,0.0,0.012692307692307694
4121,0.6952857142857143,0.012838045212207438,0.05,3,9.0,0.0,0.013846153846153845
4122,0.8058571428571427,0.027728547080054122,0.05,2,7.0,0.0,0.006153846153846154
4123,0.8914285714285713,0.01949011842568449,0.05,1,4.0,0.0,0.006153846153846154
4124,0.8416904761904762,0.014191188702717739,0.05,2,4.0,0.0,0.00576923076923077
4125,0.8844285714285713,0.02785520538289965,0.05,1,6.0,0.0,0.005
4126,0.7968571428571427,0.0152904504217945,0.05,2,7.0,0.0,0.007692307692307693
4127,0.894095238095238,0.016526575299301682,0.05,1,1.0,0.0,0.01
4128,0.9207619047619047,0.09150743226238078,0.05,1,5.0,0.0,0.0015384615384615385
4129,0.8121904761904761,0.01857875019142624,0.05,2,7.0,0.0,0.008076923076923077
4130,0.7263571428571428,0.029400482978117592,0.05,2,8.0,0.0,0.017307692307692305
4131,0.9234285714285714,0.026460495587238286,0.05,1,3.0,0.0,0.003076923076923077
4132,0.9127619047619048,0.033962564239859105,0.05,1,2.0,0.0,0.006153846153846154
4133,0.9144285714285714,0.000949687288825718,0.05,1,3.0,0.0,0.004230769230769231
4134,0.9164285714285714,0.0011843179446019425,0.05,1,2.0,0.0,0.005
4135,0.7838571428571427,0.006672840773594757,0.05,2,7.0,0.0,0.013846153846153845
4136,0.6567857142857143,0.010547189231381279,0.05,3,12.0,0.0,0.013846153846153845
4137,0.9034285714285714,0.005541106583116018,0.05,1,4.0,0.0,0.004615384615384615
4138,0.8348571428571427,0.010016206251989068,0.05,2,4.0,0.0,0.006923076923076922
4139,0.5468095238095236,0.10595124413988662,0.05,5,13.0,0.0,0.01346153846153846
4140,0.6022142857142857,0.017539397425626296,0.05,4,12.0,0.0,0.013846153846153845
4141,0.8006904761904762,0.007680274928954289,0.05,2,4.0,0.0,0.012692307692307694
4142,0.9034285714285714,0.0014229384570852988,0.05,1,4.0,0.0,0.004615384615384615
4143,0.7522857142857142,0.16208596348198281,0.05,3,7.0,0.0,0.006923076923076922
4144,0.9204285714285714,0.012456248309953288,0.05,1,3.0,0.0,0.003461538461538461
4145,0.7908571428571427,0.015694518705727245,0.05,2,5.0,0.0,0.012307692307692308
4146,0.7883571428571428,0.04008525192719098,0.05,2,7.0,0.0,0.01
4147,0.7698571428571428,0.02854346472562852,0.05,2,7.0,0.0,0.012307692307692308
4148,0.9180952380952381,0.03589964114920652,0.05,1,2.0,0.0,0.005384615384615385
4149,0.9344285714285714,0.045693905515179045,0.05,1,2.0,0.0,0.0026923076923076926
4150,0.8914285714285713,0.009979637775606509,0.05,1,2.0,0.0,0.00923076923076923
4151,0.8964285714285714,0.03706968484460971,0.05,1,6.0,0.0,0.003461538461538461
4152,0.7818571428571428,0.017912184275550913,0.05,2,6.0,0.0,0.013846153846153845
4153,0.9264285714285714,0.0503922756366626,0.05,1,3.0,0.0,0.0026923076923076926
4154,0.8183571428571428,0.0065621534484432975,0.05,2,5.0,0.0,0.008461538461538461
4155,0.7968571428571427,0.014259167802296191,0.05,2,7.0,0.0,0.007692307692307693
4156,0.8268571428571427,0.0027582211146924274,0.05,2,5.0,0.0,0.006153846153846154
4157,0.7951904761904761,0.002368337297974199,0.05,2,7.0,0.0,0.01153846153846154
4158,0.8674285714285713,0.027094829656337915,0.05,1,5.0,0.0,0.00923076923076923
4159,0.5809642857142857,0.14089941112183132,0.05,4,11.0,0.0,0.021153846153846155
4160,0.9374285714285714,0.02373343811359352,0.05,1,2.0,0.0,0.0023076923076923075
4161,0.9174285714285714,0.11478698051672642,0.05,1,3.0,0.0,0.0038461538461538464
4162,0.9194285714285714,0.026124514963661083,0.05,1,2.0,0.0,0.004615384615384615
4163,0.8283571428571428,0.015365597464720049,0.05,2,6.0,0.0,0.005384615384615385
4164,0.7072857142857143,0.012283964985384829,0.05,3,9.0,0.0,0.01153846153846154
4165,0.5997142857142856,0.014642226639263206,0.05,4,12.0,0.0,0.015384615384615385
4166,0.9314285714285714,0.019101827082254386,0.05,1,1.0,0.0,0.004615384615384615
4167,0.894095238095238,0.05105201335737086,0.05,1,5.0,0.0,0.005384615384615385
4168,0.7793571428571427,0.03268991258312598,0.05,2,7.0,0.0,0.011538461538461537
4169,0.7928571428571427,0.004443266786357869,0.05,2,6.0,0.0,0.013846153846153845
4170,0.8045238095238094,0.009114668039932439,0.05,2,6.0,0.0,0.00923076923076923
4171,0.9114285714285714,0.03277488612283952,0.05,1,3.0,0.0,0.004615384615384615
4172,0.8273571428571428,0.03411165204231259,0.05,2,5.0,0.0,0.006923076923076922
4173,0.8348571428571427,0.00949889324453157,0.05,2,4.0,0.0,0.006923076923076922
4174,0.8904285714285713,0.027362716360148753,0.05,1,6.0,0.0,0.004230769230769231
4175,0.9314285714285714,0.015360094302234173,0.05,1,2.0,0.0,0.003076923076923077
4176,0.8088571428571428,0.010718868824387051,0.05,2,6.0,0.0,0.01076923076923077
4177,0.9064285714285714,0.0019869959248044466,0.05,1,4.0,0.0,0.004230769230769231
4178,0.8280238095238095,0.013144846842136848,0.05,2,4.0,0.0,0.008076923076923077
4179,0.8295238095238094,0.012854684573929409,0.05,2,7.0,0.0,0.004615384615384615
4180,0.8168571428571427,0.014114921725336849,0.05,2,6.0,0.0,0.00923076923076923
4181,0.9194285714285714,0.024934666644374937,0.05,1,2.0,0.0,0.004615384615384615
4182,0.8328571428571427,0.012135210677980124,0.05,2,6.0,0.0,0.004615384615384615
4183,0.9287619047619047,0.05486231292433208,0.05,1,2.0,0.0,0.0038461538461538464
4184,0.6611746031746031,0.21944428389543022,0.05,3,7.0,0.0,0.024615384615384615
4185,0.9064285714285714,0.0017193553886232227,0.05,1,4.0,0.0,0.004230769230769231
4186,0.8248571428571428,0.010304384887238838,0.05,2,4.0,0.0,0.010384615384615384
4187,0.9144285714285714,0.056313450505200646,0.05,1,3.0,0.0,0.004230769230769231
4188,0.7651904761904762,0.02119646674947001,0.05,2,8.0,0.0,0.015000000000000001
4189,0.5275476190476192,0.1496068963702063,0.05,4,15.0,0.0,0.026923076923076925
4190,0.7991904761904761,0.013803496660492853,0.05,2,8.0,0.0,0.008076923076923077
4191,0.9284285714285714,0.010824084872010697,0.05,1,2.0,0.0,0.003461538461538461
4192,0.6972857142857142,0.005528722375136279,0.05,3,8.0,0.0,0.015000000000000001
4193,0.6806190476190476,0.005150672187363796,0.05,3,12.0,0.0,0.00923076923076923
4194,0.9094285714285714,0.0012117036676759785,0.05,1,4.0,0.0,0.0038461538461538464
4195,0.8288571428571427,0.042475585413783656,0.05,2,7.0,0.0,0.003076923076923077
4196,0.9194285714285714,0.042865305650993224,0.05,1,2.0,0.0,0.004615384615384615
4197,0.9254285714285714,0.04457877508589392,0.05,1,2.0,0.0,0.0038461538461538464
4198,0.6882857142857143,0.23739842616797283,0.05,3,11.0,0.0,0.00923076923076923
4199,0.7578571428571428,0.016583141206460983,0.05,2,9.0,0.0,0.013846153846153845
4200,0.9174285714285714,0.0021452814400568787,0.05,1,3.0,0.0,0.0038461538461538464
4201,0.7072857142857143,0.007620907837215178,0.05,3,9.0,0.0,0.01153846153846154
4202,0.8453571428571428,0.016947671012579768,0.05,2,5.0,0.0,0.0038461538461538464
4203,0.7686904761904761,0.024048822570582773,0.05,2,8.0,0.0,0.012692307692307694
4204,0.9224285714285714,0.0037416763848096,0.05,1,2.0,0.0,0.004230769230769231
4205,0.7951904761904761,0.010720632165963195,0.05,2,7.0,0.0,0.01153846153846154
4206,0.9207619047619048,0.006524977707362378,0.05,1,1.0,0.0,0.006153846153846154
4207,0.7698571428571428,0.03171241036884842,0.05,2,7.0,0.0,0.012307692307692308
4208,0.8914285714285713,0.008981673998045836,0.05,1,2.0,0.0,0.00923076923076923
4209,0.6929523809523809,0.008641971105176985,0.05,3,7.0,0.0,0.01846153846153846
4210,0.8313571428571428,0.008317003846796955,0.05,2,5.0,0.0,0.005384615384615385
4211,0.7485634920634919,0.022434582970901323,0.05,3,7.0,0.0,0.007692307692307693
4212,0.9074285714285714,0.0228858521880001,0.05,1,2.0,0.0,0.006923076923076922
4213,0.7870238095238096,0.022189722341773854,0.05,2,4.0,0.0,0.015000000000000001
4214,0.9144285714285714,0.02089014428280589,0.05,1,3.0,0.0,0.004230769230769231
4215,0.9074285714285714,0.020597266969200057,0.05,1,2.0,0.0,0.006923076923076922
4216,0.8967619047619048,0.007870873605613449,0.05,1,2.0,0.0,0.008461538461538461
4217,0.7931904761904761,0.01564800001131994,0.05,2,6.0,0.0,0.01153846153846154
4218,0.7272857142857142,0.008481271718410252,0.05,3,8.0,0.0,0.00923076923076923
4219,0.7247301587301586,0.013425040006675585,0.05,3,7.0,0.0,0.012307692307692308
4220,0.8226904761904762,0.008586924878660585,0.05,2,7.0,0.0,0.00576923076923077
4221,0.6957857142857142,0.007222262147956737,0.05,3,9.0,0.0,0.013846153846153845
4222,0.8373571428571428,0.009470745273941095,0.05,2,6.0,0.0,0.0038461538461538464
4223,0.8273571428571428,0.03129482762768543,0.05,2,5.0,0.0,0.006923076923076922
4224,0.8727619047619047,0.03620725110270484,0.05,1,1.0,0.0,0.013076923076923078
4225,0.9004285714285714,0.09474743233397787,0.05,1,4.0,0.0,0.005
4226,0.8058571428571427,0.02161226805222849,0.05,2,7.0,0.0,0.006153846153846154
4227,0.9324285714285714,0.07180250541829136,0.05,1,3.0,0.0,0.0019230769230769232
4228,0.8318571428571427,0.012681467917504963,0.05,2,5.0,0.0,0.006153846153846154
4229,0.7680238095238096,0.019811286889244384,0.05,2,7.0,0.0,0.015000000000000001
4230,0.9214285714285714,0.016547419849760936,0.05,1,4.0,0.0,0.0023076923076923075
4231,0.45190952380952387,0.03176917622126949,0.05,5,14.0,0.0,0.030000000000000002
4232,0.8148571428571427,0.00802558276107268,0.05,2,7.0,0.0,0.004615384615384615
4233,0.8006904761904762,0.015132113089541988,0.05,2,4.0,0.0,0.012692307692307694
4234,0.7653571428571427,0.02994076800733353,0.05,2,7.0,0.0,0.013076923076923078
4235,0.8313571428571428,0.007314502177908078,0.05,2,5.0,0.0,0.005384615384615385
4236,0.8035238095238095,0.36072750010456517,0.05,2,7.0,0.0,0.00576923076923077
4237,0.9034285714285714,0.004909466699091647,0.05,1,4.0,0.0,0.004615384615384615
4238,0.8967619047619048,0.007083786245052126,0.05,1,2.0,0.0,0.008461538461538461
4239,0.8884285714285713,0.00019856965797127035,0.05,1,4.0,0.0,0.006538461538461539
4240,0.6301190476190476,0.03438693788457181,0.05,3,10.0,0.0,0.023076923076923075
4241,0.6297142857142857,0.0171061209327745,0.05,4,12.0,0.0,0.00923076923076923
4242,0.9184285714285714,0.10761684876195066,0.05,1,4.0,0.0,0.0026923076923076926
4243,0.7991904761904761,0.01261559532715023,0.05,2,8.0,0.0,0.008076923076923077
4244,0.9024285714285714,0.038767987680587424,0.05,1,6.0,0.0,0.0026923076923076926
4245,0.8994285714285714,0.0631314628826889,0.05,1,5.0,0.0,0.004615384615384615
4246,0.8834285714285713,0.03688724977329472,0.05,1,5.0,0.0,0.006923076923076922
4247,0.8183571428571428,0.006820146183067477,0.05,2,5.0,0.0,0.008461538461538461
4248,0.6850079365079365,0.007179075542087039,0.05,3,7.0,0.0,0.02
4249,0.8874285714285713,0.01128146341212144,0.05,1,3.0,0.0,0.007692307692307693
4250,0.8904285714285713,0.027562202013417414,0.05,1,6.0,0.0,0.004230769230769231
4251,0.9224285714285714,0.0049341138498582016,0.05,1,2.0,0.0,0.004230769230769231
4252,0.7468571428571428,0.018291012086627978,0.05,2,8.0,0.0,0.013846153846153845
4253,0.7635238095238096,0.012922849998778019,0.05,2,9.0,0.0,0.012692307692307694
4254,0.5847142857142857,0.025975403975654288,0.05,4,12.0,0.0,0.01846153846153846
4255,0.8358571428571427,0.005884400699088521,0.05,2,5.0,0.0,0.004615384615384615
4256,0.9100952380952381,0.0692436277921209,0.05,1,5.0,0.0,0.003076923076923077
4257,0.6045079365079365,0.03944123561207872,0.05,3,12.0,0.0,0.02923076923076923
4258,0.7691904761904762,0.009702382522324915,0.05,2,9.0,0.0,0.01153846153846154
4259,0.9154285714285714,0.10064107606860861,0.05,1,4.0,0.0,0.003076923076923077
4260,0.8914285714285713,0.0010420742872134792,0.05,1,2.0,0.0,0.00923076923076923
4261,0.8235238095238095,0.023344541762714166,0.05,2,7.0,0.0,0.00576923076923077
4262,0.9180952380952381,0.04132894965918521,0.05,1,2.0,0.0,0.005384615384615385
4263,0.8318571428571427,0.012016911973746103,0.05,2,5.0,0.0,0.006153846153846154
4264,0.9264285714285714,0.06670608813914514,0.05,1,3.0,0.0,0.0026923076923076926
4265,0.7991904761904761,0.011269715648090095,0.05,2,8.0,0.0,0.008076923076923077
4266,0.6832857142857143,0.016079333842834036,0.05,3,9.0,0.0,0.016153846153846154
4267,0.9024285714285714,0.03489118891252874,0.05,1,6.0,0.0,0.0026923076923076926
4268,0.9174285714285714,0.0401533170709093,0.05,1,3.0,0.0,0.0038461538461538464
4269,0.9084285714285714,0.007069246703948817,0.05,1,3.0,0.0,0.005
4270,0.7878571428571428,0.020828911460518906,0.05,2,7.0,0.0,0.00923076923076923
4271,0.7618571428571428,0.028038005802209942,0.05,2,8.0,0.0,0.013846153846153845
4272,0.9020952380952381,0.021196054693266686,0.05,1,2.0,0.0,0.007692307692307693
4273,0.9204285714285714,0.02234829128979232,0.05,1,3.0,0.0,0.003461538461538461
4274,0.8318571428571427,0.033090931721114214,0.05,2,5.0,0.0,0.006153846153846154
4275,0.8013571428571428,0.011188356680603584,0.05,2,7.0,0.0,0.006923076923076922
4276,0.9194285714285714,0.006227379266239841,0.05,1,2.0,0.0,0.004615384615384615
4277,0.9234285714285714,0.10282626320116806,0.05,1,3.0,0.0,0.003076923076923077
4278,0.6936746031746032,0.026069358945551218,0.05,3,10.0,0.0,0.01076923076923077
4279,0.9174285714285714,0.0026376779664460948,0.05,1,3.0,0.0,0.0038461538461538464
4280,0.7092857142857142,0.01109914716791934,0.05,3,8.0,0.0,0.012692307692307694
4281,0.7728571428571427,0.02619388841102971,0.05,2,5.0,0.0,0.015384615384615385
4282,0.5422142857142856,0.023715304200401244,0.05,4,12.0,0.0,0.026153846153846156
4283,0.8373571428571428,0.008021563162961876,0.05,2,6.0,0.0,0.0038461538461538464
4284,0.6952857142857143,0.011191057353599487,0.05,3,9.0,0.0,0.013846153846153845
4285,0.9204285714285714,0.005373910169801488,0.05,1,3.0,0.0,0.003461538461538461
4286,0.8228571428571427,0.006639913384681784,0.05,2,5.0,0.0,0.007692307692307693
4287,0.9064285714285714,0.018696301434186102,0.05,1,4.0,0.0,0.004230769230769231
4288,0.9127619047619048,0.02974311589060674,0.05,1,2.0,0.0,0.006153846153846154
4289,0.9154285714285714,0.007581479970817484,0.05,1,4.0,0.0,0.003076923076923077
4290,0.9264285714285714,0.026113462160813117,0.05,1,3.0,0.0,0.0026923076923076926
4291,0.8075238095238095,0.006674421692375199,0.05,2,4.0,0.0,0.01153846153846154
4292,0.6858412698412699,0.025929129356017617,0.05,3,12.0,0.0,0.01076923076923077
4293,0.9344285714285714,0.009395358660384101,0.05,1,2.0,0.0,0.0026923076923076926
4294,0.5872976190476189,0.13664442252615874,0.05,4,16.0,0.0,0.009615384615384616
4295,0.7593571428571428,0.3063911324094995,0.05,2,9.0,0.0,0.010384615384615384
4296,0.7818571428571428,0.02113871342608925,0.05,2,5.0,0.0,0.013846153846153845
4297,0.9224285714285714,0.003544177205654364,0.05,1,2.0,0.0,0.004230769230769231
4298,0.6972857142857142,0.00499204207564193,0.05,3,8.0,0.0,0.015000000000000001
4299,0.9340952380952381,0.04810213763487936,0.05,1,2.0,0.0,0.003076923076923077
4300,0.9024285714285714,0.08290045414342928,0.05,1,3.0,0.0,0.005769230769230769
4301,0.6539523809523808,0.026360753830286316,0.05,3,10.0,0.0,0.01846153846153846
4302,0.5622142857142857,0.026514459614098013,0.05,4,12.0,0.0,0.023076923076923075
4303,0.8006904761904762,0.015001628464338668,0.05,2,4.0,0.0,0.012692307692307694
4304,0.8038571428571428,0.01140828194744442,0.05,2,9.0,0.0,0.004615384615384615
4305,0.7968571428571427,0.013380476451319956,0.05,2,7.0,0.0,0.007692307692307693
4306,0.9264285714285714,0.010836519152821356,0.05,1,3.0,0.0,0.0026923076923076926
4307,0.9344285714285714,0.05811797492938031,0.05,1,2.0,0.0,0.0026923076923076926
4308,0.9194285714285714,0.03730617743644227,0.05,1,2.0,0.0,0.004615384615384615
4309,-2.1506666666666665,1.1427918443780969,0.05,3,3.0,1.0,0.03923076923076923
4310,0.9114285714285714,0.023227486610736925,0.05,1,3.0,0.0,0.004615384615384615
4311,0.7838571428571427,0.005980834325223616,0.05,2,7.0,0.0,0.013846153846153845
4312,0.7816904761904762,0.012663897371970934,0.05,2,7.0,0.0,0.012692307692307694
4313,0.8075238095238095,0.011329252966613967,0.05,2,4.0,0.0,0.01153846153846154
4314,0.7953571428571428,0.006938053587172699,0.05,2,7.0,0.0,0.010384615384615384
4315,0.6091190476190477,0.02574932516886974,0.05,3,12.0,0.0,0.023076923076923075
4316,0.7116746031746033,0.0048475747745098845,0.05,3,9.0,0.0,0.01076923076923077
4317,0.5997142857142856,0.015161205482913359,0.05,4,12.0,0.0,0.015384615384615385
4318,0.6097142857142857,0.025079023947379014,0.05,4,12.0,0.0,0.012307692307692308
4319,0.8063571428571428,0.029340013831205103,0.05,2,7.0,0.0,0.006923076923076922
4320,0.5847142857142857,0.017243463756244193,0.05,4,12.0,0.0,0.01846153846153846
4321,0.9314285714285714,0.016539146603292698,0.05,1,1.0,0.0,0.004615384615384615
4322,0.7095634920634919,0.018315658887374853,0.05,3,10.0,0.0,0.007692307692307693
4323,0.8594285714285714,0.031062133141507742,0.05,1,2.0,0.0,0.013846153846153845
4324,0.9314285714285714,0.012367508746328637,0.05,1,2.0,0.0,0.003076923076923077
4325,0.679063492063492,0.01825489001673397,0.05,3,12.0,0.0,0.012307692307692308
4326,0.6329523809523809,0.016990143645777816,0.05,3,12.0,0.0,0.01846153846153846
4327,0.49421428571428566,0.17149353649892343,0.05,4,15.0,0.0,0.02
4328,0.8914285714285713,0.0006252572047247273,0.05,1,2.0,0.0,0.00923076923076923
4329,0.8075238095238095,0.011110086283790843,0.05,2,4.0,0.0,0.01153846153846154
4330,0.8211904761904761,0.010407173141652126,0.05,2,4.0,0.0,0.00923076923076923
4331,0.9144285714285714,0.06384960973131559,0.05,1,3.0,0.0,0.004230769230769231
4332,0.9024285714285714,0.04168041788386034,0.05,1,6.0,0.0,0.0026923076923076926
4333,0.9114285714285714,0.008502115944731825,0.05,1,3.0,0.0,0.004615384615384615
4334,0.9254285714285714,0.007440702464872384,0.05,1,2.0,0.0,0.0038461538461538464
4335,0.6322301587301588,0.02166779489205206,0.05,3,9.0,0.0,0.026153846153846156
4336,0.7878571428571428,0.019296577115053504,0.05,2,7.0,0.0,0.00923076923076923
4337,0.5050761904761903,0.03283049572567818,0.05,5,14.0,0.0,0.01846153846153846
4338,0.9184285714285714,0.011892677864784873,0.05,1,4.0,0.0,0.0026923076923076926
4339,0.7821904761904761,0.011934548381046794,0.05,2,8.0,0.0,0.01153846153846154
4340,0.9214285714285714,0.037451147018833675,0.05,1,4.0,0.0,0.0023076923076923075
4341,0.7272857142857142,0.01031816352260606,0.05,3,8.0,0.0,0.00923076923076923
4342,0.4921428571428571,0.1362266735482779,0.05,5,15.0,0.0,0.019230769230769232
4343,0.8674285714285713,0.02241717608902749,0.05,1,5.0,0.0,0.00923076923076923
4344,0.6412142857142856,0.19840880393618845,0.05,4,7.0,0.0,0.02076923076923077
4345,0.8108571428571427,0.04279318090362122,0.05,2,7.0,0.0,0.006153846153846154
4346,0.9204285714285714,0.01665190435025865,0.05,1,3.0,0.0,0.003461538461538461
4347,0.7991904761904761,0.014098915826531166,0.05,2,8.0,0.0,0.008076923076923077
4348,0.7072857142857143,0.008187310713887083,0.05,3,9.0,0.0,0.01153846153846154
4349,0.8273571428571428,0.03379556528636496,0.05,2,5.0,0.0,0.006923076923076922
4350,0.7167857142857141,0.00967526783014161,0.05,3,7.0,0.0,0.013846153846153845
4351,0.8904285714285713,0.0255123760954743,0.05,1,6.0,0.0,0.004230769230769231
4352,0.6926190476190476,0.01429815776065609,0.05,3,12.0,0.0,0.00923076923076923
4353,0.8994285714285714,0.032619005876291074,0.05,1,6.0,0.0,0.003076923076923077
4354,0.8238571428571427,0.009042203175914143,0.05,2,6.0,0.0,0.006153846153846154
4355,0.9224285714285714,0.03740847991399443,0.05,1,2.0,0.0,0.004230769230769231
4356,0.8754285714285713,0.015437268515747782,0.05,1,2.0,0.0,0.011538461538461537
4357,0.6097142857142857,0.020283661286781024,0.05,4,12.0,0.0,0.012307692307692308
4358,0.9174285714285714,0.0007528672375392009,0.05,1,3.0,0.0,0.0038461538461538464
4359,0.8108571428571427,0.03299945750956601,0.05,2,7.0,0.0,0.006153846153846154
4360,0.878095238095238,0.03084212514679141,0.05,1,5.0,0.0,0.007692307692307693
4361,0.9284285714285714,0.03966763192259504,0.05,1,2.0,0.0,0.003461538461538461
4362,0.9094285714285714,0.023392571942398188,0.05,1,4.0,0.0,0.0038461538461538464
4363,0.8143571428571428,0.01737323344573527,0.05,2,4.0,0.0,0.010384615384615384
4364,0.9114285714285714,0.04136926631065585,0.05,1,3.0,0.0,0.004615384615384615
4365,0.9034285714285714,0.005176668026264264,0.05,1,4.0,0.0,0.004615384615384615
4366,0.8348571428571427,0.0028452062588004146,0.05,2,4.0,0.0,0.006923076923076922
4367,0.9084285714285714,0.09427035751110868,0.05,1,3.0,0.0,0.005
4368,0.7923571428571428,0.02363740717127555,0.05,2,6.0,0.0,0.011538461538461537
4369,0.7951904761904761,0.012262164467864711,0.05,2,7.0,0.0,0.01153846153846154
4370,0.7648571428571428,0.03194624253675599,0.05,2,6.0,0.0,0.017307692307692305
4371,0.8361904761904762,0.0035592017558022104,0.05,2,4.0,0.0,0.008076923076923077
4372,0.9287619047619047,0.04541683993157464,0.05,1,2.0,0.0,0.0038461538461538464
4373,0.8280238095238095,0.013177067389027686,0.05,2,4.0,0.0,0.008076923076923077
4374,0.5050761904761903,0.0330199969494747,0.05,5,14.0,0.0,0.01846153846153846
4375,0.7196190476190476,0.008315815407077709,0.05,3,9.0,0.0,0.00923076923076923
4376,0.9314285714285714,0.04154794176680987,0.05,1,2.0,0.0,0.003076923076923077
4377,0.9020952380952381,0.018469622026053845,0.05,1,2.0,0.0,0.007692307692307693
4378,0.8075238095238095,0.011021125510955243,0.05,2,4.0,0.0,0.01153846153846154
4379,0.8093571428571428,0.007898000965926577,0.05,2,5.0,0.0,0.01
4380,0.7751904761904762,0.329374848009864,0.05,2,7.0,0.0,0.01153846153846154
4381,0.8075238095238095,0.010667642989347859,0.05,2,4.0,0.0,0.01153846153846154
4382,0.8283571428571428,0.005485989352543297,0.05,2,6.0,0.0,0.005384615384615385
4383,0.7968571428571427,0.0209402637503866,0.05,2,6.0,0.0,0.01076923076923077
4384,0.8914285714285713,0.003541822605083844,0.05,1,2.0,0.0,0.00923076923076923
4385,0.6647301587301587,0.009786804662727855,0.05,3,12.0,0.0,0.012307692307692308
4386,0.9404285714285714,0.020130757871695826,0.05,1,2.0,0.0,0.0019230769230769232
4387,0.8887619047619048,0.06201213087492141,0.05,1,5.0,0.0,0.006153846153846154
4388,0.8183571428571428,0.03250446330412565,0.05,2,5.0,0.0,0.008461538461538461
4389,0.878095238095238,0.027757912632112247,0.05,1,5.0,0.0,0.007692307692307693
4390,0.9434285714285714,0.06198778566465368,0.05,1,2.0,0.0,0.0015384615384615385
4391,0.8088571428571428,0.14932910759842005,0.05,2,6.0,0.0,0.01076923076923077
4392,0.6852857142857142,0.007941461065372968,0.05,3,8.0,0.0,0.017307692307692305
4393,0.9284285714285714,0.0028102405149110776,0.05,1,2.0,0.0,0.003461538461538461
4394,0.8191904761904761,0.005328705279385726,0.05,2,4.0,0.0,0.01153846153846154
4395,0.7748571428571427,0.31440098211610135,0.05,2,7.0,0.0,0.012307692307692308
4396,0.8075238095238095,0.017792922415001744,0.05,2,4.0,0.0,0.01153846153846154
4397,0.8361904761904762,0.0033970499994433467,0.05,2,4.0,0.0,0.008076923076923077
4398,0.9084285714285714,0.04096113848592686,0.05,1,6.0,0.0,0.0019230769230769232
4399,0.894095238095238,0.04054105208915382,0.05,1,5.0,0.0,0.005384615384615385
4400,0.7953571428571428,0.016379058920932665,0.05,2,7.0,0.0,0.010384615384615384
4401,0.8348571428571427,0.36847826078455725,0.05,2,4.0,0.0,0.006923076923076922
4402,0.8914285714285713,0.0031876403445754153,0.05,1,2.0,0.0,0.00923076923076923
4403,0.8944285714285714,0.013296589921693691,0.05,1,4.0,0.0,0.005769230769230769
4404,0.9324285714285714,0.1151090387058955,0.05,1,3.0,0.0,0.0019230769230769232
4405,0.8784285714285713,0.04959813483530595,0.05,1,3.0,0.0,0.008846153846153847
4406,0.6633968253968254,0.26133036668001736,0.05,3,9.0,0.0,0.019230769230769232
4407,0.9264285714285714,0.05223233967959029,0.05,1,3.0,0.0,0.0026923076923076926
4408,0.8305238095238094,0.0006938657366312162,0.05,2,4.0,0.0,0.00923076923076923
4409,0.8078571428571427,0.010950687704658457,0.05,2,4.0,0.0,0.013846153846153845
4410,0.8408571428571427,0.016887771975393095,0.05,2,5.0,0.0,0.004615384615384615
4411,0.8021904761904761,0.012891936034101825,0.05,2,7.0,0.0,0.00923076923076923
4412,0.7878571428571428,0.004560600597624032,0.05,2,8.0,0.0,0.010384615384615384
4413,0.8078571428571427,0.010904534546599176,0.05,2,4.0,0.0,0.013846153846153845
4414,0.9144285714285714,0.0023224194862146996,0.05,1,3.0,0.0,0.004230769230769231
4415,0.4838095238095238,0.03501860437371387,0.05,5,14.0,0.0,0.02307692307692308
4416,0.9234285714285714,0.0440091057116313,0.05,1,3.0,0.0,0.003076923076923077
4417,0.8048571428571427,0.013020645254053664,0.05,2,8.0,0.0,0.006923076923076922
4418,0.6618968253968253,0.023923713375243422,0.05,3,10.0,0.0,0.016923076923076923
4419,0.6250079365079365,0.019017626049427288,0.05,3,12.0,0.0,0.02
4420,0.7648571428571427,0.46356863807352156,0.05,2,7.0,0.0,0.013846153846153845
4421,0.9034285714285714,0.02303172359426464,0.05,1,4.0,0.0,0.004615384615384615
4422,0.49971428571428556,0.1875020061403395,0.05,4,8.0,0.0,0.03230769230769231
4423,0.9127619047619048,0.024202209643451322,0.05,1,2.0,0.0,0.006153846153846154
4424,0.7755238095238095,0.02489241305844736,0.05,2,8.0,0.0,0.01153846153846154
4425,0.8273571428571428,0.01748579214795859,0.05,2,5.0,0.0,0.006923076923076922
4426,0.9074285714285714,0.016448655345772778,0.05,1,2.0,0.0,0.006923076923076922
4427,0.9184285714285714,0.11442970792620566,0.05,1,4.0,0.0,0.0026923076923076926
4428,0.7536904761904761,0.014837768199596701,0.05,2,8.0,0.0,0.012692307692307694
4429,0.9324285714285714,0.055510339573264345,0.05,1,3.0,0.0,0.0019230769230769232
4430,0.7743571428571427,0.024423543870873587,0.05,2,7.0,0.0,0.011538461538461537
4431,0.7965238095238094,0.01621561694473994,0.05,2,4.0,0.0,0.016153846153846154
4432,0.9047619047619048,0.011781434723703188,0.05,1,1.0,0.0,0.008461538461538461
4433,0.9204285714285714,0.042020517911486976,0.05,1,3.0,0.0,0.003461538461538461
4434,0.9127619047619048,0.020137123144528868,0.05,1,2.0,0.0,0.006153846153846154
4435,0.8183571428571428,0.014719385469614321,0.05,2,5.0,0.0,0.008461538461538461
4436,0.7988571428571428,0.019769579648010516,0.05,2,6.0,0.0,0.010384615384615384
4437,0.8834285714285713,0.04763041483638908,0.05,1,5.0,0.0,0.006923076923076922
4438,0.5872142857142857,0.0191670648329893,0.05,4,12.0,0.0,0.016923076923076923
4439,0.8058571428571427,0.011471389747218785,0.05,2,7.0,0.0,0.006153846153846154
4440,0.9174285714285714,0.01198671391523276,0.05,1,3.0,0.0,0.0038461538461538464
4441,0.7968571428571427,0.014080339370200035,0.05,2,7.0,0.0,0.007692307692307693
4442,0.6247142857142857,0.017626054760703114,0.05,4,12.0,0.0,0.00923076923076923
4443,0.7686904761904761,0.021525562750105698,0.05,2,8.0,0.0,0.012692307692307694
4444,0.9047619047619048,0.00896848537469963,0.05,1,1.0,0.0,0.008461538461538461
4445,0.894095238095238,0.0025950298294370455,0.05,1,1.0,0.0,0.01
4446,0.9184285714285714,0.10298673713358508,0.05,1,4.0,0.0,0.0026923076923076926
4447,0.8215238095238095,0.01106757429685118,0.05,2,6.0,0.0,0.00576923076923077
4448,0.8228571428571427,0.015053886396389493,0.05,2,5.0,0.0,0.007692307692307693
4449,0.7928571428571427,0.02183475147285241,0.05,2,7.0,0.0,0.00923076923076923
4450,0.6798968253968254,0.018869647852815124,0.05,3,9.0,0.0,0.016923076923076923
4451,0.7923571428571428,0.015012499829038739,0.05,2,7.0,0.0,0.008461538461538461
4452,0.878095238095238,0.03753404001941685,0.05,1,5.0,0.0,0.007692307692307693
4453,0.8183571428571428,0.010126056677178752,0.05,2,5.0,0.0,0.008461538461538461
4454,0.9254285714285714,0.04976130669086154,0.05,1,2.0,0.0,0.0038461538461538464
4455,0.9127619047619048,0.030964592552231385,0.05,1,2.0,0.0,0.006153846153846154
4456,0.8914285714285713,0.0032099225032574674,0.05,1,2.0,0.0,0.00923076923076923
4457,0.878095238095238,0.03378063601747516,0.05,1,5.0,0.0,0.007692307692307693
4458,0.7673571428571428,0.00745878027055058,0.05,2,8.0,0.0,0.010384615384615384
4459,0.4838095238095238,0.028975979590504863,0.05,5,14.0,0.0,0.02307692307692308
4460,0.8280238095238095,0.0041498767403234105,0.05,2,4.0,0.0,0.008076923076923077
4461,0.8183571428571428,0.044391451421096295,0.05,2,5.0,0.0,0.008461538461538461
4462,0.6878412698412698,0.013743732269675105,0.05,3,9.0,0.0,0.015384615384615385
4463,0.878095238095238,0.030402572415727636,0.05,1,5.0,0.0,0.007692307692307693
4464,0.9264285714285714,0.01978804252370947,0.05,1,3.0,0.0,0.0026923076923076926
4465,0.6481190476190477,0.0193434584810727,0.05,3,9.0,0.0,0.023076923076923075
4466,0.8674285714285713,0.00982028021357173,0.05,1,5.0,0.0,0.00923076923076923
4467,0.7895238095238095,0.014500713647163321,0.05,2,7.0,0.0,0.012692307692307694
4468,0.7743571428571427,0.0251532174825293,0.05,2,7.0,0.0,0.011538461538461537
4469,0.8514285714285713,0.005405096836530676,0.05,1,5.0,0.0,0.011538461538461537
4470,0.7688571428571427,0.14003684699348223,0.05,2,6.0,0.0,0.01846153846153846
4471,0.524797619047619,0.1757871967298698,0.05,4,9.0,0.0,0.029615384615384616
4472,0.8408571428571427,0.01564735741747525,0.05,2,5.0,0.0,0.004615384615384615
4473,0.9254285714285714,0.03778900709818833,0.05,1,2.0,0.0,0.0038461538461538464
4474,0.9154285714285714,0.0327285512348382,0.05,1,4.0,0.0,0.003076923076923077
4475,0.8904285714285713,0.02702116004572097,0.05,1,6.0,0.0,0.004230769230769231
4476,0.9260952380952381,0.029664473153506732,0.05,1,1.0,0.0,0.005384615384615385
4477,0.8008571428571428,0.012508190561209831,0.05,2,7.0,0.0,0.010384615384615384
4478,0.8727619047619047,0.022166559847215606,0.05,1,5.0,0.0,0.008461538461538461
4479,0.7993571428571429,0.004052597681990067,0.05,2,9.0,0.0,0.005384615384615385
4480,0.7408571428571429,0.023857953700985146,0.05,2,9.0,0.0,0.017307692307692305
4481,0.6380634920634919,0.03183842860515729,0.05,3,10.0,0.0,0.02153846153846154
4482,0.9144285714285714,0.0020901775375932186,0.05,1,3.0,0.0,0.004230769230769231
4483,0.7578571428571428,0.01521908283140444,0.05,2,9.0,0.0,0.013846153846153845
4484,0.9274285714285714,0.10780597650524892,0.05,1,4.0,0.0,0.0015384615384615385
4485,0.7332857142857142,0.010593834081977005,0.05,3,8.0,0.0,0.008076923076923077
4486,0.9314285714285714,0.04001010638836955,0.05,1,2.0,0.0,0.003076923076923077
4487,0.8243571428571428,0.034426350379478665,0.05,2,7.0,0.0,0.0038461538461538464
4488,0.8994285714285714,0.045664664093126306,0.05,1,6.0,0.0,0.003076923076923077
4489,0.7195238095238095,0.030673396775847628,0.05,2,8.0,0.0,0.01846153846153846
4490,0.878095238095238,0.0317202397750761,0.05,1,5.0,0.0,0.007692307692307693
4491,0.6222142857142856,0.02628414649240332,0.05,4,12.0,0.0,0.01076923076923077
4492,0.7132857142857143,0.012166846979756082,0.05,3,9.0,0.0,0.010384615384615384
4493,0.6722857142857143,0.031233683521226536,0.05,3,12.0,0.0,0.013846153846153845
4494,0.6850079365079365,0.006195617693380839,0.05,3,7.0,0.0,0.02
4495,0.5263428571428571,0.027467603434457956,0.05,5,14.0,0.0,0.013846153846153845
4496,0.9294285714285714,0.12828442485281077,0.05,1,3.0,0.0,0.0023076923076923075
4497,0.8874285714285713,0.02909819768381372,0.05,1,6.0,0.0,0.004615384615384615
4498,0.8058571428571427,0.008693144718517454,0.05,2,7.0,0.0,0.006153846153846154
4499,0.7743571428571427,0.024488216578690714,0.05,2,7.0,0.0,0.011538461538461537
4500,0.9100952380952381,0.005269957917999557,0.05,1,1.0,0.0,0.007692307692307693
4501,0.7608571428571428,0.12192589081132216,0.05,2,6.0,0.0,0.02
4502,0.9404285714285714,0.0450090957495326,0.05,1,2.0,0.0,0.0019230769230769232
4503,-2.3486666666666665,0.48355259081940155,0.05,6,19.0,1.0,0.04923076923076923
4504,0.8063571428571428,0.022103354979323253,0.05,2,7.0,0.0,0.006923076923076922
4505,0.9314285714285714,0.01659037120713369,0.05,1,1.0,0.0,0.004615384615384615
4506,0.8093571428571428,0.016360361276394897,0.05,2,5.0,0.0,0.01
4507,0.671952380952381,0.01511315616061848,0.05,3,9.0,0.0,0.01846153846153846
4508,0.6798968253968254,0.012928385807615536,0.05,3,9.0,0.0,0.016923076923076923
4509,0.8248571428571428,0.006385232508065608,0.05,2,4.0,0.0,0.010384615384615384
4510,0.8514285714285713,0.004283870408287815,0.05,1,5.0,0.0,0.011538461538461537
4511,0.6297142857142857,0.02060792337670636,0.05,4,12.0,0.0,0.00923076923076923
4512,0.8093571428571428,0.01640038773535729,0.05,2,5.0,0.0,0.01
4513,0.7536904761904761,0.012384808332343122,0.05,2,8.0,0.0,0.012692307692307694
4514,0.9254285714285714,0.0004707835365800328,0.05,1,2.0,0.0,0.0038461538461538464
4515,0.9204285714285714,0.004118840216166153,0.05,1,3.0,0.0,0.003461538461538461
4516,0.2911428571428571,0.11471871735725843,0.05,7,19.0,0.0,0.024615384615384615
4517,0.7651904761904762,0.01311116313194155,0.05,2,8.0,0.0,0.015000000000000001
4518,0.7923571428571428,0.014704683680794528,0.05,2,7.0,0.0,0.008461538461538461
4519,0.8407619047619047,0.003070577871379876,0.05,1,5.0,0.0,0.013076923076923078
4520,0.894095238095238,0.022401999246912996,0.05,1,1.0,0.0,0.01
4521,0.9314285714285714,0.012696632218385129,0.05,1,2.0,0.0,0.003076923076923077
4522,0.7705238095238094,0.024614251178390556,0.05,2,6.0,0.0,0.016153846153846154
4523,0.7885238095238095,0.0086947623748716,0.05,2,7.0,0.0,0.01153846153846154
4524,0.9224285714285714,0.003763056733216419,0.05,1,2.0,0.0,0.004230769230769231
4525,0.8021904761904762,0.0130656153742571,0.05,2,4.0,0.0,0.015000000000000001
4526,0.43064285714285705,0.12121755624356567,0.05,5,14.0,0.0,0.03461538461538461
4527,0.9254285714285714,0.0004237051829220073,0.05,1,2.0,0.0,0.0038461538461538464
4528,0.8594285714285714,0.008837274909106907,0.05,1,2.0,0.0,0.013846153846153845
4529,0.8138571428571427,0.02992615085483269,0.05,2,5.0,0.0,0.00923076923076923
4530,0.6806190476190476,0.015516537699162725,0.05,3,12.0,0.0,0.00923076923076923
4531,0.8814285714285713,0.015319044041148921,0.05,1,6.0,0.0,0.005384615384615385
4532,0.9094285714285714,0.09288374501716701,0.05,1,4.0,0.0,0.0038461538461538464
4533,0.7137301587301587,0.22809149879798715,0.05,3,9.0,0.0,0.012307692307692308
4534,0.7878571428571428,0.00510838063285729,0.05,2,8.0,0.0,0.010384615384615384
4535,0.8021904761904761,0.0018895571783651977,0.05,2,7.0,0.0,0.00923076923076923
4536,0.7823571428571428,0.02041475867949133,0.05,2,8.0,0.0,0.010384615384615384
4537,0.7252857142857143,0.009811232030095299,0.05,3,9.0,0.0,0.008076923076923077
4538,0.9024285714285714,0.01429304380545049,0.05,1,3.0,0.0,0.005769230769230769
4539,0.3861269841269842,0.09889920432965166,0.05,6,17.0,0.0,0.02153846153846154
4540,0.7578571428571428,0.015106647047434807,0.05,2,9.0,0.0,0.013846153846153845
4541,0.7708571428571427,0.008490212611115877,0.05,2,8.0,0.0,0.013846153846153845
4542,0.8994285714285714,0.03441556853047356,0.05,1,6.0,0.0,0.003076923076923077
4543,0.8228571428571427,0.04958908918900368,0.05,2,5.0,0.0,0.007692307692307693
4544,0.9284285714285714,0.009386751059894838,0.05,1,2.0,0.0,0.003461538461538461
4545,0.5847142857142857,0.019973797628858286,0.05,4,12.0,0.0,0.01846153846153846
4546,0.9314285714285714,0.03150818617457929,0.05,1,2.0,0.0,0.003076923076923077
4547,0.886095238095238,0.01871311924847041,0.05,1,2.0,0.0,0.01
4548,0.9314285714285714,0.050680467943407304,0.05,1,2.0,0.0,0.003076923076923077
4549,0.7351904761904762,0.026251754963621143,0.05,2,9.0,0.0,0.01846153846153846
4550,0.8083571428571429,0.0006328964521765679,0.05,2,9.0,0.0,0.0038461538461538464
4551,0.5872142857142857,0.01609983872987658,0.05,4,12.0,0.0,0.016923076923076923
4552,0.8238571428571427,0.003988385769469638,0.05,2,7.0,0.0,0.003076923076923077
4553,0.8807619047619047,0.01355559691959829,0.05,1,2.0,0.0,0.01076923076923077
4554,0.9314285714285714,0.03203135917148936,0.05,1,1.0,0.0,0.004615384615384615
4555,0.7092857142857142,0.013316465589071513,0.05,3,8.0,0.0,0.012692307692307694
4556,0.6878412698412698,0.008942793503129579,0.05,3,9.0,0.0,0.015384615384615385
4557,0.5772142857142857,0.019049630715541388,0.05,4,12.0,0.0,0.02
4558,0.9034285714285714,0.017455696111354335,0.05,1,4.0,0.0,0.004615384615384615
4559,0.7838571428571427,0.006501036213702904,0.05,2,7.0,0.0,0.013846153846153845
4560,0.9114285714285714,0.07583503544737835,0.05,1,3.0,0.0,0.004615384615384615
4561,0.9154285714285714,0.0011715340111115857,0.05,1,1.0,0.0,0.006923076923076922
4562,0.8807619047619047,0.011508473990290091,0.05,1,2.0,0.0,0.01076923076923077
4563,0.8045238095238094,0.011758512944467725,0.05,2,6.0,0.0,0.00923076923076923
4564,0.7931904761904761,0.012681055993401691,0.05,2,6.0,0.0,0.01153846153846154
4565,0.7453571428571428,0.03087522455320235,0.05,2,9.0,0.0,0.014615384615384615
4566,0.9047619047619048,0.0021615565876738074,0.05,1,1.0,0.0,0.008461538461538461
4567,0.7891904761904761,0.019746559578071754,0.05,2,8.0,0.0,0.00923076923076923
4568,0.8904285714285713,0.03967418813242651,0.05,1,6.0,0.0,0.004230769230769231
4569,0.8148571428571427,0.0028889751966906796,0.05,2,7.0,0.0,0.004615384615384615
4570,0.7648571428571428,0.026817760684756053,0.05,2,6.0,0.0,0.017307692307692305
4571,0.8874285714285713,0.032706769319183815,0.05,1,6.0,0.0,0.004615384615384615
4572,0.8101904761904761,0.003614897211238921,0.05,2,6.0,0.0,0.008076923076923077
4573,0.8043571428571428,0.012626697619667449,0.05,2,5.0,0.0,0.01
4574,0.6116309523809522,0.18321422417204233,0.05,4,8.0,0.0,0.025
4575,0.9154285714285714,0.009033069070475741,0.05,1,4.0,0.0,0.003076923076923077
4576,0.8964285714285714,0.030267086700159762,0.05,1,6.0,0.0,0.003461538461538461
4577,0.6640079365079365,0.01067045473855984,0.05,3,9.0,0.0,0.02
4578,0.7072857142857143,0.01080586100217873,0.05,3,9.0,0.0,0.01153846153846154
4579,0.7272857142857142,0.011832357814800631,0.05,3,8.0,0.0,0.00923076923076923
4580,0.8727619047619047,0.031399084334778116,0.05,1,5.0,0.0,0.008461538461538461
4581,0.9164285714285714,0.0035730310034534085,0.05,1,2.0,0.0,0.005
4582,0.7392857142857142,0.010736271856416865,0.05,3,8.0,0.0,0.006923076923076922
4583,0.7813571428571429,0.011853240800753007,0.05,2,9.0,0.0,0.008461538461538461
4584,0.3985714285714286,0.08011282301520213,0.05,6,18.0,0.0,0.016153846153846154
4585,0.8191904761904761,0.011863938655020834,0.05,2,4.0,0.0,0.01153846153846154
4586,0.7618571428571428,0.022648406610677407,0.05,2,8.0,0.0,0.013846153846153845
4587,0.9404285714285714,0.056808321891302804,0.05,1,2.0,0.0,0.0019230769230769232
4588,0.9174285714285714,0.008809238271338504,0.05,1,3.0,0.0,0.0038461538461538464
4589,0.9154285714285714,0.001054380610000405,0.05,1,1.0,0.0,0.006923076923076922
4590,0.7212857142857142,0.008033396506093507,0.05,3,8.0,0.0,0.010384615384615384
4591,0.7778571428571428,0.026361940403397677,0.05,2,5.0,0.0,0.015384615384615385
4592,0.6297142857142857,0.010400194088968334,0.05,4,12.0,0.0,0.00923076923076923
4593,0.7821904761904761,0.006885258925134141,0.05,2,8.0,0.0,0.01153846153846154
4594,0.8273571428571428,0.02203166056260314,0.05,2,5.0,0.0,0.006923076923076922
4595,0.9154285714285714,0.0009489425490003534,0.05,1,1.0,0.0,0.006923076923076922
4596,0.8138571428571427,0.015960829391447884,0.05,2,5.0,0.0,0.00923076923076923
4597,0.9024285714285714,0.007071685555795404,0.05,1,3.0,0.0,0.005769230769230769
4598,0.9034285714285714,0.015710126500218857,0.05,1,4.0,0.0,0.004615384615384615
4599,0.7563571428571427,0.031921861572599686,0.05,2,7.0,0.0,0.014615384615384615
4600,0.6785238095238094,0.04853283619517906,0.05,2,8.0,0.0,0.025384615384615387
4601,0.8178571428571427,0.013679485018478377,0.05,2,5.0,0.0,0.007692307692307693
4602,0.8238571428571427,0.003431647163046281,0.05,2,7.0,0.0,0.003076923076923077
4603,0.8305238095238094,0.013456806625684159,0.05,2,4.0,0.0,0.00923076923076923
4604,0.8784285714285713,0.022449626005681678,0.05,1,6.0,0.0,0.005769230769230769
4605,0.9294285714285714,0.020635482999784127,0.05,1,3.0,0.0,0.0023076923076923075
4606,0.8361904761904762,0.012661591508272452,0.05,2,4.0,0.0,0.008076923076923077
4607,0.7813571428571429,0.011675840674796656,0.05,2,9.0,0.0,0.008461538461538461
4608,0.8191904761904761,0.006484601348086372,0.05,2,4.0,0.0,0.01153846153846154
4609,0.6488412698412698,0.011053990686797799,0.05,3,12.0,0.0,0.015384615384615385
4610,0.7703571428571427,0.04267600329972138,0.05,2,7.0,0.0,0.013076923076923078
4611,0.8058571428571427,0.005974780921360001,0.05,2,7.0,0.0,0.006153846153846154
4612,0.9034285714285714,0.01413911385019695,0.05,1,4.0,0.0,0.004615384615384615
4613,0.8191904761904761,0.006457493262395753,0.05,2,4.0,0.0,0.01153846153846154
4614,0.9214285714285714,0.030725202465177293,0.05,1,4.0,0.0,0.0023076923076923075
4615,0.7468571428571428,0.012547027165929536,0.05,2,8.0,0.0,0.013846153846153845
4616,0.9094285714285714,0.12101063587461358,0.05,1,4.0,0.0,0.0038461538461538464
4617,0.9024285714285714,0.024987609907268227,0.05,1,3.0,0.0,0.005769230769230769
4618,0.7870238095238096,0.025747929873483788,0.05,2,4.0,0.0,0.015000000000000001
4619,0.7680238095238096,0.018858192671616647,0.05,2,7.0,0.0,0.015000000000000001
4620,0.679063492063492,0.024781448730412065,0.05,3,12.0,0.0,0.012307692307692308
4621,0.8727619047619047,0.031931512956213326,0.05,1,5.0,0.0,0.008461538461538461
4622,0.9084285714285714,0.09792451143898839,0.05,1,3.0,0.0,0.005
4623,0.6618968253968253,0.023136390374332978,0.05,3,10.0,0.0,0.016923076923076923
4624,0.7748571428571427,0.02450868829855002,0.05,2,7.0,0.0,0.012307692307692308
4625,0.9047619047619048,0.0019454009289063823,0.05,1,1.0,0.0,0.008461538461538461
4626,0.8328571428571427,0.014490929996799073,0.05,2,6.0,0.0,0.004615384615384615
4627,0.7741904761904761,0.007159243310653207,0.05,2,8.0,0.0,0.00923076923076923
4628,0.8248571428571428,0.006604853149313472,0.05,2,4.0,0.0,0.010384615384615384
4629,0.8553571428571428,0.017418843309978338,0.05,2,4.0,0.0,0.003461538461538461
4630,0.9124285714285714,0.0043409987763621816,0.05,1,4.0,0.0,0.003461538461538461
4631,0.9224285714285714,0.03370183808733118,0.05,1,2.0,0.0,0.004230769230769231
4632,0.8498571428571428,0.03067019927481568,0.05,2,5.0,0.0,0.003076923076923077
4633,0.6952857142857143,0.0059294494559033835,0.05,3,9.0,0.0,0.013846153846153845
4634,0.9184285714285714,0.00990689889872598,0.05,1,4.0,0.0,0.0026923076923076926
4635,0.8148571428571427,0.006932639605986002,0.05,2,7.0,0.0,0.004615384615384615
4636,0.8021904761904761,0.0010521294592810149,0.05,2,7.0,0.0,0.00923076923076923
4637,0.9224285714285714,0.02399544032521872,0.05,1,2.0,0.0,0.004230769230769231
4638,0.7008968253968253,0.005843071018225084,0.05,3,7.0,0.0,0.016923076923076923
4639,0.9340952380952381,0.06744824625305301,0.05,1,2.0,0.0,0.003076923076923077
4640,0.846095238095238,0.0020716949939252327,0.05,1,5.0,0.0,0.012307692307692308
4641,0.6368809523809522,0.1978456195851701,0.05,4,10.0,0.0,0.016153846153846154
4642,0.9114285714285714,0.04562424756382433,0.05,1,3.0,0.0,0.004615384615384615
4643,0.7821904761904761,0.0011228231542901868,0.05,2,8.0,0.0,0.01153846153846154
4644,0.9084285714285714,0.0068637394249054795,0.05,1,3.0,0.0,0.005
4645,0.6322142857142856,0.019261344675759712,0.05,4,12.0,0.0,0.007692307692307693
4646,0.8727619047619047,0.03529950151650807,0.05,1,5.0,0.0,0.008461538461538461
4647,0.9084285714285714,0.09301125455330828,0.05,1,3.0,0.0,0.005
4648,0.6726746031746033,0.008197154008337612,0.05,3,12.0,0.0,0.01076923076923077
4649,0.8183571428571428,0.019104141184739687,0.05,2,5.0,0.0,0.008461538461538461
4650,0.8093571428571428,0.015469631948209661,0.05,2,5.0,0.0,0.01
4651,0.9224285714285714,0.030331654278598075,0.05,1,2.0,0.0,0.004230769230769231
4652,0.9054285714285714,0.005428065300194351,0.05,1,3.0,0.0,0.005384615384615385
4653,0.8121904761904761,0.015280425125724084,0.05,2,7.0,0.0,0.008076923076923077
4654,0.7252857142857143,0.009877259573992289,0.05,3,9.0,0.0,0.008076923076923077
4655,0.9044285714285714,0.0152157279031081,0.05,1,2.0,0.0,0.006538461538461539
4656,0.8994285714285714,0.03427348308427225,0.05,1,6.0,0.0,0.003076923076923077
4657,0.6841746031746032,0.17036619398926836,0.05,3,9.0,0.0,0.02
4658,0.7569523809523809,0.2181856093852106,0.05,3,5.0,0.0,0.011538461538461537
4659,0.8416904761904762,0.017264837178286474,0.05,2,4.0,0.0,0.00576923076923077
4660,0.9024285714285714,0.007885258770174874,0.05,1,3.0,0.0,0.005769230769230769
4661,0.6383968253968253,0.027035273743956017,0.05,3,12.0,0.0,0.02153846153846154
4662,0.7212857142857142,0.0065554625622368246,0.05,3,8.0,0.0,0.010384615384615384
4663,0.7958571428571428,0.2812914029292593,0.05,2,7.0,0.0,0.006923076923076922
4664,0.7196190476190476,0.008029487321414766,0.05,3,9.0,0.0,0.00923076923076923
4665,0.9144285714285714,0.004903267106842635,0.05,1,3.0,0.0,0.004230769230769231
4666,0.4731761904761904,0.07549402829870981,0.05,5,14.0,0.0,0.025384615384615387
4667,0.9314285714285714,0.005618665335370143,0.05,1,2.0,0.0,0.003076923076923077
4668,0.8974285714285714,0.09089770000650721,0.05,1,4.0,0.0,0.005384615384615385
4669,0.8138571428571427,0.02854141556577805,0.05,2,5.0,0.0,0.00923076923076923
4670,0.9254285714285714,0.012932403255625391,0.05,1,2.0,0.0,0.0038461538461538464
4671,0.9374285714285714,0.01105679880183319,0.05,1,2.0,0.0,0.0023076923076923075
4672,0.7252857142857143,0.008692025348589297,0.05,3,9.0,0.0,0.008076923076923077
4673,0.9100952380952381,0.07750267204780015,0.05,1,5.0,0.0,0.003076923076923077
4674,0.8038571428571428,0.0006945322407445609,0.05,2,9.0,0.0,0.004615384615384615
4675,0.9180952380952381,0.04734736517925864,0.05,1,2.0,0.0,0.005384615384615385
4676,0.8003571428571428,0.011500369163544133,0.05,2,5.0,0.0,0.011538461538461537
4677,0.9180952380952381,0.025133296105694924,0.05,1,2.0,0.0,0.005384615384615385
4678,0.7651904761904762,0.009308142724910928,0.05,2,8.0,0.0,0.015000000000000001
4679,0.5847142857142857,0.021055087336944334,0.05,4,12.0,0.0,0.01846153846153846
4680,0.9020952380952381,0.006619966495125418,0.05,1,2.0,0.0,0.007692307692307693
4681,0.8674285714285713,0.028650973882527575,0.05,1,5.0,0.0,0.00923076923076923
4682,0.9094285714285714,0.002129762163428195,0.05,1,4.0,0.0,0.0038461538461538464
4683,0.7991904761904761,0.00783355438608263,0.05,2,8.0,0.0,0.008076923076923077
4684,0.7823571428571428,0.019547390514701113,0.05,2,8.0,0.0,0.010384615384615384
4685,0.8083571428571429,0.0019739669866418175,0.05,2,9.0,0.0,0.0038461538461538464
4686,0.7708571428571427,0.006872227655760399,0.05,2,8.0,0.0,0.013846153846153845
4687,0.9154285714285714,0.023344556853936438,0.05,1,4.0,0.0,0.003076923076923077
4688,0.9264285714285714,0.01641294039615837,0.05,1,3.0,0.0,0.0026923076923076926
4689,0.8363571428571428,0.017874912490218442,0.05,2,5.0,0.0,0.005384615384615385
4690,0.7821904761904761,0.002845616878480395,0.05,2,8.0,0.0,0.01153846153846154
4691,0.8183571428571428,0.009567773686922465,0.05,2,5.0,0.0,0.008461538461538461
4692,0.671952380952381,0.008599551329501742,0.05,3,9.0,0.0,0.01846153846153846
4693,0.6538968253968254,0.20354674731399872,0.05,3,11.0,0.0,0.016923076923076923
4694,0.7611904761904761,0.010781072387298862,0.05,2,7.0,0.0,0.01846153846153846
4695,0.9104285714285714,0.010676782853903388,0.05,1,2.0,0.0,0.005769230769230769
4696,0.7247301587301586,0.011321624900755797,0.05,3,7.0,0.0,0.012307692307692308
4697,0.8211904761904761,0.01831565450662398,0.05,2,4.0,0.0,0.00923076923076923
4698,0.9234285714285714,0.10422200935197667,0.05,1,3.0,0.0,0.003076923076923077
4699,0.8228571428571427,0.011002656936589139,0.05,2,5.0,0.0,0.007692307692307693
4700,0.7823571428571428,0.01624499942034968,0.05,2,8.0,0.0,0.010384615384615384
4701,0.9100952380952381,0.004479285039233005,0.05,1,1.0,0.0,0.007692307692307693
4702,0.8934285714285713,0.030018940597005828,0.05,1,6.0,0.0,0.0038461538461538464
4703,0.7988571428571428,0.009201095492244238,0.05,2,6.0,0.0,0.010384615384615384
4704,0.9194285714285714,0.005639162930062835,0.05,1,2.0,0.0,0.004615384615384615
4705,0.9114285714285714,0.0031773654824148734,0.05,1,3.0,0.0,0.004615384615384615
4706,0.6567857142857143,0.010904159385863569,0.05,3,12.0,0.0,0.013846153846153845
4707,0.7768571428571429,0.013867209375990508,0.05,2,9.0,0.0,0.00923076923076923
4708,0.8834285714285713,0.04721799305376828,0.05,1,5.0,0.0,0.006923076923076922
4709,0.7928571428571427,0.02392275632283225,0.05,2,7.0,0.0,0.00923076923076923
4710,0.8191904761904761,0.0041809627646932634,0.05,2,4.0,0.0,0.01153846153846154
4711,0.7116746031746033,0.005709753139487257,0.05,3,9.0,0.0,0.01076923076923077
4712,0.8964285714285714,0.044409579524676834,0.05,1,6.0,0.0,0.003461538461538461
4713,0.6722857142857143,0.02124863146976086,0.05,3,12.0,0.0,0.013846153846153845
4714,0.8143571428571428,0.01744755447686247,0.05,2,4.0,0.0,0.010384615384615384
4715,0.7755238095238095,0.01714449722912348,0.05,2,8.0,0.0,0.01153846153846154
4716,0.9144285714285714,0.044061822807441864,0.05,1,3.0,0.0,0.004230769230769231
4717,0.4731761904761904,0.07180609408229895,0.05,5,14.0,0.0,0.025384615384615387
4718,0.8268571428571427,0.4151768205984137,0.05,2,5.0,0.0,0.006153846153846154
4719,0.9174285714285714,0.0031403710658266526,0.05,1,3.0,0.0,0.0038461538461538464
4720,0.8103571428571428,0.005581547224903005,0.05,2,7.0,0.0,0.005384615384615385
4721,0.8974285714285714,0.01008321405291468,0.05,1,4.0,0.0,0.005384615384615385
4722,0.8178571428571427,0.011030548761396475,0.05,2,7.0,0.0,0.006923076923076922
4723,0.7958571428571427,0.0024730934118478154,0.05,2,5.0,0.0,0.012307692307692308
4724,0.7883571428571428,0.018508057225103958,0.05,2,7.0,0.0,0.01
4725,0.8008571428571428,0.0038690188977500983,0.05,2,7.0,0.0,0.010384615384615384
4726,0.7965238095238094,0.013719882351634183,0.05,2,4.0,0.0,0.016153846153846154
4727,0.7605238095238095,0.013584627414274353,0.05,2,8.0,0.0,0.01153846153846154
4728,0.9224285714285714,0.002448075953905393,0.05,1,2.0,0.0,0.004230769230769231
4729,0.8964285714285714,0.03293915140738424,0.05,1,6.0,0.0,0.003461538461538461
4730,0.894095238095238,0.0504371550314352,0.05,1,5.0,0.0,0.005384615384615385
4731,0.9174285714285714,0.04354721933117078,0.05,1,3.0,0.0,0.0038461538461538464
4732,0.8008571428571428,0.009142394951595578,0.05,2,7.0,0.0,0.010384615384615384
4733,0.9034285714285714,0.019978932321529697,0.05,1,4.0,0.0,0.004615384615384615
4734,0.8168571428571427,0.10448634744548085,0.05,2,6.0,0.0,0.00923076923076923
4735,0.9020952380952381,0.03263956429416204,0.05,1,2.0,0.0,0.007692307692307693
4736,0.9284285714285714,0.014075246637056615,0.05,1,2.0,0.0,0.003461538461538461
4737,0.7578571428571428,0.0149053139401093,0.05,2,9.0,0.0,0.013846153846153845
4738,0.6965079365079365,0.012993807775035412,0.05,3,12.0,0.0,0.006153846153846154
4739,0.7968571428571427,0.013283533736927977,0.05,2,7.0,0.0,0.007692307692307693
4740,0.7991904761904761,0.007509893726885097,0.05,2,8.0,0.0,0.008076923076923077
4741,0.8994285714285714,0.01469802320197644,0.05,1,1.0,0.0,0.00923076923076923
4742,0.6850079365079365,0.00438853144499185,0.05,3,7.0,0.0,0.02
4743,0.7668571428571428,0.014487275080592832,0.05,2,7.0,0.0,0.017307692307692305
4744,0.8313571428571428,0.014517181805061785,0.05,2,5.0,0.0,0.005384615384615385
4745,0.9314285714285714,0.03293867030213793,0.05,1,2.0,0.0,0.003076923076923077
4746,0.9404285714285714,0.024667721973350987,0.05,1,2.0,0.0,0.0019230769230769232
4747,0.8198571428571427,0.033075234569793666,0.05,2,7.0,0.0,0.004615384615384615
4748,0.9127619047619048,0.04014146731091772,0.05,1,2.0,0.0,0.006153846153846154
4749,0.9204285714285714,0.10388095592870217,0.05,1,3.0,0.0,0.003461538461538461
4750,0.8143571428571428,0.01935835171288003,0.05,2,4.0,0.0,0.010384615384615384
4751,0.8280238095238095,0.014515398589266593,0.05,2,4.0,0.0,0.008076923076923077
4752,0.7653571428571427,0.02596392185572488,0.05,2,7.0,0.0,0.013076923076923078
4753,0.6722857142857143,0.020522124903920653,0.05,3,12.0,0.0,0.013846153846153845
4754,0.854095238095238,0.04204203015438712,0.05,1,2.0,0.0,0.014615384615384615
4755,0.7926904761904762,0.39502792917667906,0.05,2,5.0,0.0,0.012692307692307694
4756,0.9254285714285714,0.005203268358514812,0.05,1,2.0,0.0,0.0038461538461538464
4757,0.9074285714285714,0.0347089411980791,0.05,1,2.0,0.0,0.006923076923076922
4758,0.7958571428571427,0.015523805377965327,0.05,2,5.0,0.0,0.012307692307692308
4759,0.9154285714285714,0.012417527502682324,0.05,1,1.0,0.0,0.006923076923076922
4760,0.7923571428571428,0.011965286763234495,0.05,2,7.0,0.0,0.008461538461538461
4761,0.6722857142857143,0.02013174356266756,0.05,3,12.0,0.0,0.013846153846153845
4762,0.7326746031746032,0.013308845981339598,0.05,3,7.0,0.0,0.01076923076923077
4763,0.7686904761904761,0.018011051160556735,0.05,2,8.0,0.0,0.012692307692307694
4764,0.7951904761904761,0.00028475169743807927,0.05,2,7.0,0.0,0.01153846153846154
4765,0.8121904761904761,0.016526966058349024,0.05,2,7.0,0.0,0.008076923076923077
4766,0.9234285714285714,0.008826333959244037,0.05,1,3.0,0.0,0.003076923076923077
4767,0.45190952380952387,0.06700450135545112,0.05,5,14.0,0.0,0.030000000000000002
4768,0.9004285714285714,0.014981039089376758,0.05,1,4.0,0.0,0.005
4769,0.846095238095238,0.0011590832935597373,0.05,1,5.0,0.0,0.012307692307692308
4770,0.31757142857142856,0.09444694932172809,0.05,6,17.0,0.0,0.02769230769230769
4771,0.9020952380952381,0.010162172861051588,0.05,1,2.0,0.0,0.007692307692307693
4772,0.6850079365079365,0.005557823446670995,0.05,3,7.0,0.0,0.02
4773,0.8994285714285714,0.03602118883045746,0.05,1,6.0,0.0,0.003076923076923077
4774,0.8874285714285713,0.020419069947411717,0.05,1,6.0,0.0,0.004615384615384615
4775,0.6993968253968254,0.014417629365793938,0.05,3,12.0,0.0,0.007692307692307693
4776,0.9134285714285714,0.007317058477336658,0.05,1,2.0,0.0,0.005384615384615385
4777,0.8834285714285713,0.05689047830119964,0.05,1,5.0,0.0,0.006923076923076922
4778,0.7648571428571428,0.02598007939768232,0.05,2,6.0,0.0,0.017307692307692305
4779,0.9054285714285714,0.08925350534887899,0.05,1,3.0,0.0,0.005384615384615385
4780,0.7903571428571429,0.006696594925725163,0.05,2,9.0,0.0,0.006923076923076922
4781,0.7993571428571429,0.003191751919683461,0.05,2,9.0,0.0,0.005384615384615385
4782,0.9074285714285714,0.015585347397669369,0.05,1,2.0,0.0,0.006153846153846154
4783,0.4838095238095238,0.06188884932474263,0.05,5,14.0,0.0,0.02307692307692308
4784,0.692190476190476,0.039108512441733745,0.05,2,8.0,0.0,0.02307692307692308
4785,0.7132857142857143,0.008111892937079479,0.05,3,9.0,0.0,0.010384615384615384
4786,0.7755238095238095,0.0194046552738123,0.05,2,8.0,0.0,0.01153846153846154
4787,0.9144285714285714,0.06644000281248108,0.05,1,3.0,0.0,0.004230769230769231
4788,0.8148571428571427,0.004042909286860408,0.05,2,7.0,0.0,0.004615384615384615
4789,0.7923571428571428,0.01527357438943705,0.05,2,7.0,0.0,0.008461538461538461
4790,0.8153571428571428,0.03336093134333762,0.05,2,7.0,0.0,0.005384615384615385
4791,0.8078571428571427,0.007970828605481761,0.05,2,4.0,0.0,0.013846153846153845
4792,0.8078571428571427,0.00780693479309319,0.05,2,4.0,0.0,0.013846153846153845
4793,0.9207619047619048,0.01650910808574746,0.05,1,1.0,0.0,0.006153846153846154
4794,0.9124285714285714,0.10394832163926071,0.05,1,4.0,0.0,0.003461538461538461
4795,0.9124285714285714,0.005925107352376835,0.05,1,4.0,0.0,0.003461538461538461
4796,0.9234285714285714,0.030479288908279778,0.05,1,2.0,0.0,0.004615384615384615
4797,0.9154285714285714,0.0027717791182212403,0.05,1,1.0,0.0,0.006923076923076922
4798,0.8967619047619048,0.024954718560920353,0.05,1,2.0,0.0,0.008461538461538461
4799,0.8013571428571428,0.007265739470684873,0.05,2,7.0,0.0,0.006923076923076922
4800,0.7821904761904761,0.005595747686691022,0.05,2,8.0,0.0,0.01153846153846154
4801,0.8193571428571428,0.009746820773202491,0.05,2,6.0,0.0,0.006923076923076922
4802,0.8834285714285713,0.05070509694778125,0.05,1,5.0,0.0,0.006923076923076922
4803,0.9244285714285714,0.014916209008853376,0.05,1,4.0,0.0,0.0019230769230769232
4804,0.6402857142857142,0.2848166024585321,0.05,3,11.0,0.0,0.01846153846153846
4805,0.7960238095238095,0.013637073598302518,0.05,2,8.0,0.0,0.008076923076923077
4806,0.9374285714285714,0.044026812657902425,0.05,1,2.0,0.0,0.0023076923076923075
4807,0.9034285714285714,0.007575411892032036,0.05,1,4.0,0.0,0.004615384615384615
4808,0.8121904761904761,0.00851145299584083,0.05,2,7.0,0.0,0.008076923076923077
4809,0.9234285714285714,0.05930921896815711,0.05,1,3.0,0.0,0.003076923076923077
4810,0.9020952380952381,0.006098026684118518,0.05,1,2.0,0.0,0.007692307692307693
4811,0.9344285714285714,0.016200949776015827,0.05,1,2.0,0.0,0.0026923076923076926
4812,0.9214285714285714,0.1025534894753346,0.05,1,4.0,0.0,0.0023076923076923075
4813,0.6488412698412698,0.024141647966527475,0.05,3,12.0,0.0,0.015384615384615385
4814,0.9324285714285714,0.020771646356542495,0.05,1,3.0,0.0,0.0019230769230769232
4815,0.9054285714285714,0.05076315490206085,0.05,1,6.0,0.0,0.0023076923076923075
4816,0.8178571428571427,0.02069763908552824,0.05,2,5.0,0.0,0.007692307692307693
4817,0.6777857142857141,0.02561575593213043,0.05,3,10.0,0.0,0.013846153846153845
4818,0.7741904761904761,0.005974344050191371,0.05,2,8.0,0.0,0.00923076923076923
4819,0.7793571428571427,0.01144972660981669,0.05,2,7.0,0.0,0.011538461538461537
4820,0.2959999999999999,0.10897333843620978,0.05,7,18.0,0.0,0.03115384615384615
4821,0.8148571428571427,0.00269859292128799,0.05,2,7.0,0.0,0.004615384615384615
4822,0.7951904761904761,0.0009113373892012944,0.05,2,7.0,0.0,0.01153846153846154
4823,0.6172142857142857,0.01474493936582355,0.05,4,12.0,0.0,0.01076923076923077
4824,0.8143571428571428,0.01697017561720171,0.05,2,4.0,0.0,0.010384615384615384
4825,0.6770634920634919,0.015259301589112003,0.05,3,7.0,0.0,0.02153846153846154
4826,0.8211904761904761,0.012959952573246947,0.05,2,4.0,0.0,0.00923076923076923
4827,0.6397142857142857,0.01105579533065748,0.05,4,12.0,0.0,0.006153846153846154
4828,0.9164285714285714,0.0061868501133722775,0.05,1,2.0,0.0,0.005
4829,0.8674285714285713,0.029634587253003164,0.05,1,5.0,0.0,0.00923076923076923
4830,0.7691904761904762,0.008696161562198823,0.05,2,9.0,0.0,0.01153846153846154
4831,0.6567857142857143,0.019531695256565878,0.05,3,12.0,0.0,0.013846153846153845
4832,0.9434285714285714,0.021431834897964963,0.05,1,2.0,0.0,0.0015384615384615385
4833,0.7032857142857142,0.017385811351517105,0.05,3,8.0,0.0,0.013846153846153845
4834,0.9224285714285714,0.002414647370396983,0.05,1,2.0,0.0,0.004230769230769231
4835,0.6054642857142857,0.15305546520965152,0.05,4,14.0,0.0,0.005769230769230769
4836,0.8874285714285713,0.02768683941185479,0.05,1,6.0,0.0,0.004615384615384615
4837,0.9234285714285714,0.00969448172088827,0.05,1,3.0,0.0,0.003076923076923077
4838,0.9094285714285714,0.0008178707028287935,0.05,1,4.0,0.0,0.0038461538461538464
4839,0.8021904761904761,0.007980638298256959,0.05,2,7.0,0.0,0.00923076923076923
4840,0.8994285714285714,0.0351807400869012,0.05,1,6.0,0.0,0.003076923076923077
4841,0.9084285714285714,0.05959809538363203,0.05,1,3.0,0.0,0.005
4842,0.7938571428571428,0.01643650596614299,0.05,2,4.0,0.0,0.013846153846153845
4843,0.9294285714285714,0.014725033548799504,0.05,1,3.0,0.0,0.0023076923076923075
4844,0.7798571428571427,0.31805459551454013,0.05,2,7.0,0.0,0.013846153846153845
4845,0.8238571428571427,0.007467019118736207,0.05,2,6.0,0.0,0.006153846153846154
4846,0.8398571428571427,0.25600424570173846,0.05,2,4.0,0.0,0.006153846153846154
4847,0.6842857142857142,0.2661798536255145,0.05,3,8.0,0.0,0.01846153846153846
4848,0.8934285714285713,0.031816816114078605,0.05,1,6.0,0.0,0.0038461538461538464
4849,0.8934285714285713,0.025662666078211105,0.05,1,6.0,0.0,0.0038461538461538464
4850,0.7611904761904761,0.010745133155015074,0.05,2,7.0,0.0,0.01846153846153846
4851,0.7833571428571428,0.018237793638413546,0.05,2,7.0,0.0,0.01
4852,0.7312857142857143,0.008487211867065506,0.05,3,9.0,0.0,0.006923076923076922
4853,0.9114285714285714,0.043704992056357916,0.05,1,3.0,0.0,0.004615384615384615
4854,0.8065238095238094,0.0054267826396049434,0.05,2,7.0,0.0,0.00923076923076923
4855,0.8065238095238094,0.011987388460205084,0.05,2,7.0,0.0,0.00923076923076923
4856,0.894095238095238,0.04869099137972843,0.05,1,5.0,0.0,0.005384615384615385
4857,0.9234285714285714,0.007252530193919582,0.05,1,3.0,0.0,0.003076923076923077
4858,0.5922142857142857,0.018799437454937062,0.05,4,12.0,0.0,0.016923076923076923
4859,0.9127619047619048,0.03912503443156379,0.05,1,2.0,0.0,0.006153846153846154
4860,0.8191904761904761,0.006276875407662308,0.05,2,4.0,0.0,0.01153846153846154
4861,0.9324285714285714,0.01694370056331962,0.05,1,3.0,0.0,0.0019230769230769232
4862,0.8874285714285713,0.029750669493012416,0.05,1,3.0,0.0,0.007692307692307693
4863,0.9234285714285714,0.052657187746038336,0.05,1,3.0,0.0,0.003076923076923077
4864,0.9020952380952381,0.03937641727244068,0.05,1,2.0,0.0,0.007692307692307693
4865,0.6936746031746032,0.022277833587758773,0.05,3,10.0,0.0,0.01076923076923077
4866,0.9234285714285714,0.006527277174527613,0.05,1,3.0,0.0,0.003076923076923077
4867,0.8453571428571428,0.022527396527947552,0.05,2,5.0,0.0,0.0038461538461538464
4868,0.8013571428571428,0.017927406056914064,0.05,2,6.0,0.0,0.01
4869,0.9234285714285714,0.047391468971434536,0.05,1,3.0,0.0,0.003076923076923077
4870,0.7326746031746032,0.019555726665350954,0.05,3,7.0,0.0,0.01076923076923077
4871,0.9144285714285714,0.1166269839889823,0.05,1,3.0,0.0,0.004230769230769231
4872,0.4731761904761904,0.05147543378185661,0.05,5,14.0,0.0,0.025384615384615387
4873,0.9034285714285714,0.029905896629028983,0.05,1,4.0,0.0,0.004615384615384615
4874,0.6957857142857142,0.005824480683548609,0.05,3,9.0,0.0,0.013846153846153845
4875,0.7688571428571427,0.09015382517534959,0.05,2,6.0,0.0,0.01846153846153846
4876,0.8148571428571427,0.011479633399765987,0.05,2,7.0,0.0,0.004615384615384615
4877,0.6587301587301587,0.02152044430037292,0.05,3,12.0,0.0,0.016923076923076923
4878,0.7288571428571428,0.08684400727616243,0.05,2,6.0,0.0,0.026153846153846156
4879,0.7528571428571428,0.07197461470505928,0.05,2,6.0,0.0,0.02153846153846154
4880,0.8305238095238094,0.003379081278484075,0.05,2,4.0,0.0,0.00923076923076923
4881,0.9100952380952381,0.002838732126934196,0.05,1,1.0,0.0,0.007692307692307693
4882,0.9114285714285714,0.006125450542925126,0.05,1,3.0,0.0,0.004615384615384615
4883,0.7644523809523809,0.0225675656851253,0.05,3,7.0,0.0,0.004615384615384615
4884,0.8008571428571428,0.0052956108928639,0.05,2,7.0,0.0,0.010384615384615384
4885,0.7875238095238095,0.014805343606020871,0.05,2,6.0,0.0,0.012692307692307694
4886,0.9234285714285714,0.00922439745628889,0.05,1,3.0,0.0,0.003076923076923077
4887,0.9284285714285714,0.0385398489277069,0.05,1,2.0,0.0,0.003461538461538461
4888,0.7951904761904761,0.005895839902027522,0.05,2,7.0,0.0,0.01153846153846154
4889,0.5922142857142857,0.016172767058307558,0.05,4,12.0,0.0,0.016923076923076923
4890,0.9054285714285714,0.0333344928507221,0.05,1,3.0,0.0,0.005384615384615385
4891,0.9104285714285714,0.016685864034936215,0.05,1,2.0,0.0,0.005769230769230769
4892,0.7946904761904762,0.011330656168058617,0.05,2,8.0,0.0,0.00576923076923077
4893,0.9100952380952381,0.06776912445219674,0.05,1,5.0,0.0,0.003076923076923077
4894,0.9074285714285714,0.01082155734904,0.05,1,2.0,0.0,0.006923076923076922
4895,0.9074285714285714,0.016711348591831543,0.05,1,2.0,0.0,0.006153846153846154
4896,0.7468571428571428,0.013513539758733595,0.05,2,8.0,0.0,0.013846153846153845
4897,0.9254285714285714,0.0051731826333573094,0.05,1,2.0,0.0,0.0038461538461538464
4898,0.9314285714285714,0.010655864370021528,0.05,1,2.0,0.0,0.003076923076923077
4899,0.6895079365079365,0.27548785052038655,0.05,3,9.0,0.0,0.015384615384615385
4900,0.9054285714285714,0.10143640466130144,0.05,1,3.0,0.0,0.005384615384615385
4901,0.9174285714285714,0.037844232724004834,0.05,1,3.0,0.0,0.0038461538461538464
4902,0.8914285714285713,0.01566740338286088,0.05,1,4.0,0.0,0.006153846153846154
4903,0.7765238095238095,0.003198375019134503,0.05,2,8.0,0.0,0.012692307692307694
4904,0.8121904761904761,0.008284468121740163,0.05,2,7.0,0.0,0.008076923076923077
4905,0.7247301587301586,0.008658620838607542,0.05,3,7.0,0.0,0.012307692307692308
4906,0.8834285714285713,0.029221525580907515,0.05,1,1.0,0.0,0.011538461538461537
4907,0.7095634920634919,0.01782376508045262,0.05,3,10.0,0.0,0.007692307692307693
4908,0.8018571428571427,0.027069182539765646,0.05,2,7.0,0.0,0.007692307692307693
4909,0.7748571428571427,0.01503278341546338,0.05,2,7.0,0.0,0.013846153846153845
4910,0.8318571428571427,0.015403211134195016,0.05,2,5.0,0.0,0.006153846153846154
4911,0.9064285714285714,0.09262562813833342,0.05,1,4.0,0.0,0.004230769230769231
4912,0.6222142857142856,0.019677227807930298,0.05,4,12.0,0.0,0.01076923076923077
4913,0.8305238095238094,0.003081284263312112,0.05,2,4.0,0.0,0.00923076923076923
4914,0.6792857142857142,0.009954682925625699,0.05,3,8.0,0.0,0.01846153846153846
4915,0.8834285714285713,0.03346680033008875,0.05,1,5.0,0.0,0.006923076923076922
4916,0.9024285714285714,0.08822428185523168,0.05,1,3.0,0.0,0.005769230769230769
4917,0.9234285714285714,0.04800104356564994,0.05,1,3.0,0.0,0.003076923076923077
4918,0.7781904761904762,0.002624015193117668,0.05,2,7.0,0.0,0.015000000000000001
4919,0.9114285714285714,0.08840185366970854,0.05,1,3.0,0.0,0.004615384615384615
4920,0.7605238095238095,0.007320392158885025,0.05,2,8.0,0.0,0.01153846153846154
4921,0.5459428571428571,0.13327474649283935,0.05,5,12.0,0.0,0.011538461538461537
4922,0.8088571428571427,0.018994059527807527,0.05,2,5.0,0.0,0.00923076923076923
4923,0.7958571428571428,0.3422000772766198,0.05,2,7.0,0.0,0.006923076923076922
4924,0.7993571428571429,0.009905840713451575,0.05,2,9.0,0.0,0.005384615384615385
4925,0.8964285714285714,0.035643030375734686,0.05,1,6.0,0.0,0.003461538461538461
4926,0.7686904761904761,0.020526630618585284,0.05,2,8.0,0.0,0.012692307692307694
4927,0.7550238095238095,0.023783655908042656,0.05,2,8.0,0.0,0.015000000000000001
4928,0.8967619047619048,0.03790723358843462,0.05,1,2.0,0.0,0.008461538461538461
4929,0.8183571428571428,0.011430650445134694,0.05,2,5.0,0.0,0.008461538461538461
4930,0.8318571428571427,0.01540426256250682,0.05,2,5.0,0.0,0.006153846153846154
4931,0.8143571428571428,0.010604418961793038,0.05,2,4.0,0.0,0.010384615384615384
4932,0.9494285714285714,0.029580854798414213,0.05,1,2.0,0.0,0.0007692307692307692
4933,0.9314285714285714,0.008622769318572754,0.05,1,2.0,0.0,0.003076923076923077
4934,0.8103571428571428,0.014257175444219505,0.05,2,7.0,0.0,0.005384615384615385
4935,0.9264285714285714,0.1041540729010354,0.05,1,3.0,0.0,0.0026923076923076926
4936,0.7878571428571428,0.004189982367875933,0.05,2,8.0,0.0,0.010384615384615384
4937,0.8348571428571427,0.008295414693702707,0.05,2,4.0,0.0,0.006923076923076922
4938,0.7851904761904761,0.019221584275173342,0.05,2,4.0,0.0,0.01846153846153846
4939,0.8273571428571428,0.01295356904425815,0.05,2,5.0,0.0,0.006923076923076922
4940,0.8887619047619048,0.0354534536304133,0.05,1,5.0,0.0,0.006153846153846154
4941,0.7848571428571428,0.07350169102020815,0.05,2,6.0,0.0,0.015384615384615385
4942,0.8834285714285713,0.028107773631110944,0.05,1,5.0,0.0,0.006923076923076922
4943,0.6968412698412698,0.24923513757104776,0.05,3,10.0,0.0,0.01076923076923077
4944,0.7861904761904762,0.016204268225282537,0.05,2,9.0,0.0,0.008076923076923077
4945,0.45190952380952387,0.05644634957192557,0.05,5,14.0,0.0,0.030000000000000002
4946,0.8158571428571427,0.00668017504396301,0.05,2,6.0,0.0,0.006923076923076922
4947,0.9127619047619048,0.049395335397108275,0.05,1,2.0,0.0,0.006153846153846154
4948,0.8358571428571427,0.007765627091813554,0.05,2,5.0,0.0,0.004615384615384615
4949,0.7008968253968253,0.002357241816446698,0.05,3,7.0,0.0,0.016923076923076923
4950,0.7878571428571428,0.0034299893137060833,0.05,2,8.0,0.0,0.010384615384615384
4951,0.9404285714285714,0.01795978626735162,0.05,1,2.0,0.0,0.0019230769230769232
4952,0.8273571428571428,0.030963743731118043,0.05,2,5.0,0.0,0.006923076923076922
4953,0.7998571428571428,0.3184707619113178,0.05,2,5.0,0.0,0.01076923076923077
4954,0.8994285714285714,0.07460003008751204,0.05,1,3.0,0.0,0.006153846153846154
4955,0.8138571428571427,0.023886642426347027,0.05,2,5.0,0.0,0.00923076923076923
4956,0.9024285714285714,0.0666831672280277,0.05,1,3.0,0.0,0.005769230769230769
4957,0.7928571428571427,0.01732275824529783,0.05,2,7.0,0.0,0.00923076923076923
4958,0.9314285714285714,0.007163807640616415,0.05,1,2.0,0.0,0.003076923076923077
4959,0.9254285714285714,0.0004474268765547462,0.05,1,2.0,0.0,0.0038461538461538464
4960,0.9234285714285714,0.043200939209084965,0.05,1,3.0,0.0,0.003076923076923077
4961,0.8273571428571428,0.013247102326469362,0.05,2,5.0,0.0,0.006923076923076922
4962,0.8727619047619047,0.033141802722827296,0.05,1,1.0,0.0,0.013076923076923078
4963,0.9204285714285714,0.0388109713635868,0.05,1,3.0,0.0,0.003461538461538461
4964,0.6698412698412697,0.02423365200047593,0.05,3,10.0,0.0,0.015384615384615385
4965,0.9254285714285714,0.0017604923867154953,0.05,1,2.0,0.0,0.0038461538461538464
4966,0.391142857142857,0.14257376543265524,0.05,5,19.0,0.0,0.03076923076923077
4967,0.878095238095238,0.03163270635615012,0.05,1,1.0,0.0,0.012307692307692308
4968,0.8974285714285714,0.02091530696612609,0.05,1,4.0,0.0,0.005384615384615385
4969,0.8874285714285713,0.02501832166625395,0.05,1,6.0,0.0,0.004615384615384615
4970,0.6462857142857142,0.17331546005969797,0.05,3,11.0,0.0,0.017307692307692305
4971,0.7326746031746032,0.01806220451911844,0.05,3,7.0,0.0,0.01076923076923077
4972,0.8727619047619047,0.033802769053868365,0.05,1,1.0,0.0,0.013076923076923078
4973,0.6957857142857142,0.0070785743731432245,0.05,3,9.0,0.0,0.013846153846153845
4974,0.9204285714285714,0.07907209561343265,0.05,1,3.0,0.0,0.003461538461538461
4975,0.7543571428571427,0.025174101813177363,0.05,2,7.0,0.0,0.017307692307692305
4976,0.5872142857142857,0.031946960337047886,0.05,4,12.0,0.0,0.016923076923076923
4977,0.8280238095238095,0.007611779926886331,0.05,2,4.0,0.0,0.008076923076923077
4978,0.8065238095238094,0.007978794025219449,0.05,2,7.0,0.0,0.00923076923076923
4979,0.7951904761904761,0.009700880330246409,0.05,2,7.0,0.0,0.01153846153846154
4980,0.6408968253968254,0.013661816169243668,0.05,3,12.0,0.0,0.016923076923076923
4981,0.8108571428571427,0.03454529121638428,0.05,2,7.0,0.0,0.006153846153846154
4982,0.7878571428571428,0.006036988588099701,0.05,2,8.0,0.0,0.006923076923076922
4983,0.9054285714285714,0.045077997461487995,0.05,1,6.0,0.0,0.0023076923076923075
4984,0.8168571428571427,0.06759684809177446,0.05,2,6.0,0.0,0.00923076923076923
4985,0.9284285714285714,0.0034026841888992188,0.05,1,2.0,0.0,0.003461538461538461
4986,0.8148571428571427,0.013849794266510118,0.05,2,7.0,0.0,0.004615384615384615
4987,0.5957142857142855,0.19608413321086138,0.05,4,10.0,0.0,0.015384615384615385
4988,0.7801904761904761,0.023718304553391634,0.05,2,4.0,0.0,0.016153846153846154
4989,0.7493968253968253,0.22111560188121848,0.05,3,7.0,0.0,0.007692307692307693
4990,0.9194285714285714,0.0024097220669806463,0.05,1,2.0,0.0,0.004615384615384615
4991,0.6451746031746032,0.02520263729112297,0.05,3,12.0,0.0,0.02
4992,0.9134285714285714,0.028979865375064806,0.05,1,2.0,0.0,0.005384615384615385
4993,0.9094285714285714,0.10094138308483203,0.05,1,4.0,0.0,0.0038461538461538464
4994,0.7748571428571427,0.014408869341637154,0.05,2,7.0,0.0,0.013846153846153845
4995,0.8075238095238095,0.013844614843691427,0.05,2,4.0,0.0,0.01153846153846154
4996,0.8238571428571427,0.010188130967338116,0.05,2,7.0,0.0,0.003076923076923077
4997,0.8178571428571427,0.008434819014522088,0.05,2,5.0,0.0,0.007692307692307693
4998,0.6072142857142857,0.01658762337630945,0.05,4,12.0,0.0,0.013846153846153845
4999,0.46084285714285717,0.13987319310290663,0.05,5,11.0,0.0,0.02769230769230769
5000,0.8964285714285714,0.06938641484504948,0.05,1,3.0,0.0,0.006538461538461539
