episode,reward,loss,epsilon,hops,delay_ms,dropped,avg_util,avg_q_util,buf_size
1,0.7901930392671679,0.0,1.0,3,18.9746827284275,0.0,0.037924135316141146,0.06280845023264466,3
2,-2.319206860400373,0.0,1.0,7,44.277651806807654,0.0,0.024038862300405552,0.04430524040401551,10
3,-2.3815318835020602,0.0,1.0,7,49.03396891598274,0.0,0.03707330823183673,0.01916527995305794,17
4,-2.09669092956959,0.0,1.0,3,17.024562299315722,1.0,0.041515790578819316,0.12387455377120649,20
5,0.9922061882917264,0.0,1.0,1,4.746361831328731,0.0,0.04684496703189144,0.05404270750836179,21
6,0.8395963470964817,0.0,1.0,3,14.69989529091557,0.0,0.04352227106627516,0.07305907952144797,24
7,0.8470024163743132,0.0,1.0,2,14.50188827482335,0.0,0.03287395449546661,0.05077361596722753,26
8,0.7611578362186417,0.0,1.0,4,17.210008816281164,0.0,0.027274897726685662,0.07482163006175693,30
9,0.9923406399855427,0.0,1.0,1,6.871897508689284,0.0,0.08104995101855053,0.15421524744565102,31
10,-2.1611811320831795,0.0,1.0,7,28.586362543136442,0.0,0.05681534845321688,0.04902599158969609,38
11,0.7186155020876032,0.0,1.0,3,23.991841115722075,0.0,0.05182613964647239,0.15188881129240195,41
12,-2.1762781714452504,0.0,1.0,4,21.88899746069258,1.0,0.07649672252334762,0.071447722675884,45
13,-2.1560153930191963,0.0,1.0,6,19.88526594700067,1.0,0.01305369549942955,0.021378649620703585,51
14,-2.307721498071769,0.0,1.0,7,39.65076234564459,1.0,0.048936181172303486,0.01067181325008567,58
15,-2.1712727050433265,0.0,1.0,4,25.03365680304269,1.0,0.032907952496043884,0.09250502028491826,62
16,1.0127937975567312,0.0,1.0,1,2.770679626755682,0.0,0.060737224844832245,0.12785714333934853,63
17,-2.1225544694885916,0.5965428352355957,0.999100269973,3,18.181737503144817,1.0,0.03594156516556861,0.051184362914706134,66
18,-2.0,0.6152992248535156,0.9988005398920082,1,1.020778953280678,1.0,0.0697074636395631,0.13574494665507306,67
19,0.5604356170472364,0.4976909245763506,0.9967049455476722,7,29.746604846073684,0.0,0.028976578650568997,0.053960395206576646,74
20,0.9785711402967455,0.5117645859718323,0.9964059340640079,1,8.55256479610892,0.0,0.08149818718753421,0.12362995313776068,75
21,-2.3097104943267173,0.4579078640256609,0.9943153638683679,7,44.93249008950732,0.0,0.01596309579766233,0.021832119955534492,82
22,0.9776075851607284,0.4505118131637573,0.9940170692592074,1,6.271941926392501,0.0,0.06332790030934557,0.12460689785885731,83
23,-2.0,0.4966994822025299,0.9937188641384297,1,9.80770729510395,1.0,0.0671201686893421,0.1777341473303737,84
24,-2.065576195489352,0.5290885269641876,0.9931227222546445,2,19.344438419998767,1.0,0.05446944474302716,0.1237736620995662,86
25,0.8518723360767212,0.4296935319900513,0.9916339317136098,5,14.47694901903155,0.0,0.022331044669164815,0.05986205955063167,91
26,-2.2826439469982467,0.3905888540404184,0.9895533737083293,7,44.24718588616936,0.0,0.017061002806271444,0.02785757664502923,98
27,0.7085299383936356,0.3245192110538483,0.988069933978664,5,16.8192108314955,0.0,0.022277966898006745,0.045702894535911,103
28,0.9917795080389232,0.3706773817539215,0.9877735129984705,1,5.481386675099989,0.0,0.033111923200494095,0.08183858161687993,104
29,-2.185448304869692,0.29018621891736984,0.9865887180738979,4,23.372433839028396,1.0,0.032650992369732665,0.05575056518737405,108
30,0.6545029286762054,0.31393445283174515,0.9854053442635735,4,24.813157894055788,0.0,0.03371935248969443,0.08568051547539815,112
31,-2.0848301889048226,0.3066518157720566,0.9842233898629276,4,12.05170545837688,1.0,0.03505973592676901,0.08504004364081373,116
32,-2.183104753394786,0.35018399357795715,0.9827479403134837,5,31.50096370691948,1.0,0.032085327685408276,0.0554513630482443,121
33,-2.271340481935827,0.3037678152322769,0.9806860261040145,7,41.03409289921723,1.0,0.01689921236346723,0.03525973183596589,128
34,0.8315035767193906,0.31872955958048504,0.9798036734392696,3,12.627093148731245,0.0,0.04540640045310633,0.0998565655172057,131
35,-2.076993616324701,0.28526705503463745,0.9789221146537114,3,20.35272976769351,1.0,0.05094146491954014,0.09705797779949782,134
36,-2.0743022406755456,0.268229862054189,0.9780413490330633,3,14.284446242145211,1.0,0.064615229180791,0.0728282670657911,137
37,-2.3127715363319545,0.34678072801658083,0.9759893097742718,7,40.122357965921125,0.0,0.021077207054789042,0.031182252547826635,144
38,-2.027318963075103,0.31050844490528107,0.9754038040274452,2,13.187969696838543,1.0,0.061506613885933564,0.10020251776539986,146
39,-2.0096415931581806,0.2614188939332962,0.9748186495313712,2,9.971792003407797,1.0,0.03932626594947733,0.14271403625943777,148
40,-2.0611537994887184,0.3373933881521225,0.9742338460753309,2,15.464055140383444,1.0,0.08537983908450772,0.08593179247408579,150
41,-2.241556279127527,0.2917672395706177,0.9721897953801671,7,38.87729599690064,0.0,0.010648796506131137,0.02124586458084808,157
42,0.9961636203307971,0.37607312202453613,0.9718981384415531,1,5.6929888914219475,0.0,0.03023577478413077,0.04231439671370936,158
43,0.7442055507536707,0.2702510468661785,0.9707323853954611,4,18.16718604113032,0.0,0.061623692149321466,0.06602812192539884,162
44,1.0114756952617943,0.22888818383216858,0.9704411656798425,1,1.453417644596989,0.0,0.05823019849108046,0.14055541610718314,163
45,0.86529744970716,0.3156895935535431,0.9695680306236436,3,15.408099540282528,0.0,0.030877599468345864,0.09438947231246014,166
46,-2.0530538696360052,0.3555203477541606,0.9686956811532723,3,7.277570404408094,1.0,0.028097218036418178,0.06680385311775491,169
47,-2.0767298664492153,0.3615737358729045,0.9678241165619136,3,14.197001484490695,1.0,0.029410308927216706,0.08934753147873353,172
48,-2.0631940748875697,0.41480552156766254,0.9669533361433882,3,12.05108461185486,1.0,0.03278292854230265,0.049927875134326394,175
49,-2.0,0.2715761065483093,0.9666632501425452,1,1.9046980127503756,1.0,0.06758162349358361,0.15365485078719252,176
50,-2.069111194367106,0.33975741267204285,0.9660833391921522,2,11.081447961918201,1.0,0.05342331069618426,0.0980384956855112,178
51,1.0074751454684467,0.47183024883270264,0.9657935141903946,1,3.4711321911482638,0.0,0.043111074765776275,0.083683657347054,179
52,0.9385655264815326,0.42797333002090454,0.9649245607657957,3,8.59924153184313,0.0,0.031446890057111765,0.0367075438352579,182
53,-2.3152724856972906,0.3655414283275604,0.9629000419840276,7,44.95646243157757,1.0,0.09308930714079391,0.034394185368534544,189
54,-2.076712996900774,0.4018057882785797,0.962322388619841,2,11.39417362692176,1.0,0.037908134890622634,0.05041624419235867,191
55,-2.0474140802674308,0.25624996423721313,0.9617450817956841,2,15.586189229471891,1.0,0.033917229609280744,0.07218747883601398,193
56,1.0165056589875057,0.26715877652168274,0.9614565582711454,1,7.405454079296168,0.0,0.034026043909084196,0.0968223917444675,194
57,-2.0,0.48022598028182983,0.9611681213036641,1,1.7249045204180187,1.0,0.05506957280924482,0.08421396262060131,195
58,0.32337229006408075,0.39613665640354156,0.9594393157433674,6,47.763593976251435,0.0,0.025759324202092204,0.043394496948606226,201
59,0.46387884506480287,0.35934795652117046,0.957426305614215,7,29.586859151962326,0.0,0.04191279635456361,0.03625496863033096,208
60,-2.0502065627900623,0.3099731504917145,0.9568519359992141,2,14.347890335450787,1.0,0.036603720501870676,0.08856065827834717,210
61,0.8885242871173961,0.42688044905662537,0.9562779109542888,2,10.559855566614479,0.0,0.05797139103362898,0.1272138643954728,212
62,-2.0,0.2685985267162323,0.9559910275810025,1,2.162226985283829,1.0,0.05315604643284939,0.09876143721286251,213
63,-2.3174061815141767,0.32079617040497915,0.9539852523429841,7,47.22466076192956,0.0,0.057267081101972095,0.03208293965358107,220
64,-2.134152371318736,0.3462242931127548,0.9528409850891864,4,23.561865036503796,1.0,0.027425486272097635,0.06927823636255608,224
65,-2.104209320039539,0.3210249364376068,0.9514125809112108,5,13.993702773111984,1.0,0.06823848047036135,0.0661287643946031,229
66,-2.40866125301612,0.3659512570926121,0.9494164117622602,7,62.064726085751396,0.0,0.03678513238178551,0.0427864695556737,236
67,-2.162150599806316,0.30551708170345854,0.9474244307976485,7,27.51795545542271,0.0,0.004306276596096386,0.005984251616451055,243
68,0.8044214850677329,0.32565898448228836,0.94628803298757,4,15.83968411823177,0.0,0.03771697699927295,0.05710753682085335,247
69,-2.2343537104675777,0.28828929364681244,0.9451529982413313,4,23.908492844007252,1.0,0.039397114745351694,0.06330661373883452,251
70,-2.3312567201054004,0.2933346607855388,0.9431699623912897,7,42.38537234407501,0.0,0.04341313961018873,0.020460244737441544,258
71,-2.030450394364675,0.32285459339618683,0.9420386676463453,4,7.004688834540631,1.0,0.055466973099485534,0.06283685236436486,262
72,-2.0616384426759686,0.3346191843350728,0.941191087170469,3,18.24033336302628,1.0,0.017580105988041488,0.03489920377858678,265
73,-2.0677227431569385,0.37457625567913055,0.9406264572253645,2,16.89933205748037,1.0,0.059093037151064426,0.13325061298608606,267
74,1.0298397282650888,0.2853885889053345,0.9403442692881969,1,1.3013521209739043,0.0,0.04906182714750998,0.14677102123113567,268
75,-2.2053507161089945,0.3751773089170456,0.939216363849407,4,24.67524550084726,1.0,0.031629752601850754,0.03988689339040977,272
76,-2.0128215990119114,0.3056892603635788,0.9386529185605702,2,2.5486563642436892,1.0,0.07063528240896587,0.11535998965509832,274
77,-2.098127061857363,0.3849485695362091,0.937245783716958,5,12.581797674762223,1.0,0.03747869928545249,0.06291656605207942,279
78,-2.135087494115475,0.4235296334539141,0.9352793380802522,7,20.7049171224791,0.0,0.012386579850493816,0.017673780660540837,286
79,-2.0061947348342093,0.36982761323451996,0.9347182546525445,2,5.17761528990928,1.0,0.054375132296771586,0.0832256222000826,288
80,1.0001691803783326,0.465648889541626,0.9344378391761489,1,2.0981343867655435,0.0,0.036447864520885706,0.0882489926920454,289
81,-2.2514307525735098,0.3522541331393378,0.9324772849186164,7,26.823453728778475,0.0,0.0742874325165129,0.07790570895694336,296
82,0.9998184172904455,0.29288822412490845,0.9321975417331408,1,9.44749603695923,0.0,0.04851306940987125,0.10092137424895388,297
83,0.982474394007163,0.4324233829975128,0.9319178824706209,1,8.938764991859522,0.0,0.04579947583163395,0.1216795347924197,298
84,-2.1305691137014,0.388275682926178,0.9308000841466733,4,15.506567393175915,1.0,0.048910776660444896,0.12559388628211773,302
85,0.8705662850292502,0.43910571932792664,0.930241687868193,2,9.483645171535734,0.0,0.05411762569149476,0.16573975003777008,304
86,-2.335665832518713,0.4404976580824171,0.9282899376016454,7,40.936299184410174,0.0,0.025058503474906214,0.029542728889072997,311
87,-2.2381680668576944,0.3352764759744917,0.9263422823236934,7,31.152391506331767,0.0,0.017580380759653694,0.029595375961134637,318
88,0.7362602534083553,0.38733306527137756,0.9252311717097,4,21.24282081512827,0.0,0.03030489261473999,0.06325442833820773,322
89,1.0284122459909841,0.2537526488304138,0.9249536023581871,1,2.7726981036352933,0.0,0.05408971027959211,0.11067553073422182,323
90,-2.124804517971995,0.3541503772139549,0.9238441574104151,4,18.479948635478294,1.0,0.026202539427776745,0.058704299529554096,327
91,-2.0,0.21858803927898407,0.923567004163192,1,9.250255702768149,1.0,0.05843390548585033,0.12478106692378074,328
92,0.7899795302839715,0.3668769299983978,0.9227360431976,3,16.11817006477494,0.0,0.023845845659114635,0.0292454694275703,331
93,-2.1786025244950755,0.3555209457874298,0.9213527693461414,5,25.492190603122445,1.0,0.016408360610802537,0.039254440384108524,336
94,-2.2551192267266176,0.40858377729143414,0.9194196690168318,7,37.335607712643196,0.0,0.01636980256992648,0.03821567156465254,343
95,0.8458953102194203,0.3567936271429062,0.918868099963192,2,15.46046491050404,0.0,0.04223300684378009,0.08172757737719175,345
96,-2.1773522148486384,0.3881829619407654,0.91749062454648,5,26.6776695617597,1.0,0.03907012286802566,0.05486070060410829,350
97,-2.3100787018086724,0.29851136463029043,0.9155656274254443,7,44.32712357486217,0.0,0.012693696133537337,0.021938230423797958,357
98,0.9030093842704061,0.2845166474580765,0.9150163704498956,2,11.98988148237536,0.0,0.05370765141694726,0.09338029915758916,359
99,1.0035741676475867,0.2860744297504425,0.9147418655387607,1,4.152071769110976,0.0,0.0697567340073594,0.1600162214655564,360
100,0.4715018415630299,0.37863249083360034,0.9130965645884601,6,33.25885081431153,0.0,0.04731963654004982,0.04403293597519195,366
101,-2.0751129958387735,0.3177087604999542,0.912548788828398,2,17.400898290745012,1.0,0.06530376832785195,0.11272951603124956,368
102,-2.1109372365652126,0.4297039707501729,0.9117277412819866,3,21.58222327879455,1.0,0.04373626724012748,0.05802816846812172,371
103,-2.1411080165521263,0.35848092287778854,0.9106341602269695,4,25.418253133312827,1.0,0.03156431796740937,0.07220800608762348,375
104,-2.1955685066316386,0.3760624627272288,0.9089962476030455,6,25.098915949173293,1.0,0.0659201620261671,0.06223619692148042,381
105,-2.0529552022715123,0.25683294981718063,0.9084509316641461,2,13.800918483977876,1.0,0.033157012328854533,0.04054941197013413,383
106,0.2023892184500778,0.2982438270534788,0.9065449008216839,7,51.94405289106643,0.0,0.012239861453375236,0.023642827928726247,390
107,-2.213385108090115,0.3215785963194711,0.9046428690433931,7,30.396405196381323,0.0,0.034667121698691745,0.012497894285799619,397
108,-2.0768226402596306,0.3357665687799454,0.9035577860099964,4,16.487624214136712,1.0,0.02204470974736706,0.04126964251077398,401
109,-2.1742011428451464,0.30808742344379425,0.9019326013103783,6,30.318456595615746,1.0,0.036771128732251315,0.05656059643630703,407
110,-2.0819568245618885,0.41140182316303253,0.9013915229235262,2,11.305229440472765,1.0,0.04350534344763031,0.062201568844244916,409
111,-2.0068306172580694,0.27824803441762924,0.9008507691350092,2,2.977584965492732,1.0,0.06881241186682702,0.11377196332862517,411
112,0.8594429512256884,0.47709915041923523,0.9003103397500974,2,14.109719418301859,0.0,0.06314938143736895,0.1605516922428279,413
113,0.3856887762199056,0.30396886595657896,0.8984213887726265,7,40.11605878648976,0.0,0.014982824021417289,0.024618354664601643,420
114,-2.147207635607468,0.3744378983974457,0.8976130520722487,3,24.556238950041696,1.0,0.036846764319780435,0.07911449394195112,423
115,0.5465423519092049,0.3246033117175102,0.8965364010238753,4,35.096395165218254,0.0,0.03070038069835031,0.05420731461483789,427
116,-2.375308343044947,0.3355796294552939,0.8946553681885505,7,45.66206236548894,1.0,0.014227491862109417,0.03807287509633969,434
117,0.8463542280770451,0.3723593056201935,0.8938504198899747,3,19.527057693947377,0.0,0.04445235627699148,0.08387712805099629,437
118,-2.197628268915716,0.3007133364677429,0.8925104484842143,5,31.227239241063852,1.0,0.06738642850103652,0.08799984735923759,442
119,0.5907142791936105,0.33193686604499817,0.8914399178052917,4,28.474087027359136,0.0,0.01884913821746302,0.04092071014548544,446
120,0.6487243126950977,0.3272351399064064,0.8903706711852128,4,26.658475473271814,0.0,0.03464968273701116,0.056647100331034976,450
121,-2.3108816283105145,0.3380276986530849,0.8885025747351447,7,39.39473542154905,0.0,0.0438587675822864,0.04329023592533287,457
122,-2.019890341068316,0.31346507370471954,0.8879695531555354,2,5.145940100464049,1.0,0.061260169620771916,0.13356466419670193,459
123,-2.2635645249552043,0.3198784078870501,0.8861064945174849,7,41.176527974149145,1.0,0.06132309972212545,0.06563339269247603,466
124,0.6766498840932863,0.3030509874224663,0.8850436451258789,4,26.64340864216986,0.0,0.021370057779770864,0.05437257687975176,470
125,-2.067831151483088,0.2969098389148712,0.8845126985927314,2,12.964482340811927,1.0,0.06156964439116267,0.08125323751121169,472
126,-2.075787679579063,0.4193439284960429,0.8837168759585448,3,11.920017309277677,1.0,0.05171783223955043,0.1361742786323355,475
127,0.9768404924979008,0.2058853656053543,0.8834517608957573,1,7.46139380989262,0.0,0.0710793072528464,0.17064932661396526,476
128,0.9454947767653976,0.484398677945137,0.8829217693498783,2,5.697108749412555,0.0,0.039582855494174646,0.07827112422893606,478
129,-2.0377799259178344,0.4895177036523819,0.8823920957512277,2,10.213597632893663,1.0,0.06391538308632955,0.10526938889566279,480
130,-2.0701712021202074,0.42152971029281616,0.8818627399090656,2,18.650507221833188,1.0,0.053219630062049446,0.08195151229233967,482
131,-2.024081551336928,0.39644824465115863,0.881069301522277,3,13.80610794312328,1.0,0.05163034231290489,0.09064880363512762,485
132,-2.1604915549891146,0.29631066918373106,0.879748490294512,5,25.043101855262925,1.0,0.025603528773109802,0.04483976053649527,490
133,-2.2832658867511704,0.3941802552768162,0.8779026803584273,7,31.401664611566474,0.0,0.04522176294161159,0.04034044307550851,497
134,0.8855330703404084,0.36021648347377777,0.8773760177614536,2,14.004297421923884,0.0,0.07392929080586869,0.12476832448970557,499
135,-2.059801206974847,0.49668508768081665,0.876586616213304,3,14.226758655910192,1.0,0.0275314159401707,0.07418662351256515,502
136,0.5146245617476934,0.4079708456993103,0.875009943222802,6,31.895455066957684,0.0,0.03283784314421203,0.05945987187803344,508
137,-2.3111626793835507,0.3874000098024096,0.8731740752841907,7,32.40695922457777,0.0,0.03419433357211903,0.03925969450317325,515
138,1.0285305372180538,0.38420307636260986,0.8729121230616055,1,3.944852640572829,0.0,0.06082355018490042,0.12202228702556044,516
139,-2.0377650374232195,0.39234374463558197,0.8723884543498597,2,7.929419890011824,1.0,0.04658333617580068,0.1356542915232148,518
140,-2.04170515705874,0.28078341484069824,0.8718650997922107,2,10.765447921267219,1.0,0.06819025490287103,0.19153995954631028,520
141,0.9290330663458222,0.48922497034072876,0.8713420592001944,2,8.157464525995591,0.0,0.06123792545761199,0.13052980601341063,522
142,0.9106346139242572,0.34321892261505127,0.8705580865857441,3,9.690305922383937,0.0,0.028754279572474187,0.05445316668147626,525
143,-2.212473648134038,0.3582221972090857,0.8687315591362672,7,27.622341059163904,0.0,0.02112534883613789,0.04998168552274391,532
144,0.6935473769601623,0.26722324192523955,0.8674292434214438,5,21.581449707152164,0.0,0.028784893708422115,0.04712943325155072,537
145,-2.267220860952256,0.32238728801409405,0.8658690413444576,6,41.912774956193026,1.0,0.03631101049164132,0.010913363031250982,543
146,-2.151729778859603,0.3169723227620125,0.8648304659706199,4,24.553921935150182,1.0,0.04129640705252407,0.08357714046675001,547
147,-2.109053094348688,0.2944690346717834,0.8635339983856142,5,17.883738848246864,1.0,0.022469927576711006,0.0439940874885202,552
148,0.903059604970076,0.3023417890071869,0.8630159557046427,2,10.510691799464205,0.0,0.051964006727461536,0.12893052733381374,554
149,-2.061595961274473,0.3336528539657593,0.8622394743355153,3,15.496547710533344,1.0,0.021823596567310477,0.056188759908498684,557
150,0.8374473358296493,0.30530329048633575,0.8617222082524667,2,15.768772650210508,0.0,0.05247167074818759,0.13874706568948392,559
151,0.5247037952420815,0.43045211434364317,0.8604304002574455,5,25.10799196751533,0.0,0.06017420065520323,0.02883393415859533,564
152,-2.033313399620665,0.42281031608581543,0.8599142194560272,2,11.432084430636337,1.0,0.05176229743616563,0.09352903750175981,566
153,-2.2303139264168252,0.39734295436314176,0.8581100240206693,7,22.45269229373756,0.0,0.03917320930167378,0.05806380419321055,573
154,-2.3393978754167692,0.41939131702695576,0.8563096139875007,7,48.65866860058511,1.0,0.015122461865528927,0.032056631373481186,580
155,-2.2280746562295963,0.3955852197749274,0.8545129814143279,7,29.972492791378567,0.0,0.02221852173188003,0.020666363895389058,587
156,0.9645219121094813,0.6069612503051758,0.8542566275199036,1,7.24993047377892,0.0,0.05113504727388369,0.06926681071639351,588
157,0.6595441620888095,0.3143501579761505,0.852976011178974,5,24.69020760492312,0.0,0.021276623570452482,0.04008161735597853,593
158,-2.259157243524156,0.28991436532565523,0.8511863728743391,7,40.43377898835264,0.0,0.02897037949624827,0.031471558877268005,600
159,1.0454131581689396,0.4913741946220398,0.8509310169624767,1,2.0646426021904065,0.0,0.033125214757107835,0.118731505271159,601
160,-2.0326485943246104,0.3239922448992729,0.8504205349360908,2,8.059248710813259,1.0,0.052829299164378216,0.11930251650230302,603
161,-2.0735223313023248,0.16901115328073502,0.8499103591529773,2,17.321983545248674,1.0,0.05077487207011889,0.14181892613470243,605
162,-2.11818668138245,0.41522978742917377,0.849145669282589,3,18.2656676721911,1.0,0.0706228240970757,0.05821851018118999,608
163,0.9873322588250859,0.301364004611969,0.8488909255818043,1,8.089706467928394,0.0,0.05538763095601839,0.14234800464997524,609
164,-2.0917490029061248,0.37321894367535907,0.8481271529264106,3,15.27410319503358,1.0,0.019446253086600505,0.03764083824422018,612
165,-2.011454009196634,0.37593474984169006,0.8476183529660986,2,2.0760666716918834,1.0,0.05420334770051268,0.1121381319030834,614
166,0.987042062027081,0.26345211267471313,0.8473640674602088,1,7.63142737326781,0.0,0.03579429300188082,0.07248922120339413,615
167,0.5710534864842884,0.35400055050849916,0.8460937837579253,5,26.442321111134643,0.0,0.034847635164374856,0.06343863608215423,620
168,-2.0445500357436943,0.3320952206850052,0.8450789280166879,4,7.088762121857929,1.0,0.06775053402600699,0.039799981925182935,624
169,1.0136395814225025,0.20602203905582428,0.8448254043382829,1,8.287194770274038,0.0,0.05652639652872061,0.11626908225969472,625
170,-2.054726632734228,0.34472304582595825,0.8443185851299664,2,10.960569699252185,1.0,0.058704731103018035,0.10665951839599952,627
171,1.0067528985908154,0.45355892181396484,0.8440652895544274,1,2.9825333677770605,0.0,0.05568901203011712,0.13098685056298628,628
172,0.9016367383368618,0.28239114582538605,0.8435589263465708,2,13.583089515848743,0.0,0.056295957268780165,0.11720003649161606,630
173,0.8878200274105353,0.32674846798181534,0.8430528669110664,2,8.555387623459623,0.0,0.05480624284228305,0.11503531067159843,632
174,0.6089979126512725,0.36977895349264145,0.8420416586282786,4,29.28035088055988,0.0,0.038625814459897025,0.08165438791845453,636
175,-2.230080537681824,0.34866524594170706,0.8402749618084034,7,25.615259106321528,1.0,0.05585369137765786,0.06521132769900871,643
176,-2.113558937671425,0.37190864235162735,0.8392670855119699,4,13.71479102795226,1.0,0.04237991769772666,0.07925421398484533,647
177,1.0023070097895463,0.36039918661117554,0.8390153053863164,1,3.562752473504113,0.0,0.06469302643964336,0.16610695859080657,648
178,0.6506100815990499,0.3741330146789551,0.8377575373155118,5,25.89501343817558,0.0,0.04454702786146213,0.07085440291914866,653
179,-2.400090608829202,0.337296798825264,0.8362507042687323,6,48.238827530846535,1.0,0.03597103525407992,0.03776549578805341,659
180,0.7056726501029374,0.4135396232207616,0.8347465814880257,6,19.972338167943313,0.0,0.02973711388756565,0.052977468270195165,665
181,-2.344677705418307,0.38528541581971304,0.8329951905493411,7,43.592336593301724,0.0,0.0320249245396577,0.06774580848883541,672
182,-2.1237142129327413,0.3353964587052663,0.8322457197640575,3,22.754995381340855,1.0,0.062063728155736686,0.11641417215724806,675
183,0.863546345139849,0.36091641585032147,0.8314969233001437,3,12.825406632108471,0.0,0.03550259347709402,0.07466022657754402,678
184,-2.086136199984056,0.2800709903240204,0.8309980999808868,2,13.059907195662351,1.0,0.06316064236586055,0.11431794932217494,680
185,0.9634663404657307,0.17064771056175232,0.8307488005508926,1,8.819282781806155,0.0,0.052871669128471306,0.16851224469718076,681
186,-2.179299830795787,0.35468441247940063,0.8295034247997185,5,25.353470644012084,1.0,0.045235874470725926,0.050518874182091174,686
187,-2.0727428429633394,0.253027339776357,0.828757095660927,3,19.660540681001883,1.0,0.06613493951899571,0.07570554667411897,689
188,-2.175860958605502,0.2383340448141098,0.8280114380168717,3,19.374079299723547,1.0,0.03581554528993056,0.06625509902054172,692
189,-2.2032032459521176,0.33953673392534256,0.8270182713280095,4,31.947556963763176,1.0,0.05668205091874424,0.04206805429325207,696
190,0.9858610675418756,0.18740560114383698,0.8267701658466111,1,5.950761826162936,0.0,0.06056360049259465,0.11470298119963791,697
191,0.8905084145982438,0.35969799757003784,0.8260262959029713,3,12.1748290217779,0.0,0.04184604444761089,0.11004542135723115,700
192,0.40517825958121884,0.2868879437446594,0.8245405632598917,6,41.962319196752986,0.0,0.04514993065161537,0.052464600558742136,706
193,0.9104104470296761,0.3093198438485463,0.8237986993566474,3,9.281540024146391,0.0,0.06992899879660934,0.15164359509026493,709
194,-2.1590174870405194,0.3280601501464844,0.8225637425040497,5,24.616602677146037,1.0,0.03285837128489587,0.024299557127627755,714
195,0.4188748231620806,0.32254322866598767,0.8210842377845103,6,39.6443034633164,0.0,0.022205066183056794,0.04849520016156777,720
196,0.8464586668435801,0.26513615250587463,0.8203454836410794,3,11.161362795804383,0.0,0.04088417403505051,0.0865204164468633,723
197,-2.191376800746754,0.3349924385547638,0.8188699687940416,6,23.101786546245215,1.0,0.023316210688905405,0.0554648171244418,729
198,-2.261597603157449,0.3288592781339373,0.8171518887502152,7,33.16574592115363,0.0,0.04742931436029226,0.03757067885120908,736
199,0.9510005001284463,0.2899831607937813,0.816661671160635,2,5.385566434079357,0.0,0.019192362269145533,0.05568357801250049,738
200,-2.3143390961348795,0.30751356056758333,0.8149482243702426,7,46.16644696237183,0.0,0.041224670642596564,0.026810653557987427,745
201,-2.269430207228976,0.3298721845660891,0.8132383725813143,7,28.13129296535954,0.0,0.025881921258287796,0.04167046560088354,752
202,-2.0548967788685086,0.27852877974510193,0.8127505027492191,2,17.146739301235712,1.0,0.041378276346222605,0.12499312527629912,754
203,0.12827307487963924,0.28317253291606903,0.8112886486186628,6,39.17517247883812,0.0,0.09412685151752627,0.0451739398866302,760
204,0.6343013601778547,0.3145834729075432,0.8103155402485782,4,24.96126402761091,0.0,0.01745864627697934,0.04108342934177253,764
205,0.8968254599067529,0.25491513311862946,0.8098294238528277,2,12.771646299799622,0.0,0.03979170771291521,0.08283960980053608,766
206,-2.0942614220313414,0.30289745330810547,0.8088580657646383,4,15.52669679658494,1.0,0.04825510887029346,0.0720859342241641,770
207,-2.1175224355645357,0.272794634103775,0.8078878727817261,4,17.00716055457802,1.0,0.055852506851638666,0.1049938185174278,774
208,-2.0,0.4924013018608093,0.8076455064198916,1,5.198356590401497,1.0,0.044063960053710785,0.13783848442958171,775
209,-2.0,0.19026979804039001,0.8074032127679657,1,5.597071875948255,1.0,0.06679012967811516,0.1607811521004396,776
210,-2.1317583648800293,0.21557270362973213,0.8064347648231862,4,24.530616174803637,1.0,0.03966271844759396,0.057901285824808586,780
211,-2.2591240066531912,0.3557088928563254,0.804742775216911,7,35.384310045582,0.0,0.029685572338317333,0.05577647525468172,787
212,0.5235747663349988,0.28945712248484295,0.8032953241898039,6,33.36391337926208,0.0,0.01297605748300589,0.02848732694844869,793
213,-2.202407239146341,0.3182149350643158,0.802091103952454,5,22.428125243868497,1.0,0.09066496885230249,0.15223667485297562,798
214,0.7352431776081119,0.2428977886835734,0.8013694385018385,3,21.551308776520585,0.0,0.03144970281840476,0.10465300339431036,801
215,-2.134027975839807,0.3357051074504852,0.8001681053602432,5,15.494187206757971,1.0,0.021561432705559904,0.051832891813031086,806
216,-2.291758132888563,0.2437181451490947,0.798489263900774,7,45.2486646492176,0.0,0.013801210425308326,0.028635878610702756,813
217,-2.3402501751538667,0.27673426270484924,0.7968139448369453,7,52.77749892589804,1.0,0.044649353528695375,0.056936006084957816,820
218,-2.0,0.2117493748664856,0.7965749006534942,1,4.855336066537246,1.0,0.05926044746988868,0.11136919112508906,821
219,-2.1601960138857588,0.22203264385461807,0.7956194408371329,4,19.9069214230979,1.0,0.03237261270912016,0.0608532486939765,825
220,0.21730136444710363,0.24204698417867934,0.7939501429804835,7,52.04959086388614,0.0,0.019828354152559395,0.03128851786565968,832
221,-2.067958345378246,0.3702584356069565,0.7934738443502082,2,11.312120017295019,1.0,0.05107079287660425,0.1656174707785922,834
222,-2.041034278926124,0.2758750796318054,0.7922843474959371,5,16.702758641531346,1.0,0.051631442333822344,0.07011936617974258,839
223,-2.305262526639347,0.29165610671043396,0.7906220470351286,7,49.31066512603686,0.0,0.026799253545128153,0.04790979721803109,846
224,-2.1631728376038293,0.30165499076247215,0.7896737274292112,4,21.330705183218292,1.0,0.041761900137437066,0.09079890894739892,850
225,-2.203236940105689,0.24222045711108617,0.788016904338937,7,29.00414760146402,0.0,0.027416556962488015,0.0218075847260714,857
226,-2.0456430941250785,0.3233140558004379,0.7875441651178551,2,10.424279830566022,1.0,0.043691301254152146,0.04636306872678371,859
227,0.9931911768708385,0.20569714903831482,0.7873079018683198,1,6.311730301869026,0.0,0.061379944822231185,0.1431324111948207,860
228,-2.3695769825532143,0.3146855171237673,0.7856560425425482,7,48.7283133092056,0.0,0.057196645830693074,0.048817421670921485,867
229,-2.0,0.226820170879364,0.7854203457297855,1,8.557420102112381,1.0,0.07750785362517071,0.18592173226842063,868
230,0.9748048662944891,0.21655626595020294,0.7849491642101788,2,5.839511027370584,0.0,0.0368062651951536,0.07520338034764344,870
231,1.03781220345843,0.24486854672431946,0.7847136794609157,1,2.1189673719563435,0.0,0.035964249230071764,0.05508169247246346,871
232,0.9956382759975527,0.1630546599626541,0.7844782653570775,1,2.4759975345833696,0.0,0.06202572611593787,0.12430599705571212,872
233,-2.2334578415053303,0.25015969574451447,0.7828323429226398,7,36.63469786951406,0.0,0.009379283096081827,0.03787147680773641,879
234,0.7170352663653728,0.17316140731175741,0.7821280051576056,3,21.91520793512215,0.0,0.034942377401326746,0.0712951094787604,882
235,-2.013539209514991,0.19608104974031448,0.7816587987460316,2,7.077268563165009,1.0,0.01982626800653667,0.025948521934007894,884
236,-2.0284330886983675,0.33599866429964703,0.7809555168539312,3,11.523617463893652,1.0,0.07040514953072743,0.08953409697953728,887
237,-2.2476442960285103,0.2336546012333461,0.7793169855366833,7,33.30838049471908,0.0,0.015772577920575168,0.019887320459673515,894
238,-2.185639630322616,0.17935722569624582,0.7779152666199114,6,24.841513387127495,1.0,0.03336346994737231,0.03620224012953366,900
239,-2.0172885865626395,0.17480630427598953,0.7774485874723135,2,3.7386909216495425,1.0,0.045674011172581186,0.07321324583412668,902
240,-2.1994266835068785,0.2264791950583458,0.776516068905626,4,30.334923660243227,1.0,0.021909282534745243,0.05127106764974809,906
241,-2.20652175202373,0.23165706296761832,0.7751193878590648,6,26.696510461534388,1.0,0.014357259169381818,0.034654998810457395,912
242,-2.05815626002807,0.2621000756820043,0.7744219896712982,3,14.917848070433113,1.0,0.057044706181013774,0.06583151202192916,915
243,-2.2508912326693924,0.23744873702526093,0.7727971664189399,7,36.05839541922295,0.0,0.00809424696495828,0.019347565318942793,922
244,-2.184945951059508,0.1428265981376171,0.7718702270462513,4,28.72177316896343,1.0,0.036016481083193025,0.10148146532010462,926
245,-2.0244684314607886,0.25041572004556656,0.771407174378344,2,7.842634439845692,1.0,0.040922076632940785,0.06502423702746246,928
246,-2.0531368023458763,0.2221071720123291,0.7709443995003628,2,16.59395142885778,1.0,0.056321563428993165,0.09150634032954602,930
247,-2.103623306504729,0.26853108406066895,0.7702507576749849,3,16.618326201989365,1.0,0.05104819917794726,0.12986370281729703,933
248,-2.0,0.10091355443000793,0.7700196824476824,1,3.731470058702171,1.0,0.047910596464676325,0.1447856075013559,934
249,-2.324851699349202,0.26107429393700193,0.7684040957242919,7,44.827067059693086,1.0,0.018026924501449694,0.02465350405301483,941
250,-2.055640220781973,0.22463424131274223,0.7674824256646532,4,16.00816419010477,1.0,0.05109041428590654,0.10035661754603437,945
251,-2.148821397387329,0.2153898924589157,0.7661019929853844,6,29.365483917329485,1.0,0.049836630403667655,0.08176918641364948,951
252,-2.3664126824772573,0.16751863488129207,0.7644946260091328,7,49.174509431358366,0.0,0.032436980208009406,0.03479076875488898,958
253,0.5891471239029311,0.225368432700634,0.7635776452024607,4,32.440543146688455,0.0,0.02824612988446839,0.04834547223716969,962
254,-2.144455009690561,0.2967756986618042,0.7628906314671263,3,25.00047892851508,1.0,0.01984942219265664,0.025589857876321828,965
255,0.997619549201832,0.1763964593410492,0.7626617642776862,1,3.3725902867925135,0.0,0.08810633094883027,0.15740202724564847,966
256,-2.1298694598206724,0.3501789669195811,0.7619755745879209,3,17.883724888696417,1.0,0.05903521972193005,0.15141086856650768,969
257,-2.3291083017974104,0.29356318712234497,0.7603768652952714,7,50.24459377722978,0.0,0.021742455847152183,0.012760240274857667,976
258,-2.041954837970255,0.23446165025234222,0.7599207076100121,2,13.55784721104369,1.0,0.0454726318283439,0.12941429948436853,978
259,0.9675264810326907,0.15692494809627533,0.7596927313977291,1,8.495471551775756,0.0,0.051870230013997605,0.10624390763007194,979
260,-2.220475278596733,0.22444029450416564,0.7585538758190046,5,35.87013030026297,1.0,0.02682543056829902,0.03222410914153723,984
261,0.5114620732146419,0.2727792834242185,0.7571895024807359,6,31.478399361334716,0.0,0.033527121305244406,0.04524139231438548,990
262,0.878936202299095,0.33527836203575134,0.7565082363492249,3,8.110925115683099,0.0,0.03634615061303553,0.08379276227452455,993
263,-2.273738457865361,0.22868279154811585,0.7549209981387727,7,34.968711217214185,0.0,0.01515536505615115,0.014677732854051115,1000
264,1.0199156752019427,0.28833138942718506,0.7546945218393311,1,3.114644813602625,0.0,0.06443855328159422,0.1822151831189542,1001
265,-2.0252282152187453,0.2767097055912018,0.7542417730487345,2,6.096242613415623,1.0,0.06749829034521398,0.0933841832873601,1003
266,1.0237998719473542,0.2866097390651703,0.7540155005168199,1,6.812057577732322,0.0,0.06745116678111279,0.11526847930453075,1004
267,-2.0088794493072086,0.1941947117447853,0.7535631590779049,2,3.1774344832619033,1.0,0.029844402271860623,0.05087719157692754,1006
268,-2.0267608600821476,0.2916451096534729,0.7531110890031425,2,9.05328462745139,1.0,0.042437760029429596,0.07882743415280821,1008
269,0.9161740613008338,0.19144099950790405,0.7526592901297386,2,11.767256904481487,0.0,0.03581237570479435,0.07523524093721724,1010
270,-2.2984853479196885,0.20967370520035425,0.7513055190912025,6,38.231327413060555,1.0,0.04993051275161275,0.04457956876642789,1016
271,-2.0203668186676396,0.11976813152432442,0.7508548033972445,2,12.659910321877057,1.0,0.05468642824574259,0.11837485050933984,1018
272,-2.0,0.2667466104030609,0.7506295469562254,1,5.579648700594195,1.0,0.049488473116465384,0.06976055100581229,1019
273,-2.181133257313391,0.15848780795931816,0.7497291967587715,4,26.460395471208397,1.0,0.041624609136908214,0.07891261945351816,1023
274,0.813291841177283,0.2114933729171753,0.749279426716344,2,17.621860795503956,0.0,0.05124698965661716,0.08393939790230548,1025
275,-2.1555067424241887,0.22923302153746286,0.747931734870961,6,23.08237934598163,1.0,0.04677913172896803,0.07415560759391628,1031
276,-2.140230154835717,0.20302406325936317,0.7470346205914822,4,24.920750754237005,1.0,0.05869311787571379,0.11025162027781593,1035
277,0.8638999833615808,0.14990802854299545,0.7465864670522432,2,15.185203979437794,0.0,0.03852487249975822,0.1352472141377499,1037
278,0.3830469168959272,0.15200241867985045,0.7450200458145438,7,32.28588745384394,0.0,0.024322985386419773,0.06764794544091024,1044
279,-2.0771971530117304,0.20254142582416534,0.7441264239899351,4,13.025465488249628,1.0,0.041977561582306484,0.06269041982850287,1048
280,-2.0191312769105587,0.16597743332386017,0.7436800151069194,2,8.613652756009477,1.0,0.04895513184376991,0.0976499036034136,1050
281,0.9386320655585046,0.25524652376770973,0.7432338740290566,2,10.619323899150421,0.0,0.036057723661226365,0.0564470155655782,1052
282,-2.251885656843706,0.22497972633157456,0.7416744869034723,7,33.373925010540134,0.0,0.05956795571737475,0.04004138273456887,1059
283,0.4987142747603929,0.2079737906654676,0.7403404736871894,6,36.27227214755974,0.0,0.013450934635591513,0.02641285997386434,1065
284,-2.0873245368673294,0.16799975434939066,0.7396743671328097,3,21.42454553205532,1.0,0.022247112893711393,0.05287554812265224,1068
285,0.8610647004110726,0.2725424567858378,0.739008859894498,3,11.937628558596424,0.0,0.024792575772916072,0.058002783706408684,1071
286,0.7969968836786998,0.23518357053399086,0.7381224482476021,4,15.352407952960743,0.0,0.037461165161942866,0.09669017699453163,1075
287,0.9031595177793158,0.2691127061843872,0.7376796412096739,2,13.044883013200916,0.0,0.06734309277619036,0.13657774411881357,1077
288,-2.3516359194254832,0.16765800331320083,0.7361319074807575,7,38.0816865524363,0.0,0.028252921947415823,0.030185704589230342,1084
289,-2.2114793603392737,0.18340862542390823,0.7348078634279456,6,26.442390777615667,1.0,0.03381343480306342,0.026327463654048776,1090
290,0.8453322449962983,0.2069898098707199,0.7343670448425965,2,14.192183719571183,0.0,0.05157971130707261,0.09801962999926296,1092
291,-2.265905931853599,0.19026299118995665,0.7332661550074236,5,39.5615989165302,1.0,0.031354118744655095,0.03994192080357539,1097
292,-2.24824289224158,0.19485297799110413,0.7323866315059517,4,34.45335391992896,1.0,0.07016551075276901,0.11062866948644244,1101
293,-2.1096237514565557,0.19550729791323343,0.7317276812622124,3,7.785177623459731,1.0,0.10495229654277861,0.1013258197474973,1104
294,-2.160325438605067,0.19930325945218405,0.7304115588732663,6,28.15633930858547,1.0,0.03900779592797947,0.04091486059042355,1110
295,-2.249135094936741,0.21070837761674607,0.7288790743874469,7,38.55315194658611,0.0,0.020983717545362893,0.045624366598328164,1117
296,0.9914655093979076,0.3457878530025482,0.7286604106651308,1,6.930988297734287,0.0,0.07682814056733636,0.06719066053695472,1118
297,1.0174812066843653,0.16588319838047028,0.7284418125419313,1,6.910414847134538,0.0,0.05347101529304553,0.1412642710009814,1119
298,1.0028481404481786,0.33015307784080505,0.7282232799981687,1,8.361242892358803,0.0,0.056186722763130935,0.11186469847164007,1120
299,0.39829005875201157,0.20938885460297266,0.7269134608024479,6,40.32699686926051,0.0,0.04780733550693099,0.056174698246785455,1126
300,-2.0220308799192983,0.12987882271409035,0.7264773781481779,2,7.396763725195763,1.0,0.03447991839313483,0.08202223200837426,1128
301,-2.1886465360522553,0.19003864909921372,0.7249531480099964,7,20.989024146308857,1.0,0.07514539856857554,0.06105546928669576,1135
302,-2.257805812236348,0.19590968489646912,0.7238663705501068,5,38.93946011168297,1.0,0.03250473966483332,0.07536036153197338,1140
303,0.7209991729914594,0.13264069519937038,0.7229981217151152,4,18.721540917464672,0.0,0.025153846782199712,0.04328414136302624,1144
304,0.8418412749599321,0.1693219691514969,0.7225643879119172,2,15.630441725529248,0.0,0.05789123611517243,0.1624911617973708,1146
305,-2.1094180861548955,0.14027264714241028,0.7216977007531614,4,17.88030646039548,1.0,0.05169171548516568,0.04879969349857082,1150
306,0.6378924660288031,0.28886910900473595,0.7208320531510787,4,26.053197634706414,0.0,0.05148175200132951,0.03193992800491579,1154
307,-2.2359510684756274,0.18754065675394876,0.71931966753106,7,15.078027801925275,1.0,0.06961241892382804,0.024289530366488895,1161
308,-2.1859981043477656,0.15379498302936553,0.7182413352232772,5,29.516585916488825,1.0,0.025870014931845334,0.0503886252539867,1166
309,0.9995755242139079,0.11706431210041046,0.7180258628227102,1,7.089652170101515,0.0,0.05326512550847436,0.1327224921562358,1167
310,0.8622327024852531,0.1988857463002205,0.7175951119273443,2,14.471548867856415,0.0,0.07387845710305149,0.136639667661496,1169
311,-2.2171562649606775,0.15565626472234725,0.7165193649013324,5,31.220072946786637,1.0,0.022223022330843993,0.05260654084689959,1174
312,-2.2153032611155563,0.19169156750043234,0.7152305969588193,6,27.70256460960861,1.0,0.02729463886572648,0.053390258253297615,1180
313,1.02076715509518,0.12781652808189392,0.7150160277797317,1,4.075057536494853,0.0,0.042863814228717274,0.11710907552635692,1181
314,-2.179714195471096,0.15204073190689088,0.7139441470594621,5,30.95255065825023,1.0,0.018150194380456945,0.022217860082579914,1186
315,-2.031081591226796,0.15416279435157776,0.7133017900727519,3,7.8841800660475965,1.0,0.04851539428964133,0.08843768894345268,1189
316,-2.0786047592300707,0.1712650377303362,0.7124462130306005,4,14.398771042449475,1.0,0.046353701903297156,0.07259447113388758,1193
317,0.6699926786053552,0.12099354527890682,0.7115916622189805,4,23.727432111207502,0.0,0.03927586833036922,0.06139590177289538,1197
318,0.9383582660579279,0.18321610987186432,0.7111647712648989,2,7.6654384584646325,0.0,0.05434624863579741,0.11189947336938433,1199
319,-2.1368398757835885,0.16736695915460587,0.7100986639643101,5,20.467765313106096,1.0,0.04864072561533206,0.02258326612760867,1204
320,0.9942327911432844,0.1389857977628708,0.7098856343651209,1,5.329977781023065,0.0,0.05214804472955711,0.14103214755621865,1205
321,-2.05676045279227,0.25832208395004275,0.7088214446190039,5,16.99467877016911,1.0,0.04750978094774772,0.025429595380327023,1210
322,-2.3098898795390768,0.17940399370023183,0.7073342585881991,7,39.70220812691594,1.0,0.012167321989211785,0.013787461038390984,1217
323,-2.0992727639453377,0.16393602639436722,0.7064858393620066,4,13.880718548689233,1.0,0.021948814378671244,0.06299450458785852,1221
324,-2.2639463259066823,0.2293929100036621,0.7054267462494966,5,33.00138238290744,1.0,0.026535623069115947,0.050444153161225275,1226
325,0.9710592497797536,0.26951509714126587,0.7052151182256218,1,7.006952915288941,0.0,0.06433528600284268,0.11972723386833026,1227
326,-2.092282374751234,0.17138779163360596,0.7045806150082599,3,14.558856228759891,1.0,0.023637384104989854,0.06021410387785272,1230
327,0.6377062044694608,0.20738304778933525,0.7037354986676931,4,28.436874614459914,0.0,0.0379384343464935,0.08967247429167731,1234
328,0.815684860506993,0.18424299856026968,0.703102326708476,3,12.170852436132112,0.0,0.020180557076339364,0.046162411673176425,1237
329,0.4159761256121951,0.15161814292271933,0.7018376913289522,6,40.08360028862266,0.0,0.02588011834208019,0.050387763614796056,1243
330,0.6788158276994021,0.21396716435750326,0.7012062268839833,3,21.429821683152323,0.0,0.07967515158797221,0.08804817793150307,1246
331,0.9737284279810657,0.18564952164888382,0.7007855662564133,2,4.536534309226921,0.0,0.050684590468020985,0.07671038060918821,1248
332,-2.201382359529579,0.1459911380495344,0.6993152403899515,7,27.169772451634994,0.0,0.07805484862559942,0.039966305495458994,1255
333,-2.0,0.1756027340888977,0.6991054458178345,1,4.05095295603883,1.0,0.06162900968382731,0.11785427547036978,1256
334,0.8617350039169116,0.19721416383981705,0.698476439656193,3,14.300245381596497,0.0,0.04105466689305827,0.05537700540412498,1259
335,-2.1539279920051198,0.19698557443916798,0.6976386450304534,4,20.69202025069439,1.0,0.05653822241291561,0.08914779871009967,1263
336,0.9958841046272211,0.1552530825138092,0.6974293534369442,1,3.2703904266439476,0.0,0.06721941081204899,0.12655406394179863,1264
337,-2.0867025650909663,0.19025471061468124,0.6965928147493541,4,11.42956436700673,1.0,0.054905359761144745,0.07857997608517428,1268
338,-2.0620942573100014,0.23790220419565836,0.6959660692773317,3,14.261437195705124,1.0,0.049500385882903356,0.10369159746131028,1271
339,-2.1145855556399415,0.13840430974960327,0.6953398877070298,3,22.113027786953595,1.0,0.033130676271370806,0.1029879759267404,1274
340,0.7071706264567168,0.24738183245062828,0.6945058552502298,4,23.555654271653484,0.0,0.05756674909828943,0.13644844531640302,1278
341,-2.138038080198852,0.24560628458857536,0.6936728231820903,4,25.503999569635585,1.0,0.039177057508564914,0.10709716258267946,1282
342,-2.1537745027714474,0.23237059265375137,0.692425148184175,6,24.976432346960898,1.0,0.036938288769314764,0.05721658398755637,1288
343,-2.0927847727858446,0.20963174849748611,0.6915946118411579,4,18.378826982177447,1.0,0.04682911626412589,0.07264391721594952,1292
344,-2.014343951880746,0.13665758818387985,0.6911797173175683,2,8.685167379776834,1.0,0.09881670275622775,0.1592565368361939,1294
345,-2.287979214873166,0.15361006132193974,0.6897295455878983,7,33.97132778299736,0.0,0.027336109448579775,0.03990234200734452,1301
346,-2.293345480849249,0.12990546971559525,0.6884889631683566,6,38.853627071033124,1.0,0.04718748176728057,0.04695188780758102,1307
347,0.6327289035635907,0.16759183506170908,0.6872506121230536,6,24.772522640843416,0.0,0.02718950574581946,0.05038156847783523,1313
348,0.8511572288309929,0.29418230056762695,0.686838323608335,2,11.508574413780575,0.0,0.02745385091300114,0.05315359642989171,1315
349,-2.190719945373024,0.1871093474328518,0.6856029414867678,6,21.547252324501105,1.0,0.07064731616441886,0.04479605643345571,1321
350,0.7870444760798496,0.19770737923681736,0.6847805881085326,4,16.700885442165283,0.0,0.04027709076581847,0.09164338477272603,1325
351,-2.251669208422322,0.17184682829039438,0.6833438424618928,7,35.16152242055192,0.0,0.02231524861032907,0.024944750923223128,1332
352,-2.054963833723762,0.17805561423301697,0.6829338976573616,2,15.003846350263824,1.0,0.038708638008722006,0.07549799964589013,1334
353,-2.0,0.05181802064180374,0.6827290174880644,1,1.1871864048003902,1.0,0.0546765812156491,0.11559753450306137,1335
354,1.0131771926241524,0.11745472252368927,0.682524198782818,1,7.14455821774473,0.0,0.055860369000492946,0.12247441857762333,1336
355,-2.0688015924744985,0.20629632472991943,0.6821147456907262,2,10.823093312200012,1.0,0.04070920076366884,0.0941462381062831,1338
356,0.2891263709027465,0.2256261333823204,0.68068359327724,7,49.11693566225436,0.0,0.025504699979143636,0.029751951362375708,1345
357,-2.086612778972096,0.14521507546305656,0.6798671404609395,4,13.823122795299607,1.0,0.025351679271778744,0.053906240382270425,1349
358,0.8732058459493895,0.15585894882678986,0.6794592813647056,2,14.3715813092484,0.0,0.03035710383691635,0.059844081439238646,1351
359,-2.504703856013726,0.18757151918751852,0.6780337004099852,7,53.09477948616385,0.0,0.1014807378225339,0.04008339646441683,1358
360,-2.2768671069521202,0.19599860055106028,0.6766111104822685,7,41.20022889229936,0.0,0.03333022655855375,0.05097058170963479,1365
361,-2.2366736325763723,0.20956934243440628,0.675394123543112,6,29.805637311236236,1.0,0.05526300139780363,0.056550209314412826,1371
362,-2.025183540254586,0.14986282090346018,0.6747864511701009,3,9.541581690258624,1.0,0.030382039710642034,0.06373185248368197,1374
363,0.8354039074452231,0.128501545637846,0.6743816400301795,2,16.27429806995492,0.0,0.04546714107679109,0.0945384942228999,1376
364,0.7967893922355216,0.13242162267367044,0.6737748786189869,3,16.098499045636576,0.0,0.06164004399455248,0.12118333729559941,1379
365,-2.034889449651764,0.1329588033258915,0.6733706743315546,2,4.878438978684714,1.0,0.053423748936427366,0.09290529813764348,1381
366,-2.0836196248450536,0.21979869902133942,0.6729667125303164,2,11.479523810446759,1.0,0.03688268330322155,0.09199877191754532,1383
367,-2.0505367949474005,0.13339919969439507,0.6725629930698024,2,13.608816788049483,1.0,0.05475417232864104,0.0732509705269738,1385
368,-2.158975883232078,0.20184000049318587,0.6711518812930314,7,20.40540694428472,0.0,0.04889184481795221,0.07958942551026679,1392
369,0.9579875962500802,0.1123460903763771,0.6707492505679249,2,9.743611956009847,0.0,0.054627439514727254,0.10819531237319328,1394
370,0.8682988754062049,0.17827382187048593,0.6701457573266013,3,12.985518614941913,0.0,0.04930934501745376,0.1447707488982024,1397
371,-2.1333184777640866,0.20620199044545492,0.6695428070662679,3,22.709880392619414,1.0,0.03844203666735795,0.055436192906243416,1400
372,1.0029968361985917,0.13157393038272858,0.669341944224148,1,7.764423644694319,0.0,0.05292331433082416,0.16929649163882082,1401
373,-2.3406146737180507,0.19697441373552596,0.6679375905652136,7,42.84725585671177,0.0,0.03709632980480596,0.01610724970521645,1408
374,-2.2399198497880173,0.21910836015428817,0.6665361833960615,7,32.80825416488328,0.0,0.020566220673884642,0.0460424637459067,1415
375,0.8649391830088482,0.17009457449118295,0.6659364807777781,3,12.96571219725043,0.0,0.05615306309296421,0.1362613409711019,1418
376,0.8720838357802163,0.13712552189826965,0.6655369788235947,2,9.716230975851168,0.0,0.03388938425459824,0.06281301070422371,1420
377,0.8702296624856823,0.15513385087251663,0.6651377165346287,2,17.510421184947553,0.0,0.04724581626971875,0.13223244143975918,1422
378,-2.166894121974908,0.18145836591720582,0.6641406084042115,5,31.02983150409571,1.0,0.07397607553499823,0.0768066646429562,1427
379,-2.046568456566966,0.14584036419788995,0.6635430611566803,3,9.645590211314188,1.0,0.08350500389592,0.14588688806852085,1430
380,-2.0965327799793028,0.24577313661575317,0.662747167724888,4,14.4672083989286,1.0,0.01753532267544721,0.028922753545577128,1434
381,-2.315630122154828,0.1810809980545725,0.6613566506387047,7,43.01625222122692,1.0,0.029823384167373932,0.02979487002185879,1441
382,-2.1186947580002107,0.14641543726126352,0.660761608201569,3,22.04717475361444,1.0,0.04353168386178134,0.07514117853635897,1444
383,-2.3173799796045125,0.19546279311180115,0.6597710602963354,5,43.752768387645276,1.0,0.06534655172300054,0.09224015455878572,1449
384,0.9985934921764731,0.21133549511432648,0.6595731289782465,1,4.948256324080887,0.0,0.06605207381866397,0.11254560498572747,1450
385,-2.1005766987921084,0.1465280825893084,0.6589796912291025,3,14.87525706700964,1.0,0.03645976418547314,0.07374596420838045,1453
386,0.98457545666487,0.1811782568693161,0.6585843627225373,2,5.480410554025939,0.0,0.031323971753992826,0.03870055121558385,1455
387,0.30411865646107583,0.11802902817726135,0.6572025796630901,7,36.02892662024849,0.0,0.07635134235564671,0.045286665235581496,1462
388,0.8250255083058021,0.2689994275569916,0.6568083172635245,2,12.651277638810127,0.0,0.02891171512467667,0.06599775481081122,1464
389,0.9902054699463649,0.10583894699811935,0.6566112747683455,1,9.38752082910109,0.0,0.05707878922454505,0.1521887813641159,1465
390,-2.3260700915988464,0.19540951081684657,0.6552336314663298,7,46.78529126826786,0.0,0.02108394729929149,0.01529520078411774,1472
391,-2.056929927617209,0.19507007797559103,0.6546440980933994,3,6.5056550173573635,1.0,0.02467172927744404,0.03567266401647541,1475
392,-2.2407230302039336,0.17352436358729997,0.6534666221329355,6,38.006033081668626,1.0,0.011379942934451149,0.023436056613876273,1481
393,-2.027230608334503,0.1725175604224205,0.6530746009716517,2,6.104046766678901,1.0,0.02639701985238088,0.04998147273603873,1483
394,-2.3290323239904795,0.19486307601133981,0.6518999479880333,6,51.96255493349224,1.0,0.027556472995879884,0.06821450515380408,1489
395,-2.0,0.23039360344409943,0.6517043780036369,1,6.992029897505406,1.0,0.03440077716098762,0.08811874417688295,1490
396,-2.1506398027056113,0.1990055317680041,0.6511180200060196,3,23.905614741222827,1.0,0.05201359428887865,0.10943552714219501,1493
397,-2.0555434679478224,0.17207921668887138,0.6507274077946378,2,15.67044801450082,1.0,0.03805028691664961,0.0952914722855376,1495
398,-2.118870255692384,0.1924025019009908,0.6501419288064532,3,17.754684059315284,1.0,0.04310221491808857,0.06456505342554811,1498
399,-2.2340942443722653,0.20443755984306336,0.6491673008654675,5,34.67479183360484,1.0,0.05853441945616508,0.0442419453038336,1503
400,-2.0,0.29583823680877686,0.6489725506752079,1,3.134885273065854,1.0,0.03857961783439444,0.08604167490905425,1504
401,0.8734045267715529,0.2268633246421814,0.6485832255523323,2,11.6342914289699,0.0,0.04035012709935136,0.08028570996689942,1506
402,-2.3545886394546893,0.21517598628997803,0.6472224259882414,7,50.19033031962012,0.0,0.059858344048594775,0.05067026205063473,1513
403,0.7570843336321161,0.2371824731429418,0.646640100537432,3,16.969706551147965,0.0,0.04244380002511848,0.08468253665530144,1516
404,-2.19717910562037,0.24280158877372743,0.6456707221881498,5,29.80056190506497,1.0,0.0585796310447385,0.037704710640107254,1521
405,0.8571005847058036,0.08768991753458977,0.645283377865202,2,14.636191305114865,0.0,0.042310014169808834,0.10501312861932756,1523
406,-2.016826487082332,0.16500318050384521,0.6447027970342126,3,13.002035274720797,1.0,0.08275150660866311,0.12418175308110103,1526
407,-2.1660950686093887,0.22207310497760774,0.643736322897135,5,19.436504569674256,1.0,0.0460257441830948,0.08583488511529277,1531
408,0.702950988542375,0.18865740795930228,0.643157133997954,3,19.976677928927884,0.0,0.088305425296245,0.10071164596353065,1534
409,-2.139362457284806,0.19886844754219055,0.6421929769647514,5,19.26590108506391,1.0,0.035447663530146604,0.042409798967333184,1539
410,0.9561541631179042,0.20056471973657608,0.6418077189759405,2,8.313564959870783,0.0,0.042188200270184543,0.09131398262301724,1541
411,-2.081238460055791,0.1845670888821284,0.6412302652996175,3,11.895283906726812,1.0,0.037994995394652446,0.08574227684877314,1544
412,-2.0302054871448054,0.1573411226272583,0.6408455848511616,2,8.56788960242553,1.0,0.045624837798157764,0.08322223467670833,1546
413,-2.0,0.12382772564888,0.6406533311757063,1,3.612138203970629,1.0,0.07866229317658333,0.1851481845491005,1547
414,0.5417949566793957,0.16628263518214226,0.639884893061909,4,34.83982141440243,0.0,0.03775514384208832,0.05864836736878036,1551
415,0.9174757115067037,0.15595312416553497,0.6395010197157123,2,8.566601137528695,0.0,0.03649002880875384,0.056288311650637,1553
416,-2.340746370196749,0.16945361452443258,0.6381592756270895,7,50.02231135706535,1.0,0.020648310713172174,0.0331386174019016,1560
417,0.9583152946063608,0.09840467572212219,0.6379678278444014,1,8.04427742944711,0.0,0.07104377015797284,0.12308316947526718,1561
418,-2.065924056774882,0.10833216458559036,0.6373938290334299,3,10.10089373967974,1.0,0.01893378996395662,0.02526977363365052,1564
419,-2.1622620065757756,0.17658116295933723,0.6366293005624242,4,24.845306774607543,1.0,0.02024333927309446,0.04630801586335678,1568
420,-2.2167848746702594,0.1963793175915877,0.6354842269272652,6,33.474788434543996,1.0,0.022614353969162303,0.042803634702745286,1574
421,-2.25629779128951,0.17919617394606271,0.6343412128794184,6,39.90674290483393,1.0,0.03099647443097255,0.04774144877537209,1580
422,-2.017202514761015,0.1899479404091835,0.6339606652423998,2,11.887274693483402,1.0,0.06129978280788437,0.1521084893862938,1582
423,-2.055194295304068,0.13043909892439842,0.6335803458997142,2,11.173075653802478,1.0,0.022765112089997715,0.04299733374412578,1584
424,-2.289345025306976,0.1866084784269333,0.6322510240416248,7,43.966564196138684,0.0,0.020920206967592926,0.013233248211265354,1591
425,-2.0,0.1858709454536438,0.6320613487344123,1,9.389215313292807,1.0,0.041383001712284304,0.06886791798352596,1592
426,0.035461750999662645,0.21437065516199386,0.6307352139009005,7,48.929134540884675,0.0,0.06552545324595055,0.04030656258114697,1599
427,0.8902819631259429,0.24143127351999283,0.6303568295387292,2,12.839738195815436,0.0,0.053774217909074745,0.0798496175817569,1601
428,-2.075024676428225,0.1800338700413704,0.6299786721731206,2,14.890178076501016,1.0,0.0691016377633767,0.1522464209060836,1603
429,-2.222675521287036,0.16772968570391336,0.6288455606943046,6,23.67176632117927,1.0,0.06277781800722947,0.041479075126269915,1609
430,1.0218987521895972,0.12022241950035095,0.6286569070260963,1,2.3216079344392226,0.0,0.07873925474309955,0.13624398110636884,1610
431,-2.038588644460162,0.1944270208477974,0.6282797694610023,2,10.103894050666392,1.0,0.03912268277005483,0.0650303266636299,1612
432,-2.1951249280701384,0.17465159722736903,0.6269615688003524,7,26.878698095046552,1.0,0.04010995544823563,0.05089625937301324,1619
433,-2.0921283499067505,0.22494065016508102,0.6262095534093324,4,12.577946133423609,1.0,0.047042411186258966,0.05789401148640627,1623
434,-2.2265571103000177,0.19222535618713923,0.6248956962916383,7,30.74238245406626,0.0,0.011910414082277936,0.018787592839674003,1630
435,0.6807509285333816,0.12219696119427681,0.6241461588322808,4,22.885751846174806,0.0,0.0328751502654627,0.08518936819015141,1634
436,1.0090904216112593,0.09358952939510345,0.6239589149846311,1,2.7805065009756826,0.0,0.06631971606233787,0.1602514640766626,1635
437,1.0572066542769192,0.17858856916427612,0.6237717273101357,1,1.0666511646787704,0.0,0.06485949025278234,0.10901828460854067,1636
438,-2.016745497038339,0.20383943617343903,0.6233975204132052,2,6.721894250805644,1.0,0.028085761341900925,0.059899705511439603,1638
439,-2.1058377783644295,0.18252592285474142,0.6228366309453321,3,19.723856444842014,1.0,0.07711927005817344,0.04635376525232339,1641
440,-2.1181793493345697,0.1979616917669773,0.6220895632527172,4,19.22685465039103,1.0,0.03632744906933422,0.04228177888575941,1645
441,0.841660460534976,0.14312078803777695,0.6217163655028264,2,12.750030804030349,0.0,0.058499513881009005,0.10293261552074633,1647
442,0.5713597784316522,0.2018393687903881,0.6209706415239201,4,33.254076891219825,0.0,0.03641970358814788,0.08547901796919787,1651
443,0.7517817545579333,0.21093022326628366,0.6204119355918556,3,18.07111277559619,0.0,0.05095836831016313,0.08692599528755321,1654
444,-2.0632570572424096,0.29458174854516983,0.6200397442675748,2,14.851160334456939,1.0,0.05314700426288531,0.11915984138341938,1656
445,0.8504973888420023,0.15487145880858103,0.6194818758917239,3,17.446646659176885,0.0,0.04505034161032024,0.086133391228049,1659
446,-2.3283318142537377,0.2010507264307567,0.618182134187862,7,42.105008099266286,0.0,0.028316493885703894,0.023999702595697288,1666
447,0.8955848188426568,0.15465641021728516,0.6178112805437415,2,12.129973481414495,0.0,0.038486114804173195,0.08249461789363553,1668
448,-2.0527872320796456,0.21762299537658691,0.6170702405584619,4,17.292615593780646,1.0,0.05973527116165081,0.027609744577302305,1672
449,0.8557953766611606,0.15112149715423584,0.6165150439342635,3,14.353501425147712,0.0,0.0220284793747968,0.06751925967988302,1675
450,-2.0180446672587578,0.23058360069990158,0.616145190394257,2,3.008696182769366,1.0,0.08638862379001525,0.13598853820638107,1677
451,-2.0745006509610677,0.17336951941251755,0.6157755587330876,2,17.80103226724388,1.0,0.05813476003085353,0.13661314844968075,1679
452,0.9822723352843429,0.18379826843738556,0.6155908260654678,1,9.555953533694076,0.0,0.054848770113103636,0.15606564870717998,1680
453,-2.1067563200839103,0.212913416326046,0.6148524494267567,4,19.771591549207706,1.0,0.041165562112061835,0.12329669029514968,1684
454,-2.3478232817187337,0.1538740513580186,0.6135624207732288,7,40.9197412818246,0.0,0.02431702697637911,0.03387325685906285,1691
455,-2.072635276158838,0.18666282296180725,0.6130103802398204,3,12.817931062826375,1.0,0.022942794885653095,0.022496276888567108,1694
456,0.9654767819405419,0.14138322323560715,0.6126426291826107,2,8.467246359400889,0.0,0.04792986250571239,0.1290312622836656,1696
457,0.6101668109021419,0.16523313149809837,0.6115406991868789,6,25.050821051638263,0.0,0.01798960601961391,0.03907577324554639,1702
458,-2.081853124450557,0.20387235283851624,0.6109904776570879,3,11.887621364164199,1.0,0.053853031541177314,0.08508301472099207,1705
459,-2.1100081184813404,0.2237597443163395,0.6102576189527754,4,20.982703519176322,1.0,0.06977916297865444,0.06689952613828656,1709
460,-2.13643585327572,0.1987672559916973,0.6095256392832435,4,24.36816664475993,1.0,0.02790452535913683,0.056461902655183256,1713
461,-2.015372575927973,0.143560953438282,0.6091599787569811,2,7.49550538080593,1.0,0.04655976363351492,0.08839569191917941,1715
462,-2.179758083089363,0.16822624020278454,0.608429315663077,4,30.58845616004084,1.0,0.07044203124072747,0.07795613877644668,1719
463,-2.208604276576148,0.17814119532704353,0.6076995289704064,4,30.916165910054506,1.0,0.033499211149530556,0.07394573050315088,1723
464,-2.2691106934713843,0.18178886388029372,0.6064245079375746,7,36.71413646682476,0.0,0.0301737619506232,0.058826562671963616,1730
465,-2.3476009247815215,0.2163675448724202,0.6051521620403266,7,33.73902821444294,0.0,0.03717946014356376,0.05752685205247876,1737
466,0.954224829289967,0.1017870120704174,0.6047891252067971,2,8.959838854984543,0.0,0.03167240300288431,0.07575735432103532,1739
467,-2.160742220992069,0.16806497797369957,0.6040637047773644,4,24.365695532714867,1.0,0.05056936099086094,0.09923725759613224,1743
468,0.5278120420245118,0.21264657626549402,0.6029772052686457,6,32.619886779581755,0.0,0.018980872520211283,0.037368610385901405,1749
469,0.9286903421810807,0.1657789945602417,0.6026154732134331,2,8.109983977295817,0.0,0.029262023379035922,0.07296923055642204,1751
470,0.9602291423261567,0.16673387587070465,0.6022539581648977,2,6.495108909746726,0.0,0.03304539932667405,0.06348728005751016,1753
471,-2.0691846580036968,0.20004697144031525,0.601892659992855,2,17.521653362833582,1.0,0.04979425259778685,0.12052506273578588,1755
472,-2.3659333346262503,0.1428656599351338,0.6006298224153795,7,40.204480466126114,0.0,0.029932531097095965,0.04179480540849778,1762
473,-2.0955132432665935,0.19749137510855994,0.6000894177290409,3,14.409993063273793,1.0,0.03611263338270122,0.06641285722975263,1765
474,-2.1394616609018997,0.15158824995160103,0.5993696344112469,4,27.78190790637064,1.0,0.019626985625622886,0.041553069778058845,1769
475,0.7199682663777944,0.14847295731306076,0.5988303635538951,3,22.89286720512092,0.0,0.06894734250076064,0.148646595769029,1772
476,1.0242595339605973,0.28537824749946594,0.598650714444829,1,3.8152796960436413,0.0,0.05453801485629159,0.09644455253906868,1773
477,-2.0347905039131526,0.17110343277454376,0.5982915778947264,2,4.829164982383549,1.0,0.021502161538044087,0.04178306673777936,1775
478,0.9901796671489981,0.15342223644256592,0.598112090421358,1,7.089290231792689,0.0,0.05169488222882956,0.0936570266550767,1776
479,0.8780180386984416,0.18248561769723892,0.5977532769971934,2,14.046901992885036,0.0,0.030161786959291517,0.07654018209469923,1778
480,1.0038962090185075,0.2322981208562851,0.5975739510140943,1,3.0233752561485367,0.0,0.04807175398340362,0.0698131537384771,1779
481,0.5838754978825654,0.20904712698289327,0.5963201745671941,7,26.5937377136243,0.0,0.03346410748874544,0.047688057296899296,1786
482,0.7332806752392194,0.1656843771537145,0.5957836474004302,3,20.62183949532259,0.0,0.018364267950970257,0.04668893688988319,1789
483,-2.018961036337795,0.1368209347128868,0.5954262308325183,2,6.494037875517644,1.0,0.05160074549278744,0.1411134711617018,1791
484,-2.1227576940119572,0.2113925963640213,0.5945336272091365,5,20.832655773472638,1.0,0.04640463406430202,0.11421830476685625,1796
485,0.992688268504388,0.16600480675697327,0.5943552671209738,1,6.5638923684471715,0.0,0.0852537731226475,0.18441096885704308,1797
486,0.868796472690966,0.20991019904613495,0.5939987074526752,2,10.488168975951634,0.0,0.046527967123395846,0.06570266709865918,1799
487,-2.168914731425483,0.19020944088697433,0.5932862296988871,4,29.70672440198478,1.0,0.04488304552523316,0.08131452630029101,1803
488,-2.2635396693882055,0.1578621670603752,0.5923968341517822,5,31.008498904437857,1.0,0.02633271056497416,0.03805966875590575,1808
489,0.9678275698810122,0.2577206492424011,0.5922191151015367,1,6.834745906911849,0.0,0.04581103322345045,0.10242865636153689,1809
490,-2.116230693531702,0.19982256491978964,0.5916862777811165,3,22.992251599563996,1.0,0.04406742602715933,0.11759629985338803,1812
491,-2.1031811459090854,0.11929246969521046,0.5909765736944719,4,22.098792978559892,1.0,0.057227116695251934,0.07099120303342393,1816
492,-2.2481781428153034,0.14787892997264862,0.5897366392771326,7,39.818703400824745,0.0,0.03864155074389523,0.02813670913354292,1823
493,-2.0534888907343336,0.1323814938465754,0.589206035514753,3,18.39258085015393,1.0,0.03362407571173584,0.0677995523390807,1826
494,-2.0931050133414875,0.1344487021366755,0.5886759091525109,3,19.178959508795852,1.0,0.043767312586620005,0.11993199673805467,1829
495,1.0024079593851574,0.24560081958770752,0.5884993063797651,1,6.929172785558845,0.0,0.045616835624176524,0.1074831606984005,1830
496,0.8921974034268199,0.1606585942208767,0.5881462597608749,2,9.914229322983015,0.0,0.045882520868972126,0.10021691040282267,1832
497,1.008560868878205,0.18377543985843658,0.5879698158829466,1,4.401965573875865,0.0,0.03665863961589052,0.06870949383667417,1833
498,0.9535474233476561,0.23600652813911438,0.5877934249381818,1,9.734018585891524,0.0,0.06458579914031175,0.13284469917318603,1834
499,-2.0,0.1655377298593521,0.5876170869107004,1,7.922675811023998,1.0,0.0716121718629039,0.1106464700909428,1835
500,-2.0884788209808094,0.14547538260618845,0.5870883901732286,3,17.398646769534764,1.0,0.020763063811028604,0.03686499902676726,1838
501,-2.044598123268415,0.10721967220306397,0.5862082858090298,5,12.49993328379697,1.0,0.0761103767696398,0.04254200753452904,1843
502,-2.1885653869072135,0.1498313531279564,0.5853295008095212,5,31.46126073548876,1.0,0.014629700655821455,0.027791736203725055,1848
503,-2.414620416302078,0.20700725317001342,0.5844520331968424,5,42.33486981924445,1.0,0.08571621280871468,0.028053378978853703,1853
504,-2.0746441298698732,0.20709138115247092,0.5839261841532339,3,10.112655723195127,1.0,0.026491939051314084,0.048031065436235025,1856
505,-2.110309677648956,0.13632657751441002,0.5832257879893303,4,17.322541599374237,1.0,0.03903236561641954,0.07054136556723549,1860
506,1.022409050733892,0.1477222591638565,0.5830508202529335,1,6.764705965462486,0.0,0.04468479746510094,0.12947346861746306,1861
507,-2.043147183657984,0.1588272899389267,0.5827010422353557,2,9.283990426581791,1.0,0.02285213444469736,0.05529055750357315,1863
508,-2.1100143242271727,0.22689003497362137,0.5821767686108924,3,19.71152857983332,1.0,0.03787261173668677,0.08911255124707039,1866
509,0.6875237688033573,0.1647755466401577,0.581478470801144,4,23.009181164436228,0.0,0.003319818509045232,0.006008323804737085,1870
510,-2.086619214575481,0.15763172755638757,0.5809552971609102,3,17.17997747854086,1.0,0.05317461891613398,0.14215958767794626,1873
511,0.3172190694619458,0.18555031078202383,0.5797363884935459,7,42.71050470018721,0.0,0.02182741228759846,0.03683385346128377,1880
512,-2.397406449965097,0.16205835874591554,0.5785200372317975,7,38.091762711289675,0.0,0.036647456230839585,0.04622156358291528,1887
513,-2.0344727981986757,0.17431315779685974,0.5781729772762617,2,8.060218314225692,1.0,0.0566440993911744,0.14099732007619534,1889
514,-2.0822815648292754,0.16534258425235748,0.577826125525464,2,15.373199460352046,1.0,0.06979704922017654,0.21800317577848147,1891
515,-2.0935871006089646,0.1676656206448873,0.5773062380099437,3,17.150276482361896,1.0,0.033012865579939786,0.05695967032009097,1894
516,-1.9959997046513496,0.13993442431092262,0.5769599062246993,2,7.556147005374969,1.0,0.0590479416247106,0.12411634933858638,1896
517,-2.3026708006841226,0.2007143007857459,0.5757493803307867,7,42.75966448071955,0.0,0.021437234155486064,0.05412094478624344,1903
518,-2.166786873305213,0.1992633305490017,0.5750587919168788,4,29.12867736780154,1.0,0.02029868116360713,0.07551799250388486,1907
519,-2.192133018638281,0.16906195506453514,0.5743690318362245,4,30.893282176172473,1.0,0.02913271212057849,0.06851804257677716,1911
520,-2.236045337587137,0.1867418810725212,0.5733359426670228,6,35.918555195619824,1.0,0.04282248311767381,0.05632481848418124,1917
521,0.8569316365800108,0.18947530289491019,0.572820095103847,3,14.88739085806042,0.0,0.03958222987144005,0.08701772521944093,1920
522,-2.324896141376644,0.16109722533396312,0.5716182549929563,7,43.89586281901993,0.0,0.025932133030738005,0.04144218349279616,1927
523,-2.1819861230785778,0.16486473168645585,0.5704189364759559,7,18.162267377514464,0.0,0.026085394756118926,0.017196179181034558,1934
524,1.0205467418694736,0.05739984288811684,0.5702478107950131,1,6.640861093796227,0.0,0.04937526848337,0.10414744774162664,1935
525,-2.2770135058943963,0.18039325376351675,0.5692221342622622,6,35.94619620877023,1.0,0.034802596366457945,0.06165550357804203,1941
526,-2.1761005467890517,0.14627624452114105,0.5683688132071228,5,26.971779073456254,1.0,0.02690680425522872,0.04034075535672013,1946
527,-2.060419584385001,0.12740500271320343,0.5680278430723918,2,9.225610204829977,1.0,0.027432012572300588,0.04165855961365212,1948
528,-2.467877663402327,0.15859756618738174,0.5670061594857838,6,51.7783310595769,1.0,0.030239535489148508,0.026840238323569483,1954
529,-2.432761020443743,0.13094144420964376,0.5658165176568452,7,61.17393683436177,0.0,0.019258753451744808,0.03496423157240161,1961
530,-2.0,0.11123892664909363,0.5656467727015482,1,2.64170853178256,1.0,0.06439174001260958,0.11245072922736246,1962
531,0.5001993798300035,0.15115082561969756,0.5647988114718897,5,29.000781712516186,0.0,0.041307068779848036,0.07210191926473938,1967
532,0.897798510610706,0.16368134319782257,0.5644599830168997,2,13.00372827200099,0.0,0.07304450433393714,0.11957236882568623,1969
533,1.0338232329206447,0.14368782937526703,0.5642906450219947,1,3.5435984988528193,0.0,0.05533624063299821,0.06328832763238237,1970
534,-2.0779994842817793,0.18356819450855255,0.5639521214211395,2,18.164879598880262,1.0,0.042129393928556115,0.09208654496262596,1972
535,0.9729541969891908,0.17503555119037628,0.5637829357847132,1,8.210443829393316,0.0,0.041585133938125976,0.11836189274371499,1973
536,-2.3043162058526274,0.14249953095402038,0.562600056636699,7,44.252449391748925,1.0,0.012166804324878407,0.032636641595517345,1980
537,-2.0532762191135814,0.17918996512889862,0.5622625472367222,2,14.94566308724323,1.0,0.05354993439395671,0.09925407057063054,1982
538,-2.1180618978279,0.16567650189002356,0.5612512334025815,6,16.74665739083376,1.0,0.045688515648684286,0.05155482335631056,1988
539,-2.0329832290770424,0.14190731197595596,0.560914533175151,2,8.638866617323668,1.0,0.04820094585584318,0.07045752549653121,1990
540,1.0023711040329466,0.24469119310379028,0.5607462588151986,1,4.180060658778915,0.0,0.04340778684348979,0.09940320270689934,1991
541,-2.167633824141367,0.15127527288028172,0.5595697509523695,7,15.69394147916577,1.0,0.016535187821559667,0.029435098787607868,1998
542,1.0034156212633318,0.13580524921417236,0.5594018800270838,1,2.752468121130648,0.0,0.07924543135835213,0.2177168882347374,1999
543,-2.175036527953545,0.12921496480703354,0.5585632805177195,5,29.610693796989395,1.0,0.03964164880201675,0.0627730727449382,2004
544,-2.3038375143097434,0.15187732662473405,0.5573913527855485,7,32.12615430027556,0.0,0.05665278689316462,0.03865421476130445,2011
545,-2.2764239078354875,0.13730835808174952,0.5562218838877788,7,42.140858389612745,0.0,0.020219859198367034,0.03697941492930457,2018
546,-2.1099174081308014,0.12928137183189392,0.5557214343571706,3,19.994503537359186,1.0,0.04426243358417197,0.0937976748241275,2021
547,0.5801044229996353,0.13656523823738098,0.5550548686655032,4,23.60264551385682,0.0,0.06667653364361067,0.07876650856317272,2025
548,0.4646576469699131,0.15646859045539582,0.5538903019706382,7,26.80703609368862,0.0,0.026299309552104116,0.03980558088736366,2032
549,-2.399785828715023,0.1497164113180978,0.5527281786659013,7,58.01503262277005,0.0,0.020044320136828664,0.0127501325600812,2039
550,-2.262726694249982,0.1461347895009177,0.5515684936247894,7,35.21325563397957,0.0,0.034308184737460556,0.03665914510693597,2046
551,-2.4347986983989975,0.12419012721095767,0.5504112417315545,7,46.43463871493925,0.0,0.035533344780820916,0.0370363625715908,2053
552,0.9866445256476197,0.08177560940384865,0.5500810445235275,2,4.433286441970699,0.0,0.06014243674881633,0.11849276138528683,2055
553,-2.1018482530215095,0.09444126486778259,0.5495861200904861,3,18.14434216441841,1.0,0.05481602988334136,0.07845713847117586,2058
554,0.7819860879418632,0.11836853375037511,0.5490916409558184,3,17.984418612987465,0.0,0.050535382825200384,0.09775064107856224,2061
555,-2.2320395528038066,0.1493368766137532,0.5479395857742768,7,32.71467302569142,0.0,0.016703642857867376,0.031767791596868676,2068
556,-2.2208508130629605,0.1410895735025406,0.5467899477323206,7,27.27597790931578,0.0,0.049328444575218185,0.029731642337638958,2075
557,1.0298733264448199,0.15239998698234558,0.5466259107480009,1,1.1172133590345479,0.0,0.06325221483004821,0.11621355384925858,2076
558,-2.3414675392590696,0.1299442978841918,0.5454790289419951,7,43.01477820108758,0.0,0.02413444876192618,0.022724180240114526,2083
559,1.0381207263800172,0.12018240243196487,0.5453153852333125,1,1.1966759821300528,0.0,0.03513240268360197,0.09863693155183811,2084
560,-2.0459126578357685,0.14825103804469109,0.5449882450805571,2,9.235911858989835,1.0,0.026100454643586395,0.0583569527820142,2086
561,-2.137403930721445,0.1515489878753821,0.5440080016793156,6,15.797219613129482,1.0,0.017529030583620823,0.014258875419655799,2092
562,-2.3130425509683454,0.1173551544547081,0.543192479137138,5,43.02663865198524,1.0,0.047492054605114443,0.06366813393893768,2097
563,0.7843019991081958,0.16098399957021078,0.5427037525532178,3,19.41497067463593,0.0,0.05119564085311566,0.10409517658073904,2100
564,0.9671879436025625,0.15674355626106262,0.5423781791450236,2,7.391974080452983,0.0,0.028115267470370263,0.05356656127965392,2102
565,-2.3684733631235444,0.12032534288508552,0.5412402095511841,7,48.355978684795424,0.0,0.022961728743653705,0.05772356354717511,2109
566,-2.3753654666027018,0.1276676207780838,0.5401046275438043,7,53.16429771137251,0.0,0.016993268916993202,0.04155020521313551,2116
567,0.46183041789880336,0.13880888124306998,0.5391331680638819,6,34.40037484580573,0.0,0.026047016749101155,0.03929901605519937,2122
568,-2.215470668304157,0.11617170167820794,0.5380020068633075,7,17.05691181394844,0.0,0.0625121027157607,0.021186417629430614,2129
569,-2.159322206735907,0.10431132912635803,0.5371954879095799,5,24.36928799279879,1.0,0.029915873430818123,0.05932426048192334,2134
570,0.8693102331847639,0.18209500052034855,0.5365511433516391,4,10.830257661086467,0.0,0.027430751543507718,0.05067340611226678,2138
571,0.9663700921757866,0.09676194936037064,0.5363901780086336,1,7.457379770749766,0.0,0.05029623142993397,0.12476817387260052,2139
572,0.9897024965965209,0.0956093892455101,0.536229260955231,1,2.179647286955913,0.0,0.08499761766360232,0.16651360429559336,2140
573,-2.076845462275461,0.12087508663535118,0.5359075716592914,2,12.837913965670257,1.0,0.07208414552169883,0.12488918407775684,2142
574,-2.1554691465417015,0.17321330308914185,0.5351041924739436,5,14.7605604638851,1.0,0.06456052594084158,0.06441419679385249,2147
575,-2.4117197306318348,0.13813169726303645,0.5339814845111505,7,42.95887357327968,0.0,0.0651864688429286,0.027525444331720494,2154
576,-2.0486124467733946,0.12061452865600586,0.5336611436787775,2,8.339007939089617,1.0,0.051978221039811236,0.08024795417597277,2156
577,0.8520832355856589,0.18923792243003845,0.5333409950220732,2,17.173547807796034,0.0,0.07471570182392696,0.1540750239962825,2158
578,-2.038602708227333,0.1537928804755211,0.5330210384257495,2,12.941012896319577,1.0,0.04458115542171895,0.09029140262364692,2160
579,0.9998668607481505,0.08182235062122345,0.5328611321142218,1,2.4245936688103678,0.0,0.0403377238127607,0.07334113287289955,2161
580,1.0276256982214378,0.11531329154968262,0.5327012737745875,1,7.722132645804325,0.0,0.062485166003047314,0.11318293149031558,2162
581,-2.047158059817633,0.16145136952400208,0.5322219864431514,3,4.2249717406948335,1.0,0.04602183620026672,0.05140815207323208,2165
582,-2.376630155673319,0.17712776043585368,0.5311053256683764,7,52.41459361165404,0.0,0.0381174963835199,0.07267760097992412,2172
583,0.9904636484886404,0.19382762908935547,0.5309459940706759,1,3.5788045139037146,0.0,0.0412286045983635,0.04571602533043882,2173
584,-2.0717128356687207,0.20762769132852554,0.530627474259373,2,11.815276194879566,1.0,0.02356016656100351,0.05247502632364928,2175
585,-2.3331674284822306,0.0960542435447375,0.5296730608663222,6,48.85613997184158,1.0,0.022061905862388046,0.04811511668047719,2181
586,-2.236905055286639,0.1981265310730253,0.5285617480201973,7,32.954869979891235,0.0,0.048422500814663226,0.03704050891802125,2188
587,-2.2827238727196066,0.1409412239279066,0.5274527668317178,7,42.314533733093924,0.0,0.017808393969829577,0.02186225724842504,2195
588,0.8228199686438775,0.18078661461671194,0.5269782017395752,3,15.931778727686126,0.0,0.04467663887055305,0.11250992304696493,2198
589,1.0076095685350175,0.09715212136507034,0.5268201082790533,1,1.5755064903695741,0.0,0.04045015315185832,0.07443704389291489,2199
590,-2.2334844989197644,0.14096761175564357,0.5257147812439764,7,25.92236553149367,1.0,0.018634675731117253,0.03190550485151454,2206
591,-2.2988476218049354,0.15697005603994643,0.5246117733076493,7,37.67340063277961,0.0,0.04173332064432865,0.037977767044955306,2213
592,0.5165509142144444,0.14093288903435072,0.5236681800583629,6,36.180648508439276,0.0,0.019708266805129528,0.031287920614319,2219
593,-2.0155433014259025,0.15627122670412064,0.5233540262804641,2,4.771386666170902,1.0,0.06708795946161744,0.13234709228484026,2221
594,-2.029133524096024,0.12583057209849358,0.5230400609665582,2,6.9898747814924205,1.0,0.06253832549066972,0.17328385280698042,2223
595,0.812977715626033,0.20173409953713417,0.5227262840035838,2,17.340090337256036,0.0,0.05847410712958901,0.10600617159245095,2225
596,0.31255902288522663,0.14333515738447508,0.5217860820906521,6,31.496312540036627,0.0,0.0573974140812729,0.03472542898752042,2231
597,-2.053411613587095,0.2454274296760559,0.5214730574021452,2,7.906921100566781,1.0,0.05445463285529561,0.11722945137624616,2233
598,-2.0122155809041296,0.1266431324183941,0.5211602205002791,2,9.039284871018078,1.0,0.05424637803911759,0.11000265453990418,2235
599,-2.3682889413114236,0.15348035593827566,0.5202228353883132,6,36.402018959310176,1.0,0.04681863792464015,0.03074922814579425,2241
600,-2.350113180943459,0.09451708091156823,0.5191313501636935,7,46.231585571187,0.0,0.036571065548119695,0.03473920573910141,2248
601,0.878880435431152,0.1312291199962298,0.5186642720999942,3,8.687332028570324,0.0,0.026989325096801756,0.029657824999117018,2251
602,0.9560930152735232,0.12182167172431946,0.5183531202165187,2,8.79709922179538,0.0,0.03880641943960925,0.06419429160278517,2253
603,0.9522615775318334,0.205112487077713,0.5181976142804537,1,9.452628047928464,0.0,0.06865853387663451,0.14536596027491994,2254
604,0.5750491830389622,0.14731013476848603,0.5174207840969937,5,30.350367517089257,0.0,0.012783246050947644,0.04496115426251071,2259
605,1.0320849581427856,0.1217440813779831,0.5172655578617645,1,4.039227204341938,0.0,0.0736758877131831,0.11926849045915182,2260
606,-2.35396050721545,0.1580267207963126,0.5161802773334899,7,51.21304458171538,0.0,0.05043049194438213,0.02773256075869329,2267
607,-2.1813578506224895,0.130977492247309,0.5150972738441698,7,29.87566957370989,0.0,0.012963333573330994,0.0358410791623033,2274
608,0.9155863727878021,0.16646164655685425,0.514788261838618,2,8.97591106386253,0.0,0.07381588165871465,0.11280864447391116,2276
609,-2.0,0.12818697094917297,0.5146338253600664,1,8.163946852176737,1.0,0.04335458990906356,0.07994946556638546,2277
610,-2.1050909567822176,0.1490932603677114,0.5137081789522429,6,16.687383598614186,1.0,0.061177885691297194,0.044278268621305024,2283
611,1.044040489124151,0.11374153941869736,0.5135540664985572,1,4.419614402174871,0.0,0.06935743586997345,0.1873100950686652,2284
612,-2.118856442222066,0.17319046705961227,0.5129380788824952,4,22.35717916132912,1.0,0.048252875717996864,0.06886380944938468,2288
613,-2.078777309402054,0.1825772561132908,0.5126303621995929,2,18.812637831209486,1.0,0.034565762456480714,0.08489158425508342,2290
614,0.8129575620335191,0.14670714363455772,0.5120154825299892,4,14.73085201861793,0.0,0.03277227630050055,0.05648413496302591,2294
615,-2.1404322425333575,0.1835755817592144,0.5114013403840203,4,21.96058431610686,1.0,0.018301610714102214,0.042325944066958394,2298
616,-2.136717208401397,0.22750057528416315,0.5109412172422287,3,20.45962199364183,1.0,0.028748627570623655,0.0611268369502913,2301
617,-2.1547965405431797,0.11217631506068367,0.5098692058822261,7,21.898988051260773,0.0,0.028646143536162676,0.047917447939798456,2308
618,-2.0225461655926247,0.07046404853463173,0.5095633302469254,2,3.873974505771783,1.0,0.04972372120343233,0.10832297773968638,2310
619,0.6724986978723226,0.12484721466898918,0.5089521293597987,4,16.906488185405117,0.0,0.0461042749827074,0.09364029842997092,2314
620,0.9842186910988875,0.1350635290145874,0.5087994437209908,1,7.330416741281187,0.0,0.06681670893863666,0.14010280042567133,2315
621,-2.04535303787115,0.19639436900615692,0.5084942098467082,2,13.481220772107545,1.0,0.023011292166589738,0.06334778271662883,2317
622,-2.005244978113064,0.10977409034967422,0.5080367023375536,3,6.496753416816773,1.0,0.027683973451012815,0.044309849077936815,2320
623,-2.0306603081122696,0.16071699187159538,0.5077319260394543,2,14.531886163802385,1.0,0.0536093724340812,0.0950195469188421,2322
624,-2.221532105053033,0.12710765217031753,0.5066666481284489,7,30.955466411860513,0.0,0.023783385617904516,0.03959197157419787,2329
625,0.9910542068484942,0.13325949013233185,0.5065146481340104,1,7.9808473713291255,0.0,0.028469900778148743,0.04436130229981018,2330
626,1.0066337124540554,0.07244366407394409,0.5063626937395702,1,5.5319232458283105,0.0,0.037843168196444114,0.11383993921941168,2331
627,0.7359159240115629,0.08413634449243546,0.5059071040194602,3,20.837545004611677,0.0,0.059505860791856824,0.1334867599178217,2334
628,-2.2339189962040313,0.10831637254783086,0.5048456547875072,7,31.394483510216265,0.0,0.015024144153823341,0.017009418373931242,2341
629,-2.0554402589783005,0.18549130856990814,0.5045427928307437,2,13.185385266375576,1.0,0.055073002722296045,0.10996879023391755,2343
630,-2.109292416066586,0.19604512676596642,0.5036352966640268,6,21.78780711144825,1.0,0.07239883240736021,0.0670759255855016,2349
631,-2.0,0.060465388000011444,0.5034842060750276,1,5.059047245609902,1.0,0.028401356707759482,0.08806855047279255,2350
632,-2.0996383408006416,0.12251950552066167,0.5030312062167017,3,17.600663557144838,1.0,0.06617935895852745,0.09194968301789595,2353
633,0.9954009512241598,0.17010247707366943,0.5028802968548367,1,6.953453751638597,0.0,0.03589431162755636,0.05886127931930392,2354
634,-2.00783367431942,0.1208878792822361,0.5025786139359506,2,9.735203046816217,1.0,0.05374150575436492,0.10141006392286966,2356
635,1.0038787151778412,0.11722765862941742,0.5024278403517698,1,5.465841463141269,0.0,0.05783757905772181,0.10054663340945312,2357
636,1.0313469429123998,0.11950311064720154,0.5022771119996643,1,1.918313500503444,0.0,0.06667005833822028,0.12070190550721427,2358
637,0.8734554145541037,0.13981802016496658,0.5019757909374046,2,9.819184168039264,0.0,0.02621717704547549,0.05807293916959725,2360
638,-2.026093273746547,0.20618607103824615,0.5016746506406634,2,11.648327343327777,1.0,0.042164457285057945,0.10370676397478294,2362
639,0.9639079246718731,0.0956055298447609,0.5013736910009976,2,7.951630657996319,0.0,0.03322534420551707,0.06480758986533446,2364
640,0.8643316704717486,0.14696593955159187,0.5010729119100292,2,12.14623339009011,0.0,0.04643493873241592,0.09848594360084403,2366
641,0.9335212748569979,0.09185821190476418,0.5007723132594453,2,10.97757254867756,0.0,0.08078105591471663,0.12976835199582026,2368
642,0.7921247781831895,0.10747796545426051,0.5003217533725156,3,16.788696110747924,0.0,0.0330910159234502,0.05979491028765794,2371
643,-2.1843359437573135,0.14728926760809763,0.4992720228258851,7,22.123051589420196,1.0,0.026718833011761516,0.014252434822263136,2378
644,-2.0363668328003914,0.15289483467737833,0.4988228127953077,3,7.656452421501754,1.0,0.0291311163232019,0.07556422667321519,2381
645,-2.158563339217007,0.17852014924089113,0.49792560487376986,6,24.238259830958413,1.0,0.012014919524092086,0.027623803300640466,2387
646,-2.1861294176202164,0.1588938608765602,0.4973283629739761,4,25.93515199645478,1.0,0.06360394019911905,0.08672753884221447,2391
647,0.903929484246163,0.17620138823986053,0.49703001071574443,2,9.534528995025987,0.0,0.03757712435883492,0.07988419765397631,2393
648,0.8297073019687503,0.18853703886270523,0.4965828178907834,3,14.354062666037215,0.0,0.025166872227555606,0.04567760311644572,2396
649,0.29085550603595084,0.17074289066450937,0.4955409320456086,7,42.74066811063039,0.0,0.01965681270243639,0.05428599616658485,2403
650,-2.0522794162367863,0.12136056274175644,0.49524365208506516,2,10.562277400365437,1.0,0.024426460055007617,0.04388075740944486,2405
651,-2.323116869626651,0.1608179999249322,0.4942045759583242,7,42.667193759186716,1.0,0.036367917920511264,0.03912497203655088,2412
652,-2.15073727984777,0.13701922198136648,0.4937599252618537,3,19.67308412866423,1.0,0.037955292452734185,0.08494369717368226,2415
653,1.0160103274137213,0.09692858159542084,0.4936117972842752,1,8.67514063167257,0.0,0.059874203196262646,0.15557787363938708,2416
654,-2.3896660530243645,0.1552610993385315,0.4925761449699519,7,46.007694204681236,0.0,0.10130012351444212,0.05615045564357958,2423
655,-2.054154242468802,0.20969852060079575,0.492280643614823,2,13.403617482839524,1.0,0.07185032545494069,0.09966200355422927,2425
656,-2.0,0.24312320351600647,0.49213295942173857,1,6.950785388085443,1.0,0.06355285599018083,0.1317102406949324,2426
657,0.9038424313921126,0.13279139250516891,0.4918377239380519,2,11.921512424067902,0.0,0.031316459588107824,0.0819477262058894,2428
658,-2.013038860070028,0.13485672697424889,0.49154266556908427,2,5.613099787961698,1.0,0.047221763382898664,0.11952000834386639,2430
659,-2.087827874829474,0.2149904469648997,0.4911004098733202,3,15.20637071774213,1.0,0.028978972458770156,0.06770277047053624,2433
660,1.0297993714990201,0.1567101776599884,0.49095307975035823,1,5.980179549068153,0.0,0.049685921633835894,0.11255278884263732,2434
661,-2.1696061917886627,0.14589185267686844,0.49021709185596707,5,20.162357680982307,1.0,0.023742210603230597,0.06508978199970696,2439
662,-2.057457417694428,0.18149200826883316,0.48977602881867566,3,16.4627563320054,1.0,0.0617600704455851,0.07581667800423075,2442
663,0.9511297239827785,0.2400253266096115,0.4894822072812271,2,8.508558809851987,0.0,0.06813519398877534,0.1765921062747173,2444
664,-2.2249382481997833,0.14137129804917745,0.4884552193048865,7,22.919710535089393,0.0,0.06477316578037803,0.05827964262620643,2451
665,0.8197995867776914,0.0919056311249733,0.48816219013427337,2,9.74522116451826,0.0,0.10240799449149617,0.08759742709674977,2453
666,0.6278020339011843,0.117844732478261,0.4875766590609774,4,31.33502222438597,0.0,0.03455987981974544,0.0874352272284016,2457
667,0.9306001670814806,0.1415117047727108,0.48728415694744015,2,8.435035228579352,0.0,0.056068200991417926,0.14217177620870042,2459
668,-2.2699077453683523,0.13979292958974837,0.4865536691362134,5,41.00280471721309,1.0,0.01993546125359297,0.013335715122847612,2464
669,-2.269661428706091,0.14718762359448842,0.4855328255578068,7,34.88732227200012,0.0,0.02181455639347409,0.03205108662380406,2471
670,0.62932213471743,0.13282274082303047,0.48495044830242967,4,27.499045271250612,0.0,0.02039530389119262,0.032669835675588024,2475
671,0.8544184984118384,0.20853821436564127,0.48451412382248493,3,17.05263471877059,0.0,0.04530765483754013,0.09502637848288607,2478
672,0.6629406947537116,0.15190529450774193,0.4839329684592013,4,26.406720922310573,0.0,0.031148703023299636,0.049782770049236674,2482
673,-2.045276408989547,0.1318269893527031,0.48364265223209296,2,13.165553078920189,1.0,0.07170113575547911,0.1900084837380271,2484
674,-2.3016083051857974,0.176253148487636,0.48262791629011315,7,33.24374844595772,0.0,0.06455198480113061,0.05674495081087567,2491
675,-2.1453920646374214,0.17966320738196373,0.4820490233575199,4,21.41693216142101,1.0,0.01710782174756189,0.03358500440312876,2495
676,-2.2352167054040395,0.15050936341285706,0.481326383536471,5,35.64634468687625,1.0,0.025546938169757803,0.038513030404190414,2500
677,-2.126032122139561,0.16232918202877045,0.48089331973641597,3,27.56465438112311,1.0,0.05256324845869204,0.04837612929429706,2503
678,-2.3173796682526953,0.15823620132037572,0.479884352199036,7,38.34318717302843,0.0,0.08065531429792844,0.04967962211420377,2510
679,1.0644502408760002,0.12374496459960938,0.47974038689337634,1,2.370393899375592,0.0,0.03705017009597458,0.0433526088208075,2511
680,-2.21946785834159,0.1519387923181057,0.4791649574371052,4,29.846734755152646,1.0,0.06132359814355004,0.1027408363438784,2515
681,-2.2174004340892592,0.1574686716000239,0.4783031071277202,6,29.817968643549364,1.0,0.009702566338823403,0.022980052368233805,2521
682,-2.375491217728517,0.1677398607134819,0.4772995741437637,7,53.440950171765735,0.0,0.01872934211187474,0.027226250210273008,2528
683,-2.145145478892851,0.1333317110935847,0.4768701333850323,3,22.168826192490407,1.0,0.03147619085192883,0.09445820566869202,2531
684,0.7389562117556984,0.11192971219619115,0.47644107900704635,3,18.339934899369286,0.0,0.02625449810283463,0.05728038416573858,2534
685,1.0549852366406407,0.14468178153038025,0.47629814668334425,1,1.4232901440551902,0.0,0.040984314116191196,0.11168977705274538,2535
686,-2.1641310746859124,0.12403528392314911,0.4757268460568872,4,22.622317799888645,1.0,0.02405731478728387,0.051470760648039765,2539
687,0.5780611720398667,0.1317996382713318,0.4750136838135364,5,28.4780021463461,0.0,0.02516149944147608,0.06888900302023641,2544
688,-2.4616582485264704,0.12250945078475135,0.47401705240463726,7,59.91533209001531,0.0,0.03127042674275213,0.031027219828279055,2551
689,-2.044402353680442,0.08452225476503372,0.47373268483472925,2,12.050689183829945,1.0,0.047808971505113915,0.10593812540477093,2553
690,-2.0826650420288124,0.16972573474049568,0.47316446137741813,4,20.011394907805766,1.0,0.013634335406847945,0.026836769373794554,2557
691,1.0328412719720153,0.22418653964996338,0.4730225120390049,1,6.815932138562064,0.0,0.047411188937592996,0.10867253313470894,2558
692,-2.104266498398294,0.15656398609280586,0.472455140405632,4,12.95960822688717,1.0,0.0338851565455667,0.06336053858246646,2562
693,-2.062382067171605,0.13923152536153793,0.4721717098423513,2,11.173124263323407,1.0,0.034305189728961995,0.09353073810417234,2564
694,0.9878221787674306,0.10959000885486603,0.4720300583293986,1,9.958079687887642,0.0,0.03411581800545982,0.09217267262494205,2565
695,-2.504282743296712,0.13374503276177815,0.47103968689778253,7,63.71875045840626,0.0,0.06568017816839739,0.024964693010797998,2572
696,-2.094395702115805,0.11937822699546814,0.47033355117599246,5,19.674952620669956,1.0,0.03318063981992583,0.06652645717067478,2577
697,-2.0858007652286306,0.14232826232910156,0.4693467392046028,7,11.044598895646498,0.0,0.06648032014305275,0.039552249772900394,2584
698,-2.0530690991419194,0.128375343978405,0.4690651734022866,2,12.394988739611202,1.0,0.04197289024182756,0.08863325922442471,2586
699,-2.3575155457925683,0.15891386781420028,0.468081022628186,7,44.22074412483775,0.0,0.015588773552736608,0.03879113554098693,2593
700,-2.0089496945264775,0.15280960500240326,0.46780021614190115,2,4.46484287291071,1.0,0.05248735578001222,0.12905447832800448,2595
701,-2.269741626943236,0.1374162541968482,0.4668187193884732,7,38.792184606187725,0.0,0.03167970992046298,0.05037835860933127,2602
702,-2.089511276665554,0.143056720495224,0.46639870856947374,3,21.763992323346724,1.0,0.07011115941043428,0.062233465235313035,2605
703,0.7040723763443473,0.13143961131572723,0.4658392819241258,4,23.07445361504522,0.0,0.03168392735685902,0.05538950871966689,2609
704,-2.0,0.12370726466178894,0.4656995301395486,1,7.36806477429673,1.0,0.062107826187577646,0.1335814191749075,2610
705,-2.197184966780814,0.10008534044027328,0.46514094213083573,4,32.924383687488145,1.0,0.04305545247485825,0.10027205292106278,2614
706,-2.0412523974880745,0.14346662163734436,0.4648618994282421,2,7.42077639085684,1.0,0.06295258245708552,0.04983482865540217,2616
707,-2.119143657186856,0.12596792301961354,0.46388656758927005,7,22.534018960259324,0.0,0.01928461640370679,0.034230925965139554,2623
708,-2.073170897138811,0.12340186908841133,0.46360827739850763,2,18.61429124139573,1.0,0.026009155759481453,0.03666815229490799,2625
709,0.5459639709785606,0.10403638556599618,0.4629132821047041,5,29.908552075023284,0.0,0.01950093283477817,0.05960402033814739,2630
710,0.9900891278380616,0.20452159643173218,0.4627744081200727,1,9.737720028383317,0.0,0.03438648532865836,0.08206837643804639,2631
711,-2.0714248334407275,0.11452069878578186,0.46249678512489745,2,17.48135394209813,1.0,0.08327458800157647,0.13736494601431948,2633
712,-2.10522004979072,0.12259667686053685,0.4615264155581308,7,15.123763711999487,0.0,0.030741500462200196,0.042848460976230116,2640
713,-2.0669910852527065,0.13000078002611795,0.4611111663837995,3,15.783067788740421,1.0,0.01973726525664912,0.03994351528157522,2643
714,-2.197578040519282,0.12842134137948355,0.4602817885354394,6,28.586939594486967,1.0,0.027963506960073495,0.04852370952919648,2649
715,0.68707567190129,0.1072067196170489,0.459453902447994,6,22.978686602876188,0.0,0.015243016504965444,0.04654070637637591,2655
716,-2.2838308933068614,0.12367807222264153,0.45848991718667526,7,36.99240322121532,0.0,0.025821039928022357,0.050175720329770294,2662
717,-2.203869341394615,0.13848108947277069,0.457802594828047,5,29.070557478443135,1.0,0.05899373790103664,0.0746398768882314,2667
718,-2.197626371247177,0.15032299906015395,0.45711630283455224,5,31.835580204978456,1.0,0.04773512306837793,0.08352049200971406,2672
719,0.7643359765351564,0.15183367331822714,0.45670502157106074,3,17.54156363831672,0.0,0.03115872523436973,0.06701631528112573,2675
720,-2.0946482042236365,0.15132551391919455,0.4562941103496716,3,15.196967989573533,1.0,0.03442506388452202,0.08405334343160538,2678
721,-2.076642951088908,0.12848158180713654,0.45602037494993175,2,15.345653279061061,1.0,0.021408973033791603,0.04542333992001269,2680
722,-2.5326839949055846,0.1687589521918978,0.45506359361023563,7,52.40100351142505,1.0,0.07060589282256878,0.04438951738809119,2687
723,1.002402259431281,0.08177754282951355,0.4549270745321526,1,4.196868430603841,0.0,0.03803409211265582,0.0612319996100894,2688
724,-2.0,0.17815381288528442,0.45479059640979297,1,3.660591598551798,1.0,0.043681639202720626,0.10518344575578596,2689
725,0.9024450969960559,0.09229908883571625,0.4545177629831008,2,10.350778476767085,0.0,0.056457296302190874,0.11406276838730671,2691
726,0.899236001581279,0.14434174944957098,0.4541088197039401,3,7.8804208275386625,0.0,0.04551538393469683,0.13662633207089342,2694
727,-2.1694866494420455,0.14461905296359742,0.4531560490192271,7,22.883417060480138,0.0,0.03445369716410491,0.026389594998778267,2701
728,1.033973841807861,0.18898749351501465,0.4530201022045214,1,4.332453413776147,0.0,0.04028729819682767,0.05956576196743268,2702
729,0.9592187369969553,0.16458013653755188,0.45288419617386005,1,8.41785979667944,0.0,0.08618434425995673,0.1977943513752711,2703
730,-2.0655176510577613,0.1325959786772728,0.4526125064157335,2,18.319120757055792,1.0,0.08011975513257637,0.12128902671950358,2705
731,0.9575020960997304,0.11706545948982239,0.4524767226638088,1,7.308272209693321,0.0,0.054161361741162546,0.16101808443744697,2706
732,-2.097229006621898,0.09497947618365288,0.45193399488517866,4,16.64219100711325,1.0,0.06399259629634478,0.08830843823170123,2710
733,0.853507532612044,0.13677089661359787,0.45166287516230713,2,14.650492531809189,0.0,0.057469999452369455,0.1180175782001863,2712
734,-2.1073670220739107,0.12461715191602707,0.4512565005114425,3,15.859270138573015,1.0,0.0475650802504289,0.07715639244650915,2715
735,-2.2084924490327045,0.11140172332525253,0.4505800217697049,5,27.19038991799993,1.0,0.014426673268321798,0.03678288122700631,2720
736,0.785025596143246,0.12460552093883355,0.44976958577029047,6,16.87132432712764,0.0,0.0320431303597519,0.04826245314543901,2726
737,-2.1106548689658244,0.18223631829023362,0.4490953360628427,5,17.636352800853384,1.0,0.05379801029667527,0.025711460855457374,2731
738,0.6700662936696915,0.1427233343323072,0.4482875704941764,6,26.043574222804555,0.0,0.010900721415484886,0.020154002118024702,2737
739,-2.192933300370101,0.12906224174158915,0.44734701343614225,7,28.880940114998566,0.0,0.030069759337208513,0.03744335919010188,2744
740,-2.032574146467332,0.15788668766617775,0.44654239248891237,6,15.445758587519775,1.0,0.01237587412779443,0.01399023411036583,2750
741,-2.0,0.11091294884681702,0.4464084297711657,1,8.412240208996952,1.0,0.05408334709218131,0.10465796357038872,2751
742,0.9490128848297263,0.21750586479902267,0.4461406248900617,2,7.255870629143074,0.0,0.04578985924509874,0.13523783941359308,2753
743,0.5051000356451494,0.17659269273281097,0.4453381738142415,6,38.43889701467468,0.0,0.017240776367008135,0.03716296717161343,2759
744,0.8287735327739952,0.1514355093240738,0.44493748968709157,3,16.282469134415276,0.0,0.055293626235174934,0.156813981020356,2762
745,0.6155556105171472,0.154984001070261,0.4444038049176619,4,28.31857751840737,0.0,0.021265398988851228,0.06614383510611552,2766
746,-2.210509709324924,0.15728058367967607,0.4437375990537389,5,27.355971854295827,1.0,0.022111021795396184,0.024753497333246905,2771
747,1.0422148684867527,0.09923578798770905,0.4436044777740228,1,5.862858748688332,0.0,0.06531391061659744,0.1417637949660653,2772
748,0.986033381224723,0.1226561963558197,0.4434713964306906,1,7.041228184149652,0.0,0.03749143473442164,0.08924398022525414,2773
749,0.9664175029760661,0.13242895156145096,0.4432053535052579,2,6.243904609805716,0.0,0.024067640876049755,0.050813260980244045,2775
750,0.6363406060955222,0.11086223721504211,0.44254094424017076,5,24.381336355219766,0.0,0.03437769787780334,0.06896985030449797,2780
751,-2.1721319300210356,0.15665055811405182,0.441744967731895,6,20.171002363160827,1.0,0.04316225407689858,0.07307285742191406,2786
752,-2.1172263593495315,0.13857262209057808,0.44095042290719544,6,14.792432674011796,1.0,0.059741657706690675,0.023380345539103144,2792
753,0.6861339159324407,0.16530091812213263,0.4405536865712876,3,24.325900833007285,0.0,0.041492299798216864,0.10155920440339009,2795
754,-2.079599473692902,0.08172590285539627,0.4402893940091766,2,17.371650698751576,1.0,0.02911602337844081,0.05068143058124411,2797
755,-2.123666848748643,0.11959889779488246,0.43989325242081695,3,21.284743253429475,1.0,0.03628213969662226,0.09917893598109583,2800
756,0.9233408369670701,0.12928321957588196,0.4396293560597572,2,8.715527349346448,0.0,0.04278615315626881,0.0817329710942476,2802
757,0.8493337977848091,0.11467912793159485,0.43936561801276347,2,18.117519907639345,0.0,0.058107792879649,0.11094776494484247,2804
758,-2.395950407637446,0.10264880955219269,0.4384437802008788,7,53.76679292719743,1.0,0.022138385259719694,0.050451976248139054,2811
759,-2.1035687866047685,0.14859663546085358,0.43778650901161775,5,23.135702023211117,1.0,0.02241054336701759,0.0714522030784863,2816
760,-2.098092505090623,0.18752076290547848,0.4372614015582413,4,15.143630079983824,1.0,0.039370506266381604,0.06900376491597646,2820
761,1.013867611718901,0.14533738046884537,0.4369990840708325,2,3.86987022145632,0.0,0.0339736110187034,0.06336801914401541,2822
762,-2.0694377254199248,0.13950766623020172,0.43660590287312245,3,8.39800485133804,1.0,0.03793819494830978,0.10358519194155405,2825
763,-2.2878547861389933,0.11670672680650439,0.43568985524977666,7,43.7179546601945,0.0,0.02096947695130583,0.04279861190424031,2832
764,-2.379403846789829,0.1472873709031514,0.43477572959597527,7,47.938706861110795,0.0,0.05636867213335799,0.020481095484175,2839
765,-2.2384198608406654,0.11500242352485657,0.43386352187921284,7,29.79682529412128,0.0,0.020473631937569202,0.03365324921862355,2846
766,1.0217600775329654,0.08504188060760498,0.43373336282264907,1,4.489069760153422,0.0,0.05453337289510247,0.09935591418793516,2847
767,-2.298477409712567,0.11690937727689743,0.4328233421070223,7,43.76113088810102,0.0,0.01805362956337745,0.021151328971744262,2854
768,0.7993668429012143,0.1903848722577095,0.4324339179497422,3,15.645608738038574,0.0,0.04684168014879323,0.08633116461803056,2857
769,-2.0,0.12023938447237015,0.43230418777435725,1,5.821092310590861,1.0,0.07183667269195612,0.1432118881174207,2858
770,0.1417390546546678,0.14978265017271042,0.43152662361362526,6,51.43009042914881,0.0,0.06759166531803501,0.04924362232172396,2864
771,0.8471734595520161,0.15687815845012665,0.43126774647685323,2,15.49514173159543,0.0,0.03045136184179351,0.08072161715698081,2866
772,0.14196647970032855,0.1840140904699053,0.430362898897867,7,62.26852395486262,0.0,0.02068080436367692,0.0353787876095261,2873
773,0.9130484140526554,0.1833151951432228,0.4301047198911892,2,9.106943144275057,0.0,0.03160244723322554,0.04979841060397697,2875
774,-2.044142991695378,0.11730129271745682,0.42971774175994876,3,6.230180085125426,1.0,0.020173824685333745,0.05038056255664752,2878
775,-2.0298834292241597,0.11870864033699036,0.4294599497894896,2,9.050311460495733,1.0,0.04747447058287651,0.12640360013910762,2880
776,0.9114060734290135,0.11140969768166542,0.42920231247101137,2,8.182607769143743,0.0,0.026818179378208594,0.054123296029156207,2882
777,-2.133682859066974,0.10018523968756199,0.4286875014189446,4,23.624297535209617,1.0,0.07135706113745283,0.06694399290126926,2886
778,-2.258881031834879,0.17340985046965735,0.4277880674803545,7,41.265140473276276,0.0,0.03157859103436629,0.04187558560819503,2893
779,1.0315418489772865,0.20475861430168152,0.4276597310601104,1,5.360765923682216,0.0,0.04242744547980924,0.09796297522246598,2894
780,-2.1998951450898003,0.16093758617838225,0.42689052065395494,6,28.916921530312116,1.0,0.02910429284042713,0.025173118117687805,2900
781,-2.021545638233939,0.18679269154866537,0.42650643443428093,3,8.072878082873707,1.0,0.04428691223784191,0.11931280496332225,2903
782,0.7095294593426966,0.14076069494088492,0.42612269378851175,3,22.78554943668302,0.0,0.03946132039184313,0.13921811504970757,2906
783,1.0563714595114144,0.11933773010969162,0.4259948569803752,1,1.4841127340696747,0.0,0.042394276175860085,0.07063430867109188,2907
784,0.40221848011324346,0.14135698548385076,0.4251010725085518,7,41.51712669770316,0.0,0.023295843342516283,0.02775089131477922,2914
785,-2.3243009737862526,0.12495917880109378,0.424209163295711,7,39.91852786250038,0.0,0.031007993809390587,0.035735383023939464,2921
786,-2.1573814162451024,0.13396289199590683,0.42357323122449514,5,28.917783037038596,1.0,0.03555977022459262,0.07656755067787793,2926
787,0.9569009835172715,0.10821571946144104,0.4234461592551278,1,9.149720323158922,0.0,0.042985695278830664,0.11379332300695953,2927
788,-2.1921382851358917,0.12108088731765747,0.42281137100347516,5,23.01786406874863,1.0,0.041311551516174896,0.07670189283101865,2932
789,0.7554682697888685,0.1379458848387003,0.42230422563075115,4,18.922034463976914,0.0,0.026368452680517265,0.07553557534338885,2936
790,-2.0995509671154116,0.12397346459329128,0.42179768855867067,4,21.414648070401682,1.0,0.04247284870498228,0.050280740364456816,2940
791,0.9096748143192511,0.13509219139814377,0.4215446479073275,2,10.461215217186346,0.0,0.03147360673502938,0.05765802122534587,2942
792,-2.3134132212073735,0.10000979403654735,0.4207864363987862,6,43.29488273516561,1.0,0.04275988135329172,0.05242110980398273,2948
793,-2.044619190073849,0.09655612707138062,0.4205340024077262,2,10.174786633904711,1.0,0.06392962558830823,0.2237881832451161,2950
794,0.9215714262367728,0.14664627114931741,0.4201556353383855,3,9.296651118956262,0.0,0.040806100388204744,0.10842780627911484,2953
795,-2.0,0.172251358628273,0.420029588647784,1,9.576068442933586,1.0,0.03876038653554637,0.09457638839850106,2954
796,0.4075530241287605,0.1001241457249437,0.41914831997073737,7,36.52535193612067,0.0,0.019614693664860204,0.02362603758808545,2961
797,-2.0546127167640544,0.18609124422073364,0.41889686870210374,2,9.2328627697445,1.0,0.05250135714496152,0.12158112210070036,2963
798,0.8606424692878211,0.11090253666043282,0.4186455682816007,2,11.772605575980776,0.0,0.06050796301221159,0.15623708325226163,2965
799,0.8029725538028551,0.13264940679073334,0.4182689002931473,3,16.586460083353646,0.0,0.031942690765824684,0.05490500735370038,2968
800,-2.202070341162738,0.1386335524065154,0.4173913257356078,7,30.898720321082855,1.0,0.04076207485199871,0.04332033340282225,2975
801,-2.1073727039527603,0.20416807755827904,0.41689068149096614,4,15.290529518446792,1.0,0.07046068436469169,0.12971679923179275,2979
802,1.0036845955943348,0.08395467698574066,0.41676561428651887,1,1.6846244429412076,0.0,0.07242879500484083,0.11991269719131498,2980
803,-2.1459064501725713,0.12767910808324814,0.41614084084163216,5,20.91060754668402,1.0,0.014303607421737061,0.038592566407211475,2985
804,-2.042659304109033,0.13262995332479477,0.4158911937898029,2,10.153531349513608,1.0,0.01747763350626449,0.020207050381267518,2987
805,-2.1051086043093794,0.17319783568382263,0.41539234889358695,4,19.08476368880822,1.0,0.04855904656563014,0.11802286784875206,2991
806,1.003785815398392,0.26712703704833984,0.4152677311889189,1,3.7371653510221723,0.0,0.062336287538158966,0.08381391363466421,2992
807,1.048280648904326,0.17131924629211426,0.41514315086956227,1,1.0879057831221384,0.0,0.04296178966351337,0.0758567392780043,2993
808,-2.0,0.1528874933719635,0.4150186079243014,1,6.3426125185140005,1.0,0.046641948909661175,0.10708147219402268,2994
809,0.7696630664451763,0.11686922609806061,0.41452080966002197,4,14.736094377843509,0.0,0.04160760961891616,0.0891956419218711,2998
810,-2.235081366419731,0.16800221055746078,0.4136510990124616,7,34.657454078652194,0.0,0.013412729906641465,0.011170753509577167,3005
811,0.9749464904879925,0.133628249168396,0.4135270036827579,1,9.246162700176587,0.0,0.0734468578338679,0.12068170354507254,3006
812,-2.2643794965084414,0.13188337534666061,0.4126593781503953,7,36.834535870967365,1.0,0.015467973718499544,0.0375218091055622,3013
813,0.5947996810486077,0.1457594335079193,0.41179357299265806,7,27.680489120716913,0.0,0.027732450682326357,0.05565357099806784,3020
814,-2.029652462181743,0.23155882954597473,0.41154653391028406,2,3.908327647227705,1.0,0.04032632160578643,0.0990077207309151,3022
815,-2.1265953877829156,0.160384272535642,0.41117625313621725,3,24.80066097335036,1.0,0.029355348567390152,0.05714165379091338,3025
816,-2.0,0.1154140755534172,0.4110529002602764,1,3.042417816347609,1.0,0.07330625580953551,0.171173409499165,3026
817,0.643027473350662,0.12028133869171143,0.4106830636232268,3,26.14414117355356,0.0,0.03259915115149707,0.07600685237376811,3029
818,-2.2040266289426476,0.18744581724916184,0.40982140499262926,7,30.322092802354334,0.0,0.025193154646515684,0.04700547646884328,3036
819,-2.284224669522029,0.16374848186969757,0.4092070416137697,5,42.48280942859998,1.0,0.03200515443301663,0.06303775936419329,3041
820,0.9493078470144639,0.2041042298078537,0.40908427950128556,1,9.675454591257548,0.0,0.05628647881575487,0.12397614114967818,3042
821,0.7809065417537974,0.13289029896259308,0.4087162140914446,3,13.199619067934961,0.0,0.06689869999538732,0.07232710862300841,3045
822,0.7325515565943556,0.11844947785139084,0.40810350750456337,5,15.600548426320263,0.0,0.05135023246455109,0.10526678552046828,3050
823,1.0386287437964636,0.18836084008216858,0.407981076452312,1,1.9372315113782066,0.0,0.044556973631205955,0.07967058326677766,3051
824,0.8402575354857864,0.1612545053164164,0.4076140036273801,3,12.964233339073811,0.0,0.02771110530822169,0.05743586758620615,3054
825,-2.1599183305176295,0.1786872943242391,0.4072472610688909,3,24.82577505028177,1.0,0.08103931888396593,0.11226776707169078,3057
826,-2.0,0.13210880756378174,0.40712508689057025,1,5.295366612643705,1.0,0.040362542608532434,0.08275065105453293,3058
827,0.36386879174957876,0.12488441914319992,0.4063928111332365,6,43.58868788364824,0.0,0.012178172427963815,0.02202879246096335,3064
828,0.7491745290852065,0.19132439295450845,0.406027167318303,3,24.257201780652224,0.0,0.021984429738801825,0.037729784995540847,3067
829,-2.1094099024785313,0.1526592696706454,0.40566185248408904,3,24.035895782436356,1.0,0.03095925644000759,0.05041797986367392,3070
830,-2.0361886831406704,0.22238816693425179,0.4051752772747004,4,7.856000939322586,1.0,0.1029836337905923,0.10202973403916743,3074
831,-2.0473550361862225,0.17469404637813568,0.4048107289115383,3,13.403153369747244,1.0,0.061201112409697764,0.104548549844033,3077
832,-2.0747182404640694,0.20002905279397964,0.404567878907157,2,11.096787060738368,1.0,0.043810063348771196,0.07457208604209778,3079
833,0.5017920631131014,0.14070638393362364,0.4038402026733432,6,33.146526217026455,0.0,0.016264317273608102,0.02448833139696438,3085
834,-2.368311923354947,0.11385045839207512,0.40299290112419783,7,52.281349527077225,0.0,0.032503726059680445,0.02510456035628014,3092
835,-2.029412883789785,0.11444932594895363,0.40275114165288445,2,6.199910198919663,1.0,0.07261216423327801,0.18364282502083326,3094
836,-2.2279167424205344,0.15342180218015397,0.4019061250745855,7,28.245071976245555,0.0,0.01120124036130181,0.006545731865559772,3101
837,-2.1024077276119617,0.1522508144378662,0.40130362749398796,5,24.045888849213043,1.0,0.029780605126038234,0.03764362618399359,3106
838,1.028602258653652,0.16244696080684662,0.4011832364057398,1,6.229323318397178,0.0,0.03848768027591953,0.09216974846547571,3107
839,0.7788924784446475,0.10117343316475551,0.4008222798016165,3,19.478755029991433,0.0,0.060676176587329676,0.11059314591594273,3110
840,0.8138617539362385,0.189125989874204,0.4004616479609885,3,10.246947996531572,0.0,0.02276405868993133,0.04874261312588361,3113
841,-2.1172914799314984,0.16482007503509521,0.3998613157964218,5,23.566939939446247,1.0,0.03711079815984455,0.05485538927208787,3118
842,-2.060844157724381,0.11618767182032268,0.3995015485639641,3,9.139115922992396,1.0,0.07336919254875308,0.06694818837880945,3121
843,0.7689977689031642,0.15417583535114923,0.39914210502488806,3,21.88458743174076,0.0,0.024829163317806654,0.05366990509178523,3124
844,-2.1431622551986464,0.11415905877947807,0.39866334999249087,4,22.06503077190946,1.0,0.02477507142293641,0.0570685333245259,3128
845,-2.1083743527460665,0.13147919376691183,0.39830466060583825,3,19.97472534563409,1.0,0.020599106528858328,0.04226307688024121,3131
846,0.9150935744502093,0.1352099801103274,0.3979462939427972,3,8.20919418671344,0.0,0.03447094280790153,0.06588990124609848,3134
847,-2.19175330353198,0.15379845102628073,0.3972305276263544,6,27.924818745306467,1.0,0.00726187275027173,0.012604175284254077,3140
848,-2.115570354078559,0.12401836791208812,0.3963970939087661,7,17.514369543866767,0.0,0.02475949257571045,0.03777656959980403,3147
849,0.8543951326195237,0.13358369221289954,0.39604044354076084,3,12.394663311515409,0.0,0.030773547953453082,0.047538177151529165,3150
850,0.9610402168034289,0.21209274232387543,0.39592163140769865,1,8.246346663502424,0.0,0.03895241798682578,0.10571397374003366,3151
851,-2.166251022627204,0.12164947018027306,0.39520950675161765,6,27.51746130630039,1.0,0.012545868293713142,0.029567485130023666,3157
852,-2.1722565140793244,0.16238185231174743,0.39438031336004614,7,25.997655434421397,0.0,0.013435651266200868,0.04241840685775967,3164
853,0.7433510603396738,0.13457286854585013,0.3940254775500585,3,24.89730716665748,0.0,0.041890052538466456,0.09647418226499857,3167
854,1.0017929008179094,0.1769491285085678,0.39390726990679353,1,1.9603545877725084,0.0,0.04989937774152719,0.09820203967154913,3168
855,-2.0,0.14026519656181335,0.3937890977258215,1,2.860995235726078,1.0,0.042712913073775276,0.10118947417108479,3169
856,0.958777403212472,0.10873053967952728,0.3936709609965038,1,7.9004265996203555,0.0,0.05867325105573559,0.13739898700231873,3170
857,-2.0899511446519576,0.14585074223577976,0.3931987683831137,4,16.848081264343815,1.0,0.05116641222735478,0.05968898517489404,3174
858,-2.004660116201282,0.20731960237026215,0.392962884509973,2,7.032569857970775,1.0,0.0771457885014217,0.1642330965674071,3176
859,0.9662445226176621,0.14347317814826965,0.39284499564462005,1,9.490285981742074,0.0,0.08026938168723853,0.14110976018674126,3177
860,-2.115817433325501,0.18853267654776573,0.3923737937437201,4,19.139417550456834,1.0,0.034223120101302136,0.10843056013606805,3181
861,1.0204683238592573,0.23966211080551147,0.392256081605597,1,6.563711069149659,0.0,0.055082508815354383,0.1132284063345362,3182
862,0.9539044661172102,0.1424882635474205,0.392020763259681,2,6.433102226366163,0.0,0.057274685514878645,0.11301449954461235,3184
863,0.9334484561978733,0.16554581373929977,0.39178558608359393,2,9.384477562039045,0.0,0.06801218105001089,0.15177400048142176,3186
864,-2.253608973185531,0.132159201162202,0.3909635764574499,7,42.948174953223244,0.0,0.027478093232747407,0.035543579229027955,3193
865,1.0198509777252476,0.21936306357383728,0.39084628738451266,1,7.811791051370204,0.0,0.06958986542908137,0.1280256435755983,3194
866,-2.4191432050718364,0.16971069148608617,0.39002624851124945,7,53.04104503511779,0.0,0.017596658256546757,0.027169720628033227,3201
867,0.7325355905394408,0.14341169595718384,0.38967533018414574,3,22.98730554941098,0.0,0.030366520411796667,0.08227617201260262,3204
868,0.890225236431049,0.09703271339337032,0.389324727588798,3,10.743456707294909,0.0,0.046921002464815335,0.10789764386846398,3207
869,-2.155165291513669,0.1716684943863324,0.38850788111679524,7,24.913427467072715,1.0,0.01645146340813895,0.03463199301849467,3214
870,-2.0,0.14539045095443726,0.38839132875246024,1,2.6819901673976014,1.0,0.06198063952879955,0.12420745370690703,3215
871,-2.072099861352848,0.12060795724391937,0.3881583289104284,2,12.7642711001829,1.0,0.04967275425410811,0.11249677980871066,3217
872,1.0386780184603712,0.1096937358379364,0.3880418814117553,1,2.9804240465287895,0.0,0.041875847850831774,0.0820299101515757,3218
873,1.0183964825206897,0.09750428795814514,0.38792546884733176,1,2.058450069820596,0.0,0.06383785073119057,0.08936597680512606,3219
874,-2.1339212677467567,0.1670628786087036,0.38746016772257535,4,24.85659783141482,1.0,0.02629763661066458,0.04901446011881961,3223
875,-2.1272348173358053,0.15741386512915292,0.387111558175409,3,22.358647292883944,1.0,0.03852109210693056,0.0663213317453969,3226
876,0.9452078493377151,0.128526970744133,0.3869954247079564,1,9.744912686985963,0.0,0.060087646926505575,0.06455440680360196,3227
877,0.48984967444404415,0.14979060292243956,0.3864152797623037,5,32.70462674964733,0.0,0.027774928996621838,0.025809676273461576,3232
878,1.0024694241128456,0.1031201183795929,0.38629935517837505,1,4.740216850582404,0.0,0.033505994155832636,0.05826519347306483,3233
879,-2.0,0.21342548727989197,0.3861834653718215,1,6.252766787926222,1.0,0.0518089301642843,0.13757504753803637,3234
880,1.0282278552979205,0.15275627374649048,0.38606761033221,1,5.517239626282138,0.0,0.051281113991199535,0.08764576881152032,3235
881,-2.289241772699353,0.12451241804020745,0.38525759765357154,7,30.197106446516,1.0,0.06415941630238539,0.07250159399137071,3242
882,1.011559102753264,0.271132230758667,0.3851420203742755,1,3.9106748411837664,0.0,0.06506820889106507,0.15119628953022995,3243
883,-2.11262694395634,0.1562217722336451,0.38479549653388534,3,19.00012168269273,1.0,0.03270048089339245,0.08505010400931831,3246
884,-2.236960218383875,0.14589427411556244,0.38433394968605805,4,39.45749728589384,1.0,0.08767428606284826,0.09249756578488971,3250
885,-2.2649484178316035,0.12174754376922335,0.38352757441979574,7,40.83244145507159,1.0,0.05271547264421287,0.04292530485338409,3257
886,-2.058061872902366,0.1730848029255867,0.38318250314490776,3,11.293060782209842,1.0,0.03238066798566868,0.08787888622890572,3260
887,0.870407726454696,0.11281710490584373,0.3829526281294461,2,15.403820826620006,0.0,0.02032843014715463,0.060423075468792393,3262
888,0.9099959705406792,0.08550183475017548,0.382722891018305,2,11.41447747011442,0.0,0.03868517996500071,0.09295257161488743,3264
889,-2.074135115075379,0.16405651904642582,0.3822638301781133,4,20.603895207587737,1.0,0.028022668162621625,0.05255147246683219,3268
890,-2.276252507544376,0.1658621302672795,0.38146179825224735,7,39.130523384864496,0.0,0.04491523528201144,0.04468524356112077,3275
891,-2.261746562029483,0.1767564445734024,0.38088994876750826,5,43.34725988725119,1.0,0.05130504712821633,0.06148607352055381,3280
892,0.8766955855851718,0.15862299998601279,0.38054725064361966,3,10.378648959859913,0.0,0.03109220535877646,0.04599892346234938,3283
893,-2.4455050674360637,0.20227069514138357,0.3797488202920626,7,56.3056034675767,0.0,0.02490419734045759,0.048779127225145026,3290
894,0.9702435737744953,0.18874473869800568,0.37963489564597497,1,5.924661081570337,0.0,0.05308306262004795,0.0935845132182871,3291
895,-2.0660796384165474,0.18156859278678894,0.379407148875728,2,12.13659122848853,1.0,0.04029520355648534,0.05907788617941494,3293
896,-2.389654783089396,0.1954584057841982,0.37861111058416824,7,48.47517737060592,0.0,0.034233998361580927,0.020643199502263523,3300
897,-2.072533152441513,0.12370089689890544,0.3782704627994199,3,12.049816843273344,1.0,0.04395520252634079,0.04631334662152588,3303
898,0.9883009799876243,0.10449112951755524,0.3781569816605801,1,3.132499628421919,0.0,0.04843963526979878,0.11801181069240908,3304
899,-2.2848193099015845,0.17016501405409404,0.37736356635853713,7,44.65647554509486,0.0,0.04682565638372023,0.04609080780120203,3311
900,-2.0721658635180735,0.17233067005872726,0.37713718218144304,2,13.045988399968387,1.0,0.03790221267794969,0.05053050436379547,3313
901,0.9673168650535869,0.0932304710149765,0.3770240410267886,1,8.749503866206862,0.0,0.06283856638427712,0.1131490487988838,3314
902,0.8480159177543715,0.12550046543280283,0.37668482117617597,3,13.826618969956073,0.0,0.030283300188000517,0.03581543365867852,3317
903,-2.0870700706892795,0.12453905989726384,0.37634590653184863,3,13.870474743514682,1.0,0.031099362012964538,0.06400740084384197,3320
904,0.3810919560715569,0.16710699243204935,0.37555629106635496,7,33.09778217202716,0.0,0.051919488990176614,0.011154564177774547,3327
905,0.671016243109195,0.13641380199364253,0.37476833230171164,7,18.607201817247358,0.0,0.027673672689578047,0.058929902925409824,3334
906,-2.0,0.13936686515808105,0.37465590180202113,1,1.0639568384146738,1.0,0.06526875606911832,0.14304377363688012,3335
907,-2.1847801943082197,0.1520729511976242,0.3742065169935859,4,28.126089947913933,1.0,0.022542487111638483,0.0546148432793678,3339
908,-2.05699922534576,0.1634856661160787,0.37386983215394776,3,10.43194223162962,1.0,0.041284949597519674,0.07276204011767172,3342
909,-2.1964562403585997,0.15160650312900542,0.37330936378763613,5,35.07097126593151,1.0,0.06986276804022058,0.06535413896223174,3347
910,0.9962981653230812,0.2228512018918991,0.37319737097849986,1,7.434242256758139,0.0,0.0847614955069696,0.22846009690903182,3348
911,-2.4755811507762866,0.16680716936077392,0.37241436148991053,7,63.29872624937439,0.0,0.017947874663403123,0.021241058408751425,3355
912,0.5750658669854063,0.15804496904214224,0.3717445181975582,6,30.846912332666847,0.0,0.04382758890732414,0.08158137422824455,3361
913,0.5983604296844922,0.15324812680482863,0.3711872358899723,5,26.652130111526212,0.0,0.016693959179112323,0.019799336234207102,3366
914,-2.0875688943993422,0.11248710192739964,0.3707420116079266,4,21.165591799636566,1.0,0.020748266373452676,0.04913803473038762,3370
915,0.7637666199970776,0.12245568633079529,0.3704084438878126,3,15.172104106124648,0.0,0.0277224664963194,0.08550771720746292,3373
916,-2.270107741230454,0.1637486858027322,0.36963128587767624,7,31.646942970294134,1.0,0.053528555426727555,0.059724505169992136,3380
917,-2.1460373964551134,0.15396776795387268,0.36929871751085347,3,22.97533027969378,1.0,0.04813739100450635,0.09251458873803069,3383
918,-2.1134147094012037,0.18736469000577927,0.36885575843126667,4,18.304830912804135,1.0,0.05937852751241667,0.04449295755287096,3387
919,0.6600524043426121,0.1648581437766552,0.3684133306634253,4,28.68663590939113,0.0,0.04144626548149825,0.0814925761794833,3391
920,0.8628886723139886,0.14532629400491714,0.368192315822227,2,14.888510649201617,0.0,0.06369868680918886,0.15203700861113417,3393
921,-2.294310999780726,0.1339296411190714,0.3674198074946399,7,42.658743307559206,0.0,0.03430895181488085,0.05782755388418081,3400
922,-2.2993695357073944,0.1793351641723088,0.36664891997522986,7,46.212661786789624,0.0,0.03622344789624307,0.06383631328190874,3407
923,-2.236418296221423,0.11695057313357081,0.3658796498633614,7,38.30236662955446,0.0,0.021289874276021838,0.04640233558099061,3414
924,0.3677356187238775,0.14182833209633827,0.3652215602336042,6,43.406963306609015,0.0,0.025999408126195774,0.023857419772205936,3420
925,0.35427236576869103,0.11346872746944428,0.364674056494063,5,35.103598065257316,0.0,0.07449021144367918,0.03302684239877713,3425
926,-2.092030825030724,0.11262336870034535,0.3643459482953674,3,15.116465645360142,1.0,0.034230817776792904,0.06283309960209638,3428
927,-2.1919703451883454,0.12401909274714333,0.3635815100735859,7,33.473122087150024,0.0,0.037136640775519876,0.04798884033850704,3435
928,-2.436520730201534,0.11921165883541107,0.362818675728004,7,51.51911508370856,0.0,0.0419370531025676,0.0414899409068666,3442
929,-2.2817450745180294,0.13881190419197081,0.3622747741532738,5,39.14886295078742,1.0,0.045131437921846165,0.03489096966286265,3447
930,-2.3538187936176937,0.14257750340870448,0.3615146814846281,7,47.36562114436519,0.0,0.03710162645695694,0.05519812369008622,3454
931,-2.264134569969199,0.1463172324001789,0.3608644429076019,6,35.94129603310349,1.0,0.02016522414951443,0.042058604105780155,3460
932,-2.083086749302853,0.1377991115053495,0.36053976233264134,3,15.094561866292253,1.0,0.023799922080057375,0.050717356395410876,3463
933,0.9492725636883564,0.15834544599056244,0.3603234709238204,2,9.619392901580174,0.0,0.054667866211376946,0.10312156314316795,3465
934,-2.029322420091091,0.0958398034175237,0.35999927707759743,3,8.238483443767773,1.0,0.031483444984569633,0.061478585465198514,3468
935,-2.116481300753775,0.14625835046172142,0.35945960206414523,5,16.069255620542407,1.0,0.04727498338118349,0.05185989170367681,3473
936,-2.0098748054288884,0.19995175302028656,0.35924395865427095,2,5.710688978373022,1.0,0.04631821868804324,0.08378703170310559,3475
937,-2.0479559212690646,0.11271107941865921,0.3590284446110347,2,7.830989075229024,1.0,0.058909074160983635,0.1222753109964841,3477
938,-2.16972302123397,0.1476409946169172,0.3582751631019318,7,22.291451586509964,0.0,0.03739853685978144,0.03481225955444346,3484
939,-2.1450819728535464,0.12941510528326033,0.35773807270820596,5,14.905660512579118,1.0,0.06001842993237863,0.05435045823092049,3489
940,0.391162558956169,0.17233718825238092,0.3569874985425151,7,30.682895423797405,0.0,0.05142418927130486,0.049283472837071254,3496
941,-2.1117352329707377,0.13810817897319794,0.3562384991646961,7,23.391673253693206,0.0,0.03704303587748609,0.03940302055108444,3503
942,0.29346691124640256,0.14528009934084757,0.3554910712706693,7,44.06257962722549,0.0,0.025398176581598784,0.023252380209139275,3510
943,1.0232068830542724,0.21604713797569275,0.3553844239492881,1,5.980975119794807,0.0,0.06011136874655554,0.1252210975842126,3511
944,-2.3382841264754517,0.18268260998385294,0.3546387879998184,7,44.83941309959524,0.0,0.03366483014850157,0.05374959069886108,3518
945,-2.1661373836819653,0.16416732966899872,0.35410714889698985,5,30.15718600443353,1.0,0.06275673452622112,0.06907182771810798,3523
946,0.5936055838435006,0.12265788577497005,0.3536824114979332,4,21.912820679281293,0.0,0.06527579363403721,0.06556620442189792,3527
947,-2.1407012788062048,0.12482722227772076,0.35304626043754705,6,21.748842729403442,1.0,0.035698340245053375,0.018011615035774125,3533
948,1.0260086546406038,0.16854429244995117,0.3529403465594158,1,6.42179111099736,0.0,0.041826289843592865,0.09096486296579077,3534
949,-2.0226285438413734,0.11651395633816719,0.35272861411611134,2,2.5841174203253168,1.0,0.035219657245093176,0.06580093210226717,3536
950,0.9785408636743064,0.16655610501766205,0.352517008693217,2,6.447855090983453,0.0,0.04354697103383024,0.09518765509594321,3538
951,-2.364118237188965,0.11993908456393651,0.3517773888990791,7,51.034971217064395,0.0,0.05423923909463701,0.05944756395802406,3545
952,-2.367698427039385,0.14052644584860122,0.35103932090932616,7,52.48910370328965,0.0,0.03184517251251062,0.046292012800127895,3552
953,-2.241813744801925,0.122035913169384,0.35051307776858465,5,42.05543156164034,1.0,0.0250567896972971,0.04329598235898461,3557
954,0.8581569069561186,0.21082286536693573,0.35030280146810056,2,11.931961476675488,0.0,0.02656629476043182,0.05679250265819608,3559
955,-2.0157139155716597,0.12796538695693016,0.3496727291451191,6,6.240035591185224,1.0,0.030498869189395046,0.015720397328869477,3565
956,0.7846167339296342,0.08752493808666865,0.34935811809108425,3,19.040660244777932,0.0,0.05303479073879072,0.11155844836120836,3568
957,-2.2143786220046495,0.13414206728339195,0.34893907696503096,4,36.776621484520646,1.0,0.012624945774475756,0.029422648294497106,3572
958,-2.1593642646762476,0.13372601568698883,0.3482069640686114,7,21.81547143260321,1.0,0.04926962504108837,0.03870873269421909,3579
959,0.8593875302323106,0.16255290309588113,0.3478936718074284,3,15.6181458654291,0.0,0.025704288276534207,0.0646330754283774,3582
960,-2.281762186245648,0.1393294238618442,0.3471637522870117,7,27.288467361500672,0.0,0.08781030691013207,0.033776110167468495,3589
961,0.5979315783552824,0.12399698607623577,0.34674734321520273,4,30.79885727868961,0.0,0.02416937316877068,0.04996308223752704,3593
962,0.6802815954913398,0.18392223864793777,0.34612366591912724,6,18.4652904251508,0.0,0.02358274719456308,0.039031178527356505,3599
963,0.9466418533746356,0.17441172897815704,0.3460198288193515,1,9.048272715168622,0.0,0.03201787905896714,0.08582431091659097,3600
964,-2.1020079877124695,0.13262829557061195,0.3456047918381086,4,19.30281265779601,1.0,0.02617226710125437,0.05616832033802366,3604
965,0.8829858458126737,0.125691590209802,0.34529384082941683,3,10.569154328916722,0.0,0.05515947155332625,0.08794617912365796,3607
966,-2.188093610381618,0.12562522540489832,0.3446727778761924,6,22.56780160701629,1.0,0.0529881469703768,0.057921487394062506,3613
967,0.5861866643642706,0.17627484053373338,0.3441560788218305,5,28.25224532204774,0.0,0.02228533681437106,0.036471479081483585,3618
968,-2.1191011370639012,0.08850447336832683,0.34384643126374,3,22.555695488284552,1.0,0.06430222865699203,0.15927784604007592,3621
969,0.7400181497601714,0.14228716045618056,0.34333097098580795,5,19.185892993971176,0.0,0.03811111260897961,0.07487660983010072,3626
970,-2.1217016097413253,0.1432188685451235,0.3426106245179225,7,18.00014189955002,0.0,0.04118270174037139,0.04198961290141709,3633
971,-2.0433860512943114,0.1187950000166893,0.342405088978168,2,10.177703680487134,1.0,0.03350733016336737,0.08922624199785044,3635
972,-2.111747545470767,0.12722236663103104,0.3419943877331653,4,20.232068670545633,1.0,0.01841055123203803,0.042287894496837106,3639
973,-2.1631548565146184,0.1323403822524207,0.3412768455652308,7,22.55249626381337,0.0,0.04024519122565202,0.03430496187285358,3646
974,0.8804713648956894,0.07668812200427055,0.3410721101728078,2,13.36492880600795,0.0,0.025784624690514884,0.04247307365085668,3648
975,0.6995006144431846,0.13551709800958633,0.340663007782707,4,18.60068716042226,0.0,0.01888172847037657,0.04531732250788108,3652
976,-2.0279892460962667,0.17506776750087738,0.34045864063770803,2,9.284846708285428,1.0,0.04435920326910227,0.10389447888736782,3654
977,0.9955199676449797,0.09890036284923553,0.34035650304551673,1,8.713446858660983,0.0,0.07442430893503739,0.17605162524717943,3655
978,-2.390176540740153,0.1256425263626235,0.33964239734137164,7,51.093644547224685,0.0,0.07282294234338735,0.02835831479690748,3662
979,-2.272816317704605,0.11460631713271141,0.33913323933182754,5,35.766266846902894,1.0,0.06085548434368426,0.08418998133714337,3667
980,-2.3291939247600393,0.16530204457896097,0.3384217001706684,7,45.02603952289839,1.0,0.06993831615082848,0.04529414927662661,3674
981,-2.3138888717323223,0.13206927052565984,0.3377116538976108,7,37.7183554540095,0.0,0.010787872070273529,0.021848780628889484,3681
982,0.3193806942728463,0.15719276666641235,0.3371042286490047,6,46.60950964155598,0.0,0.018806263567906562,0.04341918129382805,3687
983,-2.0348393037461743,0.10705633461475372,0.3369019964511959,2,11.999510184504235,1.0,0.027405207594894385,0.04439418831712262,3689
984,-2.080535891550643,0.11782558634877205,0.3364978959461499,4,13.981621503003579,1.0,0.03682906098810614,0.07129896711762157,3693
985,-2.1573199161191914,0.11617838218808174,0.33609428014353937,4,27.54789181660678,1.0,0.04222864731334752,0.07994424887511692,3697
986,-2.361732591453821,0.14752488051142013,0.3353891170559136,7,45.62554433274151,0.0,0.016690680446120414,0.03898986175380376,3704
987,-2.3748999641740065,0.11108142776148659,0.3346854334786799,7,51.60060924741835,0.0,0.0352561027680277,0.04757907601482903,3711
988,0.9893146077568195,0.13975733518600464,0.3345850278486363,1,5.035844876011266,0.0,0.051138044005008244,0.08461848093930098,3712
989,-2.0685486277161647,0.14348742738366127,0.33418370645500056,4,16.260228392017137,1.0,0.03826400366510793,0.07958457232502186,3716
990,-2.0784688415154045,0.1723799630999565,0.33398322630766114,2,15.343261246467133,1.0,0.04682888147726227,0.11711273106027144,3718
991,0.5733711121196531,0.14770537242293358,0.3335826267509667,4,32.35842102784636,0.0,0.04454097384737351,0.0750408158030295,3722
992,0.8790766529275192,0.08722158521413803,0.3333825071973526,2,11.211743510497339,0.0,0.0518827046397977,0.09542695493399034,3724
993,0.9722572830867742,0.1862875372171402,0.33328249244519337,1,9.69042522962866,0.0,0.05036782284556958,0.1039404258556273,3725
994,0.9996071612227178,0.16740982234477997,0.33318250769745983,1,2.225157781691382,0.0,0.04233206572012753,0.0820704193094403,3726
995,1.018000093525606,0.10576280951499939,0.3330825529451506,1,5.755629734470456,0.0,0.05804869432906775,0.10055293842265292,3727
996,-2.389540910083505,0.11172113248280116,0.33238370879532225,7,45.11742523250819,0.0,0.07231868689766671,0.0444040529948857,3734
997,-2.0428026635360497,0.1154676228761673,0.3321843084845789,2,7.325404445350962,1.0,0.02624794292165681,0.037934681129815795,3736
998,1.0041256884016054,0.1266249269247055,0.33208465319203356,1,4.801780422374108,0.0,0.040489680496749475,0.06572031119408284,3737
999,0.8584771444941922,0.08363175392150879,0.33188543228773715,2,16.29509803735588,0.0,0.05595123335733158,0.11697753863323171,3739
1000,0.9444065826310006,0.10334381088614464,0.33168633089805344,2,7.421012203806065,0.0,0.03867000794132562,0.09083438955368695,3741
1001,-2.0927260477276604,0.15902628004550934,0.3313879027465991,3,12.663064014517028,1.0,0.0537544691395995,0.12436986364272588,3744
1002,0.8960255242073647,0.12711405754089355,0.3311890998298624,2,10.834057250880246,0.0,0.035270758578923506,0.07273217542395716,3746
1003,1.024674979159063,0.15209537744522095,0.33108974309991346,1,3.9268379532307476,0.0,0.07701326051768423,0.14815812058194366,3747
1004,-2.0,0.08174371719360352,0.3309904161769835,1,9.145397876189046,1.0,0.03414496443137398,0.07145614681088744,3748
1005,-2.0744077699585564,0.12180912494659424,0.3307918517164148,2,11.451015579807361,1.0,0.04594144660302608,0.02092648933246701,3750
1006,-2.0433315784163084,0.11535640805959702,0.3303950800862322,4,6.563328133953866,1.0,0.04199367571372318,0.041741857253006644,3754
1007,1.0360591072581962,0.18380391597747803,0.33029596156220636,1,2.0426959021922944,0.0,0.07268952263772603,0.09454365799184636,3755
1008,-2.0,0.10974720865488052,0.3301968727737377,1,3.6628838295329618,1.0,0.05559449915167251,0.07278433236641067,3756
1009,1.019350444094998,0.18729954957962036,0.3300978137119056,1,1.8461678935794839,0.0,0.08431135908706752,0.231124342388592,3757
1010,-2.019058135687707,0.18463524537427084,0.3294052318761297,7,12.52106299459251,0.0,0.05942339669789309,0.04144942022662128,3764
1011,-2.39841022078942,0.13512847466128214,0.32871410315388355,7,55.48668150109547,0.0,0.02118487706506972,0.022513496039646006,3771
1012,-2.0,0.13572093844413757,0.3286154889229374,1,7.102694384039516,1.0,0.06912356888346943,0.17919918538123575,3772
1013,-2.0,0.1195453330874443,0.3285169042762605,1,1.7841799853706908,1.0,0.040356554686196665,0.10541591579404817,3773
1014,0.4411932762085428,0.10292284722839083,0.32782763936387416,7,37.664657695958674,0.0,0.021950882771013095,0.04689812299999682,3780
1015,0.7083825217684905,0.11856805384159089,0.32733619286120363,5,16.312709280205155,0.0,0.05296258788124404,0.056976496665430226,3785
1016,0.9616624550632106,0.24125030636787415,0.3272379920033453,1,8.247025014895335,0.0,0.044399177026974226,0.13322259443636708,3786
1017,-2.074183182967509,0.1104545071721077,0.3270416786595626,2,13.219929924119246,1.0,0.037511969552561766,0.05502947247682769,3788
1018,-2.121834902946764,0.09922113455832005,0.32664940521235974,4,21.69837261278689,1.0,0.035867173331809866,0.0333975941761792,3792
1019,-2.4081621831099063,0.12796973969255174,0.32596405852019866,7,58.03265592633544,0.0,0.013966958369855878,0.012635805926153727,3799
1020,0.8018152189370561,0.15558011829853058,0.3255730776353646,4,15.430985111724885,0.0,0.03941448504061073,0.0692624511193381,3803
1021,-2.223483973136901,0.1391865059733391,0.3250850109467899,5,34.68930572035004,1.0,0.06377313705775108,0.07891974286462192,3808
1022,0.9567300221379864,0.12837472558021545,0.32498748544350586,1,9.577851208394065,0.0,0.04885591444462155,0.06551665986972635,3809
1023,0.9771582184291104,0.1659313291311264,0.3247925222011135,2,6.347610419559821,0.0,0.0325413712422925,0.10155896398867638,3811
1024,0.45409835187150677,0.143006731569767,0.3243056256434011,5,34.89152089897875,0.0,0.04290383419876988,0.06141698660505637,3816
1025,-2.147213744108129,0.1272429060190916,0.32391663398264453,4,26.938409325070328,1.0,0.02596988458530834,0.04188008925808958,3820
1026,0.9737511009120655,0.1492687165737152,0.32381945899244974,1,9.229207046756231,0.0,0.03211866983151963,0.044761273540728036,3821
1027,1.017015766605026,0.14192230999469757,0.32372231315475203,1,4.156694403384257,0.0,0.07544711342615919,0.1793336249980479,3822
1028,0.9164182547009913,0.10192804038524628,0.3235281089018674,2,12.1615358673435,0.0,0.0639067604525604,0.13980671301519823,3824
1029,-2.1010855106870747,0.16143195517361164,0.3231400498414255,4,16.445049480852738,1.0,0.045984957220857,0.05584628300603497,3828
1030,-2.264148595447642,0.1677716225385666,0.32246206616617706,7,40.06680379319362,0.0,0.07565929947239541,0.03178174915311818,3835
1031,-2.4849437741400324,0.14934589713811874,0.3217855049758979,7,35.203388277840006,0.0,0.05545832052005073,0.0427246601777193,3842
1032,-2.0,0.2304900586605072,0.32168896932440516,1,6.660433556538374,1.0,0.06284231941230503,0.14374154420981824,3843
1033,0.45041796630281344,0.1299484595656395,0.3211103632860569,6,31.890618209128206,0.0,0.030638811180806254,0.05732699363931209,3849
1034,-2.063513846879255,0.13467833151419958,0.3208214506502276,3,9.179053387803625,1.0,0.017978153676209304,0.049648270809878374,3852
1035,-2.216008021982488,0.12123762667179108,0.32034050712694906,5,36.98729370417236,1.0,0.045509871738645694,0.09195061902516297,3857
1036,-2.0,0.15079137682914734,0.320244404974811,1,7.240762207030019,1.0,0.04344848073451014,0.10741589319361364,3858
1037,0.962159383200282,0.11827991902828217,0.3200522871538226,2,8.563234244147251,0.0,0.050272448928810665,0.09220699644073513,3860
1038,-2.0,0.1705310195684433,0.31995627146767647,1,6.4567830012339025,1.0,0.050607719417636546,0.0972008169238108,3861
1039,-2.0211930812443857,0.1311561514933904,0.31966839720291,3,5.281606471965999,1.0,0.05399613729562675,0.038692247797574734,3864
1040,-2.1747440814085253,0.12887626992804663,0.3189976974400587,7,26.254431509562288,0.0,0.029064343256756078,0.06408785082805532,3871
1041,0.7412562566766192,0.14606084376573564,0.31851948790570994,5,15.180261335933512,0.0,0.054453152573952786,0.04344507598376671,3876
1042,-2.1687619337537067,0.12330582099301475,0.31785119868202955,7,27.102817978677077,0.0,0.0485240730587371,0.06221415614368524,3883
1043,0.8192204135556636,0.13344943026701608,0.31727949545191914,6,11.975046995545922,0.0,0.03692350844874856,0.056477370353821346,3889
1044,-2.037509612294422,0.14542324841022491,0.3170891563098026,2,5.354132424211883,1.0,0.08832105625094427,0.13521122604201077,3891
1045,1.0623165968179584,0.13500094413757324,0.3169940295629097,1,1.6324180177070358,0.0,0.06140898570115832,0.08635994021587448,3892
1046,1.021253044157988,0.07244433462619781,0.3168989313540408,1,3.193483880180576,0.0,0.05002194824826137,0.07500850989787834,3893
1047,-2.173688897695114,0.10319866091012955,0.31642386808049816,5,30.040029967573474,1.0,0.034876975248092926,0.048815689181183286,3898
1048,-2.055983524515546,0.12662882109483084,0.31613917202512665,3,11.708394760572437,1.0,0.0557977618457317,0.1234373128471286,3901
1049,0.5463157102473435,0.17339729766050974,0.315570548132687,6,28.607286353262502,0.0,0.030025147769949308,0.03920275621628863,3907
1050,0.9839915431527354,0.08213065564632416,0.3154758769682472,1,9.766412726256712,0.0,0.030599449883243163,0.06464428178310322,3908
1051,-2.3001282068471807,0.1048733230148043,0.3148139735779861,7,44.249120601610414,0.0,0.017927594326158862,0.027869603679982292,3915
1052,-2.1881383696979304,0.11768738552927971,0.31443636677524095,4,24.6961815665662,1.0,0.03395672638286881,0.07422653027625101,3919
1053,-2.209265704755119,0.1428773432970047,0.31396499513292314,5,31.115563538894882,1.0,0.017838284476401546,0.01412186996930231,3924
1054,1.0360682321622865,0.17815104126930237,0.3138708056343833,1,4.453572422055517,0.0,0.03983895138740143,0.0767211782995055,3925
1055,-2.5015332445482157,0.1312529370188713,0.31321226986185485,7,30.879880864487713,0.0,0.09205649968209302,0.0455022819982694,3932
1056,-2.128829526114531,0.10097086578607559,0.3127427332635504,5,19.64402843774636,1.0,0.037803737574528214,0.07987276981793273,3937
1057,0.8663535393181034,0.11283881962299347,0.3124613492357071,3,12.49730697702999,0.0,0.056488495837681736,0.13078389617193648,3940
1058,-2.1333664299173303,0.1583446909983953,0.3121802183775228,3,21.932109936061824,1.0,0.05970830572935678,0.06591598634937515,3943
1059,0.8109973502234598,0.18318326771259308,0.3118057706590748,4,11.9465480252859,0.0,0.031424061060956084,0.09029813629786589,3947
1060,-2.2052724449002232,0.210784273488181,0.31115156755902923,7,37.63372999371217,0.0,0.034107932413731154,0.04633054186883293,3954
1061,-2.084819658147174,0.15944529622793197,0.31068512016010325,5,20.14195426758019,1.0,0.05586884481096066,0.04872074452644893,3959
1062,0.898352381046733,0.17683867613474527,0.3104055874285531,3,12.70476030170797,0.0,0.053466897943565836,0.08565138696817359,3962
1063,0.8181109004547665,0.17048124969005585,0.31021937201259886,2,16.490148901808393,0.0,0.03625844263035534,0.06055003890090357,3964
1064,-2.402456955201547,0.18155725513185775,0.3095684973529162,7,43.94793392726085,0.0,0.021414076687952064,0.01605915609028063,3971
1065,0.9918867347738615,0.37795624136924744,0.3094756268037103,1,5.790076436894164,0.0,0.05841749450612376,0.15614268057573694,3972
1066,0.3857512290235969,0.1720275491476059,0.309011691808023,5,34.05313080151134,0.0,0.06817269325238173,0.08403218201789618,3977
1067,1.0158687084717504,0.17225801944732666,0.3089189883004806,1,3.766089891010755,0.0,0.07594245117247125,0.13817859389658857,3978
1068,0.7428865339206742,0.22623826935887337,0.308548452297413,4,17.99452832644571,0.0,0.03804957481188552,0.04141832858122518,3982
1069,1.0130483106118062,0.1498417854309082,0.3084558877617238,1,7.259304367142917,0.0,0.048045018564300546,0.1220162484067319,3983
1070,-2.214985585419758,0.15523270411150797,0.3078087130876487,7,28.578064272795245,0.0,0.018494466881532397,0.03631540820226248,3990
1071,1.0082018389207097,0.09751869738101959,0.3077163704737224,1,1.685803345737824,0.0,0.07284577579941033,0.12356373961325516,3991
1072,1.0036141774073872,0.1519036591053009,0.3076240555625803,1,4.495473417967139,0.0,0.07092736592013911,0.17653495024951862,3992
1073,-2.2169097346453324,0.13100964725017547,0.30716289625784043,5,31.072356209707984,1.0,0.02134905223032952,0.028674927842207473,3997
1074,1.05680092155626,0.07666129618883133,0.3070707473889631,1,2.265897521561916,0.0,0.07777091052310724,0.24472696756451884,3998
1075,-2.1462925764497385,0.12100711464881897,0.30670242827713884,4,23.062102402228284,1.0,0.04285320158685662,0.06213610701957231,4002
1076,-2.156682429090505,0.15987969934940338,0.3063345509493962,4,22.597283676963936,1.0,0.042885658015074296,0.07480364730360475,4006
1077,-2.340492756161984,0.1519475281238556,0.3056918270753045,7,36.36053047880557,0.0,0.035224731866755066,0.04367716093404064,4013
1078,0.7622090611308836,0.1652443011601766,0.3054167869594764,3,18.624797058139986,0.0,0.025219810261365168,0.061009878623188143,4016
1079,0.8321224165106654,0.11458884924650192,0.3051419943054991,3,18.217053242692863,0.0,0.052098754249358455,0.08804804513571664,4019
1080,-2.1151596199658482,0.15381664286057153,0.3048674488907238,3,19.72083324118646,1.0,0.028937870815520846,0.041668134005998,4022
1081,0.826395620725423,0.16983453556895256,0.3045017725475542,4,16.69610401668017,0.0,0.026854772740908434,0.03570285712734138,4026
1082,-2.030105659140061,0.17802755534648895,0.30431909888918524,2,4.655500183336756,1.0,0.05471430800846485,0.12718950499987994,4028
1083,0.9214268137335277,0.15150294452905655,0.3041365348185706,2,8.888726194832984,0.0,0.04767065170404752,0.07746495864091536,4030
1084,0.8960306992005588,0.15629812081654867,0.3038628940458866,3,9.858308384849312,0.0,0.04478484616227937,0.08095735273494963,4033
1085,-2.1538773548819474,0.14377573505043983,0.30349842262617965,4,26.183456767643204,1.0,0.04165954210743776,0.059353907666086045,4037
1086,0.5580064965519607,0.11252176637450854,0.30295253502447084,6,36.02344989662543,0.0,0.045705537864301975,0.045983443563299836,4043
1087,-2.19758437850919,0.17962340638041496,0.302589155544094,4,29.268100415460502,1.0,0.06657923264782596,0.11787324392289139,4047
1088,-2.1959791340934487,0.19286721795797349,0.302135544059331,5,27.777625213727866,1.0,0.04836756336134858,0.017326546762724614,4052
1089,-2.0226805966961625,0.17461835592985153,0.30195428992509443,2,4.222977368282403,1.0,0.03301562882926657,0.06784469677694614,4054
1090,0.4056512093087945,0.15166404098272324,0.3014111796785021,6,36.40300428427214,0.0,0.024075396458409427,0.025643777986443808,4060
1091,-2.065327844100424,0.13900383189320564,0.3012303600977012,2,15.85720422923473,1.0,0.029476625899375313,0.08546076840565343,4062
1092,0.897728109404092,0.19575683772563934,0.301049648992375,2,13.734299377955885,0.0,0.031949485672652655,0.08347942114948886,4064
1093,-2.08626860311435,0.11150481924414635,0.30086904629744804,2,15.057669106106319,1.0,0.06208566592851176,0.10558044131512191,4066
1094,0.9512006478926242,0.1104685440659523,0.30068855194788374,2,8.784610212443411,0.0,0.05176752527585994,0.0847215639112621,4068
1095,-2.3063343173344775,0.13663328811526299,0.30014771832158754,6,44.11592608884318,1.0,0.06662138333498915,0.059010686513362935,4074
1096,-2.169865377288872,0.11293127263585727,0.2996078574659852,6,26.19193979565196,1.0,0.04122423460353878,0.015053426376687109,4080
1097,0.9696544035893923,0.11161240190267563,0.2994281197162128,2,6.0951423125411734,0.0,0.04840383507004271,0.08073781059805737,4082
1098,0.9640319702270935,0.07636665552854538,0.29933829128029793,1,9.225505568997853,0.0,0.04914311559921195,0.0736452011543042,4083
1099,-2.0562316105312575,0.18966761231422424,0.299158715245976,2,14.965846567480275,1.0,0.027172925765292868,0.04755716231355525,4085
1100,-2.1128240107056704,0.19565147906541824,0.2985310470713112,7,15.28674205244801,0.0,0.04572728877374331,0.04494479081966845,4092
1101,0.7954770018472083,0.18966969102621078,0.2982624497242694,3,17.863227664826294,0.0,0.022948044493450354,0.06138016780386701,4095
1102,-2.0546869338955123,0.07942980900406837,0.29808351909805536,2,13.52863179237707,1.0,0.05879073917110793,0.12432754937313471,4097
1103,-2.060121759398862,0.13107610493898392,0.2979046958141133,2,16.735599100925977,1.0,0.028691285439564226,0.05184497635288555,4099
1104,-2.059989095903648,0.15107660740613937,0.29754737101550083,4,11.312930757407056,1.0,0.06852679425776523,0.08429541894946138,4103
1105,-2.0910023974019176,0.1419046570857366,0.2972796587113433,3,17.270564979481158,1.0,0.030987522785642953,0.0631850980323271,4106
1106,0.7864525968641205,0.16474602818489076,0.29683400669471566,5,14.905676718636983,0.0,0.026069448670416606,0.07070327692523269,4111
1107,-2.0335895401231765,0.14507468696683645,0.29647796614499006,4,6.824419356093865,1.0,0.04845884219970993,0.052273343463928465,4115
1108,-2.0585049071258403,0.09958960860967636,0.29630010604832,2,9.812180315838152,1.0,0.05214737847053711,0.12914118749989617,4117
1109,0.5957295421035118,0.13089537248015404,0.29594470589112126,4,31.948468766029972,0.0,0.029333833401450134,0.04513193979907705,4121
1110,-2.0714837411915,0.17800438776612282,0.29576716570261014,2,12.748178152350821,1.0,0.050393477014610354,0.10653978249331136,4123
1111,0.8154697609584524,0.1692112535238266,0.29541240478609604,4,13.978617075014773,0.0,0.02280296882633839,0.03636810959592626,4127
1112,0.8704974884535231,0.16079441457986832,0.2952351839303408,2,10.991713909349686,0.0,0.03391462100674565,0.07458375699867834,4129
1113,0.7998503529029832,0.16269748657941818,0.29496955197033187,3,18.883989484756075,0.0,0.04373649000464483,0.10140167959588389,4132
1114,1.0448777573948662,0.11671245098114014,0.29488106110474077,1,2.9268753063229562,0.0,0.04034030254357382,0.06877326742758688,4133
1115,0.6686285718566181,0.16598305851221085,0.2944390048264328,5,16.92949637907561,0.0,0.04987277194573487,0.09379216114530838,4138
1116,-2.103043788726192,0.09842880070209503,0.2941740892126705,3,15.19861893425138,1.0,0.04300281639875319,0.08801440326727052,4141
1117,-2.1365741643634477,0.14049841995750154,0.2935568793364415,7,16.677994182861447,0.0,0.07405878963682011,0.03933151663275269,4148
1118,-2.1190925012607136,0.14793355576694012,0.2932047695702508,4,26.467269995114183,1.0,0.032493404045981514,0.04367386838801097,4152
1119,-2.1451159910969912,0.2102680802345276,0.29294096443500883,3,21.934102566319744,1.0,0.07664902417344426,0.09753788947145241,4155
1120,-2.081693596891645,0.18926522508263588,0.2925895934341724,4,13.825415082438424,1.0,0.03593768253804646,0.0753422785033614,4159
1121,1.0271668491409143,0.12920641899108887,0.29250181655614216,1,3.720961228855435,0.0,0.06787055540250093,0.14474175227667008,4160
1122,-2.121209030009068,0.21102240681648254,0.2922386438888346,3,17.188437132217093,1.0,0.033528210621245995,0.07138423483534703,4163
1123,0.9013014416644076,0.163008913397789,0.2919757080058781,3,12.253192873850283,0.0,0.02358373490916569,0.06416454857480923,4166
1124,0.9563098563756447,0.1358565092086792,0.2918005488588883,2,8.240526486570625,0.0,0.022227402536515638,0.03459070878252675,4168
1125,-2.2888529360776317,0.10894069448113441,0.2912757016441465,6,36.53212569537697,1.0,0.060221374208814085,0.0682679448169448,4174
1126,-2.060761238925649,0.1419328860938549,0.2911009624379732,2,16.468045039793875,1.0,0.04567259981737414,0.11481814936798675,4176
1127,-2.126693453368703,0.16233251988887787,0.29083905016117917,3,20.834178957636404,1.0,0.028154104428437986,0.05825429242973268,4179
1128,-2.21975054085902,0.1500117310455867,0.2902288375668851,7,29.53046741251844,0.0,0.03861649900762586,0.03828668408709961,4186
1129,0.620347402066168,0.1739705316722393,0.28988071965403484,4,25.02992309055297,0.0,0.036719471317439766,0.11398323684816448,4190
1130,-2.1932164211074907,0.13523913323879241,0.28944615938894547,5,25.116493464287522,1.0,0.027893357892690922,0.057867660674992334,4195
1131,-2.307170895180629,0.14759618490934373,0.28901225057326685,5,42.10685883846581,1.0,0.02799379759855371,0.0216619988067524,4200
1132,0.9936170460102551,0.22646619379520416,0.28892554689809485,1,5.537054166346364,0.0,0.07314960878673818,0.12479416074666595,4201
1133,0.986354030313279,0.17389941215515137,0.2888388692340254,1,8.89019096581283,0.0,0.03364773695097732,0.047150970169048866,4202
1134,-2.238872426267184,0.14725205426414809,0.28831934904593975,6,36.66647540820414,1.0,0.014617263276769078,0.04293142539270179,4208
1135,-2.1606555236048868,0.10904061297575633,0.28805993947023806,3,25.029138993488132,1.0,0.029831653954570585,0.08365822826856172,4211
1136,-2.080333703885469,0.11106233298778534,0.2878871294319505,2,17.34661121592829,1.0,0.09150571748050956,0.08958623539552059,4213
1137,-2.142617372130327,0.14801079779863358,0.28754182030459263,4,21.706694691470094,1.0,0.025748621057041045,0.04096659538390175,4217
1138,-2.099292749933225,0.15072408212082727,0.28693852566434797,7,19.807386225732504,1.0,0.07862344656419908,0.05552392418171189,4224
1139,0.49146829903925604,0.16045011393725872,0.2865943543493676,4,37.90690483519101,0.0,0.028583413312195813,0.06155498409866547,4228
1140,-2.0,0.17542678117752075,0.2865083760430628,1,1.3005447936885366,1.0,0.07188506812406656,0.13854103239753984,4229
1141,-2.184788546359565,0.11740151233971119,0.28616472067539367,4,25.264470684970515,1.0,0.018270610351067064,0.022420948135908596,4233
1142,-2.138917843927475,0.1722375936806202,0.2858214775086289,4,25.39773589945049,1.0,0.02633038367441801,0.08573232547982006,4237
1143,1.027212650141178,0.12093344330787659,0.2857357310653763,1,1.4393347828466583,0.0,0.059766372654281336,0.0766908530294915,4238
1144,-2.0783948492678146,0.11260497570037842,0.2855643153429529,2,19.20952440727649,1.0,0.045059622036215136,0.085717801023019,4240
1145,0.8359304750560484,0.11765240629514058,0.28530738455379917,3,14.227030453564133,0.0,0.04000477482663792,0.035231376018328,4243
1146,0.7599906360603911,0.16536886245012283,0.2849651697275114,4,18.49277959684586,0.0,0.03859112568402365,0.1237971470447592,4247
1147,0.9876660298306378,0.07615810632705688,0.28487968017659315,1,5.342816107878971,0.0,0.03639555537973098,0.07913981072526897,4248
1148,-2.253870896581459,0.13470566698483058,0.28428197100168734,7,32.64790851705155,0.0,0.09390090075001299,0.046508518441376316,4255
1149,-2.0216805040015795,0.15336924046278,0.28411142740446377,2,6.575866518729446,1.0,0.05372539539709759,0.08438117068589006,4257
1150,0.6927584136391893,0.12739775516092777,0.2837706470810675,4,20.802677864919545,0.0,0.04056001376932302,0.03141098064818009,4261
1151,0.9706747245850208,0.11914683878421783,0.28360041023217714,2,4.730192246790839,0.0,0.047523547965824475,0.06505992148853637,4263
1152,0.7522208240433561,0.15606777866681418,0.28334524642742176,3,20.180928522447736,0.0,0.04433475589552779,0.14382790167569057,4266
1153,-2.0151686292173716,0.15096981823444366,0.28317526478063754,2,5.513509091937917,1.0,0.026150860846886035,0.07130910535428601,4268
1154,-2.125445093308164,0.1890512811286109,0.28258113165832827,7,21.64866788970856,0.0,0.045089327135301775,0.04822760500621083,4275
1155,-2.028641161935931,0.11777054518461227,0.28241160841163515,2,14.235407127938984,1.0,0.06042278670507742,0.06561182597815478,4277
1156,0.717273582441007,0.1407337084412575,0.28198824509322556,5,18.68833353052319,0.0,0.02955998019282062,0.05911214744878051,4282
1157,0.9644565927130129,0.09549019858241081,0.28181907752511176,2,9.230548376063552,0.0,0.045425367345853854,0.09667295267804346,4284
1158,-2.1345590456870283,0.14191542193293571,0.2814810467839494,4,14.582812224002804,1.0,0.04450587061271252,0.07021471546500604,4288
1159,-2.037805566243796,0.15135499089956284,0.2813121834891733,2,9.402629217918571,1.0,0.034628669097559385,0.0662795683945446,4290
1160,-2.20907971237636,0.18126553776008741,0.2807219593181125,7,35.92963893422001,0.0,0.023354031073481725,0.03637021252948348,4297
1161,0.7141774533840021,0.15378442034125328,0.2803852445264732,4,14.162170211923026,0.0,0.03461058148222113,0.0612785913648642,4301
1162,0.9801580648172098,0.09335537254810333,0.28030112895311526,1,9.21270284954509,0.0,0.06421885438446932,0.07725537467095181,4302
1163,-2.255052077941631,0.1522303819656372,0.2797969651761952,6,37.05713492264774,1.0,0.03631824280452482,0.06799024457710333,4308
1164,-2.3138141889808774,0.13256839662790298,0.2792099201012606,7,44.89947248834862,0.0,0.048398018969277236,0.04338514069921639,4315
1165,-2.258448496689166,0.17738584961209977,0.2786241067120228,7,43.73672311406931,1.0,0.047461674826889906,0.01799832702725098,4322
1166,0.7879892052504018,0.13625923295815787,0.27837342023696804,3,21.749798843113197,0.0,0.022440164000899994,0.046558711858561655,4325
1167,0.7302093448424495,0.16648807376623154,0.27803952242426855,4,19.64753281882837,0.0,0.039028104930758624,0.08591093701576274,4329
1168,-2.167502617550414,0.12309824973344803,0.27762271330114296,5,31.28672896131298,1.0,0.035596122072429605,0.03792044623971801,4334
1169,-2.1680667897296066,0.12596518014158523,0.277040230047864,7,22.470896159758052,0.0,0.03225371465947095,0.04489228685731816,4341
1170,-2.060814957777214,0.10511600722869237,0.276790968634203,3,16.093846091440206,1.0,0.01738837918319857,0.019939581103948337,4344
1171,0.8756278853804402,0.19019117206335068,0.2766249189642097,2,13.041948142062274,0.0,0.04523410768758243,0.08314941180521578,4346
1172,1.0043257675320583,0.27682730555534363,0.27654193148852046,1,5.420101929012398,0.0,0.029108884057734482,0.07023837323990066,4347
1173,0.9864763942054259,0.2812795341014862,0.2764589689090739,1,9.932529394178626,0.0,0.07700221146507238,0.17873781608859213,4348
1174,-2.3099617490237385,0.14692701718636922,0.27587892732064073,7,26.251428267048748,1.0,0.07563492542524114,0.06337090305430355,4355
1175,0.8896214723470574,0.14035751670598984,0.2757134247933518,2,15.699108183643009,0.0,0.05317327929318412,0.07907178560523498,4357
1176,0.5619373615402536,0.14442433416843414,0.27513494743918765,7,27.448632244699926,0.0,0.020913578237006854,0.03905752644927541,4364
1177,0.6949005524564797,0.1440522993604342,0.2748874002654996,3,25.843232051364353,0.0,0.048782707338948725,0.1236785375290237,4367
1178,0.9007077730149701,0.15930867195129395,0.2746400758174368,3,11.440426726420746,0.0,0.03281870648229946,0.06637484610922492,4370
1179,-2.0654105097289412,0.19758115708827972,0.2744753164895532,2,12.28222289405701,1.0,0.03703961016374467,0.07363600282560721,4372
1180,-2.2144566293056647,0.1883122750691005,0.27389943682397194,7,27.164015585223503,0.0,0.018079653043228564,0.02738200776730517,4379
1181,-2.2370279976970977,0.1751484051346779,0.27332476541781997,7,33.67656654705031,0.0,0.02461842838444273,0.06351477220467566,4386
1182,0.5141857581258261,0.17355305204788843,0.2728331496809391,6,33.20310673507155,0.0,0.03393153701149734,0.0584405698668585,4392
1183,-2.2044398785584587,0.13672108203172684,0.2724241454325985,5,22.230980919313584,1.0,0.05059201437449657,0.06462673386124353,4397
1184,0.964250996005444,0.10366006940603256,0.27234241818896876,1,9.208677122811604,0.0,0.05212823627816714,0.11076661867871412,4398
1185,-2.048301735935569,0.21522711962461472,0.27217903724887305,2,14.911606687413881,1.0,0.047199474456393935,0.13194666788581108,4400
1186,-2.0433674548704404,0.2234758548438549,0.27201575432263714,2,16.227817962933027,1.0,0.033696871968654035,0.07817102862355498,4402
1187,-2.146136925807207,0.1948789581656456,0.27168948227658185,4,21.399290887047705,1.0,0.03176284535447393,0.08471096880934935,4406
1188,0.7097165610229708,0.13327023883660635,0.2714450350913576,3,25.566862076366586,0.0,0.03504424713838598,0.102263122450134,4409
1189,0.7771982288610597,0.197952413931489,0.2711194476002531,4,14.682826195999818,0.0,0.017975371395713154,0.03186129355979481,4413
1190,-2.1570185671599185,0.1356270451630865,0.2705506089199175,7,20.487912679897658,0.0,0.036723941202472896,0.03009048413391054,4420
1191,-2.085855005720449,0.1759680981437365,0.27030718641324913,3,15.446800416218336,1.0,0.04210278279781144,0.0678009739317112,4423
1192,-2.031662342382452,0.18171237409114838,0.270145026429048,2,10.743010037183232,1.0,0.06335805641812553,0.1475593654210593,4425
1193,-2.037921927778766,0.1442829022804896,0.26990196883712503,3,10.746186898999479,1.0,0.04940906471415824,0.07504650551744728,4428
1194,-2.3465988584423854,0.14681615414363997,0.2693356845623074,7,44.47400274729194,0.0,0.01634513082393094,0.03436694992323466,4435
1195,-2.394921894176673,0.15544171631336212,0.2687705884147245,7,52.83920937394251,0.0,0.0363636997602361,0.059629340732764644,4442
1196,0.8840217950868069,0.0964273139834404,0.26860935025102867,2,11.619421441897106,0.0,0.03704670071432009,0.06665811000227756,4444
1197,-2.019136562809443,0.18570058047771454,0.2684482088157196,2,7.8184034528786475,1.0,0.05256342930306626,0.09893197983290983,4446
1198,0.9898303737264368,0.13209611922502518,0.26828716405076897,2,4.549339780679562,0.0,0.05712798999921824,0.12682155372826495,4448
1199,-2.1213880427391203,0.1404146309942007,0.2679653643000038,4,18.873648034207203,1.0,0.0395041109359968,0.07308879337296045,4452
1200,-2.202822920399187,0.1406253714646612,0.2674031432363611,7,32.24079180258083,0.0,0.010352507934841406,0.024077653371761352,4459
1201,-2.289634875744839,0.13678759336471558,0.2668421017748853,7,38.43098871677449,0.0,0.038891719842351354,0.04924912450660738,4466
1202,0.6377728789942835,0.15789218246936798,0.2663621460844657,6,22.848336755896682,0.0,0.036922083605383675,0.0418956550877463,4472
1203,-2.4195620594184497,0.14845166887555802,0.2658032887505077,7,53.89794918332584,1.0,0.058000046741626815,0.07882868212010319,4479
1204,1.035837006720704,0.07335604727268219,0.2657235477638825,1,3.8251979294319374,0.0,0.03253821481973234,0.043025324557420246,4480
1205,-2.2098997934656577,0.127790274896792,0.2651660302800503,7,33.58663332714879,0.0,0.031114220962794772,0.02565547105310128,4487
1206,-2.201374690961271,0.13850446417927742,0.2646890892565297,6,28.519149567391892,1.0,0.053218893995569776,0.027045757917167432,4493
1207,-2.022863008277009,0.14379280805587769,0.2645302996249938,2,10.651845057371938,1.0,0.03759608259257515,0.10353210906632422,4495
1208,-2.4413084133418446,0.14475472377879278,0.2639752857081415,7,54.74251159536061,0.0,0.040700899271774525,0.0521355673325768,4502
1209,-2.318019345481469,0.1571189739874431,0.2634214362720626,7,44.006701802602606,0.0,0.06341030285556956,0.011100823226169492,4509
1210,0.9970059504064563,0.15878050029277802,0.263342409841181,1,7.067533705299105,0.0,0.04418133921037474,0.0541871584756124,4510
1211,-2.2948147133724355,0.11989058873483113,0.2627898882488852,7,46.47988325712399,0.0,0.020231278848557542,0.04605571102818195,4517
1212,1.028374493078579,0.21235260367393494,0.26271105128241057,1,3.162394075882768,0.0,0.078177415126559,0.22825686375076407,4518
1213,-2.0230480771205483,0.10856051991383235,0.26247468226114706,3,10.832863154005949,1.0,0.03574947724952396,0.0971642351305852,4521
1214,-2.043360438003254,0.12124749645590782,0.26231722107451183,2,8.21593880470925,1.0,0.04392010604314621,0.053929489346651725,4523
1215,-2.1573467778708015,0.11157729849219322,0.2618454040632067,6,23.601151722667694,1.0,0.01879786548630494,0.044362925205667786,4529
1216,0.8434196425462674,0.1370179019868374,0.2616883203868552,2,13.604021661674322,0.0,0.037887101469042686,0.0761726241661116,4531
1217,-2.1363882086818817,0.1682044006884098,0.26137443568582375,4,19.230464273594908,1.0,0.021693063496050737,0.04166068557895463,4535
1218,0.902053266619633,0.12164238095283508,0.2611392692577471,3,8.014602041060735,0.0,0.03913305593955301,0.07898847268003396,4538
1219,-2.268606656341652,0.1285538762807846,0.26074779530870584,5,40.24690397466641,1.0,0.05523737539122786,0.04513507611526394,4543
1220,0.3758912085206895,0.1641551735145705,0.260200717505558,7,30.336866569433237,0.0,0.055473183273336245,0.06886384176362118,4550
1221,0.8043692364977919,0.07601702213287354,0.25996660710697134,3,17.81805924734699,0.0,0.01991390479887241,0.045889647408764736,4553
1222,0.8990351746957379,0.11185070127248764,0.2598106505397018,2,12.774788155645817,0.0,0.057245809731849076,0.13697062292091536,4555
1223,0.8375709665124402,0.17564056317011514,0.25957689109607684,3,12.123307775679919,0.0,0.04168059330878214,0.08660705918362116,4558
1224,0.9572461140353409,0.21389086544513702,0.25949901802874803,1,8.848008217900919,0.0,0.06302549692492562,0.1295671626149021,4559
1225,-2.1002289269202947,0.1295300175746282,0.25926553897025056,3,21.43634696363341,1.0,0.03998718400697176,0.056881145602118405,4562
1226,-2.0,0.13547781109809875,0.2591877593085595,1,3.1012706575796294,1.0,0.05593247947602768,0.13522257236321275,4563
1227,1.0079851654715835,0.08942586183547974,0.2591100029807669,1,8.100113788648128,0.0,0.07085434374352459,0.11896609262168076,4564
1228,-2.1566032324646196,0.12847865745425224,0.2587992108686099,4,28.59862957566568,1.0,0.0831462478692692,0.09582340178622127,4568
1229,0.9951299551975773,0.10016898810863495,0.2587215711053493,1,8.032837083783425,0.0,0.04426599740744866,0.11116480632656771,4569
1230,-2.287400271958572,0.17005412706307002,0.25817874454537904,7,27.496574997599414,0.0,0.09291478504868689,0.023633117304230258,4576
1231,-2.0171699627836195,0.1342925764620304,0.25802386053473886,2,2.293320646035924,1.0,0.06513519967322746,0.09311618571433228,4578
1232,-2.3244234055386235,0.14179201796650887,0.25755976577868656,6,50.159096927238906,1.0,0.038911150606030814,0.02771307366424203,4584
1233,-2.239482226374109,0.1734975991504533,0.2570193768151877,7,34.859509753698866,0.0,0.032589317719471406,0.04066422965059459,4591
1234,-2.2125119041520906,0.1414237767457962,0.25648012164768763,7,34.61508169323281,1.0,0.04258680901702256,0.04282712461540575,4598
1235,0.8731003455165776,0.17832955718040466,0.25632625665791,2,12.48321697826928,0.0,0.03541785776020102,0.10980408138484672,4600
1236,-1.9988703195939757,0.09960898384451866,0.25617248397327835,2,10.06140938687608,1.0,0.020743681435488805,0.029336776024502517,4602
1237,-2.2382639730383835,0.12569395984922135,0.25563500568091885,7,35.12701496810749,1.0,0.06082574931393022,0.03771030882619929,4609
1238,-2.134890002556698,0.16525844484567642,0.2553283816893983,4,24.458511717795222,1.0,0.040665695866762004,0.05523382045466528,4613
1239,1.010588537954099,0.12179004400968552,0.2552517831748915,1,2.3770806339624384,0.0,0.08872099343401103,0.14847887309725166,4614
1240,-2.2891640032200384,0.20831313878297805,0.25486913515782644,5,44.246773791315974,1.0,0.07631462605894548,0.06968764858965368,4619
1241,-2.064435092899778,0.11883174628019333,0.2547162366149539,2,16.8653513253476,1.0,0.05882686980652612,0.11464208821810717,4621
1242,1.063789999661095,0.11402113735675812,0.25463982174396943,1,1.9310521794869573,0.0,0.04711655122043508,0.1286270584492432,4622
1243,0.7980173792692025,0.10820764862000942,0.2543343914358814,4,15.024058251159149,0.0,0.029276448780145452,0.08781262283308745,4626
1244,1.0101610500319167,0.1961483210325241,0.2542580911184506,1,5.687253093120548,0.0,0.06074005521127972,0.1429878493067448,4627
1245,0.7821393662257079,0.1208110898733139,0.25402932747926366,3,15.758156879242184,0.0,0.03588728159279127,0.08564246659108353,4630
1246,-2.2828235604185885,0.12616730907133647,0.2534963457670005,7,38.81134227882421,0.0,0.03461470795792364,0.026269220793087564,4637
1247,0.9523314338700843,0.1365508921444416,0.2533442707742114,2,11.443022300730092,0.0,0.07165832295208166,0.14502980001503493,4639
1248,-2.2192206405769945,0.1570025235414505,0.2528127263869189,7,31.943888349360527,0.0,0.022001982536755598,0.010477309231397584,4646
1249,0.6242724454724654,0.16975517198443413,0.2525094876068251,4,28.42796014165218,0.0,0.026835836245878725,0.0565294660745577,4650
1250,-2.2386038507952772,0.14064742376406988,0.2520553112806167,6,25.323976315357125,1.0,0.040846515187771784,0.022997502535174998,4656
1251,1.0059277467746726,0.12111440300941467,0.2519796946872325,1,5.439347510674573,0.0,0.053244051852509515,0.08656902234828141,4657
1252,0.8956422011326471,0.10854767635464668,0.2518285295485927,2,10.645585358422304,0.0,0.05051795673080272,0.10320908398865528,4659
1253,0.9973907564443328,0.17140433192253113,0.25175298098972815,1,6.936835518557668,0.0,0.0725258184601444,0.09561520176927389,4660
1254,0.8733387814873445,0.10754641890525818,0.2516019518589026,2,12.136187045593559,0.0,0.025409601812948643,0.043996413310027904,4662
1255,-2.135824589537776,0.10948668420314789,0.2513755780279634,3,16.873478802442307,1.0,0.04047913982009012,0.07403914084975007,4665
1256,-2.1286181629794774,0.1924938758214315,0.2511494078723572,3,25.791190736328282,1.0,0.06927071845904414,0.07878779871803203,4668
1257,-2.4199382525514235,0.14981407139982497,0.2506224685509411,7,58.12616774378934,1.0,0.03604253139244225,0.040013994174130804,4675
1258,-2.0410800093669237,0.14691051344076791,0.25039697599054495,3,11.162783929044782,1.0,0.06701634693419284,0.06032309136033398,4678
1259,0.9377170906660912,0.1163305826485157,0.25024676034067844,2,6.493725830103999,0.0,0.05412198890159946,0.13174625026659403,4680
1260,-2.125422407187889,0.23542520403862,0.2500216058162405,3,18.540247122150877,1.0,0.07180246007205135,0.18206009376277416,4683
1261,0.9422552900478652,0.15028982236981392,0.2498716153546953,2,8.550432755982596,0.0,0.049371798722580094,0.13358172871367005,4685
1262,-2.078170969394172,0.18678905069828033,0.2496467983594657,3,10.092659325563412,1.0,0.03923825948986279,0.0873131452055016,4688
1263,-2.0515649900104633,0.11340216696262359,0.24927255277665056,5,15.007748369889015,1.0,0.02246766860398543,0.03278776035143895,4693
1264,0.9147131973540429,0.1743435561656952,0.24912301167951434,2,7.765077508317301,0.0,0.03483574535267807,0.11013966731246928,4695
1265,-2.0537968118052063,0.1492743045091629,0.2489735602935777,2,9.697381839785816,1.0,0.045155262207541444,0.1043211010487975,4697
1266,0.9102309279020661,0.22440800815820694,0.24882419856502197,2,9.44601122074267,0.0,0.05998321384639475,0.09923906799476659,4699
1267,0.9664240820694195,0.1220819503068924,0.24874955130545248,1,9.707930165084312,0.0,0.07402699391989655,0.12917432339167334,4700
1268,-2.000498618239343,0.13688116520643234,0.24860032396212886,2,6.0784254661666495,1.0,0.05743254817361672,0.0887613438516752,4702
1269,-2.0694299552874487,0.11715073511004448,0.24845118614178074,2,17.15791581368829,1.0,0.06094459371058699,0.12052251238361658,4704
1270,0.8568565490459911,0.1300816535949707,0.2482276471493652,3,11.556457211878985,0.0,0.050610443814967584,0.1476547020825277,4707
1271,0.4146257242899422,0.10738874673843384,0.24785552901651223,5,39.67181458708295,0.0,0.030326728050949065,0.06263438281237706,4712
1272,0.7516904332258628,0.15402045845985413,0.24755823619691172,4,17.946960034459572,0.0,0.0339193790944107,0.04305148874677459,4716
1273,-2.067905648138973,0.17157093137502671,0.24718712157819828,5,12.914449933060704,1.0,0.02199417031925754,0.06967264599923548,4721
1274,0.9997191172005888,0.13836872577667236,0.2471129654417248,1,5.896783244262336,0.0,0.0527651286360309,0.13939114660512758,4722
1275,-2.1224924893336334,0.1476832926273346,0.24681656329750992,4,27.088320348366793,1.0,0.05007086441615493,0.018934267836751797,4726
1276,0.867186245973336,0.17496644333004951,0.24666849557302212,2,11.607273289248162,0.0,0.07112007409971159,0.15892681046578258,4728
1277,0.9541477979118438,0.09877870976924896,0.2465205166758429,2,11.41668719986748,0.0,0.05267600622276432,0.1055109126470726,4730
1278,-2.2738328761223072,0.15014055818319322,0.24615095770274362,5,38.30264818756667,1.0,0.04241629016240029,0.030985897551179035,4735
1279,0.9350488563789352,0.16072848439216614,0.2460032892817082,2,7.781902094960828,0.0,0.04378006612947189,0.10060729898350353,4737
1280,0.8362193912637315,0.09809166565537453,0.24585570944843524,2,16.08199222195672,0.0,0.05628131424506743,0.1434371336199604,4739
1281,-2.0167631252234206,0.1969776451587677,0.24563450568433512,3,13.801858302560841,1.0,0.05319882696214457,0.12896873906712758,4742
1282,0.6291892994887089,0.13133689016103745,0.24526627493055242,5,27.402697785802157,0.0,0.035221991314899365,0.08743056090272756,4747
1283,-2.00683331719709,0.13343951851129532,0.24511913723955883,2,7.903565503169449,1.0,0.06927762821068849,0.1301536642337639,4749
1284,-2.1855647918114016,0.13335599324532918,0.2446048500949571,7,24.383598407685326,0.0,0.03629604630472298,0.05820913334528918,4756
1285,-2.316267938773723,0.15600588704858506,0.2440916419818422,7,40.2402179704563,0.0,0.02898088942610577,0.04107575537032897,4763
1286,-2.027894931484661,0.21824222803115845,0.24394520896490088,2,6.252839249860423,1.0,0.042739484494835174,0.1543430386200488,4765
1287,-2.106206447253573,0.12612637451716832,0.24343338485206045,7,21.25634415514594,0.0,0.02645036144227552,0.02839741825289965,4772
1288,0.395185186899208,0.11951237469911576,0.2430684537991116,5,33.68972179405686,0.0,0.042745195812211444,0.029917593701260663,4777
1289,-2.339927825517504,0.12760466124330247,0.24255846921588037,7,43.16589820959817,0.0,0.01920722254195388,0.03073039367932689,4784
1290,0.7224895239302348,0.09510633846124013,0.24234023207782368,3,24.00690273578722,0.0,0.02184261266182644,0.052691135691516705,4787
1291,-2.0,0.12225474417209625,0.24226753000820034,1,7.348337549266361,1.0,0.044907573767719984,0.10694402262276571,4788
1292,-2.2812069451442882,0.12212846960340228,0.24175922585194076,7,39.67163439137301,0.0,0.03545558463354872,0.028107628217521722,4795
1293,-2.0,0.060528941452503204,0.2416866980841852,1,5.027943316339674,1.0,0.05432546729549915,0.10908550204670275,4796
1294,-2.1715973540392017,0.11411115527153015,0.241396804531201,4,25.320609364616573,1.0,0.04339525721592589,0.04621145290050768,4800
1295,0.9646803710053201,0.10803854217131932,0.24117961257774242,3,5.933888658873772,0.0,0.06490500571715631,0.10732841854347618,4803
1296,-2.2448639310257392,0.13852606394461223,0.24067359099295063,7,20.684717328742497,0.0,0.05914879247268848,0.049536218282185206,4810
1297,-2.2052230798321912,0.13894582986831666,0.240312797147721,5,37.23128112331995,1.0,0.04656183203734657,0.05499816485005275,4815
1298,0.5534821197376438,0.12825906462967396,0.2400245515341024,4,33.20121397525313,0.0,0.043147867576477476,0.08623411262740725,4819
1299,-2.0,0.23065494000911713,0.23995254416864217,1,1.6009992887623166,1.0,0.07127697321338748,0.18511891830716237,4820
1300,0.7406956491675657,0.10494821767012279,0.2397366516595986,3,23.53593352890629,0.0,0.03381865168855574,0.07270058767176023,4823
1301,0.9886640782489874,0.12535437941551208,0.2396647306641007,1,4.164896514188548,0.0,0.04270930155966357,0.12099755987768174,4824
1302,-2.2156755764298226,0.16428539795534952,0.23916188746963188,7,30.460230719987592,1.0,0.04597413503748439,0.06336136886020215,4831
1303,-2.102074709175628,0.17935165390372276,0.23887502232626004,4,18.03783362771684,1.0,0.017891961947979897,0.019394695038133507,4835
1304,-2.0680323459807033,0.2652197629213333,0.2387317188116163,2,15.883079463704624,1.0,0.027814506692484794,0.07911473982269496,4837
1305,-2.1797124783097397,0.1768675765820912,0.2382308331795267,7,30.88284648251717,1.0,0.039116255481322436,0.027693055670659446,4844
1306,-2.032339129064773,0.14160068333148956,0.23808791612039398,2,6.5857107680257165,1.0,0.04627815031383101,0.11413440383041652,4846
1307,-2.21032825475803,0.10619521141052246,0.23780233916281268,4,34.6343242907051,1.0,0.04358695323021035,0.07380443733468348,4850
1308,0.8814474512625389,0.12606608122587204,0.23765967916152553,2,14.024101092401288,0.0,0.04959797457605661,0.16274852879479387,4852
1309,1.015708665049047,0.23634815216064453,0.23758838125777706,1,3.732490267139289,0.0,0.04919145536597977,0.09777777141133558,4853
1310,-2.0444068503387336,0.13999390105406442,0.23737461585709316,3,15.975742487661622,1.0,0.08284585475053122,0.11317159128622088,4856
1311,1.0112697168791136,0.16727811098098755,0.23730340347233603,1,3.045775345035636,0.0,0.04144619667683217,0.06544661389304342,4857
1312,0.7337795923388715,0.17513156682252884,0.2370898944747227,3,22.675952204283323,0.0,0.03819451156671032,0.08473745081214407,4860
1313,-2.3933498157445117,0.14060023320572718,0.23659245357224365,7,48.23541953019281,0.0,0.018150355695759592,0.03986210701883126,4867
1314,-2.0,0.22747690975666046,0.23652147583617197,1,7.337376626456614,1.0,0.06343972896555711,0.13678585907864085,4868
1315,0.7593820538565266,0.12718878500163555,0.23623777776122315,4,16.472430820148684,0.0,0.047733562518546685,0.07825362565855414,4872
1316,-2.0248719914154134,0.12739525735378265,0.23609605635596642,2,10.088002990461456,1.0,0.03643830630994766,0.10041427658257919,4874
1317,-2.118776857423093,0.16245349496603012,0.23574212469414685,5,16.13011908783268,1.0,0.06157915663637743,0.09971020776823086,4879
1318,1.0085982261605417,0.07896974682807922,0.23567140205673862,1,4.842419014124819,0.0,0.036126101666732316,0.09813560701292794,4880
1319,-2.02770462411672,0.1679219827055931,0.23553002042593077,2,9.728674397956743,1.0,0.04694339697418905,0.04782937115368055,4882
1320,-2.244171833151202,0.12384876502411706,0.23503585231226587,7,39.09047450899534,0.0,0.02111165939801683,0.05515764931240171,4889
1321,-2.242389470103248,0.12609474658966063,0.23468351000261442,5,36.775188830163046,1.0,0.03973512674847328,0.08958882824119305,4894
1322,-2.1825674417127905,0.13510770052671434,0.23433169588941452,5,34.40329452160982,1.0,0.04986075418705787,0.060273365882268976,4899
1323,0.8673654606532049,0.15281059592962265,0.2341911179617335,2,14.239501840644792,0.0,0.03704203138678747,0.09034987907431366,4901
1324,0.9706914143898066,0.18153874576091766,0.234120860626345,1,9.238571021211872,0.0,0.07009149721395766,0.13117385563683992,4902
1325,-2.140924477067265,0.11938490718603134,0.23391021505809242,3,21.873669847503542,1.0,0.017949095281799783,0.03792332583907397,4905
1326,-2.1360098421124527,0.12270524501800537,0.2335595601915526,5,15.26687477560972,1.0,0.0592995441781186,0.07508784050805638,4910
1327,-2.0517963405052497,0.08491181954741478,0.2334194454757981,2,10.334597484654266,1.0,0.05977509420938168,0.1158033375387397,4912
1328,-2.1337299953380584,0.101742518444856,0.23320943099181785,3,21.21498797592452,1.0,0.05745794351750873,0.11061198825963961,4915
1329,-2.0,0.16797564923763275,0.23313946816252032,1,3.9713782225300553,1.0,0.04347574790293504,0.08823723360289477,4916
1330,-2.0198095410961603,0.16807925328612328,0.23299960546417495,2,11.305878803174858,1.0,0.04405829906607305,0.11950888263438102,4918
1331,-2.26599339709266,0.11724328036819186,0.23251074644183597,7,40.26843667334451,1.0,0.04180509036325987,0.05171292173827584,4925
1332,-2.1935594297319847,0.12542307589735305,0.2320229130999622,7,33.04410412992509,1.0,0.027731998073417974,0.030190075849649597,4932
1333,0.9587881384912897,0.16952887177467346,0.23195330622603222,1,9.706053681367992,0.0,0.07394110151037668,0.16863355315275347,4933
1334,-2.1120636895617633,0.09409713596105576,0.23160558496205083,5,19.624154400970465,1.0,0.07789381206289304,0.09171538117156149,4938
1335,-2.0390394119756903,0.22464325030644736,0.23139720246283957,3,6.031161639211504,1.0,0.04208520861849679,0.050560440485150356,4941
1336,-2.1363599571298906,0.16020388156175613,0.23118900745161997,3,21.26077718386931,1.0,0.05769819831122695,0.049180347588067656,4944
1337,-2.2615365842959965,0.15410001575946808,0.23091170545977552,4,39.36342410237684,1.0,0.03748138718894546,0.04981108053262129,4948
1338,-2.2935883275394,0.10653833619185857,0.2304272270832872,7,42.31280853545194,0.0,0.030415203615902144,0.041037940407403196,4955
1339,-2.0185625708215884,0.1490037515759468,0.23028899148548768,2,9.041733990251458,1.0,0.03818322920542915,0.09876047140269623,4957
1340,-2.069479222458811,0.18635036051273346,0.23015083881660564,2,18.042315175034837,1.0,0.05921975840038578,0.11778618258879078,4959
1341,1.014252871977117,0.18950092792510986,0.23008179356496067,1,2.7284257512049974,0.0,0.04464275570386844,0.0754681937354321,4960
1342,0.8530675787569884,0.12107803672552109,0.22987478206662426,3,14.719225001781881,0.0,0.04141961498182532,0.08846739942645633,4963
1343,-2.0785308194288787,0.08719197163979213,0.22966795682274885,3,15.775196166704607,1.0,0.03155981723313818,0.046703089337829566,4966
1344,1.0049775319077525,0.11731907725334167,0.22959905643570203,1,5.024624002104954,0.0,0.049093214845042005,0.12219908027938153,4967
1345,-2.1442515572336265,0.1580459550023079,0.22932366152667485,4,21.61507110034492,1.0,0.0231887719943284,0.05830569004619332,4971
1346,-2.060407099699828,0.11960235858956973,0.22891118839906302,6,7.636729150566527,1.0,0.0406302533968765,0.03151949379680288,4977
1347,0.9821784546285237,0.15995238721370697,0.2288425150425433,1,8.22685805154584,0.0,0.06361196414808387,0.1380949268866045,4978
1348,-2.315476004651131,0.11836159867899758,0.22836237805711615,7,43.33757872448538,0.0,0.048732314337511906,0.020784224819044347,4985
1349,1.0037068553943616,0.12004557996988297,0.22829386934369902,1,2.656043450382847,0.0,0.047521120565653815,0.11368877334593933,4986
1350,0.7083944844155333,0.1563342273235321,0.22795163394253581,5,20.79741877339956,0.0,0.022193769788429407,0.046878596418750286,4991
1351,-2.1174404813697705,0.15907239275319235,0.227473366124495,7,25.510767114840753,0.0,0.03904420448515718,0.02502285834089913,4998
1352,0.7606240918333811,0.12960338741540908,0.2271323607399292,5,24.30212703779393,0.0,0.04211270680316504,0.05168476176330121,5003
1353,1.0488467082804969,0.16694071888923645,0.22706422103170723,1,1.8834399342106223,0.0,0.06995890137135953,0.17251303034026672,5004
1354,-2.047865763068241,0.1222996897995472,0.2267918665566275,4,8.96951944300452,1.0,0.02174645834450536,0.03557986306238254,5008
1355,0.9934150175584288,0.09295877814292908,0.22672382899666052,1,6.301787191176061,0.0,0.04861452696501688,0.10671482723989278,5009
1356,0.977400952762228,0.1348382532596588,0.22665581184796152,1,8.957120182801308,0.0,0.07180226400596013,0.15752243259650914,5010
1357,0.6396227498501444,0.1516336016356945,0.2263839472434054,4,29.48345130881097,0.0,0.02460266436288578,0.03671253390482437,5014
1358,0.7019843158735507,0.17343044467270374,0.22611240872959723,4,20.901927604224632,0.0,0.03776741494486839,0.02928164239054843,5018
1359,0.7983415791904862,0.17905502021312714,0.22590896860598594,3,16.807642957219276,0.0,0.03551362113788052,0.09205530706590571,5021
1360,0.9753091373472805,0.2375316321849823,0.22584119591540416,1,9.582033690252073,0.0,0.06956333614654041,0.185919759774425,5022
1361,-2.3702937060556146,0.14921488293579646,0.22536735603048622,7,46.95329015613939,0.0,0.027800612805717724,0.060825055408629085,5029
1362,-2.074640708084708,0.10986048728227615,0.22516458625316002,3,10.289745482902907,1.0,0.04651164085559017,0.06353611148707913,5032
1363,0.9955220839443822,0.08763104677200317,0.22509703687728408,1,5.541824293585533,0.0,0.0372363169722217,0.08333988596408572,5033
1364,-2.13321334920632,0.10144350230693817,0.2247595938485343,5,15.749589228822682,1.0,0.05056580428479011,0.06069927824452847,5038
1365,0.9707192366231265,0.3038303852081299,0.22469216597037975,1,6.11820176788543,0.0,0.037358928944671126,0.06259729347267164,5039
1366,0.9317077212572831,0.11098739132285118,0.22455737089309247,2,10.28289530554156,0.0,0.04401111463055634,0.09238176115753964,5041
1367,-2.075375507874544,0.11458145454525948,0.22442265668072,2,15.17930399960612,1.0,0.06301441888521411,0.10498071738384504,5043
1368,-2.0,0.0884985476732254,0.2243553298837158,1,3.2652971506520827,1.0,0.03188924893591855,0.046805961807266414,5044
1369,-2.108186644668932,0.13579936884343624,0.22408622461550493,4,14.600732907890826,1.0,0.04942903806545996,0.06094074248826345,5048
1370,-2.0714743362186514,0.14770831167697906,0.22395179304849586,2,16.778034917512603,1.0,0.031658641867058704,0.11442479365606449,5050
1371,0.8113310021252588,0.11544609069824219,0.22381744212832816,2,18.751115420948643,0.0,0.058301733013784426,0.1201638826430226,5052
1372,0.6126256043282381,0.12225363031029701,0.2235489820350225,4,29.937906730781823,0.0,0.03575841710451317,0.048679600112076477,5056
1373,0.9580044576838398,0.20938946306705475,0.223481917340412,1,7.605898834532016,0.0,0.061576273608653954,0.1457999804282829,5057
1374,0.42261532102573707,0.16641646325588227,0.22314689553779596,5,37.11533483003988,0.0,0.05126434571320558,0.06859078899546163,5062
1375,1.0141200089850286,0.135492742061615,0.22307995146913462,1,3.610503763125485,0.0,0.03773093398926655,0.04560775530314835,5063
1376,0.9999559934301312,0.2457103133201599,0.2230130274836939,1,3.8228545043131206,0.0,0.03507069090104456,0.10004999528666657,5064
1377,-2.0700408036786326,0.11948463320732117,0.22287923973837617,2,14.7965316628582,1.0,0.04008321556487827,0.12046608270551372,5066
1378,-2.3104803016950037,0.1309225255889552,0.22241161436613105,7,48.41197918361892,1.0,0.04060196540539795,0.040064262574648374,5073
1379,1.0075957563382243,0.07068860530853271,0.22234489088182122,1,9.78913291456951,0.0,0.06479765770407428,0.08223581787529123,5074
1380,-2.158340112186726,0.18728574737906456,0.2220781970549927,4,28.073063594015718,1.0,0.042110684381081,0.10034211475321093,5078
1381,1.0701202868810729,0.2984505593776703,0.22201157359587623,1,1.490973777114763,0.0,0.06120280374657758,0.13353443663710884,5079
1382,-2.174679470611783,0.1394604125193187,0.22154576868346101,7,24.26506922164462,0.0,0.01661630053408962,0.02770577438736012,5086
1383,0.9613294450825798,0.1635168492794037,0.22147930495285598,1,9.998772531806244,0.0,0.06881748775189865,0.14524292636320152,5087
1384,-2.226364731372896,0.14072129130363464,0.22114728526701075,5,27.910128764450644,1.0,0.030207852881659336,0.054549434278125856,5092
1385,0.32195387847149565,0.18297012398640314,0.22074951858297265,6,48.09786801221922,0.0,0.037628965695632316,0.07357145827827877,5098
1386,1.0342739300354342,0.13833312690258026,0.22068329372739776,1,4.783600287449933,0.0,0.06177783782185348,0.1575018141520079,5099
1387,0.5844543244298949,0.1529870331287384,0.22041859292007152,4,31.955260312123094,0.0,0.04272180325295035,0.08195189984282189,5103
1388,-2.3544860944287445,0.16728261964661734,0.21995613025784694,7,51.964282231899375,0.0,0.020797226773575393,0.025132998935275278,5110
1389,0.7253355617300549,0.13071893900632858,0.21975822912283124,3,23.151332700664085,0.0,0.05051478138886757,0.08362299974880402,5113
1390,-2.194382972267124,0.17561062106064387,0.21929715197711713,7,29.321992455503654,0.0,0.028585350849189006,0.03760685847983425,5120
1391,-2.0773403294432775,0.18557718247175217,0.2189684035573869,5,18.187418687705993,1.0,0.07061573822827563,0.1050491381527922,5125
1392,-2.1851108284495617,0.19978231936693192,0.21870575969240916,4,31.21861982539705,1.0,0.06366596826851392,0.04331460249921849,5129
1393,-2.0767789892427233,0.20398060232400894,0.21857455592011207,2,16.29206315187183,1.0,0.044728629740274334,0.12493207727488927,5131
1394,-2.1220142922400513,0.19579455043588365,0.21811596225209953,7,19.424340266249427,0.0,0.03242867895627916,0.06623158243375829,5138
1395,-2.1962076734096696,0.16453015804290771,0.21778898455420495,5,25.74591651844101,1.0,0.02114223657905628,0.041364011392231524,5143
1396,-2.0918033253175747,0.17049259692430496,0.21752775535527213,4,9.833871179563264,1.0,0.0487771191867235,0.04076008120789086,5147
1397,0.7375539025355793,0.15122608840465546,0.21733203910207308,3,21.919485583860464,0.0,0.04095370446222109,0.07000982492852512,5150
1398,0.8706562622227777,0.15991543730099997,0.2171364989406638,3,8.499808057201394,0.0,0.049804409045747136,0.11577350692912562,5153
1399,-2.3745817061937515,0.1955117072377886,0.21668092247573903,7,48.573918671772034,0.0,0.008888751826898834,0.018284083031768438,5160
1400,1.0082904831326112,0.08127965033054352,0.2166159181989963,1,2.177303986916639,0.0,0.05884528812210111,0.09038705756718654,5161
1401,-2.208403404915381,0.1396032820145289,0.21622630186078143,6,27.822182961110045,1.0,0.021810899107006836,0.04295164385066629,5167
1402,-2.2094404896447415,0.14408348074981145,0.21577263509031178,7,31.36155059340353,0.0,0.028782937249173583,0.036152032695868405,5174
1403,-2.168103559111399,0.14581688679754734,0.21551382442212472,4,24.6289789726661,1.0,0.08166467998193903,0.12254509540458274,5178
1404,1.0084394077988832,0.13080237805843353,0.2154491702747981,1,7.267826439214432,0.0,0.046421286622967996,0.10844014747536895,5179
1405,-2.122848889583375,0.15332565208276114,0.21525532418700966,3,21.970836365184024,1.0,0.03131056537495393,0.036067076953504584,5182
1406,-2.080785008484013,0.15063329289356867,0.215061652508367,3,18.3076818797583,1.0,0.040401597709242794,0.11419395389153923,5185
1407,1.0021115778330127,0.11135266721248627,0.2149971340126145,1,8.13833822473658,0.0,0.06447662572857629,0.16594568106223526,5186
1408,0.7032629673761275,0.15494941671689352,0.21480369463542442,3,24.968020998598632,0.0,0.0471094442316294,0.07922442786817346,5189
1409,-2.2543912345390575,0.16498535658632005,0.2143530126527443,7,36.784550087758916,1.0,0.032346533429049557,0.03289040535583854,5196
1410,0.6481156907107722,0.1468807876110077,0.21403167599361,5,24.341234676295706,0.0,0.02390224138351671,0.06988141881757261,5201
1411,-2.0,0.18254579603672028,0.21396746649081194,1,9.186941715875331,1.0,0.05369143791131382,0.11334672725680993,5202
1412,-2.0,0.271884024143219,0.2139032762508647,1,4.196740444178452,1.0,0.07851073149740473,0.16383289639493154,5203
1413,1.0281876691196867,0.16793707013130188,0.21383910526798944,1,2.1162174189014045,0.0,0.08645600187494176,0.1590219539948858,5204
1414,-2.3705306073622174,0.15166080892086028,0.21351853900755435,5,32.42897468068252,1.0,0.03077829816007472,0.04651276856381488,5209
1415,0.5131626068060103,0.1676351398229599,0.21319845330808682,5,34.69966986678064,0.0,0.04094554972846401,0.05853362744020852,5214
1416,1.0346640100694011,0.19884255528450012,0.2131344937720944,1,3.369858104419044,0.0,0.06656575344552425,0.13991679250468,5215
1417,-2.062244848622141,0.1517712101340294,0.2130066322579356,2,15.613661537583642,1.0,0.049963415607578096,0.07643621573240533,5217
1418,-2.0403773101697023,0.1362174227833748,0.21287884744917776,2,8.15760943100838,1.0,0.0527403903277927,0.04002183305190488,5219
1419,-2.0753459756233275,0.11563749114672343,0.2126873139580146,3,16.269479172090033,1.0,0.056104060179496915,0.11457394504099402,5222
1420,-2.279909765661677,0.1613908133336476,0.21224107237679696,7,43.70712223918362,0.0,0.022620280579243028,0.038626008777031914,5229
1421,-2.1290322530457053,0.11362843712170918,0.21205011271101687,3,25.602628380782974,1.0,0.08977496028814437,0.0984778943930133,5232
1422,-2.0408069690389627,0.11882451673348744,0.21185932485738204,3,5.662485020120743,1.0,0.060427067054686714,0.12098512876247192,5235
1423,-2.3867536614794864,0.10338223938431058,0.21141482048915855,7,48.08123971066847,0.0,0.037806269300315935,0.046619096748600625,5242
1424,-2.2235693037777216,0.11123712807893753,0.21109788847468985,5,40.72302889698047,1.0,0.06353648642452261,0.10711340189888793,5247
1425,-2.0283184678965847,0.21183113753795624,0.210971248740415,2,5.865382261559069,1.0,0.032594922335935056,0.05068733996136869,5249
1426,0.6859401398753451,0.12580116279423237,0.21071819714361767,4,23.297858090223798,0.0,0.04018065450247896,0.08787396259400483,5253
1427,1.0085013738204944,0.1105889081954956,0.21065498168447458,1,3.5186855783838884,0.0,0.07374665223293467,0.1744756934542266,5254
1428,-2.2776249957604726,0.12808831887585775,0.21021300416184335,7,27.06006709163268,0.0,0.013573648514177873,0.013089009507699822,5261
1429,1.0184925294067038,0.13480573892593384,0.2101499402605948,1,5.824767184722864,0.0,0.04347247334820078,0.09711016939396815,5262
1430,-2.155493833350366,0.11886406876146793,0.20989787379055536,4,27.49838495364255,1.0,0.04080603179198225,0.0914376132784555,5266
1431,0.8600736484667042,0.18571336939930916,0.2097719539570897,2,11.616151878502544,0.0,0.05223337762281887,0.12634769886392627,5268
1432,-2.2241787597725065,0.17083370313048363,0.20952034086654267,4,37.26803682971313,1.0,0.046681065033011754,0.07127564829731226,5272
1433,-2.094594545536549,0.1300549864768982,0.2092062488669877,5,17.806427134712365,1.0,0.07605965295780973,0.07155100886422869,5277
1434,-2.0825423906384963,0.14171453565359116,0.208892627722834,5,10.246373280531785,1.0,0.041266741657526,0.06163327809279506,5282
1435,0.8289703202832209,0.13454075654347739,0.20870468075325288,3,13.28368927164856,0.0,0.02405861308848996,0.03407541849207095,5285
1436,1.0118697467928666,0.24092596769332886,0.2086420693490269,1,7.729208226326072,0.0,0.058556463370384,0.11392466146584276,5286
1437,-2.273540527443493,0.15183156090123312,0.20820431513979742,7,18.716064188430515,0.0,0.10025071458454957,0.042054798089534245,5293
1438,-2.0389721094271467,0.13789807260036469,0.2080169874657152,3,5.664604699430116,1.0,0.03781388764585693,0.07931181223051535,5296
1439,0.97723212875586,0.15859241783618927,0.2079545823694755,1,9.276025674138717,0.0,0.04233296834686189,0.0841144686141133,5297
1440,-2.0440104833200463,0.11530721560120583,0.20782982833596625,2,7.7258713495284015,1.0,0.09173349834102947,0.12250150273229582,5299
1441,-2.221657794824287,0.13037798056999841,0.20745601510302691,6,33.39334070991545,1.0,0.026826041106330245,0.056274089694066096,5305
1442,-2.040624954857516,0.19534868001937866,0.20733156016500645,2,7.793743324116571,1.0,0.04294906741430833,0.126177899389874,5307
1443,0.9487839514312618,0.2078084647655487,0.20720717988874787,2,4.363889921769183,0.0,0.04486869492882368,0.08588210392208946,5309
1444,-2.004890613652599,0.188903346657753,0.2070828742294608,2,3.4183964038575816,1.0,0.0674595824849766,0.1427419606829847,5311
1445,-2.0404381448247904,0.1573457270860672,0.20695864314238183,2,10.213073132084586,1.0,0.08271737420855953,0.12530311467535965,5313
1446,-2.0821935633627184,0.13442853838205338,0.20683448658277429,2,18.281554117793142,1.0,0.05343140812925525,0.09716247546097982,5315
1447,0.819627586004073,0.2155577391386032,0.20671040450592845,2,18.380420576200557,0.0,0.03843872181497596,0.0745630438840885,5317
1448,-2.363145560159849,0.1574310607143811,0.20627670314384783,7,39.72034961382252,0.0,0.0900912950694387,0.038425924294362764,5324
1449,-2.1175472841209757,0.17768591890732446,0.20609110980015877,3,20.63006329551022,1.0,0.04122023590581381,0.04556915029708364,5327
1450,-2.0739815825365095,0.13746218383312225,0.2057204239142526,6,17.61949867825062,1.0,0.0281154594998629,0.08169873483677813,5333
1451,1.0071222250217367,0.19639599323272705,0.20565870778707834,1,5.4888362690283685,0.0,0.08000031319875614,0.22316635140060978,5334
1452,0.8738542221438311,0.13617391884326935,0.2055353310716898,2,13.118136350604948,0.0,0.03406143263308741,0.04497972020013375,5336
1453,-2.3078589276019366,0.18125386110373906,0.2051040951440424,7,50.23030946462666,1.0,0.06736935915567342,0.03894798664729048,5343
1454,-2.121372498445015,0.13582502926389375,0.2047351845525803,6,30.373743852667708,1.0,0.023957870933229257,0.042178341282637206,5349
1455,-2.1286712951306512,0.15616906806826591,0.20448961286600714,4,18.62506681474487,1.0,0.025927861364619956,0.058292236791617644,5353
1456,-2.1107322439376093,0.11638890951871872,0.20430562742110198,3,17.712363568377867,1.0,0.024259208077992447,0.049117690611910174,5356
1457,0.9313808433076158,0.10720396414399147,0.20418306243215578,2,12.040133732598274,0.0,0.060966691002853235,0.13667974658902718,5358
1458,0.688681513948811,0.12081692442297935,0.20387697154814263,5,23.768446543607674,0.0,0.07414949387580319,0.09666261900732459,5363
1459,-2.07003303608504,0.0921185277402401,0.20375466371414122,2,10.770941833805074,1.0,0.05813152456684607,0.14999836412227716,5365
1460,-2.39603650655443,0.17696117609739304,0.2033271638241656,7,40.04311806741171,0.0,0.07440370746383745,0.02618305520597516,5372
1461,0.8006587165047473,0.1752179910739263,0.20314422426956827,3,16.469766181287575,0.0,0.04948893602811337,0.10359838085216354,5375
1462,-2.064171408852099,0.15216302871704102,0.2030223560179867,2,8.927988450934063,1.0,0.04703604160104246,0.08031946756268225,5377
1463,1.0069191623557967,0.08413594961166382,0.20296144931118132,1,5.119438398041196,0.0,0.0742711208838352,0.22268186410319485,5378
1464,0.8331121888629218,0.13668955862522125,0.20277883880091263,3,16.31968126930479,0.0,0.04623694067150794,0.12108100261874793,5381
1465,-2.3093633723216347,0.1492616789681571,0.20235338629986757,7,44.18924507125915,0.0,0.026494961706633496,0.020807426115900363,5388
1466,-2.0171064121592512,0.16071834415197372,0.20223199247989243,2,9.048725480221588,1.0,0.03065323569113091,0.07805457306076026,5390
1467,-2.260091867997033,0.1254857980779239,0.2018076873230986,7,44.52280198932341,0.0,0.04107471540865412,0.045063586806067896,5397
1468,0.8645606768980394,0.12027809768915176,0.20162611488713458,3,8.587970854219602,0.0,0.04929169414321066,0.09561670623473427,5400
1469,-2.0577782133149807,0.12392443666855495,0.2014447058173433,3,7.021282866785416,1.0,0.04962363294397745,0.11897499280287296,5403
1470,-2.26379551213001,0.16929718852043152,0.2010823771884693,6,34.33023737482133,1.0,0.03583882441484305,0.061806864604656,5409
1471,-2.1121999606686575,0.1570400819182396,0.200780934542542,5,25.203425872536158,1.0,0.029426060508406075,0.011525217423939221,5414
1472,1.02561463631326,0.09848222881555557,0.20072070026217925,1,1.1612327850825097,0.0,0.03560089040919162,0.10610149340882022,5415
1473,-2.020624685385519,0.18110612779855728,0.20060028590688497,2,9.245529995355223,1.0,0.03959494571817847,0.08442669818429503,5417
1474,-2.2733900333664248,0.1664359314101083,0.2001794042515105,7,34.23459329505478,0.0,0.07243103080633631,0.02515965076276335,5424
1475,-2.0662504607107572,0.1285705789923668,0.200059314625106,2,13.605835454482815,1.0,0.07350310943543772,0.16143366719792,5426
1476,0.9552654129131869,0.16104015707969666,0.19993929704166927,2,5.428695500940597,0.0,0.03670028267849428,0.10123487015227714,5428
1477,0.8831537276994404,0.1561296433210373,0.19981935145798102,2,11.546200273944283,0.0,0.02300170942925,0.06322972422764837,5430
1478,-2.3016629304887863,0.17654003202915192,0.19940010828972093,7,42.57069834100826,0.0,0.015505920981646467,0.02108799594664188,5437
1479,-2.0335168425181056,0.11457253433763981,0.19916093581429817,4,7.120531678843959,1.0,0.07955917611188977,0.0543432242336485,5441
1480,-2.0,0.1802133023738861,0.19910118753355388,1,1.122114554117175,1.0,0.045793727586087914,0.07253033596713972,5442
1481,0.8320040556404695,0.14766156176726022,0.1989220502167186,3,15.164917115637447,0.0,0.03358989444431448,0.06751374775602782,5445
1482,-2.2933645796341446,0.15130454301834106,0.19862384611753786,5,45.0034573917751,1.0,0.037467961514644404,0.03577317967020953,5450
1483,-2.3257505559376197,0.17946151111807143,0.198207111252117,7,46.369444444524355,0.0,0.03790589551872919,0.03336394963580091,5457
1484,0.8396904887306559,0.18084383010864258,0.19802877836255858,3,12.864272083711704,0.0,0.023475292803114646,0.05846615754732376,5460
1485,0.9081414087936517,0.16829302161931992,0.1979099789181311,2,13.63769619851649,0.0,0.05108018391768283,0.17849995349721284,5462
1486,0.840476759141382,0.20676946640014648,0.19779125074267837,2,15.805166872129362,0.0,0.059926435693928,0.15010207651888316,5464
1487,0.9043558078534855,0.11980265006422997,0.19767259379344534,2,9.046449142595844,0.0,0.06188690008619878,0.12139038578015751,5466
1488,0.8578987742238559,0.12385885417461395,0.19755400802770273,2,12.930639585763972,0.0,0.041767665688187045,0.12309151546118781,5468
1489,-2.12728924265958,0.12902812411387762,0.197376262754726,3,22.124784775491705,1.0,0.043056658757228264,0.06657940389591627,5471
1490,-2.3500152911039915,0.11725659881319318,0.19696214545761312,7,53.89637251671407,0.0,0.026100304380328433,0.03451088750571501,5478
1491,-2.333522743868281,0.17285783801759994,0.1965488970245337,7,54.12048153862945,1.0,0.03687191453829941,0.04194007303729043,5485
1492,0.8943970728643142,0.15903164198001227,0.19637205608010702,3,7.924995494254923,0.0,0.030949656668849558,0.07099778843059737,5488
1493,0.9775549784690922,0.22503086924552917,0.19625425051994402,2,10.137517822954788,0.0,0.05093444241163528,0.09161849022843857,5490
1494,-2.2741140917439204,0.1580284506082535,0.19596004572000894,5,43.30535793047788,1.0,0.042966587950256284,0.028473605542358872,5495
1495,0.9181423621964079,0.13617582619190216,0.19584248732898105,2,8.814872923315988,0.0,0.0494927871687723,0.05707560392554492,5497
1496,1.0458576346334432,0.2856833040714264,0.19578373458278236,1,4.4121244716651455,0.0,0.05369196697847613,0.135998785719264,5498
1497,0.9918377536793334,0.12878626585006714,0.19572499946240754,1,4.393425427745999,0.0,0.09615047006396453,0.21670723203674094,5499
1498,0.9673295823287016,0.12373492866754532,0.19566628196256883,1,5.280021729213882,0.0,0.0950733675037815,0.12374131522882549,5500
1499,-2.1748134920748696,0.20690545812249184,0.19543158806287567,4,22.787632941715383,1.0,0.03259740920459294,0.07590304983919177,5504
1500,-2.0227490145291176,0.18920548260211945,0.19531434669888087,2,8.439873246653333,1.0,0.04309245089332337,0.15390766756634242,5506
1501,0.9855467516187731,0.17500685155391693,0.19525575239487122,1,4.347294344879758,0.0,0.046333282068974704,0.08148780889660333,5507
1502,0.31959279511005,0.1760097270210584,0.19490455553041183,6,46.06001634156259,0.0,0.0391632902114546,0.08745970124555774,5513
1503,-2.486270538616515,0.17072797460215433,0.19449562414927837,7,62.9803456747038,0.0,0.0304652132179258,0.02259190709744002,5520
1504,0.8642090306070795,0.1569487527012825,0.19432063059611118,3,12.44671147591744,0.0,0.03195763479628456,0.0533328816757023,5523
1505,1.0290111713206156,0.16654622554779053,0.19426233440693236,1,4.384457832387563,0.0,0.07533769064701352,0.2102397405688206,5524
1506,0.9257377243717162,0.13742899894714355,0.1941457944898983,2,10.556760313188121,0.0,0.051526766569516526,0.14942398669689333,5526
1507,-2.0,0.23800143599510193,0.19408755075155135,1,8.156431321347739,1.0,0.08202979188292031,0.23375855073960544,5527
1508,-2.09060486602419,0.16211307545502981,0.19391292435427332,3,15.794544190456815,1.0,0.019277364340596195,0.05326805456401217,5530
1509,0.9895702797938175,0.1843527853488922,0.19385475047696704,1,3.7591571469905207,0.0,0.07353688506280816,0.11626628534328418,5531
1510,1.011773641630703,0.21287892758846283,0.19379659405182395,1,8.004522761558441,0.0,0.04494150502016799,0.07165515307666623,5532
1511,-2.1683916835322723,0.10536119448287147,0.19338998729679507,7,27.84080807810075,0.0,0.04523330352376604,0.06112867407434286,5539
1512,-2.0299713462534905,0.13618923723697662,0.19327397070951585,2,13.7112822482138,1.0,0.03485456965534808,0.0613983743400557,5541
1513,-2.2622741476604147,0.13442881937537873,0.19286846047624145,7,39.294591429803695,0.0,0.06824614916503871,0.04318521732233876,5548
1514,-2.138717508592078,0.16912560164928436,0.19263712245181042,4,21.858956130622182,1.0,0.030675075176153088,0.062871765386958,5552
1515,0.681866321877407,0.15288762375712395,0.19240606190811116,4,13.77644217898565,0.0,0.05825199947873049,0.08977083771368487,5556
1516,-2.1166106037270236,0.14070237055420876,0.19217527851231658,4,17.47063212616654,1.0,0.023471882920442985,0.0403164280451636,5560
1517,0.8512104161115658,0.09467891107002895,0.19200237264379197,3,11.283525493707918,0.0,0.03188930579431481,0.03141539288556388,5563
1518,1.0530414935995374,0.07193051278591156,0.19194477193199883,1,2.349179246699686,0.0,0.05346590633245447,0.07519367846114172,5564
1519,0.6383464634927936,0.14772473027308783,0.19159953036433652,6,25.15833811863543,0.0,0.029600490385826662,0.03213418862167373,5570
1520,-2.3142624670763654,0.15841564110347203,0.19119753329267664,7,41.94946631491548,0.0,0.09656205511710218,0.038977057051930615,5577
1521,0.8412737071581167,0.1115678921341896,0.19108283198047904,2,15.407791119819851,0.0,0.05302740491121854,0.1673169438125563,5579
1522,1.0346112549511843,0.11681383848190308,0.1910255071308849,1,5.111057240422552,0.0,0.04778050102586319,0.13569214984075303,5580
1523,1.0099935195386804,0.1783464103937149,0.19096819947874563,1,2.539376644770111,0.0,0.0392036635714896,0.07765452638149542,5581
1524,-2.0,0.11439915001392365,0.190910909018902,1,3.2863780091828545,1.0,0.06581747054593944,0.09249985464243864,5582
1525,-2.0657914176656638,0.19936055690050125,0.1907963796554725,2,10.262947986396163,1.0,0.07370445945824046,0.18470623682964188,5584
1526,0.9409281296357318,0.1333412081003189,0.19068191899935338,2,6.340547072561957,0.0,0.05936354612187896,0.06960415956163926,5586
1527,-2.485766068321004,0.18760186114481517,0.19028184717814134,7,53.726425839107144,0.0,0.08939120302338772,0.0253455618329971,5593
1528,-2.1260432409182495,0.15458258241415024,0.1900536116931762,4,23.558299544126214,1.0,0.07951154999234754,0.05438432453598316,5597
1529,-2.2762136523248766,0.17957586901528494,0.1896548581303999,7,45.039231430807234,0.0,0.044408523475234565,0.03740690495585298,5604
1530,0.8668363750688844,0.11863728612661362,0.1895410822844589,2,13.980625893392402,0.0,0.040757760731145225,0.13131261860938828,5606
1531,1.0039602642668568,0.10057654231786728,0.18948421995977358,1,4.955908088540307,0.0,0.040360648760122894,0.10632034913509016,5607
1532,-2.3891953894505007,0.19510609763009207,0.18908666104402494,7,54.59283622688183,1.0,0.039416301118421246,0.040351146684789854,5614
1533,1.0387608382665863,0.2453559935092926,0.18902993504571175,1,2.635873338279794,0.0,0.07326367487920774,0.16486647457570405,5615
1534,-2.0235841536258454,0.19281139969825745,0.1889165340973785,2,4.325627890932328,1.0,0.03489997284785612,0.07732958434845495,5617
1535,1.0276673479059466,0.1350133717060089,0.18885985913714928,1,1.01908566073365,0.0,0.03678024978547274,0.06670598991928281,5618
1536,-2.3071894288851564,0.1649170709507806,0.18846361019967603,7,35.718742828830386,0.0,0.08260079041124342,0.04117322935184176,5625
1537,0.5335228818725328,0.14275470908199037,0.18806819263643537,7,31.595499051382227,0.0,0.02708006628518706,0.05753806132660598,5632
1538,0.8861800164460629,0.13547823205590248,0.18795536864699086,2,8.968314164690876,0.0,0.026186993596329606,0.04960495029298836,5634
1539,-2.079146744265899,0.08940891176462173,0.18784261234178584,2,16.580270682780064,1.0,0.049296065201529675,0.11599786526169466,5636
1540,-2.0518795883626346,0.13193747401237488,0.1877299236802159,2,15.332260065455582,1.0,0.029092899801965697,0.05659393119221996,5638
1541,0.7838599972470145,0.2013461043437322,0.1875610174309144,3,17.53535890022568,0.0,0.05176011052735728,0.11671271381130786,5641
1542,-2.0,0.12490004301071167,0.18750474912568516,1,2.4697811027255843,1.0,0.034190301459337255,0.08294553775315064,5642
1543,-2.149544870837235,0.16396674327552319,0.1872798446590499,4,23.060848928366468,1.0,0.035720825773126144,0.08738618111548235,5646
1544,-2.2526309661261177,0.14982949516602925,0.18688691076724595,7,36.96032420751874,0.0,0.06444630596276986,0.0469410242466592,5653
1545,-2.0879696528805,0.1695034384727478,0.18660674854886292,5,11.094663363509571,1.0,0.03243430460637554,0.037640558357486434,5658
1546,-2.261139136341675,0.13937829647745406,0.18621522688737457,7,32.44568059637592,1.0,0.04944164222535307,0.019254224040920382,5665
1547,-2.068163311612902,0.17071149125695229,0.1861035145106126,2,15.120064688413201,1.0,0.06715166784921825,0.15646313525911643,5667
1548,-2.0295014244412,0.12052222341299057,0.18599186915122257,2,9.174953392360331,1.0,0.060760446200132726,0.13937459815230752,5669
1549,-2.092365328044718,0.15036130448182425,0.18582452668176938,3,17.305201447023055,1.0,0.05485362196513036,0.1338599371864717,5672
1550,-2.0,0.152010977268219,0.18576877932376484,1,4.013544793195007,1.0,0.04510701675395713,0.08550620281018778,5673
1551,0.9932660896575874,0.10670195519924164,0.1857130486899677,1,6.548699416298641,0.0,0.05710893794985417,0.11232106230703179,5674
1552,-2.3541394249975744,0.1550284389938627,0.18532340210993467,7,53.08065589950779,0.0,0.05093151494526757,0.04261598592862418,5681
1553,0.9803707454594087,0.12509778141975403,0.18526780508930168,1,6.949362881720909,0.0,0.04785126181676057,0.08853241568579759,5682
1554,0.44508270663696,0.14829838275909424,0.18493457305165575,6,36.161546138923235,0.0,0.035160611969199035,0.08252698971077083,5688
1555,-2.0161186670805376,0.158415287733078,0.18482362895193635,2,7.7609853050180595,1.0,0.027570191649935922,0.05939923670550914,5690
1556,0.6725808642284112,0.1297277339867183,0.1844358484731901,7,14.168510396625843,0.0,0.04313303489784191,0.03190568733093681,5697
1557,-2.3625915737030336,0.14381255848067148,0.18404888160091043,7,48.81078939768376,1.0,0.051699101081881485,0.03304133125476358,5704
1558,0.9998960224132301,0.11830615997314453,0.18399366693643016,1,6.074778202973953,0.0,0.06468250048009361,0.1568333788119109,5705
1559,-2.129651880420749,0.15254055708646774,0.18366272662806074,6,16.67622024937294,1.0,0.06121642739040715,0.03286357247366684,5711
1560,0.6764531621281626,0.12278787232935429,0.18344243051414538,4,25.80313773637888,0.0,0.018644357043607885,0.054424624380474414,5715
1561,-2.0784803155689664,0.1116694025695324,0.18333238156565565,2,19.383628595092663,1.0,0.06339558827134135,0.1113302114688565,5717
1562,-2.13424394005537,0.19720058143138885,0.18311248168746452,4,24.251646162031864,1.0,0.013566528714351007,0.015629969495319702,5721
1563,0.7966603155977212,0.15528467297554016,0.18289284557040503,4,13.787226201368338,0.0,0.0373977730868654,0.049543246731746225,5725
1564,-2.0038782596466342,0.13620296865701675,0.1827831263234189,2,5.953724405090965,1.0,0.058448920455093874,0.1013092248843513,5727
1565,-2.3883416073486727,0.15861754225833075,0.1823996270455703,7,41.830799710732634,0.0,0.0638042590510317,0.023977753052590943,5734
1566,1.0521302529220227,0.11537832021713257,0.18234490715745663,1,2.0406327715800563,0.0,0.06597768963853214,0.12989768179346647,5735
1567,0.7785142486114291,0.20324975748856863,0.18218084596921655,3,14.126200617206988,0.0,0.024829426452795185,0.0673660128232793,5738
1568,0.7556955118361237,0.12785960882902145,0.18190773861384268,5,15.280403686760183,0.0,0.02313708629003508,0.06791476238617247,5743
1569,-2.3670581384104556,0.11599908620119095,0.18163504067377897,5,43.97702012723091,1.0,0.09982411460607482,0.04754038776931499,5748
1570,0.6202400142803287,0.15635703716959273,0.18125395020699733,7,25.249192883265934,0.0,0.03046195371866385,0.0487268824367941,5755
1571,-2.0919667412416105,0.12961538136005402,0.18109087058548376,3,16.751863676296818,1.0,0.06818628881291389,0.08953348361618493,5758
1572,-2.21116657688006,0.12435427059729894,0.18076515139333815,6,40.37080474424867,1.0,0.06130094226437928,0.05481275417749616,5764
1573,-2.0662283699742177,0.15979911386966705,0.1806567085713658,2,10.19215930382929,1.0,0.054796717341489935,0.10012129420714604,5766
1574,0.9902947191134137,0.07339577376842499,0.1806025115587944,1,2.595779760178593,0.0,0.04490458727255358,0.10276950271794427,5767
1575,0.9921717345393077,0.08576776087284088,0.18054833080532676,1,3.5546598504867917,0.0,0.059489156075029505,0.11741880127226899,5768
1576,1.0105582876022137,0.10570622980594635,0.18049416630608517,1,2.846883893292893,0.0,0.047273976818051115,0.11094504065518153,5769
1577,0.0653304872383148,0.13171656749078206,0.18011546952030089,7,48.83026389699868,0.0,0.09738792691444075,0.050620532057397034,5776
1578,-2.2519236498282647,0.1424847630163034,0.17979150473380778,6,43.859848708799746,1.0,0.05692802955066836,0.04607089130565753,5782
1579,-2.264806756555359,0.13604298553296498,0.17941428220995875,7,34.667280816910484,0.0,0.026262087806627976,0.019019218405644585,5789
1580,1.0158686341117587,0.2806326746940613,0.17936045792529576,1,5.446979763820843,0.0,0.030580925829449105,0.0803146612704808,5790
1581,0.9181966603389834,0.16144156952699026,0.1791990819356439,3,12.273249893662761,0.0,0.029199799430007133,0.054154424836543216,5793
1582,-2.1477588569971253,0.13673909306526183,0.1789304445435377,5,28.18420743352393,1.0,0.04815249596380579,0.016604300123871894,5798
1583,0.9521305718293335,0.1560240089893341,0.17882310238055163,2,6.623015350655683,0.0,0.06430026720235191,0.14600466236037365,5800
1584,-2.279730812722782,0.1872302762099675,0.17844791167227886,7,42.389080987906,0.0,0.02221369489147534,0.026148579075352636,5807
1585,0.8670739118160875,0.20624323189258575,0.17834085898558757,2,17.008284875207405,0.0,0.061813042408306255,0.12120129225443985,5809
1586,-2.0164772652480187,0.17261076718568802,0.17823387052087353,2,4.528800864288264,1.0,0.039558021221812435,0.11560292770618322,5811
1587,-2.101936935172459,0.1042517547806104,0.1780735081557375,3,17.013771676314533,1.0,0.08840341159341204,0.18616051906647973,5814
1588,-2.224357274032698,0.12175555601716041,0.17780655811158863,5,34.062351079160926,1.0,0.049986413810118376,0.04875943190746227,5819
1589,1.040132655804576,0.11250419169664383,0.17775321614415515,1,2.879542366178698,0.0,0.04773834819466616,0.09986339573418851,5820
1590,1.0039844242738347,0.1814107820391655,0.1776465802122581,2,6.167641164131107,0.0,0.03765978633282218,0.07832145786777603,5822
1591,1.012417499446762,0.16800457239151,0.17759328623819443,1,4.776645734209132,0.0,0.0521853588051351,0.11232549947659816,5823
1592,1.0207296329387106,0.1854027956724167,0.17754000825232297,1,4.872739410855614,0.0,0.05749055089207293,0.10506114902634518,5824
1593,-2.058675446772419,0.126628706852595,0.17738027017590455,3,8.977033667264292,1.0,0.06276586674287005,0.07370479950671528,5827
1594,-2.2854494721671457,0.18690335431269237,0.1770081066896718,7,35.86138370486835,0.0,0.027155651322910798,0.029414522153435343,5834
1595,-2.1844281568767023,0.14488871892293295,0.17668973096301158,6,23.39519560264146,1.0,0.022421168231728034,0.025587759294712995,5840
1596,-2.05164415286513,0.3163449168205261,0.17658373302650957,2,14.670427384014305,1.0,0.050138390749687775,0.07862134828503667,5842
1597,0.7373452313325362,0.16369214902321497,0.17642485533962587,3,20.076526968630635,0.0,0.044307376577403884,0.1085601304311216,5845
1598,1.0184492959364635,0.31401267647743225,0.176371927883024,1,7.820486614145253,0.0,0.02427593985100366,0.071073854841864,5846
1599,-2.0187202838490537,0.176206823438406,0.1762661205997677,2,11.133211074337678,1.0,0.08657521261963014,0.12670472423367893,5848
1600,-2.004239837057114,0.13844039291143417,0.1761603767913587,2,2.1399251828928705,1.0,0.03607117828618429,0.07726493945883463,5850
1601,-2.0568649147585525,0.15278079360723495,0.1760546964197178,2,14.330804259321908,1.0,0.04106223802961117,0.09343146406891792,5852
1602,-2.392812823387104,0.17186106315680913,0.17568531413429092,7,46.047252122226524,0.0,0.053254672681615725,0.04618772773367189,5859
1603,0.870552451416666,0.1609419509768486,0.17557991875748863,2,12.118366805890556,0.0,0.032053504621199366,0.06841551894542733,5861
1604,-2.402223297938639,0.15749932399817876,0.17521153260827113,7,61.27156756738539,0.0,0.047626758434006315,0.07457429859512814,5868
1605,-2.068439584868171,0.12563466529051462,0.17505388953130682,3,20.142953460819164,1.0,0.03064044918223827,0.0792597329066593,5871
1606,-2.1112932280279293,0.1671834016839663,0.17489638829055237,3,21.682657178365197,1.0,0.06601610743568452,0.04930481541813731,5874
1607,0.9027817172995198,0.12255358397960663,0.1746342010676511,5,8.547546620989962,0.0,0.022367529262907835,0.034610278391512955,5879
1608,0.9441910208282037,0.16373732686042786,0.17452943626408862,2,9.197190334917618,0.0,0.03169072638729013,0.0658175265809615,5881
1609,0.9350088193389343,0.17669516801834106,0.17442473430997943,2,11.02722114407241,0.0,0.06341239848975716,0.11181011065620935,5883
1610,0.5850631396468977,0.14060649573802947,0.17416325414368775,5,26.585500840994577,0.0,0.05202405803960158,0.04308160571820677,5888
1611,0.8383459976875467,0.2115389108657837,0.17400655423433467,3,14.296105088972567,0.0,0.061878988588201844,0.13547101884796128,5891
1612,-2.468100748515031,0.14322988156761443,0.17364146917844325,7,58.307167760831035,0.0,0.0769315060913832,0.051138449851898526,5898
1613,-2.154852250668915,0.18024874265704835,0.17327715011150335,7,27.33307477337041,0.0,0.034514547440977976,0.060175470016167736,5905
1614,-2.289723698258499,0.19595602793352945,0.17291359542638515,7,40.559099028173804,0.0,0.016094755602805058,0.01031001879353801,5912
1615,0.8324098705552538,0.1909432460864385,0.1727580198725035,3,15.53777871564766,0.0,0.03827966180741376,0.06545954911138925,5915
1616,-2.4508220925992097,0.17257035630089895,0.17239555438022147,7,48.95840529570187,1.0,0.09700402264230688,0.04028599372108528,5922
1617,-2.087145798674902,0.1288388321797053,0.17224044492342427,3,15.728165131607767,1.0,0.01980770975410051,0.036547241399789696,5925
1618,-2.418618453954884,0.18913903938872473,0.17187906536080766,7,63.071421215210016,0.0,0.06461348327489129,0.04133592000907804,5932
1619,-2.2585803507235056,0.1640112687434469,0.17151844401260655,7,34.127232253237715,1.0,0.020676439663558983,0.050004023501611324,5939
1620,-2.066763963159474,0.20755144953727722,0.17131271448122862,4,11.869102993185425,1.0,0.023470644734677755,0.034217872870285854,5943
1621,-2.2082313229167316,0.15017961462338766,0.17100458277483893,6,33.58984861954034,1.0,0.01868269142243694,0.039725909936839145,5949
1622,-2.06141410495069,0.18531641364097595,0.17090199541558648,2,6.889691718468417,1.0,0.0405039644675831,0.11685163993725108,5951
1623,0.5554939876264251,0.20783719122409822,0.1706457961881224,5,32.24114464740131,0.0,0.046873791041464545,0.0661272671522844,5956
1624,0.9218232976808619,0.13850198686122894,0.1705434240685312,2,7.384755799708596,0.0,0.03149491148668425,0.07047354866169367,5958
1625,0.8647816330619129,0.10569706559181213,0.17044111336299828,2,12.171670076430216,0.0,0.043045669622138974,0.07573942037637836,5960
1626,0.9896643191098444,0.2343100905418396,0.1703899810289894,1,5.464869939512155,0.0,0.050755810966559345,0.10997678007154763,5961
1627,-2.2701200769610987,0.16441444839750016,0.17003248394492249,7,41.589667629590906,0.0,0.02843587884298361,0.03997123128167938,5968
1628,-2.44825173968122,0.20529124992234365,0.16967573692940038,7,55.2833775384001,0.0,0.05039705858792956,0.007706088733805345,5975
1629,-2.074728769846744,0.1021374985575676,0.16957394675805906,2,11.432380505148632,1.0,0.07557032758246957,0.1299945509083019,5977
1630,0.8974305171409701,0.1487368419766426,0.16947221765165946,2,5.364543714507995,0.0,0.061871625961070285,0.12177647326347933,5979
1631,0.07356017633854689,0.16146089136600494,0.16916739635588593,6,52.44466165297313,0.0,0.06471286881262056,0.029709250357588653,5985
1632,0.8576337802314322,0.2788859009742737,0.16906591114313807,2,15.355906872545745,0.0,0.02777877639265894,0.0684204323846013,5987
1633,0.8449310133343342,0.11682561288277309,0.1689137974663405,3,13.981208092377107,0.0,0.04210193923445863,0.0692630982712158,5990
1634,0.9899281952172263,0.1355380117893219,0.1688631233271006,1,4.912505769443014,0.0,0.06123516991518379,0.160649789337846,5991
1635,0.9958920388910328,0.17982478439807892,0.16881246439010247,1,5.704973884350977,0.0,0.04651517983472359,0.09386434950637111,5992
1636,-2.2276169061974067,0.1547775673014777,0.16845827711096112,7,37.598584919274664,0.0,0.048164487943668045,0.030390724456403843,5999
1637,-2.1562105857937257,0.1739350569744905,0.1681552795398885,6,28.673058649199618,1.0,0.04670455272406131,0.0307094970952323,6005
1638,0.6716637253847528,0.18614016473293304,0.1679031979149352,5,17.751052291154892,0.0,0.02942036740945844,0.033422332404675244,6010
1639,0.6896569864191666,0.1647606361657381,0.167701804727032,4,20.60801452778548,0.0,0.023693555531538013,0.04903782483171611,6014
1640,-2.1474922759592414,0.168214422251497,0.16734994773508552,7,14.010034032932882,0.0,0.046233985079949615,0.02211948032678658,6021
1641,1.0247996970495545,0.21010521054267883,0.167299742750765,1,3.337068107806683,0.0,0.05045805905955615,0.10262119341574305,6022
1642,-2.2252776700434893,0.12905599797765413,0.16699882897814483,6,29.435027102540474,1.0,0.05403746391338037,0.04777056306102726,6028
1643,0.9359642506513147,0.12618956714868546,0.16689864471065258,2,6.7647909945851215,0.0,0.05837599600700632,0.14857700052694225,6030
1644,-2.096077332513964,0.13817730247974397,0.16664844690731098,5,15.057669068506902,1.0,0.021310130432923922,0.033491625069180755,6035
1645,0.9962393098765518,0.2032724916934967,0.16659845237323878,1,4.60188170721691,0.0,0.04847644363384741,0.09352325996954976,6036
1646,-2.124883239317879,0.1375594101846218,0.16639862417556395,4,20.65975829766,1.0,0.032355398056628334,0.059179014025787895,6040
1647,0.9995982883410148,0.09966999292373657,0.16634870458831127,1,4.822985405794859,0.0,0.07660101467022128,0.1066508946061768,6041
1648,-2.261171782002952,0.1296089802469526,0.16599968655057512,7,40.80109472431029,0.0,0.03665490032949623,0.06022536089049587,6048
1649,0.8594101309908524,0.17297924558321634,0.16585033164811303,3,13.768654230686366,0.0,0.04487948022562874,0.08433715681576853,6051
1650,-2.2342231044312912,0.11808594316244125,0.16555202485955517,6,31.48642566980691,1.0,0.0294426872679947,0.043852880159740495,6057
1651,1.0051132832487075,0.162985697388649,0.1655023592520973,1,4.634687237708904,0.0,0.038555706419813755,0.0442087616003534,6058
1652,0.9992306601818731,0.2376997172832489,0.16545270854432167,1,8.311162139773709,0.0,0.03793006452239642,0.07798699318881609,6059
1653,0.8254317762754252,0.1432757874329885,0.1653038457743959,3,14.378756782317586,0.0,0.04091462538964726,0.08059391459961915,6062
1654,-2.0816890509378445,0.1405242532491684,0.16515511694077412,3,11.59011115035081,1.0,0.03802971724149501,0.07120541631589325,6065
1655,0.9846232039389068,0.18413081765174866,0.16505603873457017,2,6.577577610178988,0.0,0.062048606421761694,0.12915861381919339,6067
1656,0.8832049630306118,0.09819798171520233,0.16495701996637294,2,13.041444104640576,0.0,0.05187976658897991,0.08133277616446205,6069
1657,-2.1024267967990053,0.12862699292600155,0.16475916060139006,4,22.37820806359217,1.0,0.055746544778871865,0.07436926194433055,6073
1658,0.7544422848233742,0.11509070297082265,0.16461092183737366,3,19.286237939858665,0.0,0.04742090857899857,0.12865315562334592,6076
1659,0.9955469358594788,0.11285103112459183,0.16456153856082245,1,7.17907802367541,0.0,0.06119967509547264,0.11321805609148919,6077
1660,-2.3345306124015126,0.13119160490376608,0.16421627019568863,7,45.49410547169051,0.0,0.0844690842651139,0.0250792433320511,6084
1661,-2.1693863924689687,0.14654449746012688,0.16401929933050574,4,27.79493873059393,1.0,0.04177214674724538,0.1030223975820311,6088
1662,0.8090251682635945,0.13254745801289877,0.16387172624189061,3,16.90110511292756,0.0,0.057018932013277554,0.14892091563582954,6091
1663,-2.0690656167761037,0.1668693721294403,0.16377341795460085,2,11.729133264305773,1.0,0.07133699090751239,0.19509694607398373,6093
1664,-2.3597342720860746,0.13792903402021953,0.16342980315393668,7,56.28219444935315,0.0,0.02291405529010584,0.02421306418136567,6100
1665,1.0331228264321946,0.17601226270198822,0.1633807742129905,1,5.729352485016916,0.0,0.04973594247976909,0.08190399381359412,6101
1666,-2.047395133022673,0.10527818650007248,0.16328276045273238,2,7.709244224837255,1.0,0.042115186810161846,0.10979196410366386,6103
1667,0.8712860687292641,0.1340927630662918,0.1631848054919092,2,15.07364243839302,0.0,0.0517838035978182,0.15181235515172709,6105
1668,0.9636370396040582,0.11308629810810089,0.16308690929524655,2,4.375518281116644,0.0,0.025559737254701294,0.04689072183497933,6107
1669,0.8000221718440742,0.11114395409822464,0.16294017510594302,3,16.58886681893808,0.0,0.05261692160583512,0.1267734980583908,6110
1670,-2.223423911413008,0.14812390257914862,0.16264710267202084,6,29.096257109996763,1.0,0.02305807806971673,0.022736394681615438,6116
1671,1.0452440723260379,0.15072065591812134,0.16259830854121923,1,3.0591708902811576,0.0,0.0802764223283076,0.16527620763059858,6117
1672,0.8989792192984319,0.17494354397058487,0.1625007641899423,2,10.79113639502187,0.0,0.04359137434637052,0.11968509428314228,6119
1673,-2.1694906993101495,0.14197263245781264,0.16220848210270142,6,33.44523118040834,1.0,0.04522710343301958,0.05622985687357985,6125
1674,-2.231273196009521,0.14644249847957067,0.1618681507110759,7,30.730933259561525,0.0,0.049559207778944306,0.03918497512504912,6132
1675,-2.0681517081945655,0.1158579420298338,0.16167399632154356,4,10.515349307652546,1.0,0.0737959771214079,0.08433427325875739,6136
1676,-2.1731856882099096,0.13215285539627075,0.16148007481245627,4,31.950057769803188,1.0,0.022534210041717476,0.046552694625048345,6140
1677,-2.342634152058493,0.16209675073623658,0.16123799998871186,5,48.59936905953752,1.0,0.05426807211545207,0.02807230491603798,6145
1678,-2.04081557708425,0.2114429473876953,0.16114127170013864,2,7.067109407964345,1.0,0.03172243992387725,0.0498942512683849,6147
1679,0.995897830400706,0.12480289489030838,0.16109292931862862,1,3.1677347901494186,0.0,0.08063124191870029,0.1765545109539068,6148
1680,1.0190131728677398,0.18574683368206024,0.16104460143983304,1,6.822468166583999,0.0,0.04654919805064411,0.10750489768295571,6149
1681,-2.3407832800701236,0.15074229772601808,0.16070671199896464,7,46.75484503600262,0.0,0.03766089597849241,0.053384118672941655,6156
1682,-2.151451032308464,0.1603678156222616,0.1603695314876302,7,22.436748197498066,0.0,0.04580571271911686,0.061090196654683813,6163
1683,0.8390111907429667,0.14078886434435844,0.16017717463207348,4,11.288475794630694,0.0,0.02192032077835305,0.03332561059673938,6167
1684,1.0161071971587199,0.11335227638483047,0.16012912147968386,1,4.747179550320798,0.0,0.0459289010207724,0.09838765727192608,6168
1685,-2.087469696920691,0.14603130519390106,0.15988907187044532,5,15.602746163965788,1.0,0.03128120771509838,0.04654429565595787,6173
1686,0.8906280512307544,0.14667458087205887,0.15979315281733952,2,11.707040930862973,0.0,0.05284641183153052,0.08305953758807082,6175
1687,-2.3206772587603393,0.13226435333490372,0.1594578890545227,7,43.93748227583549,1.0,0.08620868915247477,0.04684992588730059,6182
1688,0.6580412182020773,0.14709980972111225,0.15926662567769723,4,26.451660704434225,0.0,0.021716031833927254,0.03867700405772568,6186
1689,-2.2973072533498957,0.19354388969285147,0.15893246662723481,7,43.83471444344282,0.0,0.10768192968279602,0.03857254492087946,6193
1690,-2.186438854568417,0.20158997674783072,0.15864660266033156,6,23.402900336144008,1.0,0.029307282834662798,0.04243110231460015,6199
1691,1.024874668032313,0.18055115640163422,0.15859900867953347,1,3.3375996120446594,0.0,0.05724331150316586,0.11084816242614713,6200
1692,1.005446743930582,0.1307186484336853,0.15855142897692961,1,4.638099496991773,0.0,0.029899946173946573,0.08075779565640548,6201
1693,0.9827739804747447,0.14620715379714966,0.15850386354823653,1,8.251845820313989,0.0,0.05752082843419737,0.1318277854790535,6202
1694,0.6891383815158574,0.15886572003364563,0.15831374448694785,4,18.744329692014635,0.0,0.015997258430910676,0.03444576123281862,6206
1695,1.0495912039495154,0.12738363444805145,0.15826625036360176,1,3.382679336690044,0.0,0.06843463321577058,0.14496130394454265,6207
1696,1.0044223309548912,0.16514405608177185,0.15821877048849267,1,7.917732680657182,0.0,0.04641241766927774,0.12754858752740833,6208
1697,-2.129839548528713,0.1855584278702736,0.15798158468694073,5,18.90764980935539,1.0,0.040917789437162955,0.05493471549491001,6213
1698,-2.051242255717181,0.11424344033002853,0.15765012179504542,7,13.642945511168124,0.0,0.04383736591761185,0.03949219242112864,6220
1699,-2.0230562816220097,0.09398908540606499,0.15755554591047938,2,12.845477922963536,1.0,0.05916253654747295,0.1627524431693888,6222
1700,-2.079421896892612,0.15159677962462106,0.15741378845490334,3,11.571571803105957,1.0,0.026318830408695572,0.03862315504761416,6225
1701,-2.258924447755319,0.1547446146607399,0.1571778094021353,5,42.902202470351895,1.0,0.06016302273707024,0.051288599323233784,6230
1702,0.4703618480079325,0.15926532298326493,0.15694218410562896,5,33.98771437136388,0.0,0.03432168018246293,0.08944015621424797,6235
1703,0.7174365991668725,0.13154742307960987,0.15675393821653316,4,22.61045204702137,0.0,0.03433800947053027,0.077053638602831,6239
1704,-2.172895108302126,0.12418259254523686,0.15642505106313365,7,24.702006135417005,0.0,0.012239894321499332,0.023702627712190207,6246
1705,-2.073506258045242,0.13429316133260727,0.15623742545449285,4,12.991342386207467,1.0,0.07690145757759886,0.1224788310348918,6250
1706,0.8281743364335216,0.18280696496367455,0.15614369706058848,2,16.209888047745057,0.0,0.06786214572874229,0.164679525592183,6252
1707,-2.0,0.11796863377094269,0.1560968539514703,1,4.154322399753488,1.0,0.05942000777360982,0.13965761267591953,6253
1708,0.9989107403840317,0.10276821255683899,0.15605002489528486,1,4.6146432345607815,0.0,0.05658588166078574,0.12486739070445506,6254
1709,0.46537528631525726,0.1286274529993534,0.15586284911557183,4,32.75671900381236,0.0,0.05702525278567561,0.06733269971740728,6258
1710,-2.1685119532694777,0.1325018286705017,0.155629195076386,5,28.68511426058421,1.0,0.022809534928499513,0.037510292396289724,6263
1711,0.7560274957751185,0.19788075238466263,0.15539589130803344,5,17.84810755258296,0.0,0.020294780693820038,0.04525044368216135,6268
1712,0.6700382561038036,0.16363663971424103,0.15516293728542302,5,23.050830391077984,0.0,0.02409177588531046,0.041370059210894095,6273
1713,-2.0655408673760096,0.1515379399061203,0.15506985348771612,2,14.635015921638185,1.0,0.04294373713030121,0.09718271808474294,6275
1714,-2.0302197897261647,0.10546404495835304,0.1549768255319103,2,14.072983098291811,1.0,0.06770165948969338,0.13910576648725564,6277
1715,-2.220320087420994,0.152588780437197,0.1546516669580844,7,29.56312451993731,0.0,0.03735375561332942,0.0543170278804398,6284
1716,0.9816902688333485,0.18477100133895874,0.154605271457997,1,3.417663799023878,0.0,0.05436709379591183,0.06837854114497176,6285
1717,0.9711009323824209,0.11435351893305779,0.15451252220959663,2,4.349806111621318,0.0,0.03784496219928093,0.07283624612123399,6287
1718,0.6905316279892244,0.16647840477526188,0.15432719060302102,4,21.991719806167353,0.0,0.049927484891735034,0.09228622867001522,6291
1719,0.7419044347210855,0.13294994831085205,0.15414208129431425,4,22.03097017557198,0.0,0.03008904083310154,0.0770618622695834,6295
1720,-2.0406604109708764,0.18790218234062195,0.15404960991832498,2,6.402492192973072,1.0,0.05186732728558473,0.062330341961595245,6297
1721,-2.354363872863681,0.13749584236315318,0.15372639674572605,7,49.23045727795784,0.0,0.022462563342227175,0.02940488968041675,6304
1722,0.8639399174015965,0.18165579438209534,0.15358808449063144,3,13.336588021638955,0.0,0.044777523799813174,0.08025101511149282,6307
1723,0.8317487303285949,0.18563485145568848,0.15349594546286469,2,16.776840506168533,0.0,0.035296884726091916,0.08355389923661581,6309
1724,0.5503002449315022,0.1658482737839222,0.1533118331995435,4,32.830789734505906,0.0,0.03665117272653922,0.09628551960833917,6313
1725,-2.0810563256330386,0.2067020982503891,0.15308200338900613,5,14.379212856092106,1.0,0.05007247132414469,0.06636016624445049,6318
1726,-2.3721619130318645,0.16659715133053915,0.15276082036225658,7,49.040189516620735,0.0,0.040589264322917644,0.043471667588193465,6325
1727,0.6399726869839322,0.1737111508846283,0.1525318165752123,5,21.493537370884823,0.0,0.022980121350790424,0.0351385870073874,6330
1728,-2.125944698549678,0.1712356075644493,0.15230315608780703,5,19.99116006903048,1.0,0.05532484592517785,0.0609024612655007,6335
1729,-2.3705960115108953,0.1861636745078223,0.15198360716910436,7,38.98292697377893,1.0,0.06740527080568771,0.04211201130190497,6342
1730,-2.2839611901807286,0.15690150324787414,0.15166472869948536,7,41.92711966368025,0.0,0.035036799125530815,0.03219605521065248,6349
1731,-2.1493358309520922,0.12210661917924881,0.15148281290762092,4,23.025467899537865,1.0,0.03670578271463598,0.09636431408584355,6353
1732,-2.1198960943143232,0.14138385901848474,0.15134651927227352,3,16.951285819937546,1.0,0.031089095670584415,0.05327713704477062,6356
1733,0.5625491132305463,0.12149848937988281,0.15111963566437506,5,28.14555809221811,0.0,0.025093041306787987,0.045994310023886584,6361
1734,-2.0587727965747487,0.11137652148803075,0.15098366879049854,3,10.218727591966505,1.0,0.030232786042743945,0.08985040619411708,6364
1735,-2.0,0.14228282868862152,0.1509383736898614,1,3.823869073353324,1.0,0.05399584477061541,0.12154577401951258,6365
1736,-2.250476642778396,0.1734386341912406,0.150621688236045,7,30.389721420183925,0.0,0.0382170232562443,0.05324349626585075,6372
1737,-2.288205304089025,0.21785285962479456,0.15030566722344532,7,37.24780918017994,0.0,0.0620915425031748,0.038945818101789736,6379
1738,0.9798385804707247,0.1354588270187378,0.1502605755232783,1,9.306909471941259,0.0,0.03596400716872547,0.07216835896743372,6380
1739,-2.1160157128118082,0.16072697192430496,0.15008034395713424,4,25.30030722749135,1.0,0.06362583295816823,0.0920808926565899,6384
1740,0.24678587630406135,0.1721515047053496,0.1498104018654506,6,40.50417653381044,0.0,0.0797790858282318,0.053494445470271816,6390
1741,0.3496413985198638,0.1334387610356013,0.14954094530525597,6,44.37654154665578,0.0,0.046372252391715954,0.039109343984396014,6396
1742,1.0222676666733443,0.16152212023735046,0.1494960830216644,1,4.531031925782815,0.0,0.07665092692380887,0.17638890565856624,6397
1743,1.0009622944055994,0.14319680631160736,0.1494512341967579,1,7.3540645707340255,0.0,0.060493285290850546,0.15556280288166205,6398
1744,-2.0,0.22837138175964355,0.1494063988264989,1,1.1679599852941247,1.0,0.02764718019226431,0.03852529562818953,6399
1745,-2.335091270163233,0.14690538815089635,0.14909292762591034,7,44.941884189468375,0.0,0.029704202673169183,0.03068861175116572,6406
1746,-2.224719348805516,0.18916591363293783,0.14878011412267864,7,33.60337076285953,0.0,0.0346212073811988,0.0169914169932409,6413
1747,-2.269647592659479,0.18707100550333658,0.14851251069008872,6,46.46013922729456,1.0,0.04415065576104951,0.041583287194556326,6419
1748,-2.24175042200052,0.15678661614656447,0.14828987554522086,5,34.090971253681055,1.0,0.035634985696883795,0.0281459953460998,6424
1749,0.7585270331532644,0.18377490838368735,0.14815645469149274,3,22.14671927727346,0.0,0.05745797041687533,0.10227147936677684,6427
1750,0.8306731916915058,0.2087242752313614,0.14806757415275876,2,13.602565015688395,0.0,0.04453380244005135,0.082942137460857,6429
1751,-2.432971334393791,0.1672357672027179,0.14775691195487128,7,60.99304128394051,0.0,0.07615087973063234,0.017579727039442265,6436
1752,0.7971392510440987,0.12820204347372055,0.14766827110582045,2,15.793308389793772,0.0,0.06847851682822183,0.12358989799143147,6438
1753,-2.124073303374801,0.1847018301486969,0.14744690156074128,5,21.981664409945026,1.0,0.06239251267428602,0.06997764982071954,6443
1754,1.0218776216408312,0.11070123314857483,0.14740266749027306,1,6.021413680751424,0.0,0.050224596914448943,0.13027917074213397,6444
1755,-2.1234449611789468,0.1611793376505375,0.1472258638708069,4,15.64458615923349,1.0,0.03545867316526294,0.07953151530023489,6448
1756,-2.016941041041344,0.14023259282112122,0.14709340034033133,3,11.00281652970462,1.0,0.013723389446688524,0.029259864820004703,6451
1757,0.8345597271669812,0.09238877519965172,0.1470051575385332,2,14.317156993748299,0.0,0.048815063489838655,0.12320981649233244,6453
1758,0.9814753224579816,0.16187676787376404,0.14696105599127163,1,8.065891996779087,0.0,0.05672900614498595,0.1188527988241661,6454
1759,1.0277424751757926,0.13569264113903046,0.14691696767447426,1,3.0589546683315945,0.0,0.049154010972091405,0.08277891785209167,6455
1760,-2.090422950272807,0.24419010678927103,0.14678478206718176,3,17.68262655458173,1.0,0.020331083342894032,0.013568714089294418,6458
1761,-2.304839994639814,0.11871516385248729,0.1464768113094088,7,38.57291829565327,1.0,0.054903696877498534,0.04452662291345667,6465
1762,0.9214473068763301,0.13471141085028648,0.14638893840553618,2,12.627032230844037,0.0,0.0542314606758112,0.13264354530978356,6467
1763,0.9865437041011077,0.22161656618118286,0.14634502172401453,1,7.93124161219347,0.0,0.05279310759923747,0.16607771698213833,6468
1764,-2.0174868556894716,0.14653106033802032,0.14625722788203208,2,3.5037410421113884,1.0,0.0442432177661914,0.11041794592859923,6470
1765,0.9947598032299523,0.08545692265033722,0.14621335071366748,1,9.554251951080284,0.0,0.030535828645560228,0.07145553523622689,6471
1766,0.6886123850438699,0.18467983603477478,0.14608179817168215,3,25.295458375754414,0.0,0.041786079932952545,0.09553959292955169,6474
1767,-2.07687023633368,0.14044088621934256,0.14595036399146893,3,16.63029166727393,1.0,0.08248402242369678,0.07846280853299938,6477
1768,0.8802346661843533,0.22030143439769745,0.1458628069086068,2,10.990122552913675,0.0,0.03503862912845345,0.11342215504150509,6479
1769,-2.273333287458103,0.13347404769488744,0.1455567705570048,7,37.384248355065424,0.0,0.059101272109512375,0.04590026814957863,6486
1770,-2.1979184914942542,0.13810542225837708,0.1452513763036216,7,14.408518138354893,0.0,0.06013568151222807,0.027618167756503602,6493
1771,1.0123842489281878,0.16006989777088165,0.14520780089073052,1,8.438863590522356,0.0,0.0696616034111097,0.14837770391328553,6494
1772,0.993928823279204,0.1798178181052208,0.14512068927889815,2,5.446421779483931,0.0,0.048020466021730976,0.10612731651434529,6496
1773,0.9926539467987957,0.31030961871147156,0.1450771530721145,1,4.768731449115098,0.0,0.05421042983831031,0.15812943116359066,6497
1774,0.8685344132957957,0.14942581206560135,0.14499011983721502,2,16.744986660010895,0.0,0.06539464020703882,0.10320140520154064,6499
1775,0.9988881247180997,0.25246599316596985,0.14494662280126386,1,8.770371398703505,0.0,0.07768109140741167,0.07585097519649542,6500
1776,0.8923146675343719,0.1689038872718811,0.14485966787277915,2,13.081648851878784,0.0,0.06969697808897758,0.11220083116526373,6502
1777,-2.203837786441292,0.1498126025710787,0.1445557362181673,7,29.241364467269207,0.0,0.025027762984770947,0.025493474079477933,6509
1778,1.0119646533208448,0.32747334241867065,0.14451236949730187,1,6.041193377685181,0.0,0.05903070478527496,0.11830507906756839,6510
1779,-2.0746164912997247,0.1449744664132595,0.14433903267497847,4,13.058837961065898,1.0,0.038017174542755765,0.02857673172454047,6514
1780,-2.40176559091353,0.19291430711746216,0.14403619337077334,7,62.40475193202161,0.0,0.018730118093123912,0.03060279283039821,6521
1781,-2.1510284415997347,0.16791422168413797,0.14377712259380496,6,25.441612158462362,1.0,0.05508692116328859,0.05152517669219358,6527
1782,-2.216894814351455,0.2553810775279999,0.14347546223929108,7,27.602206589347716,0.0,0.03150830055185368,0.041429690707346006,6534
1783,0.65074372793272,0.16835285425186158,0.1432603781351156,5,20.927895887927356,0.0,0.06345206551641251,0.0782691023902078,6539
1784,-2.2789226062176353,0.16438629584653036,0.14295980196780614,7,47.682024386087605,0.0,0.041455296399218786,0.050027943118098786,6546
1785,0.9534892395592269,0.23698285222053528,0.1429169140272158,1,9.487072934772685,0.0,0.07163747279786216,0.13058191652876114,6547
1786,0.9398602059482447,0.21485883742570877,0.14283117674132173,2,6.835825670385027,0.0,0.03877614117739411,0.08999557819919848,6549
1787,-2.1085693529067036,0.15297922492027283,0.14270266724281583,3,22.63659768347548,1.0,0.03238611433054198,0.06410334707667428,6552
1788,-2.0,0.21266281604766846,0.14265985644264298,1,2.576320656837835,1.0,0.04524769158519977,0.09817638047349311,6553
1789,-2.0,0.1531638503074646,0.14261705848571019,1,1.0346905848216885,1.0,0.05859521872038188,0.14208662492679816,6554
1790,0.6258394181075859,0.1812430489808321,0.14244599501333746,4,28.505493880629423,0.0,0.049065154389660824,0.06941760394306136,6558
1791,0.443445162316289,0.1233950287103653,0.14223245418375832,5,39.757612745828844,0.0,0.03622909949194986,0.05607028041682685,6563
1792,-2.1386720914334276,0.14886878430843353,0.1421044833739153,3,19.297130337072286,1.0,0.052210106883177544,0.07867985794465326,6566
1793,-2.2500690153227785,0.1535926450576101,0.14180633240205523,7,35.13520853483396,0.0,0.043383277923476876,0.01818822707391466,6573
1794,-2.1467272399521646,0.12348885461688042,0.14163624136327835,4,19.260950920491172,1.0,0.014225241863310081,0.035881729263190144,6577
1795,-2.0,0.22525200247764587,0.14159375049086936,1,4.04721301546367,1.0,0.04658652336569947,0.09015320851639799,6578
1796,-2.2162629122520836,0.13562083882944925,0.14129667109326102,7,31.2680066197031,0.0,0.035178316926772084,0.042431242034739816,6585
1797,0.9955390931504668,0.12484391778707504,0.14125428209193305,1,6.972958289901843,0.0,0.0640919487249027,0.16880765274661838,6586
1798,0.39102405738148666,0.14108576253056526,0.14100021500118826,6,42.37080305882927,0.0,0.01486223536999469,0.02540092985667567,6592
1799,0.971054962738312,0.1807282567024231,0.1409579149366879,1,7.037283624840999,0.0,0.06608407131554367,0.16319202841166314,6593
1800,0.7893858735284679,0.173357754945755,0.14083109086807608,3,19.14530580548523,0.0,0.03156673641728726,0.05713322728690241,6596
1801,0.9269299972552534,0.16187375038862228,0.14074660488835342,2,9.766006929011253,0.0,0.047682828215776,0.12193883628554365,6598
1802,-2.1256943194397184,0.14758651107549667,0.1405356116149694,5,21.19604104391692,1.0,0.06408846222733515,0.045732832484017945,6603
1803,0.7327137441724911,0.20430784424146017,0.14040916750533664,3,23.37153627889571,0.0,0.053852060555649,0.10611382167351463,6606
1804,-2.1435308940783946,0.16543571402629217,0.14028283716126602,3,27.93331929117715,1.0,0.022108827013924207,0.020647215583136085,6609
1805,1.0298839929564445,0.11827264726161957,0.14024075231011765,1,1.2410532369915024,0.0,0.04685853845850529,0.12222194131326122,6610
1806,0.9723150917780957,0.10951898992061615,0.14019868008442463,1,9.893606859147,0.0,0.08397909823948924,0.191926236298523,6611
1807,0.956583988642147,0.16427230834960938,0.1401566204803993,1,8.76041629574221,0.0,0.06924884561654777,0.21068843804917153,6612
1808,-2.033059624855202,0.12741530314087868,0.1400725391222069,2,14.72403246439054,1.0,0.07424212912991852,0.1336794765585994,6614
1809,-2.341946365550193,0.17670560415302003,0.1397786513948204,7,30.086866759165417,0.0,0.09675245357189158,0.03382482736459286,6621
1810,1.0220183946572947,0.11185258626937866,0.13973671779940197,1,3.143875000238732,0.0,0.07044955436621138,0.12479808666217444,6622
1811,-2.0330158846491933,0.21040546894073486,0.13965288834502695,2,15.207540253164737,1.0,0.029914890535156023,0.07966073067699628,6624
1812,0.9357289116854746,0.18559259921312332,0.13956910918077992,2,10.84511751002912,0.0,0.04915376447624282,0.12158744069621899,6626
1813,-2.0,0.1540616750717163,0.1395272384480257,1,4.903734634408289,1.0,0.06422105053371571,0.11069756545246273,6627
1814,-2.2413984891018024,0.15106757198061263,0.13923449482195185,7,41.57699839256849,0.0,0.037629928418132945,0.04297200316713054,6634
1815,-2.3167938797116236,0.1871798150241375,0.13898406062267069,6,55.463781237931116,1.0,0.03441722603717756,0.017776956404898975,6640
1816,-2.4271316149029327,0.140224355672087,0.13869245664393715,7,48.597710962387,0.0,0.06700858168067993,0.05066940085617143,6647
1817,-2.0451522296876616,0.20014969259500504,0.1386092536522719,2,14.22203954726277,1.0,0.025954376425786414,0.046194628243830145,6649
1818,0.8515827942445869,0.11710599064826965,0.13852610057491338,2,11.304875481830042,0.0,0.0552175767408495,0.07581948281752392,6651
1819,-2.4312767137653135,0.1922282257250377,0.1382354574471683,7,62.33144342734184,0.0,0.034167828712912636,0.033320490279070185,6658
1820,0.6946617310755482,0.20490939915180206,0.13811108285530702,3,25.989254514023358,0.0,0.061203455709944836,0.1110393965677713,6661
1821,1.0364897448283528,0.168603777885437,0.13806964953045042,1,2.191504221334511,0.0,0.08436475720288514,0.13226544697672232,6662
1822,-2.0,0.19292235374450684,0.1380282286355913,1,4.491399614231165,1.0,0.05478139218677146,0.1321590944652987,6663
1823,-2.413733682896143,0.14647187718323298,0.13773863009841117,7,47.15347421044437,0.0,0.021834697006790447,0.033831779065979534,6670
1824,-2.1851768345418603,0.16603107111794607,0.13744963917109146,7,12.526168364784725,0.0,0.08790769395467034,0.018048518492915326,6677
1825,-2.0899948856965107,0.18847385545571646,0.13732597160352894,3,15.96816963888137,1.0,0.05517801053182783,0.1248801132190137,6680
1826,0.17213045266408927,0.1527834055679185,0.13703784647951375,7,43.12312197028081,0.0,0.06324726265235865,0.04775354190679545,6687
1827,-2.1022193539352805,0.17274523278077444,0.13691454941420073,3,24.227110396465836,1.0,0.06481110404757799,0.11366394007183163,6690
1828,1.0427919530137482,0.15424205362796783,0.13687347504937647,1,2.9384370801322737,0.0,0.05209071923556995,0.11785827332141646,6691
1829,-2.105275416732909,0.2075683002670606,0.1367503258739747,3,16.11765542679457,1.0,0.025090052125553524,0.04758823037706016,6694
1830,0.9954642400649343,0.2297779992222786,0.13666828798597966,2,5.336032521971596,0.0,0.038344672400230755,0.09538995782855501,6696
1831,-2.253863267317772,0.16605747916868754,0.13638154275516065,7,29.76525272411852,0.0,0.04974533383300616,0.013932967213193925,6703
1832,0.9775876927165237,0.14086700975894928,0.13634062829233412,1,8.8041313239347,0.0,0.056495379538931294,0.13831448221408987,6704
1833,1.0286943588655522,0.15466320514678955,0.1362997261038464,1,2.5258226026249018,0.0,0.03092830432719755,0.0674685893192176,6705
1834,-2.0207759057258943,0.15857870504260063,0.13613624001965463,4,4.894899306386478,1.0,0.03448463460303957,0.02700728343124675,6709
1835,0.6219961834131659,0.14405615131060281,0.1360137541567461,3,25.592821536831725,0.0,0.024710985230929492,0.038829182018184735,6712
1836,-2.0,0.10900019109249115,0.13597295003049908,1,8.755689578730248,1.0,0.037810101152935635,0.12927800102781628,6713
1837,0.8741615368893374,0.16544492542743683,0.1358913784980463,2,12.712342430760113,0.0,0.03838878736525279,0.04768247217654315,6715
1838,1.0167860609118327,0.16843241453170776,0.1358506110844969,1,1.2015880945590167,0.0,0.05147262275496223,0.07990393900940138,6716
1839,-2.2244782905287597,0.14762311428785324,0.13568766369585475,4,30.42870101400816,1.0,0.055769502074975316,0.07276145665699572,6720
1840,0.5629077702927429,0.17489556844035783,0.13544360900629338,6,32.13129668168879,0.0,0.02806406103398701,0.04914712232317557,6726
1841,-2.0,0.08971286565065384,0.1354029759235915,1,8.13868608065608,1.0,0.040418241199778285,0.12841966312623276,6727
1842,0.9732082057166662,0.09946498274803162,0.13536235503081442,1,8.725174411427197,0.0,0.034865195824895064,0.0741236217754525,6728
1843,-2.2066226639094744,0.13902036473155022,0.13511888545785905,6,18.60454446383224,1.0,0.053075658142531755,0.05906178706900859,6734
1844,0.9354057836529049,0.1465839482843876,0.13503782628728403,2,9.586838719406309,0.0,0.037393155183126754,0.0944164735946479,6736
1845,-2.104636057825229,0.15586049854755402,0.134835391045442,5,16.02810196639933,1.0,0.03476918432466314,0.026501271296096883,6741
1846,-2.083932004223603,0.18282190710306168,0.13471407559541618,3,18.966893069667915,1.0,0.02136311487178692,0.03705278227283911,6744
1847,-2.243961988926546,0.16425225351537978,0.1344314305190021,7,33.62937165322221,0.0,0.025588985649960545,0.02118022424887582,6751
1848,-2.0,0.18077856302261353,0.13439110108984642,1,6.140291756105777,1.0,0.043328612237474334,0.08154361891317635,6752
1849,1.01357113779513,0.15976177155971527,0.13435078375951948,1,8.494569829903051,0.0,0.05272901728814283,0.11466246233738055,6753
1850,0.8833006874596592,0.16319220513105392,0.13427018538083432,2,8.818277481654087,0.0,0.03618087505611338,0.10276456125178283,6755
1851,-2.136743286134617,0.1460279126962026,0.13414937846331637,3,25.434224056522083,1.0,0.024493633769047847,0.05427287365850079,6758
1852,0.991951929305757,0.1685887575149536,0.1341091336497774,1,7.467240162101196,0.0,0.030077945275961707,0.04682259375621729,6759
1853,0.9163565453980651,0.14444443956017494,0.13402868023940956,2,7.863435435930455,0.0,0.0537654123226114,0.10244108570069031,6761
1854,0.5992523165577991,0.15126824999849,0.13378760948133778,6,26.1605159199248,0.0,0.018758444459860187,0.05412969338276401,6767
1855,0.9940975848013212,0.13260142505168915,0.13374747319849337,1,8.647643243436995,0.0,0.04818619635380535,0.06778223102988687,6768
1856,1.0084035796489865,0.11160210520029068,0.13370734895653383,1,2.447270872177755,0.0,0.06852256384035658,0.12182221689392343,6769
1857,-2.3504576388090315,0.18822561843054636,0.13342681610429913,7,54.73984353689076,0.0,0.03619397149306796,0.03973326635524215,6776
1858,-2.078009883938306,0.16685178875923157,0.13334677202305,2,13.25216956615635,1.0,0.06227403517085744,0.13994624065565028,6778
1859,-2.053069781049714,0.2093573585152626,0.13326677596104566,2,13.179084845224873,1.0,0.04873198369777625,0.1274923624506648,6780
1860,-2.106820866921717,0.18282420436541238,0.133146871841112,3,15.402231976218344,1.0,0.039663036211382056,0.05681540949920197,6783
1861,-2.005079034671088,0.16799823194742203,0.13306699570122582,2,5.41140839366861,1.0,0.02723029872984321,0.051029221066915174,6785
1862,-2.0592913843120297,0.09203919023275375,0.1329871674798347,2,14.750667413055078,1.0,0.04921006097755328,0.17927895907302177,6787
1863,-2.0552518086073515,0.12549061328172684,0.1328276546775678,4,7.707577366900592,1.0,0.036212560908620364,0.05708291793813909,6791
1864,0.8697048416682307,0.1536664366722107,0.13274797003925018,2,14.60719418890461,0.0,0.04986899795623982,0.1162926911914959,6793
1865,-2.2811235540599766,0.14020354549090067,0.13250920283127132,6,48.03671913843874,1.0,0.042557829139436835,0.03521962944758329,6799
1866,-2.258011271913797,0.1431750218783106,0.1322311838225354,7,41.88073499104408,0.0,0.020610412309048008,0.04423134716534258,6806
1867,0.7887184956214406,0.14859276761611304,0.1321122114559445,3,13.78622558983561,0.0,0.027648433719016645,0.03109707874634112,6809
1868,-2.3029096404798457,0.15358940086194448,0.13183502537915814,7,35.54292524313135,0.0,0.06808785720321466,0.017253195297666665,6816
1869,-2.026568014718979,0.14805680016676584,0.13171640944821422,3,6.686384270926837,1.0,0.04230940823626824,0.08463256822407766,6819
1870,-2.0891833584255997,0.2167647828658422,0.13159790023958504,3,12.669654023909503,1.0,0.0356765574653701,0.039662213875001164,6822
1871,-2.0450909985929178,0.13091174513101578,0.1315189533432523,2,12.160241861069025,1.0,0.03443877800499617,0.07749447651885709,6824
1872,-2.2887051758204704,0.16636327441249574,0.1312430119878052,7,40.08106326740466,0.0,0.03207842030259894,0.06072916502173961,6831
1873,0.8903414781471886,0.18974760919809341,0.1311642779924836,2,11.800250458365369,0.0,0.04986271343071921,0.09165722243946,6833
1874,-2.0579209891595722,0.13242318481206894,0.13108559123047311,2,14.71193884635905,1.0,0.046266411439887974,0.11268009214782068,6835
1875,0.9953551181980157,0.11221855878829956,0.13104626555310397,1,5.509464848321417,0.0,0.061149309968625436,0.1310002231295753,6836
1876,-2.2337628232074604,0.1284467786550522,0.13084981406103613,5,33.580314241223604,1.0,0.03074445806571837,0.06731827462015302,6841
1877,1.0034888448254804,0.10793385654687881,0.13081055911681783,1,4.773588291680239,0.0,0.06116607305867476,0.1128905184959974,6842
1878,-2.194489169880935,0.13891065120697021,0.13053610405105034,7,26.870507656728883,0.0,0.05619903278668149,0.06013407186083778,6849
1879,0.6889407806702577,0.12791294790804386,0.13037953120158843,4,21.410819054214226,0.0,0.033290849518514916,0.0828784688469446,6853
1880,1.0150567319148964,0.15141867101192474,0.13034041734222795,1,3.29974052855117,0.0,0.03881094151316054,0.09024218807301701,6854
1881,-2.1175624097379324,0.16780065894126892,0.1301450239874036,5,19.039334168900883,1.0,0.06584529968763765,0.08586321921136537,6859
1882,0.5187112320268097,0.16710651541749635,0.1299109385697462,6,31.296068360704393,0.0,0.030548493920036446,0.040629202481171335,6865
1883,-2.0333986891669236,0.1935817301273346,0.12983300369858883,2,7.99777363306079,1.0,0.051940846165570376,0.10275453899172385,6867
1884,0.9387325319426181,0.18108361214399338,0.12975511558134,2,6.88109758262584,0.0,0.038463789528858136,0.08363081077744255,6869
1885,1.0350452536990258,0.10099509358406067,0.1297161890466656,1,1.0033042748130283,0.0,0.07552730235269747,0.13908664718170166,6870
1886,0.9603322125810694,0.18212095648050308,0.1296383710076946,2,7.27770209035172,0.0,0.059144087208338234,0.1773448664365847,6872
1887,0.7041423379353144,0.17676444724202156,0.12948287495320582,4,20.991196719710047,0.0,0.039358254668000664,0.07512333890232241,6876
1888,-2.271602984241689,0.14047287298100336,0.12921120551611318,7,28.014501808978363,0.0,0.09444228120923416,0.036827652137881535,6883
1889,0.8340082332418062,0.1452844093243281,0.12909495031468546,3,12.743132556399463,0.0,0.04612802765998136,0.08691866714726545,6886
1890,0.946536729035181,0.15894267708063126,0.12901750496304218,2,5.2612499652973135,0.0,0.033897036288005604,0.0483289677105392,6888
1891,-2.168194276944741,0.15927784740924836,0.1288240947865226,5,19.873264635242602,1.0,0.03105489732421191,0.05975900689149659,6893
1892,-2.1098449648799313,0.12490582093596458,0.12866957542387802,4,14.802898048492105,1.0,0.026634478159559348,0.06719760531891696,6897
1893,0.8891653534552703,0.20566176623106003,0.1285923852588855,2,12.250736004849854,0.0,0.04813763435107457,0.09418677447967673,6899
1894,0.9884596829486497,0.1307075023651123,0.12855380754330784,1,7.500762802217221,0.0,0.0640593920017524,0.12613244841255658,6900
1895,0.9644614368492636,0.16518239676952362,0.12847668682862454,2,8.550751092611378,0.0,0.05260613294093281,0.13580469615038981,6902
1896,1.002845506915637,0.12822963297367096,0.12843814382257596,1,4.4043448161865975,0.0,0.06603922596379062,0.14350777223803377,6903
1897,0.9987581207257742,0.21816855669021606,0.12839961237942918,1,6.20296924351663,0.0,0.06962582242217298,0.14137328044167147,6904
1898,0.7112857489129288,0.1663396969437599,0.12820712848584853,5,21.60466062974657,0.0,0.03284396028283532,0.04278631186544005,6909
1899,1.0136677264188667,0.0847998708486557,0.12816866634730278,1,4.280969309841794,0.0,0.07005388885284802,0.1640007545887885,6910
1900,-2.0,0.1428573727607727,0.1281302157473986,1,6.041681154277347,1.0,0.08221080538347138,0.15318430410331219,6911
1901,0.9298094716925884,0.16582737863063812,0.1280533491496696,2,7.367014630337132,0.0,0.07071733876640013,0.15120881590424115,6913
1902,-2.381929812099685,0.21210246000971114,0.1277846790163111,7,46.48738561264053,0.0,0.017044380515072725,0.035486641097630174,6920
1903,-2.248339714883968,0.21262284687587193,0.12751657258269994,7,37.47206335146977,1.0,0.044664828141519605,0.04231391841098465,6927
1904,-2.1471234555677055,0.12740866653621197,0.12736362154077915,4,27.708172865690287,1.0,0.03152834239887342,0.09910169021820699,6931
1905,-2.118083035662228,0.14351819952329,0.12724902866613144,3,17.851616513509555,1.0,0.057416987924428,0.1778040828843212,6934
1906,-2.057262264627279,0.14395003765821457,0.12717269070134435,2,11.169486186754735,1.0,0.031232610075255757,0.087603662327457,6936
1907,-2.335895652615955,0.14463486735309874,0.1269058682871148,7,42.55856809694268,0.0,0.05212996036365606,0.01764950801134237,6943
1908,-2.0664906072566778,0.12808040529489517,0.1268297361876707,2,12.021811099117745,1.0,0.08522043633067192,0.09375092467104142,6945
1909,0.8482785089272404,0.16526463627815247,0.12675364976063438,2,15.341697332677057,0.0,0.04089805968316814,0.10588895937029189,6947
1910,-2.0943285005469736,0.09365322068333626,0.1266776089786065,2,16.887220765146694,1.0,0.048587966976273766,0.11917753365871814,6949
1911,1.0023124420734855,0.15667104721069336,0.12663960569591293,1,7.333190178067976,0.0,0.06262143514049581,0.0870048325522001,6950
1912,-2.0542068769102357,0.1415897086262703,0.1265636333300599,2,11.093417716405249,1.0,0.045321344701061424,0.10931614282205479,6952
1913,0.7148439008142395,0.18233497689167658,0.12644976022882665,3,19.37030346793425,0.0,0.05586094028856895,0.16059167753742093,6955
1914,-2.2086638847595914,0.11342174857854843,0.12626019935913133,5,31.95935596403491,1.0,0.03691266155242643,0.09540035232499378,6960
1915,-2.0279932838762798,0.18340159952640533,0.1261844546029338,2,9.332475244322787,1.0,0.04208507752510382,0.11166920713260388,6962
1916,0.5248660001519894,0.13524753972887993,0.12595749286553798,6,32.51183196667757,0.0,0.027656178051984164,0.08031663434666138,6968
1917,-2.3304150972314313,0.1908104760306222,0.12569322007118774,7,43.2120770389137,0.0,0.01635295513683865,0.04896726243246884,6975
1918,-2.271552179120945,0.13418897986412048,0.12542950175047976,7,35.46792270579991,0.0,0.028707432582445996,0.04394930690418015,6982
1919,0.9869498941137421,0.11597800627350807,0.12535425533808464,2,4.611681344343442,0.0,0.0364138507558257,0.0704670357557546,6984
1920,0.8999244972491623,0.1471928283572197,0.12527905406676476,2,10.273120806978653,0.0,0.049340443215692115,0.08067985411036149,6986
1921,0.4381840008148129,0.15065884590148926,0.125091248202993,5,39.11679993807519,0.0,0.045106217980538835,0.1175264434420009,6991
1922,-2.081639640221052,0.1573504488915205,0.12494120624091462,4,10.136790896622692,1.0,0.07718299341417492,0.05300220945717095,6995
1923,-2.0,0.13714127242565155,0.12490372387904235,1,3.4872111269703674,1.0,0.021086128605600843,0.05393258362432989,6996
1924,1.004888404097203,0.1344297230243683,0.12486625276187864,1,1.175881796555025,0.0,0.06926394318421338,0.16944879518127096,6997
1925,-2.2292306344098485,0.13492257786648615,0.12460426951033322,7,24.47060297040438,0.0,0.041377235990146435,0.04313485387718603,7004
1926,1.0071192428513787,0.15424497425556183,0.12456688822948013,1,3.8340562021779125,0.0,0.06334846296005006,0.16584003754031235,7005
1927,-2.0209873430095473,0.15660611540079117,0.1244921593075624,2,4.989571819948798,1.0,0.04994873208318979,0.11520199517768091,7007
1928,-2.028539093139586,0.1838536188006401,0.1244174752162722,2,4.686438131804757,1.0,0.06590246155178855,0.14085130515169703,7009
1929,-2.0259848327168934,0.14050693809986115,0.12434283592871521,2,7.383472669877953,1.0,0.05079781324282096,0.09553760523023856,7011
1930,-2.282174780998519,0.1557773564543043,0.1240819508637561,7,37.2694126237349,0.0,0.05223086368594121,0.02697610172500918,7018
1931,0.8402420594588205,0.09720881283283234,0.12400751286061344,2,16.017661881427316,0.0,0.04014349796599029,0.07684349904534343,7020
1932,0.985068630698434,0.11276061832904816,0.12393311951357323,2,2.194474665178182,0.0,0.038199128118693866,0.10039463737259827,7022
1933,0.5655288771046197,0.20514465123414993,0.12378446668065772,4,33.55869708141905,0.0,0.04360191768584133,0.09697541767415603,7026
1934,0.9226223545295682,0.15515924990177155,0.12371020714125133,2,12.543654912163298,0.0,0.046822832681438206,0.07964970943547214,7028
1935,0.9933704140542922,0.17857667803764343,0.12363599215088523,2,5.620867573480933,0.0,0.020092456153023516,0.03697475840995835,7030
1936,-2.1180377721137393,0.17987707753976187,0.12352475313632917,3,10.072840955745823,1.0,0.0718506037468519,0.0692274653782093,7033
1937,-2.2925726659071404,0.2094418512923377,0.12326558449983045,7,31.244764597400085,0.0,0.08900313368118135,0.020509064968675564,7040
1938,-2.4026216957223445,0.17045332384960993,0.1230069596278845,7,60.26433475382656,0.0,0.036571679640443805,0.03816812370431271,7047
1939,-2.296495634623626,0.16196650798831666,0.12274887737961297,7,44.30012900414628,1.0,0.026406136138539114,0.03557953617959977,7054
1940,-2.130559015156005,0.14816723614931107,0.122564864504396,5,22.637652649682252,1.0,0.04559211736863995,0.0687476587525806,7059
1941,-2.2731217259695886,0.18468646829326948,0.12234441314468507,6,35.1644088777218,1.0,0.0614582585763908,0.053053561801411346,7065
1942,1.0144549247451438,0.09627100080251694,0.12230770982074167,1,5.182064729752266,0.0,0.04790744297645292,0.0796963093239446,7066
1943,1.056299615016059,0.12865088880062103,0.12227101750779545,1,2.126380621505713,0.0,0.07907908934544139,0.16584867803647368,7067
1944,0.8075140725422698,0.16715832551320395,0.12216100660191187,3,15.631502541853918,0.0,0.024424300862221394,0.059810932518442175,7070
1945,-2.0573304506556855,0.17619189620018005,0.12208772099244133,2,12.822773945627528,1.0,0.06061519444511684,0.14227221976533816,7072
1946,-2.0823164540382133,0.12735002239545187,0.12197787500393646,3,12.99184849562173,1.0,0.06486088266991584,0.13782891013937296,7075
1947,0.9483509868213141,0.12730857729911804,0.12190469925694285,2,8.337101803704773,0.0,0.05717265524829783,0.08747964125505256,7077
1948,-2.112475073095352,0.2005201280117035,0.12179501793858899,3,22.805830576965903,1.0,0.041149766586330995,0.08148595656850517,7080
1949,0.9541678045025553,0.1621406227350235,0.12172195188937746,2,6.605747213868929,0.0,0.07562468975333508,0.22233305575589593,7082
1950,0.7872818004684103,0.20517422258853912,0.12157595126381926,4,15.750957985372832,0.0,0.031178239328563916,0.06472908418310677,7086
1951,-2.0,0.1775645762681961,0.12153947847844011,1,6.410209898004483,1.0,0.05826014951577096,0.1124139048345517,7087
1952,0.8929887542663322,0.17888686805963516,0.12146656572990612,2,12.252772242808248,0.0,0.021928112052501066,0.03281512505221647,7089
1953,0.6535752425817578,0.2282826080918312,0.12132087142985834,4,27.127029868530066,0.0,0.025380232272506083,0.04347925179795014,7093
1954,0.8863622332235012,0.15862059593200684,0.12124808982587885,2,14.17007379586418,0.0,0.04089381352013485,0.0816757309013313,7095
1955,-2.098934971949358,0.1395465979973475,0.12113899927874612,3,18.238368065207954,1.0,0.0757231426088049,0.09647930168585196,7098
1956,0.8793282389840935,0.16293646395206451,0.12106632678168883,2,9.296913785098479,0.0,0.07160997512303147,0.16158100999681982,7100
1957,-2.085460958752029,0.1442984143892924,0.12095739977222476,3,17.968123026498127,1.0,0.0601596282333589,0.13525659562893463,7103
1958,0.990338364746702,0.13819752633571625,0.1209211125522931,1,4.754259777180668,0.0,0.06585092386013286,0.15472096867722354,7104
1959,-2.054410690424749,0.18705539405345917,0.12084857076766185,2,11.851466955802284,1.0,0.022611834884057318,0.046018446438852584,7106
1960,-2.3233564785879866,0.16596882896763937,0.12059501705868089,7,46.52240325832709,1.0,0.05839127729646669,0.036718809747585776,7113
1961,1.0051035815362104,0.07728001475334167,0.1205588385535633,1,6.226348038228012,0.0,0.0627987112102301,0.1575843670954763,7114
1962,0.9937295123440227,0.2571263015270233,0.12052267090199723,1,3.4150072392503947,0.0,0.04154060420169348,0.11583942962986117,7115
1963,1.0041083562993816,0.15471866726875305,0.12048651410072662,1,3.840815253203379,0.0,0.033064613969963026,0.09372767996858923,7116
1964,0.9005325885384268,0.11044682562351227,0.12041423303605248,2,13.244086148707282,0.0,0.02742132234283453,0.05600653369034737,7118
1965,0.5387074429339439,0.20753101408481597,0.12023372002680117,5,29.769415778997562,0.0,0.027812269915204725,0.063081919989995,7123
1966,1.0074259374572718,0.18137547373771667,0.12019764991079314,1,2.252019006502977,0.0,0.04305992432640319,0.05380618759474206,7124
1967,-2.331604734844182,0.2066502869129181,0.11994546190598614,7,40.46080308673057,0.0,0.022186081134142055,0.02197250428837645,7131
1968,-2.026629540854775,0.12941283732652664,0.11987350542393412,2,5.82917938312528,1.0,0.037047220056454326,0.09424427699339756,7133
1969,0.6669502587174058,0.192926724255085,0.11969380301959213,5,20.368900616284833,0.0,0.03892793953010965,0.04439161518649198,7138
1970,-2.1068518101583678,0.15767495483160018,0.11951437000717301,5,6.2850259901020555,1.0,0.0564847624870451,0.02789357812290945,7143
1971,-2.0277008668848366,0.11924674361944199,0.11944267214146202,2,9.286512203045703,1.0,0.026137935717254642,0.03315298333780691,7145
1972,-2.1354879738182504,0.24421286582946777,0.11933520598283125,3,19.20903596872882,1.0,0.04190794352795604,0.056900752164914636,7148
1973,0.9941186606455705,0.19963416457176208,0.1192994054210364,1,8.099690542441465,0.0,0.07681542221758769,0.22097018206100738,7149
1974,1.0015548317114038,0.15861929953098297,0.1192636155994101,1,3.152563959433583,0.0,0.050478872602488414,0.08054493152485352,7150
1975,0.8641603190007122,0.13782769441604614,0.11919206816377587,2,10.551098769255109,0.0,0.03999296751132066,0.056632080564468015,7152
1976,-2.0722505436498486,0.15710339695215225,0.11904910203282437,4,12.1790584485576,1.0,0.03186035247059658,0.09678831475908391,7156
1977,0.9813861323362333,0.15403330326080322,0.11901338730221453,1,9.490882011418794,0.0,0.04476553880951551,0.04988837262864813,7157
1978,-2.027725041124633,0.13687434941530227,0.118834974301181,5,8.213086017493216,1.0,0.058679513226720305,0.03612302016019786,7162
1979,-2.2662703207761963,0.11928454041481018,0.11858564534098462,7,35.35927961526639,0.0,0.040185317489128014,0.028997781920309204,7169
1980,-2.153132208404031,0.1605835727282933,0.11833683950060844,7,21.350063084865866,1.0,0.053003249689606305,0.047381575912731316,7176
1981,-2.1542650486762303,0.16831299290060997,0.11812399288035318,6,20.117283366241246,1.0,0.04930260068581039,0.0486567405069915,7182
1982,-2.3681368288829,0.12411044644457954,0.11787615563805731,7,40.629610853100246,0.0,0.04971037175895646,0.058263109628673565,7189
1983,-2.056539347037786,0.1644452452659607,0.11769944746131855,5,18.17789405669481,1.0,0.04231232362667858,0.028830206049737832,7194
1984,0.9939477436682385,0.129494309425354,0.11766413762708015,1,5.169777705519477,0.0,0.05498044580151574,0.06678659746989749,7195
1985,0.6800686282846953,0.15327762067317963,0.11752300418785522,4,22.24916869072583,0.0,0.029914321947221136,0.07856151335320273,7199
1986,-2.266378015699158,0.1631851898772376,0.11727642788651274,7,28.75975861351464,0.0,0.10727152458854311,0.07623372733287505,7206
1987,-2.2636813464408663,0.17605577111244203,0.1171006187618082,5,35.56374856889656,1.0,0.04357709602780819,0.11634251695960647,7211
1988,0.8575998937427128,0.12191102653741837,0.11699525981892794,3,12.456535603592735,0.0,0.052797409429780805,0.12221370264115804,7214
1989,-2.1597451853000433,0.13658209890127182,0.11681987219334942,5,32.547776426152595,1.0,0.02386568650698451,0.033127919139908424,7219
1990,1.009352185402584,0.10315550863742828,0.11678482623169142,1,6.583261038990869,0.0,0.04911120179292943,0.11310891651444238,7220
1991,-2.2573841209904453,0.16744433236973627,0.11653979870959792,7,32.76641674902222,0.0,0.04865645036279313,0.04290091117320045,7227
1992,0.9842142823354977,0.20995718240737915,0.11650483676998505,1,9.741363597113384,0.0,0.06610715202003345,0.11060098603617423,7228
1993,0.6217847625768419,0.1948000155389309,0.11636509386589135,4,25.214310715796167,0.0,0.046987594303328765,0.10120289841195981,7232
1994,-2.037933852672864,0.11684852838516235,0.11629528528243027,2,6.5607465013601205,1.0,0.04684976837181606,0.11684572509372242,7234
1995,-2.1575872759797687,0.12228824496269226,0.11612094698886838,5,20.578092259412102,1.0,0.03850488468825293,0.04941934925416945,7239
1996,-2.208848975189087,0.12600878477096558,0.11594687004588942,5,31.98282754126989,1.0,0.03779980332451025,0.060917218533238324,7244
1997,0.7068353739787983,0.15706135146319866,0.11580779640062287,4,17.98891352041473,0.0,0.035370527475049145,0.0916490042250451,7248
1998,-2.049838119973647,0.17662006616592407,0.11573832214548417,2,9.918185272421125,1.0,0.048544073988658315,0.07667902945264661,7250
1999,-2.0981278105471075,0.1434733584523201,0.11556481879551124,5,14.832595215415171,1.0,0.022517925038031288,0.04148035031189457,7255
2000,0.4530638588537722,0.1895261506239573,0.11535695807179375,6,38.25788638226908,0.0,0.039151143633768544,0.03598058145668812,7261
2001,0.9469205980338322,0.12424886971712112,0.1152877542790769,2,7.886660868599229,0.0,0.04543755302214521,0.14159071024675318,7263
2002,-2.249765015876939,0.14083214662969112,0.11514947121687918,4,38.706109488175564,1.0,0.04782141409593617,0.06536622491894113,7267
2003,-2.0712129028084765,0.15090113133192062,0.11508039189760147,2,14.299078202146033,1.0,0.05009985225928521,0.134595873482365,7269
2004,-2.075025236157093,0.11643863221009572,0.11497685061349228,3,14.250551530602163,1.0,0.044865427896630214,0.0656693891693785,7272
2005,-2.1827781304911555,0.13494411359230676,0.11477004743906281,6,26.470593502424546,1.0,0.06436409052145609,0.03202770946040089,7278
2006,0.9474671083176719,0.17229145765304565,0.11470119573990366,2,8.709014798689571,0.0,0.03541320579603793,0.09735852474316581,7280
2007,0.21388061876637005,0.17199158668518066,0.11446053990574971,7,47.692075493560175,0.0,0.026396743930542553,0.01189758208449038,7287
2008,0.7928851830201444,0.11731623113155365,0.11439187388325486,2,17.59488848697428,0.0,0.05751600210882395,0.14811387286647976,7289
2009,0.8840029716267537,0.16863402351737022,0.11432324905419357,2,10.822039211860151,0.0,0.06317481928044007,0.11279442172244125,7291
2010,-2.095858183398846,0.15599345043301582,0.11418612287753704,4,16.981886769662424,1.0,0.03797790322034477,0.06047802267711977,7295
2011,0.9489093033583783,0.17132875323295593,0.11415186704067379,1,9.594720600653659,0.0,0.04289105357539838,0.10911782765097508,7296
2012,0.5760642899193192,0.1495361030101776,0.11401494642990573,4,19.134828291831475,0.0,0.06171831710729067,0.05279211787755182,7300
2013,-2.149619822106147,0.13890662230551243,0.11387819004994826,4,26.8544040542076,1.0,0.031132978982002537,0.05311704859598276,7304
2014,0.2594958460859659,0.15631060426433882,0.11367336298193455,6,43.33188782934753,0.0,0.03769679976832894,0.05512875677601456,7310
2015,0.7320111579769594,0.18177795906861624,0.11357108764398965,3,20.459811011016498,0.0,0.061890565005092164,0.08879821501836697,7313
2016,-2.1961341557679264,0.14741255662270955,0.11333280290200048,7,33.586190985822796,0.0,0.021953501325872756,0.05135732276105597,7320
2017,-2.234164012575044,0.14256979674100875,0.11316290566657486,5,34.037628677474295,1.0,0.04031597813815099,0.030940420560063395,7325
2018,-2.2074778974287885,0.15940574556589127,0.11295936514520347,6,25.050073956556737,1.0,0.04357424435440256,0.06675854921320677,7331
2019,0.6514150746641284,0.16197071969509125,0.11282387489288773,4,22.98951686391306,0.0,0.04877621438967827,0.09690670330038749,7335
2020,1.0173643451113972,0.2561640441417694,0.11279002773041986,1,6.396984721903747,0.0,0.03921423352382477,0.10081537052770849,7336
2021,0.6665375927557778,0.1734322210152944,0.11268854715572466,3,28.297760951384944,0.0,0.029465036540861113,0.09276779215401919,7339
2022,0.8440008142006655,0.18618698169787726,0.11258715788614965,3,13.17111300045384,0.0,0.03254525906308044,0.06918735844010399,7342
2023,0.6086715248484652,0.18787009716033937,0.11241837844736859,5,27.471907907766557,0.0,0.016723763342105798,0.029751677347715864,7347
2024,0.32226354291202386,0.16043979035956518,0.1121825122171609,7,43.673304817494994,0.0,0.02430326866070946,0.025035975880930338,7354
2025,-2.0534157140837497,0.11299407109618187,0.11211521280625672,2,12.377647638767218,1.0,0.06128614501041775,0.12090989310095163,7356
2026,0.36892272027464823,0.15206721425056458,0.11191355671821418,6,41.66274412433366,0.0,0.026164734078214128,0.02640877350289447,7362
2027,-2.151443895500182,0.1634461134672165,0.11167874966000156,7,20.08913415156345,0.0,0.03594466895679794,0.039888296633622776,7369
2028,1.010332998069742,0.34682637453079224,0.11164524603510356,1,8.011270945815737,0.0,0.04484439884609536,0.10524408888098405,7370
2029,-2.3476226181292974,0.1666639064039503,0.11141100192247176,7,47.99118610947715,0.0,0.023993631315525385,0.024565809916325745,7377
2030,0.6689003467605735,0.1470234990119934,0.11127736887007436,4,17.731924362240925,0.0,0.07982774489051135,0.07397383657972832,7381
2031,1.0238846684808376,0.19111758470535278,0.11124398565941335,1,2.747003165839072,0.0,0.04529804867076915,0.12728488540770194,7382
2032,0.9168154497707615,0.15176581591367722,0.11117724927997641,2,9.448235819333272,0.0,0.029656583517780048,0.07225904389405685,7384
2033,-2.214108004118471,0.14935691867555892,0.11094398707645863,7,28.005373831093124,0.0,0.025347616918276243,0.021471315151052103,7391
2034,-2.4167305512405663,0.1704078252826418,0.11071121428292305,7,40.81850391872039,0.0,0.0798974319408656,0.054853828940070695,7398
2035,0.9850211771861955,0.16307813301682472,0.11064479751836259,2,7.465026963609656,0.0,0.05703842629193353,0.0863884398352919,7400
2036,-2.228750247301034,0.20114420035055705,0.11041265245771338,7,36.41931251108921,0.0,0.04474850808639609,0.05177545020728052,7407
2037,0.8569902996958139,0.14465416595339775,0.1103464148033775,2,14.023920917238597,0.0,0.030868927722387977,0.06952388878401573,7409
2038,-2.0,0.10208213329315186,0.11031331087893648,1,3.746257248909105,1.0,0.03930997942983013,0.08223756618094116,7410
2039,-2.179308213943556,0.20533371610300882,0.11008186131403348,7,20.391688096251524,0.0,0.03141796494196821,0.038740842090984565,7417
2040,-2.2167055351987446,0.15317104863268988,0.10985089735599576,7,36.60105482758999,0.0,0.03602582269543281,0.031968029674039555,7424
2041,-2.267632904103723,0.20245185792446135,0.10968621984611411,5,40.15843509435064,1.0,0.028406599847683598,0.06512916342602212,7429
2042,0.6554069542994774,0.16648670037587485,0.10958753186057045,3,26.25058322550886,0.0,0.029534578948323127,0.07142992862845676,7432
2043,0.8827695744671925,0.18341302871704102,0.10952178920433198,2,8.834740692079457,0.0,0.037138222887414675,0.1155030081796338,7434
2044,-2.0400617642450256,0.135799340903759,0.10945608598777042,2,8.171326353886275,1.0,0.0314430962280093,0.0939149823815793,7436
2045,-2.102060048441099,0.16022674863537154,0.10925921273961556,6,18.49480801959554,1.0,0.042266414810304166,0.034644423291722154,7442
2046,-2.1395791173197387,0.24142158457211085,0.10902997478955548,7,18.094958597480606,0.0,0.057416202748010924,0.031205757211679182,7449
2047,-2.0,0.15773126482963562,0.10899726579711862,1,2.744841322479405,1.0,0.0453442560118508,0.07950709166529764,7450
2048,-2.0,0.09736581146717072,0.10896456661737948,1,2.8286511147394973,1.0,0.07324368145657978,0.1461724430582229,7451
2049,1.0141649815147054,0.08256568014621735,0.10893187724739427,1,3.861326353288935,0.0,0.0659283322123486,0.2163443861183468,7452
2050,0.9028040079410015,0.20138294994831085,0.1088665279249148,2,12.082104815468732,0.0,0.025494141212618407,0.09577644205599338,7454
2051,0.9589143771922131,0.1260251502195994,0.10876857744080554,3,4.117959960521238,0.0,0.03734855481170764,0.0491597616172389,7457
2052,-2.3873098366672285,0.12268666923046112,0.10854036889803578,7,39.81983817469837,0.0,0.04851151660448057,0.020671889789607607,7464
2053,0.5404432630122595,0.17595785558223725,0.10837765600171925,5,32.83085417335167,0.0,0.04336627578558909,0.04075929511600636,7469
2054,-2.0372217836222477,0.17498630285263062,0.10831263916210727,2,12.197553006444476,1.0,0.04408143749143751,0.09098451325439526,7471
2055,-2.1810894835179035,0.15491413644381932,0.10808538722843014,7,29.773059844304896,0.0,0.042883071110955365,0.03863204081265786,7478
2056,0.9695401793451749,0.15510621666908264,0.10802054572377795,2,4.747977831933298,0.0,0.06468349014523883,0.10333367057469627,7480
2057,0.8808394839628744,0.15555408596992493,0.1079557431181928,2,13.646487890753587,0.0,0.04780305441325097,0.08352103487729337,7482
2058,-2.3085391328210325,0.15237331638733545,0.10776156846255028,6,49.368063783765855,1.0,0.051526933822459875,0.051938960429364196,7488
2059,0.9819607253756106,0.19850951433181763,0.10772923999201152,1,8.171717159825187,0.0,0.04099991318238232,0.09064734866169886,7489
2060,1.0060879508538956,0.2577187418937683,0.10769692122001392,1,5.725854215578589,0.0,0.04515781449403024,0.11240333118673089,7490
2061,0.5809137165611498,0.1400317121297121,0.10756774305925698,4,25.510964519114605,0.0,0.052500380970763295,0.03557733213814626,7494
2062,0.9684596446650879,0.13078054785728455,0.1075354727363392,1,7.1773667328435655,0.0,0.048716385329990904,0.09184813662582585,7495
2063,0.8639343070490261,0.139008899529775,0.1074387198425507,3,10.950478334464485,0.0,0.03141908184256685,0.06904460104305127,7498
2064,-2.0168376234736347,0.1887989342212677,0.10737426628012996,2,11.911004122519998,1.0,0.0372802017808682,0.08887010193290935,7500
2065,0.9693143357924454,0.16143226623535156,0.10734205400024592,1,7.387028210899069,0.0,0.04572382507224932,0.08523462927148451,7501
2066,-2.0651058110802727,0.1938905343413353,0.10727765842863064,2,17.037255746407528,1.0,0.04101465406888878,0.06617661162666738,7503
2067,-2.0,0.12490028142929077,0.10724547513110205,1,3.003429557750643,1.0,0.05876325096099888,0.15010119513800133,7504
2068,-2.046050730211344,0.1781618744134903,0.10718113749811617,2,8.560432911207217,1.0,0.04960049311529318,0.1044190255973153,7506
2069,0.9701996532174865,0.21997416019439697,0.10714898315686673,1,6.374649061437593,0.0,0.04039178646593067,0.09811290027042546,7507
2070,-2.10444613980778,0.18435707688331604,0.1070204622259582,4,18.535443803636333,1.0,0.021465295722729115,0.05822905808894748,7511
2071,0.5995983436186085,0.16625538766384124,0.10686002782214409,5,30.167663787247722,0.0,0.032612371889825534,0.05371880111665423,7516
2072,0.5715383790600715,0.20846215883890787,0.10666782397541039,6,28.493263277560594,0.0,0.036117605284672,0.04573619034318661,7522
2073,0.9646436435155391,0.12230369448661804,0.10663582362821776,1,6.469747922819721,0.0,0.023544720467673617,0.06125191928783891,7523
2074,-2.433613385922046,0.17880062120301382,0.10641208983956456,7,61.29882977509367,1.0,0.05989243526372146,0.06915870874091283,7530
2075,0.7579895184321404,0.14031932502985,0.10628445278279397,4,13.00628420129042,0.0,0.045653972379291266,0.0905250961342939,7534
2076,-2.263231300603403,0.16852790543011256,0.1060614562091572,7,31.788059021590733,1.0,0.046641477564908926,0.03889350882735488,7541
2077,0.9818723274562969,0.17029020190238953,0.10602963777229446,1,8.137987690709501,0.0,0.09055147984949587,0.14400721791069937,7542
2078,0.8146278349410383,0.16712909688552222,0.1059342397234388,3,19.333839669873672,0.0,0.019260033181247034,0.016529931700655306,7545
2079,0.8390690096109612,0.16870182752609253,0.10587068871368631,2,15.626667697117005,0.0,0.03613084333778335,0.06535778595267748,7547
2080,-2.139844426173921,0.16307276487350464,0.10577543367607144,3,23.221957912546905,1.0,0.02655374053079072,0.06998467850335824,7550
2081,-2.0,0.2278212010860443,0.10574370104596861,1,5.5924032005980315,1.0,0.0707482923739367,0.18942764225679823,7551
2082,-2.2717076637101643,0.16812727281025477,0.10552183902946925,7,35.57791798642096,0.0,0.025025248125667428,0.033169528756898534,7558
2083,0.6171232880591997,0.10763977530101936,0.10533204211672993,6,27.828713637596643,0.0,0.027633642462772137,0.04452096150251177,7564
2084,-2.205099100090962,0.17911166750958987,0.1051110438063355,7,27.04249368189602,0.0,0.03496210165032213,0.04935862515619487,7571
2085,-2.221112936260816,0.1571356760604041,0.10489050917491485,7,34.12182722741434,0.0,0.021385872992794992,0.051070105889382274,7578
2086,-2.1458626625075135,0.15515509247779846,0.10479613603426288,3,19.69128343014625,1.0,0.056342459424024945,0.09931361831910876,7581
2087,-2.0924342117790027,0.11822463075319926,0.10470184780395929,3,20.522553802049043,1.0,0.04314114213382365,0.10889141672073376,7584
2088,0.9388231591075373,0.180467389523983,0.10463903611844323,2,13.011575624062814,0.0,0.0371016903129284,0.06953953193629261,7586
2089,-2.053740858904957,0.18836480379104614,0.10457626211428542,2,9.962040956152542,1.0,0.0414701842063597,0.08895322099192803,7588
2090,0.5051257831906724,0.2001591831445694,0.10441949181151855,5,32.08366354327101,0.0,0.038440553658895094,0.05041991097766501,7593
2091,-2.1413316484302234,0.25775568559765816,0.10429424479659385,4,20.023351663946436,1.0,0.023110319426266016,0.033016760501000095,7597
2092,0.45212109554429214,0.12339315265417099,0.10413789726606408,5,31.641309649420275,0.0,0.04456256759047244,0.07826242040819335,7602
2093,-2.0424350352134066,0.1808258593082428,0.10404420127294517,3,6.519719419251238,1.0,0.05441501707668174,0.08587737757521047,7605
2094,-2.004441358264643,0.15885640680789948,0.10398178411615952,2,3.1383868817453084,1.0,0.07889878147763245,0.16134485186015488,7607
2095,-2.1245032560602284,0.15803935378789902,0.1038882285827292,3,24.122394749972283,1.0,0.05718639472169939,0.0813712578371811,7610
2096,-2.3098133430492824,0.1821473628282547,0.10373248971121522,5,41.47208419396067,1.0,0.04168959657061132,0.1014873060731581,7615
2097,0.8586259262988843,0.14428811892867088,0.10367025955331258,2,15.379428188292303,0.0,0.03544584768027627,0.07583287835287618,7617
2098,0.9984986737957344,0.22739380598068237,0.10363915847544658,1,2.1280708233609045,0.0,0.0568516073564913,0.19567348239250956,7618
2099,0.8699234608156978,0.15906569610039392,0.10354591121259321,3,12.429165810842381,0.0,0.022982461217221924,0.05285643234390222,7621
2100,-2.180080603657165,0.1601247303187847,0.10342171202274805,4,30.9674414715654,1.0,0.032306501151183845,0.10691395333324291,7625
2101,-2.2720534727555037,0.1841041903410639,0.10320472179683182,7,28.26939217792912,0.0,0.030551897160866127,0.082751307795705,7632
2102,0.7517112156462598,0.19623620435595512,0.10308093185008012,4,19.32481339381659,0.0,0.034379836890551525,0.07269776432416221,7636
2103,-2.1325991997272262,0.1561759039759636,0.10295729038443134,4,21.3922195233029,1.0,0.034061643491616674,0.0706839002618489,7640
2104,0.6635964616716239,0.21858558803796768,0.10283379722178827,4,23.335684897528935,0.0,0.021433724183426386,0.05115344375345159,7644
2105,-2.088397971788295,0.1803644299507141,0.10274127456663741,3,21.06110190266871,1.0,0.06374921916175756,0.1548536673803026,7647
2106,-2.072249295566201,0.14778685942292213,0.10267963904861215,2,17.573429869754495,1.0,0.058280880695086044,0.10057715363361058,7649
2107,-2.0305601348118025,0.149098988622427,0.1026180405063505,2,8.719623282708074,1.0,0.048170992443499254,0.0644267951741702,7651
2108,0.812239481232894,0.14453615248203278,0.10252571197399504,3,16.049016756414016,0.0,0.02561232903923277,0.037954397913534464,7654
2109,-2.2648685604215717,0.18035949979509627,0.10231060165558757,7,37.97344866414312,1.0,0.04503245296279664,0.04490968377086838,7661
2110,-2.0,0.22843515872955322,0.1022799084750909,1,3.0457096392927836,1.0,0.0709039666733711,0.1162425584363942,7662
2111,-2.0,0.1318628489971161,0.10224922450254838,1,4.966444644390842,1.0,0.085234573459229,0.19558959671831314,7663
2112,-2.1292370138299543,0.13674238175153733,0.10209594266249347,5,23.26237907339912,1.0,0.023810364996635264,0.042553019165195424,7668
2113,0.9942834392332146,0.16205960512161255,0.10206531387969472,1,5.135689481618093,0.0,0.05143179904999544,0.09512044967552506,7669
2114,-2.269017768416437,0.1851601621934346,0.10185116952756783,7,44.51235310536325,0.0,0.03311707870589537,0.05836417575211557,7676
2115,0.6991380874091218,0.17232683300971985,0.10169848441183338,5,20.84269431366285,0.0,0.047316619983369695,0.05477171717763681,7681
2116,0.9423657592942872,0.1294633224606514,0.10163747447404987,2,5.522048465013489,0.0,0.043496827302569735,0.07872174154628961,7683
2117,-2.0993370735821815,0.11676652481158574,0.10154602818639714,3,16.964875930105958,1.0,0.06312800506663115,0.04473821747747907,7686
2118,-2.0458600729768417,0.1846543699502945,0.10148510970862784,2,13.424076794892795,1.0,0.06309948266186129,0.1692415436109657,7688
2119,0.9821331489140507,0.1842648684978485,0.10145466417571526,1,4.0792407140742215,0.0,0.07344286693237102,0.10870058949678073,7689
2120,-2.2688384962873704,0.17640283490930284,0.10124180103441567,7,26.114464096190307,0.0,0.04812285069256918,0.027695507870199785,7696
2121,-2.2093568982086484,0.17831795513629914,0.1010900294231538,5,34.274834277517684,1.0,0.07216057440530053,0.09808136078976236,7701
2122,1.00094702366415,0.18463489413261414,0.10105970241432685,1,4.666208465680382,0.0,0.03627768943791956,0.07617890139211703,7702
2123,-2.1867694204700356,0.20733699450890222,0.1008779313260194,6,31.793244857224508,1.0,0.06543458105190875,0.046152343341466645,7708
2124,0.8984943023613374,0.19673581421375275,0.1008174136462376,2,10.614575687449008,0.0,0.032654145158895566,0.06308005556509574,7710
2125,-2.2726379641188466,0.13973804439107576,0.10063607835075368,6,43.451468011610274,1.0,0.026543796990942916,0.0380928969428955,7716
2126,0.9033243755708862,0.199966162443161,0.10057570576099029,2,8.096648598911706,0.0,0.05576093360407623,0.14706968732367914,7718
2127,-2.097073536915507,0.16775790229439735,0.10045506921409686,4,14.43217829463764,1.0,0.03692418213163453,0.0619976974404101,7722
2128,-2.2853523530531166,0.14659007319382258,0.10024430333392653,7,36.81677134135599,0.0,0.02482825063871357,0.02388105136343967,7729
2129,-2.270535549456685,0.16079590043851308,0.10003397966395615,7,41.77554235982567,1.0,0.06734594983738232,0.036921177606529715,7736
2130,0.9481756497369649,0.1531344329317411,0.09994397608873219,3,5.038225062391314,0.0,0.04154248991294097,0.07388322515592391,7739
2131,0.6436239608650519,0.13873037993907927,0.09979415004719677,5,22.626552856774623,0.0,0.04313842447117782,0.08786809641424355,7744
2132,0.8156265009937835,0.19698166847229004,0.09970436225388038,3,13.173772494940106,0.0,0.06763860445473023,0.0904602772112446,7747
2133,1.0648376980199006,0.13151249289512634,0.09967445094520422,1,1.7923447691968035,0.0,0.06319484159028423,0.12192159189302444,7748
2134,1.0569512014917655,0.27894237637519836,0.09964454860992066,1,2.181148646952656,0.0,0.0805668631416078,0.14195229724556754,7749
2135,0.8504457216127599,0.2295332799355189,0.09955489541750945,3,13.478106094631208,0.0,0.03032184397362836,0.07435156800217578,7752
2136,-2.2676684583644553,0.1709269391638892,0.09934601820183388,7,41.8956655319298,0.0,0.03164665805374616,0.04428072597214219,7759
2137,0.8575201890258245,0.20051328837871552,0.09928641953205443,2,16.021728099594135,0.0,0.05467527838858999,0.13495862151092997,7761
2138,-2.2263629976739865,0.16964970422642572,0.09907810560857253,7,36.725854233213205,0.0,0.04165772493339438,0.025236363148503433,7768
2139,0.9818299689223837,0.274334192276001,0.09904838217688995,1,8.115885153545646,0.0,0.07448267999226252,0.12128100219431877,7769
2140,-2.1781295066216377,0.1179101752738158,0.09887022875081343,6,28.38073250405133,1.0,0.03143496096317211,0.044976701797506395,7775
2141,0.9804983983837493,0.18206706643104553,0.09884056768218819,1,3.538035554409783,0.0,0.06846963219976668,0.14604293689002432,7776
2142,-2.361622745210414,0.12436009074250857,0.09866278804176473,6,45.19354710902018,1.0,0.06030163076882375,0.08061972747238079,7782
2143,-2.1040176124853547,0.15402032931645712,0.09857401816881603,3,18.76564536797321,1.0,0.01515161517277666,0.02289601083981469,7785
2144,-2.0136878980052137,0.20324824750423431,0.09851488262957638,2,12.609365031623481,1.0,0.07018304567226394,0.10970252211815562,7787
2145,-2.0655358283830876,0.1274922452867031,0.09845578256633807,2,13.480957296435559,1.0,0.01615695448547668,0.032309036462101454,7789
2146,0.8986981241465481,0.1442362554371357,0.09839671795781871,2,10.274054060676523,0.0,0.04096425453734432,0.06620464722707378,7791
2147,-2.0163128503174943,0.14888757467269897,0.09833768878274865,2,12.802313685757088,1.0,0.03660188773987271,0.05587654436011203,7793
2148,-2.3073837857423527,0.17710431771618979,0.09813136540163545,7,40.483999688879415,0.0,0.057740767480910296,0.052027916214640854,7800
2149,-2.204167255168512,0.1681092871086938,0.0979254749098663,7,21.339744661074008,0.0,0.03151825607827244,0.06330046349357075,7807
2150,-2.152288047220332,0.15299045933144434,0.09772001639919137,7,15.676045698847709,0.0,0.03202473476788426,0.026567307094831308,7814
2151,1.0127755664743376,0.15100297331809998,0.0976907003942716,1,1.7138983544814992,0.0,0.09243827756679866,0.2069434569055282,7815
2152,-2.209369471695116,0.14337903686932155,0.09748573446657739,7,24.26983425161355,0.0,0.05152867480330851,0.035160703880007756,7822
2153,-2.0818553815513945,0.15407145023345947,0.09739802362407368,3,16.576666848656096,1.0,0.04819444529401683,0.1044806813795444,7825
2154,-2.269994247144885,0.1718860204730715,0.09719367176471426,7,41.04406648237858,0.0,0.04030865584435202,0.05140998305549178,7832
2155,-2.0541759625959606,0.14231528341770172,0.0971353643090859,2,11.144866829306956,1.0,0.04238356494250005,0.11220271115854011,7834
2156,-2.2476361784931886,0.15326860759939467,0.09693156353811,7,27.800229898438072,1.0,0.032484978858599835,0.03477735657975799,7841
2157,0.8960329273441706,0.17462756112217903,0.09687341332382786,2,10.11846772406219,0.0,0.05924038777248076,0.16154118701975453,7843
2158,-2.3048068796327037,0.1423188799193927,0.0966701621550811,7,30.67883054361601,0.0,0.09971039059299061,0.047426398448077785,7850
2159,0.7943610716419875,0.18424622217814127,0.09658318510747524,3,16.19404330468751,0.0,0.037611687955296555,0.07161805371528723,7853
2160,-2.032445413048443,0.13503195345401764,0.09652524388889742,2,6.70852577350324,1.0,0.06095578308181677,0.1371835170663937,7855
2161,-2.0,0.17818336188793182,0.09649628631573076,1,6.043098367955469,1.0,0.03349475027544579,0.09410145838474208,7856
2162,-2.02365507463857,0.15686318278312683,0.0964383972286071,2,2.980622470517308,1.0,0.034348422489914224,0.07900338871784666,7858
2163,-2.0365534251938517,0.24326147139072418,0.0963805428697257,2,8.28738773945991,1.0,0.049435894690703384,0.09848378403826238,7860
2164,0.8614859391927442,0.21618327995141348,0.09629382640128727,3,8.979545111962253,0.0,0.035983215184394526,0.07853890911632701,7863
2165,-2.0152701723780804,0.09471694380044937,0.09623605877189087,2,4.0813043199108545,1.0,0.1056780208835458,0.18625016160902014,7865
2166,0.9743950149304647,0.1318969875574112,0.09617832579787304,2,9.298906696299902,0.0,0.03997324078455587,0.09134984612641711,7867
2167,-2.0309558213086256,0.14275316894054413,0.09612062745844364,2,7.933087258681406,1.0,0.05645038111474191,0.08586361058818445,7869
2168,0.9402935748414682,0.15759088099002838,0.09606296373282505,2,7.73298826024657,0.0,0.05437177869505509,0.11225065446994746,7871
2169,0.8927799450184848,0.17514660954475403,0.0960053346002521,2,12.710203758254739,0.0,0.06124046130686964,0.13117817243036609,7873
2170,-2.0448485931839886,0.14438652992248535,0.09594774003997206,2,10.293062260772707,1.0,0.07033956335260885,0.18922105960581945,7875
2171,-2.0,0.06968002766370773,0.09591895571796007,1,4.126294814146687,1.0,0.07979747309789711,0.17364846557443256,7876
2172,1.0245950673907702,0.22358974814414978,0.09589018003124468,1,3.5573661383787996,0.0,0.03045598897937722,0.10679527677823988,7877
2173,0.9995598462172735,0.2014855444431305,0.09586141297723531,1,7.04425760377646,0.0,0.03806895777918137,0.0860406090999254,7878
2174,-2.282021580893839,0.16794003173708916,0.09568899179503029,6,28.38375605831107,1.0,0.016147082162462936,0.04715862355312706,7884
2175,-2.0,0.2554810047149658,0.09566028509749179,1,4.466503480954417,1.0,0.0804653612710515,0.2150584272898499,7885
2176,-2.2260101879954868,0.20863348245620728,0.09551688073827776,5,40.13087745683468,1.0,0.06268451793329001,0.07692230884733174,7890
2177,-2.320725431976609,0.13836631391729629,0.0953164757253956,7,47.708613478077545,0.0,0.03559574778031718,0.06482781756997752,7897
2178,-2.0464060152808985,0.13627358277638754,0.09523071663011765,3,11.555997873399356,1.0,0.06056681801467575,0.0977461996613229,7900
2179,0.9614450963283164,0.15252358466386795,0.09517358677090408,2,10.539773883025717,0.0,0.03251984099327883,0.06260067575229442,7902
2180,-2.147758674675883,0.20436437215123857,0.09497390202685214,7,16.116094775935885,0.0,0.0727709197744003,0.03310083200348064,7909
2181,-2.0989298488837376,0.16558495660622916,0.09488845115541723,3,17.195077401998063,1.0,0.02799140631523417,0.03778504288191991,7912
2182,1.0518069674682533,0.16137754917144775,0.09485998462007061,1,1.8704732717942716,0.0,0.050129021954765395,0.08000686753926216,7913
2183,1.042843356451542,0.17650192975997925,0.0948315266246846,1,4.065308767256214,0.0,0.0771035794355579,0.13259599930816574,7914
2184,0.985553482356556,0.3200080990791321,0.0948030771666972,1,7.885590784093491,0.0,0.08204680612191335,0.19987808875758334,7915
2185,-2.320494897950378,0.16640582893575942,0.09460416979290096,7,41.74460957796791,0.0,0.02991646131414932,0.048578330297761825,7922
2186,0.8900130229027792,0.14477187395095825,0.0945474158054005,2,10.440499218674983,0.0,0.03001826679579672,0.06066317447535969,7924
2187,-2.1693263686492097,0.17923976356784502,0.09437735804491801,6,28.004910071861218,1.0,0.05687367397970508,0.06007900187710768,7930
2188,1.0182110117409136,0.16994836926460266,0.09434904483750453,1,3.5882364019255393,0.0,0.0774686508812342,0.16669507644777326,7931
2189,-2.2278459483592967,0.14376209378242494,0.09420760615891821,5,31.52047597042342,1.0,0.030465398903677485,0.0630214734164928,7936
2190,-2.3388352596374578,0.1545167395046779,0.09400994814936067,7,37.098436907329116,1.0,0.0653032254437251,0.028159361163738964,7943
2191,-2.288639415371551,0.1472291238605976,0.09384085710536788,6,39.94177463137491,1.0,0.04253330880725037,0.063472314485552,7949
2192,1.039395057022622,0.1820700764656067,0.09381270484823627,1,4.311912542836607,0.0,0.08264044731209312,0.16058392832182156,7950
2193,-2.3026991955199296,0.15109307106052125,0.09361587538544074,7,36.77064994928787,0.0,0.054270707627445694,0.06813139757373013,7957
2194,0.8592499718488377,0.15262386947870255,0.09355971428563825,2,17.094395809432715,0.0,0.0769519178782619,0.1937711208503556,7959
2195,-2.0094424479689468,0.17704012989997864,0.09350358687744116,2,2.1411109954162084,1.0,0.04154536334396137,0.09123790161697401,7961
2196,0.9878433044801587,0.13752734661102295,0.09347553580137793,1,6.283776712920377,0.0,0.05622325428917433,0.10392400414059974,7962
2197,-2.2766607486108783,0.1574411541223526,0.09327941375664983,7,23.513624369046912,0.0,0.019207772422174512,0.03638976598420153,7969
2198,-2.0973594414358265,0.1652746026714643,0.09319548746719201,3,23.3809893760558,1.0,0.031325635613014005,0.06717358669107575,7972
2199,-2.0494654419306704,0.16473133489489555,0.09308370319773027,4,8.594835800011719,1.0,0.033124893101428264,0.049103358171122144,7976
2200,0.5425645548598907,0.1389261313847133,0.0928884032612764,7,31.518172237237103,0.0,0.019224285406714753,0.041479319102251215,7983
2201,0.7699058685094566,0.11621183156967163,0.09280482877570216,3,20.970564872017007,0.0,0.033980566399236065,0.06866781622591746,7986
2202,-2.051209277823715,0.15859495997428893,0.09266570503183097,5,13.150411545571657,1.0,0.04535237482994584,0.06501341321981816,7991
2203,0.6202859503528518,0.1450100988149643,0.09255455621526637,4,23.669626088006495,0.0,0.0287564857610133,0.06636532326631878,7995
2204,0.9941718602259872,0.18054743856191635,0.09249903181144728,2,6.398520120585699,0.0,0.028991805534138156,0.08575744653981202,7997
2205,0.9528559499889624,0.135379821062088,0.09244354071727329,2,9.713538234445924,0.0,0.043820475769047955,0.08598512144246204,7999
2206,-2.1714072664379587,0.15143386274576187,0.09224958391272604,7,9.897906951421302,0.0,0.10394218716015005,0.056412478345738266,8006
2207,-2.0044126003852383,0.2068532183766365,0.09219424246484097,2,8.173032627395223,1.0,0.044336635688924216,0.09728779140366783,8008
2208,1.025517346470385,0.27870386838912964,0.09216658419210151,1,4.951547821482188,0.0,0.06251813802426068,0.11324128615026587,8009
2209,-2.1836634510953106,0.15007852390408516,0.09205603405107321,4,23.292897034594283,1.0,0.021263344523943142,0.034524275116861965,8013
2210,-2.084139330992652,0.17106452584266663,0.09197320847307093,3,11.535152717051172,1.0,0.049906803321121025,0.08707302851369675,8016
2211,1.0582106677058314,0.19003072381019592,0.09194561651052902,1,1.6398465688870303,0.0,0.08026346640892533,0.2207237547496722,8017
2212,-2.4352040912449144,0.18441027190004075,0.09175270440620957,7,31.421268777933676,0.0,0.08859950027854499,0.03175746891745964,8024
2213,0.9103089849444965,0.24076330661773682,0.09169766104130925,2,8.006949166523242,0.0,0.05998830554226538,0.1381232979370387,8026
2214,-2.1945403723606027,0.1461826004087925,0.09153272899377174,6,31.420621889287283,1.0,0.04753574042503612,0.030215827907032835,8032
2215,-2.1186577333310765,0.16094342193433217,0.09134068317327017,7,22.47666364801696,1.0,0.03813715908093699,0.0181829890097567,8039
2216,0.9378974465033454,0.13462654501199722,0.09128588698402769,2,6.162035115733904,0.0,0.05877431027057497,0.13163528260734264,8041
2217,0.7412212323778156,0.13825836963951588,0.0911763932041677,4,20.290408208100043,0.0,0.03981701688425854,0.07646888645076413,8045
2218,-2.089924623226187,0.1692313211304801,0.09098509501568627,7,16.88928810770175,0.0,0.04007674329304958,0.03354034014430593,8052
2219,0.9199776012083675,0.125011645257473,0.09093051214733541,2,7.980199379745473,0.0,0.03993803569822993,0.06678837984082903,8054
2220,-2.2646482294233645,0.16796787679195405,0.09079419819202779,5,36.44192747107691,1.0,0.0410801914818173,0.0555514334579318,8059
2221,-2.315705289712083,0.14173086626189096,0.09060370189108434,7,35.89357200898158,0.0,0.060951181526262214,0.05876833034636618,8066
2222,-2.087922722909044,0.11447894275188446,0.0904678778571201,5,13.028191681251071,1.0,0.04037620823969508,0.049051103912521585,8071
2223,1.0538279660415588,0.10005135834217072,0.09044073749376297,1,1.0677613213128894,0.0,0.05476729660562551,0.11324231297666595,8072
2224,0.9657662714065047,0.1480807662010193,0.09041360527251484,1,9.789431090727527,0.0,0.05840131002040395,0.12544007249896005,8073
2225,-2.0225719570076373,0.12301369259754817,0.09033225743700184,3,6.918436787958214,1.0,0.040787089754136176,0.06039085963207486,8076
2226,-2.0643376514037524,0.11256404593586922,0.09027806621244282,2,16.157249297637584,1.0,0.05266528663381136,0.12711020938693735,8078
2227,-2.3080991769266195,0.15696682631969452,0.09014273033901235,5,44.89269743304056,1.0,0.07073650001915503,0.0648507240490935,8083
2228,1.0031968473076858,0.1282929629087448,0.09011568751991066,1,2.705693488686486,0.0,0.06753947876481393,0.15723590023927508,8084
2229,0.7973926373259966,0.13742091755072275,0.09003460772994526,3,20.878051579017402,0.0,0.028915498300387452,0.05593734888017288,8087
2230,1.005609335725211,0.1740688979625702,0.09000759734762628,1,7.706430164455394,0.0,0.0625507363866242,0.14664999560246533,8088
2231,0.8635436033626169,0.14016003658374152,0.08992661480963451,3,16.31130826117593,0.0,0.03235322377288569,0.06486710883791161,8091
2232,0.9495056335500158,0.1614706963300705,0.08989963682519163,1,9.586067076671645,0.0,0.07432195156270917,0.14038998194120494,8092
2233,-2.3743706661656425,0.16170290857553482,0.08971101741324267,7,25.399467030072223,0.0,0.09031598456405245,0.0811464786459978,8099
2234,0.8525397063993316,0.1264418363571167,0.08963030171712326,3,16.726357805706847,0.0,0.05011332086858515,0.11491614132661035,8102
2235,0.833574096200585,0.10844238847494125,0.08957653160282014,2,16.951674649788295,0.0,0.035499006819443055,0.06896154980431068,8104
2236,0.9388629324384475,0.10142287239432335,0.0895227937457463,2,11.656815704970612,0.0,0.02782058772042693,0.036746371262833664,8106
2237,-2.1497532502787284,0.20055456459522247,0.08938859010147454,5,23.095920505862154,1.0,0.044049427504516334,0.02869466671010175,8111
2238,-2.2326551655991116,0.1474402610744749,0.08920104292224988,7,28.098662806542453,0.0,0.02547418249110895,0.04488821046398101,8118
2239,1.0002125069480061,0.17853893339633942,0.08917428260937321,1,7.83700768981718,0.0,0.08208742074747179,0.13107285705029284,8119
2240,0.9192678123788832,0.2795020267367363,0.08912078606549302,2,9.624684636153138,0.0,0.038145797234983125,0.07955186203337708,8121
2241,-2.4444520297321177,0.17501855322292872,0.0889338007688473,7,54.934191113006946,0.0,0.057797843330701745,0.027403517685379374,8128
2242,0.9358189484220069,0.2062922641634941,0.08888044849242807,2,7.541746592819486,0.0,0.051907421658274784,0.101058149850933,8130
2243,1.030010226955601,0.2907910943031311,0.08885378435788034,1,3.645371622143077,0.0,0.04658487148178106,0.07974597529970785,8131
2244,0.8311474925966753,0.13718139628569284,0.08877383994008098,3,15.149867738897221,0.0,0.03061181067746847,0.033462717645900204,8134
2245,0.997735153291472,0.14702513813972473,0.08874720778809896,1,2.4601590806958455,0.0,0.04479900253146463,0.12528381459686352,8135
2246,1.02779799084997,0.14641430974006653,0.08872058362576253,1,4.6110540180436645,0.0,0.059177884955348224,0.10451027457292539,8136
2247,0.9735320228527972,0.17297497391700745,0.0886939674506748,1,5.971185914711249,0.0,0.07255079547191831,0.13585068157777758,8137
2248,-2.0278025402323565,0.14736849442124367,0.0885875825748982,4,5.469480427071541,1.0,0.0730943923426824,0.12385505717970093,8141
2249,1.0031971812110136,0.08887093514204025,0.08856100630012573,1,7.361948157902561,0.0,0.06525740632142135,0.18134616055344088,8142
2250,-2.237510623382204,0.14571166783571243,0.08845478090594512,4,28.289268966236907,1.0,0.04589151695004204,0.08263529842945008,8146
2251,0.9279030342947145,0.17395339906215668,0.08840171599833184,2,7.901399474487451,0.0,0.01838989119880011,0.042005391321683155,8148
2252,-2.109212669001031,0.23970205088456473,0.08832217832000983,3,22.35268424156599,1.0,0.06754743815753549,0.1834485509962972,8151
2253,-2.0415758875868653,0.18373484909534454,0.08826919296201388,2,12.494415156272588,1.0,0.02150035585843431,0.054611309789796066,8153
2254,-2.3997808242971206,0.13986421270029886,0.08808399440217901,7,57.47866170923598,1.0,0.034763820610155476,0.04011375095388397,8160
2255,-2.022247459345376,0.15674669295549393,0.08803115193309721,2,4.486064920406368,1.0,0.041897207427304975,0.07624158650018101,8162
2256,-2.1433475724859163,0.1378373886857714,0.08784645280975038,7,26.524251609439258,1.0,0.03601967130803815,0.03181100024217147,8169
2257,0.6578566427968631,0.1731414459645748,0.0877410844939765,4,24.63238082721312,0.0,0.01887101912764362,0.048010678146798776,8173
2258,-2.0,0.141774982213974,0.08771476216862831,1,1.731249584177474,1.0,0.06918883847616931,0.1194491937880978,8174
2259,-2.065511870421053,0.11445651451746623,0.08763584256329403,3,16.18413034453564,1.0,0.05819252652590374,0.10845928646286049,8177
2260,-2.166775436635882,0.19343937294823782,0.08745197284286255,7,19.396845352237815,0.0,0.0325490319059562,0.052220822049534904,8184
2261,-2.0890894403688414,0.16462788358330727,0.08734707769007236,4,22.847120320699773,1.0,0.043363816206875,0.06372917631246361,8188
2262,0.8999342478521039,0.15489746630191803,0.08729467730469531,2,10.9646686705534,0.0,0.05955232656354663,0.1572523844889721,8190
2263,-2.2151504443490566,0.18284699959414347,0.08711152338682684,7,26.410333483157537,1.0,0.04339306180420639,0.044343629902169765,8197
2264,-2.199463113309542,0.19400166844328245,0.08695484019825751,6,29.713705710156063,1.0,0.055092566322327036,0.046016805978310274,8203
2265,-2.1499038987646033,0.27202504873275757,0.08687660431753817,3,23.47425545087298,1.0,0.033159291950859746,0.05976535628925327,8206
2266,-2.0,0.16195955872535706,0.08685054133624291,1,1.9990930402262421,1.0,0.05133573915798663,0.0816906135842192,8207
2267,0.7557367122961859,0.14195230106512705,0.0867723992963415,3,23.755382298280313,0.0,0.048022120253814984,0.11292411019145607,8210
2268,0.7324869936695224,0.17555502553780875,0.08669432756317974,3,21.917055633691035,0.0,0.03498309927699282,0.06261822301183682,8213
2269,-2.212425530854502,0.15442890141691482,0.0865124332456746,7,31.937943258540983,0.0,0.06098119227420152,0.029404534773282923,8220
2270,-2.0607529645155895,0.2116325149933497,0.08643459541177465,3,9.530599511126791,1.0,0.02450440966309553,0.049901702508975035,8223
2271,-2.2067394645115153,0.17532556823321752,0.08625324604113907,7,32.46344688402617,0.0,0.03159380649518452,0.05220903347880675,8230
2272,-2.055733800149706,0.23469369858503342,0.08607227716160284,7,12.181428839423969,0.0,0.03232640301709121,0.06967736406993828,8237
2273,0.54784671749747,0.17766163498163223,0.0859690368987435,4,32.38739662764392,0.0,0.052272714260957885,0.06330132381314574,8241
2274,0.9009723341616989,0.15993948529163995,0.08589168797485343,3,8.438776382697943,0.0,0.037748200349951626,0.08725235065215317,8244
2275,-2.1302045391282527,0.1957162208855152,0.08578866432151952,4,16.49958520135921,1.0,0.03295939390626716,0.0777594323436053,8248
2276,-2.0165532454797312,0.2130739688873291,0.0857371988439064,2,6.107502359287254,1.0,0.03877991479875601,0.06058357422369294,8250
2277,-2.1963198877116867,0.16500236988067626,0.08560867018597393,5,36.16368061910501,1.0,0.06357402942787001,0.05938854140573824,8255
2278,1.016006317660398,0.15632691979408264,0.08558298758491814,1,3.590438572364719,0.0,0.0468430029217938,0.0942363712344636,8256
2279,0.9858566956094474,0.12412526458501816,0.08553164549483608,2,7.3406829283733925,0.0,0.04698487456684501,0.06065064948971477,8258
2280,1.00872123682824,0.151960551738739,0.08550598600118763,1,8.123765416730865,0.0,0.06966522808628091,0.06742778723144408,8259
2281,-2.13329046201133,0.20053309202194214,0.08535219061330376,6,15.837169513973071,1.0,0.05715427665467595,0.0515023329526766,8265
2282,-1.9997569574187204,0.15239053219556808,0.08530098698063295,2,2.108202063993917,1.0,0.03232973156414853,0.08371367653867899,8267
2283,-2.112564039001991,0.15108377486467361,0.08519867184957736,4,21.54454983431425,1.0,0.039544807360680986,0.08253469662051788,8271
2284,0.9890498102599127,0.18494835495948792,0.08517311224802249,1,8.132898039439416,0.0,0.0578739861419559,0.15696962335204684,8272
2285,-2.170720715784214,0.20818315872124263,0.08499440960901937,7,23.58009919796138,0.0,0.025032848016092384,0.034169694532436116,8279
2286,-2.201022238122663,0.14090165868401527,0.08489246220529104,4,32.67261780693117,1.0,0.047843848344889965,0.07681306095189275,8283
2287,-2.0,0.1945214569568634,0.08486699446662946,1,9.6756745851416,1.0,0.0602281398116276,0.18189472728036776,8284
2288,0.9914695989352605,0.1452060043811798,0.08484153436828948,1,6.059756998395905,0.0,0.05147633412754575,0.08815623578752739,8285
2289,0.980792149074851,0.14527324587106705,0.0847906370834066,2,6.569331893167306,0.0,0.049306299803083,0.08593373651479215,8287
2290,-2.226203474082155,0.2414047360420227,0.08466352741646485,5,36.62067746187329,1.0,0.03499409783729082,0.035256283317564655,8292
2291,-2.459200538276901,0.18363388308456965,0.08448589394297407,7,54.33100093368081,0.0,0.06578288763356702,0.019106297688789405,8299
2292,0.9485329628081367,0.1795764019091924,0.08440987944733565,3,11.863775093259775,0.0,0.03829932098814403,0.11246972613036027,8302
2293,0.9687058444239082,0.14768269658088684,0.08438455648350145,1,9.783237484997432,0.0,0.02715659993265553,0.06688225221840899,8303
2294,-2.0546403813720646,0.160061813890934,0.08433393334422144,2,15.745467265174458,1.0,0.03701203507430188,0.06464642809587764,8305
2295,-2.0,0.19598977267742157,0.08430863316421817,1,8.860100007733365,1.0,0.04516276103074151,0.11544684122985847,8306
2296,0.5367126151515145,0.185155417237963,0.08413174429824224,7,30.718027808637995,0.0,0.016484088754384788,0.04617000431939025,8313
2297,1.0120422796490034,0.1275285929441452,0.08410650477495278,1,2.0337147950098107,0.0,0.04087981402310234,0.06243701246702563,8314
2298,0.9638546874374941,0.15207060426473618,0.08405604844167323,2,8.528422686227389,0.0,0.02465867141538727,0.044274672458392186,8316
2299,-2.0656635898915523,0.13451429456472397,0.08400562237765259,2,10.06246901522288,1.0,0.0211882718142222,0.054056462183450164,8318
2300,0.5435204899938353,0.17387467622756958,0.08390486098476357,4,29.847145163026145,0.0,0.032069232624453825,0.03459933057456178,8322
2301,-2.015704750340854,0.11996607854962349,0.08385452561961021,2,9.705817281578305,1.0,0.06875542760994582,0.0688690488128356,8324
2302,-2.0374594733510647,0.19974826276302338,0.08380422045114576,2,7.349735079980042,1.0,0.016208234340163778,0.052007092794016246,8326
2303,-2.0744381549588957,0.2636931389570236,0.08375394546125492,2,9.879019094519698,1.0,0.04532399908985782,0.09024004739820753,8328
2304,-2.1050626859365784,0.18139917651812235,0.08367858952164373,3,20.62201108800606,1.0,0.039624278620557576,0.06216873320375565,8331
2305,-2.271488908088073,0.18309517800807953,0.08355314692550202,5,45.61047640060327,1.0,0.07234608604673412,0.04994999513175301,8336
2306,0.466122567664604,0.2313079446554184,0.08342789238039004,5,37.26401079727513,0.0,0.04117166859118468,0.04475223823831673,8341
2307,-2.030726085464092,0.21879830956459045,0.08337784315347212,2,8.546282682246858,1.0,0.05838419077424038,0.13902324762723411,8343
2308,-2.17545817251904,0.19940165323870523,0.08320290718820499,7,22.704803116983555,0.0,0.06031694379396349,0.03850746500799058,8350
2309,-2.197271704917522,0.1760884165763855,0.08307817768757775,5,25.341614218535636,1.0,0.02889603355439616,0.034470450857686276,8355
2310,0.910139202382418,0.18427367011706033,0.08300342975652382,3,10.70845817944122,0.0,0.025086011441005692,0.0323937881192195,8358
2311,0.7862033885851569,0.18734186391035715,0.0829287490784279,3,17.22441920056953,0.0,0.03369545939157104,0.0775382561384785,8361
2312,-2.21066402077879,0.14884874845544496,0.08277958923912655,6,30.855383088052243,1.0,0.020343413986921743,0.025398802076045526,8367
2313,0.867390165307609,0.15605315566062927,0.08272992893574611,2,16.588182235361472,0.0,0.026406516333841987,0.039480392600952034,8369
2314,-2.2768326970122392,0.19421749349151338,0.08255635236639042,7,39.26654124110736,0.0,0.034678507817664676,0.034130535345900666,8376
2315,-2.1217705601415138,0.19627969818455832,0.08238313997993464,7,18.91311892277388,1.0,0.06503507347075885,0.07559018839196972,8383
2316,0.9358484924176469,0.14652793109416962,0.08233371751042928,2,9.063279187168877,0.0,0.037784402154400085,0.07134793919036496,8385
2317,-2.259095508501296,0.16251099705696107,0.08221029101228264,5,36.71974571102613,1.0,0.02976299123656092,0.07710576622124804,8390
2318,-2.179907855448838,0.1919275832672914,0.08206242342796985,6,21.892133558204428,1.0,0.07061040593938403,0.06419755279665777,8396
2319,0.6178685342238937,0.1557629257440567,0.08193940362685546,5,29.509959467629418,0.0,0.024958243235182167,0.07726392313471103,8401
2320,-2.312354346174975,0.15322341450623103,0.08176748566730241,7,41.90598714606192,1.0,0.030810341900599537,0.025397463975578752,8408
2321,0.92351672614223,0.17943204194307327,0.08171843253497574,2,10.050170987136685,0.0,0.030637302925556314,0.06775144903169984,8410
2322,-2.1023395832748695,0.14163774251937866,0.08164490800746466,3,13.167163115215274,1.0,0.05008651399300286,0.10204892106703857,8413
2323,0.577384960716276,0.15728019475936889,0.08152251410382985,5,23.621505118879416,0.0,0.05954494752425065,0.05933321400340159,8418
2324,-2.0,0.13011884689331055,0.08149805734959871,1,9.55075161864576,1.0,0.04658930645478555,0.07422244168969327,8419
2325,-2.151138741688964,0.1950989156961441,0.08137588358982477,5,24.57812573956016,1.0,0.08183725534339978,0.10520945874469206,8424
2326,-2.0,0.11315730959177017,0.08135147082474782,1,1.0243377262144246,1.0,0.05105204792695817,0.17579694763224357,8425
2327,0.6540364184967951,0.2080087810754776,0.08122951681287285,5,22.90078029012632,0.0,0.013302559837585893,0.023294613825811435,8430
2328,0.4918171932167874,0.18080989569425582,0.08110774562229,5,32.26391984477496,0.0,0.044520630082777304,0.03989280923330009,8435
2329,-2.196334531347741,0.14962319657206535,0.08101046011696691,4,27.35413203900932,1.0,0.07177448419877783,0.09326299218622659,8439
2330,1.007111581832871,0.19561785459518433,0.08098615697893183,1,3.380030518657069,0.0,0.07629806604348598,0.1042070209076762,8440
2331,1.013411404160543,0.1768779158592224,0.08096186113183815,1,1.7612901833087315,0.0,0.04498471514362087,0.09903009572871632,8441
2332,-2.1063678189425046,0.19777824357151985,0.08086475060914172,4,19.479627801059408,1.0,0.02548388930158428,0.058741904942544526,8445
2333,1.0444448693149322,0.1696617752313614,0.08084049118395899,1,1.583498322937488,0.0,0.0520087956172433,0.07531244533067336,8446
2334,0.31727895825151164,0.14686674003799757,0.08069508739084694,6,45.28361326589077,0.0,0.028904570880158773,0.048934248306790634,8452
2335,-2.13975690178951,0.16373021341860294,0.08059829685261072,4,22.944163041857585,1.0,0.042516860903893804,0.04355339467558967,8456
2336,-2.210292377836376,0.19433991611003876,0.08045332868246349,6,28.874896808027767,1.0,0.05061712694647414,0.0631528298606529,8462
2337,-2.2814310323366587,0.11813104578426906,0.08028452867301596,7,42.82988895539307,0.0,0.04434970383375551,0.04839204751187021,8469
2338,0.7762641798833357,0.17473642528057098,0.08021229427186531,3,21.168733581376173,0.0,0.04271678650428267,0.11172043234917427,8472
2339,-2.2893879581106114,0.14761969447135925,0.0800920479998683,5,46.29288399598111,1.0,0.04483809667509464,0.09019244041232276,8477
2340,0.8664576036997137,0.2546859085559845,0.0800439999793527,2,13.299211648657076,0.0,0.06738287726583068,0.12531979127906356,8479
2341,-2.0357853698937447,0.16326304276784262,0.0799719819890901,3,4.915726125818757,1.0,0.04262850614492531,0.10907334535076016,8482
2342,-2.007019483420933,0.1490604355931282,0.07992400599737504,2,4.26501194228312,1.0,0.04344114737807514,0.08246873895346302,8484
2343,1.033598953072384,0.09076254069805145,0.07990002879557583,1,1.46877991265141,0.0,0.07373277601504377,0.18116046857577808,8485
2344,-2.232841671075507,0.14147445062796274,0.07975631656564637,6,31.024625257724914,1.0,0.05757364265615889,0.05011791123198793,8491
2345,-2.1277290929362556,0.20969789226849875,0.07968455741278935,3,18.188382143395224,1.0,0.038496526339747,0.0664667504755759,8494
2346,-2.0,0.13586586713790894,0.07966065204556551,1,7.1481898777868516,1.0,0.08693228829020536,0.2793892666462644,8495
2347,0.9666307680928106,0.1491384655237198,0.07961286282379686,2,6.716302664850428,0.0,0.05370350624559982,0.1261387356805985,8497
2348,0.969925604266258,0.16405218839645386,0.07958897896494972,1,9.864359220010586,0.0,0.05180392556425454,0.08724832183443833,8498
2349,-2.244460889302347,0.19848630896636418,0.07942199245710457,7,25.989457786968906,0.0,0.07104316055075488,0.05265333418384172,8505
2350,0.947625272400723,0.12692022323608398,0.07939816585936744,1,8.934113859945066,0.0,0.05610906321314335,0.11705952685320554,8506
2351,-2.1528270939947824,0.12220564484596252,0.07930293092677142,4,30.691487635438474,1.0,0.060372245455430976,0.10487052570558533,8510
2352,-2.146382854929508,0.15594848493734995,0.0792315796985875,3,22.341659572342802,1.0,0.048076491564581006,0.13337988447893862,8513
2353,-2.076661136505339,0.2740986794233322,0.07918404788161053,2,16.776752980389137,1.0,0.08402840401911484,0.07930213436903476,8515
2354,0.5801159076844027,0.16094523072242736,0.07906534305405472,5,13.227716318208822,0.0,0.1065205441083429,0.05782200503518361,8520
2355,-2.0326169261555775,0.17623373866081238,0.07901791096410317,2,11.66739451963908,1.0,0.0933993264998195,0.1417042236789322,8522
2356,-2.221354199747559,0.1452217221260071,0.07889945519244528,5,41.842305847472105,1.0,0.0588079242755178,0.08949986734853262,8527
2357,-2.009579455099326,0.14699262380599976,0.07885212262028078,2,7.17070330433836,1.0,0.06485362715901316,0.18338723444875915,8529
2358,-2.058039608328887,0.18881507962942123,0.07880481844339966,2,12.151324143752964,1.0,0.051706703617829225,0.07439674183451518,8531
2359,0.828331737011301,0.1408546417951584,0.07875754264476728,2,17.422059303947364,0.0,0.03395765192740168,0.10384912575422918,8533
2360,-2.2825580546177524,0.1903854182788304,0.07859230058256535,7,30.829664601599873,0.0,0.04982919266315776,0.04367488096009366,8540
2361,-2.382700095629518,0.16766939950840815,0.07842740521654265,7,54.78797794486432,0.0,0.02756893519387004,0.05152097606736657,8547
2362,-2.1457558696216226,0.187026546895504,0.07830983467221032,5,20.05125999140459,1.0,0.05373634016450972,0.07744896887004085,8552
2363,1.0367775184482821,0.24344584345817566,0.07828634172180866,1,3.57278561260326,0.0,0.05750062088802907,0.11139895924780632,8553
2364,-2.2953954896727202,0.19839162060192653,0.07812208829142035,7,39.53566780399337,0.0,0.08826657111028305,0.04948905629687807,8560
2365,-2.311820565863618,0.1350003585219383,0.0780049754477729,5,45.74893962571093,1.0,0.03415576161477861,0.049844338115559786,8565
2366,-2.0212471090983515,0.19099123775959015,0.07793479202910716,3,6.646529066222323,1.0,0.051843404869240564,0.09888936915192913,8568
2367,0.9564548349147985,0.12198565155267715,0.07788803816802099,2,7.782703842914604,0.0,0.06370599523731171,0.08448855942418877,8570
2368,-2.1529816071960446,0.17742734508855001,0.07772462042267818,7,23.697202002319457,0.0,0.02842791438909474,0.023095623824369967,8577
2369,-2.374542454528775,0.1638173907995224,0.07758482099219308,6,48.170255670835054,1.0,0.04401051927025841,0.09536216681013106,8583
2370,0.9337216266535099,0.17717322707176208,0.07753827708223165,2,8.90322194804719,0.0,0.04550259578462737,0.08911616608145513,8585
2371,0.7363313219954162,0.10968028505643208,0.07746851356609893,3,18.02447207899732,0.0,0.04504741368877926,0.05129690147816462,8588
2372,-2.2648341968469023,0.1801970015679087,0.07730597602991501,7,36.732765382463946,0.0,0.03554175151369036,0.013411824184075724,8595
2373,0.9981135627322826,0.12754113972187042,0.07728278423710604,1,6.7329451031173,0.0,0.05982795594030367,0.1461669223696077,8596
2374,0.8145049590092666,0.14967671036720276,0.07723642152201436,2,16.35859789225301,0.0,0.036607340140561995,0.08338469394874125,8598
2375,0.9860234338059355,0.32419994473457336,0.07721325059555777,1,7.868791072967456,0.0,0.06522549305541905,0.12345836768077843,8599
2376,-2.156060982788721,0.17375188693404198,0.07712063638166002,4,23.75229938282824,1.0,0.026260838455513618,0.040890444638956774,8603
2377,1.0063547858029014,0.23414279520511627,0.0770743709406883,2,5.421172011197826,0.0,0.0486932377191747,0.11191418491631785,8605
2378,0.8630986129143821,0.16999748349189758,0.07702813325481726,2,17.298940678673894,0.0,0.04638218805544402,0.09950200006236737,8607
2379,-2.1525592774105724,0.16853158921003342,0.07693574108178504,4,23.969177726004737,1.0,0.03319348483894703,0.08736678448865064,8611
2380,-2.2194005783603115,0.17650418409279414,0.0767743213613815,7,27.21150060207633,0.0,0.04436958065321092,0.03130192298453658,8618
2381,0.771492145620222,0.13324017077684402,0.07670524519915012,3,18.633853701008775,0.0,0.045201431960178534,0.10593417286428562,8621
2382,-2.0982911004118647,0.1711859881877899,0.07659025634536476,5,18.640494719165957,1.0,0.03241445506000616,0.06783113543540839,8626
2383,-2.113862994530712,0.24338630338509878,0.07652134579195523,3,25.600634999073854,1.0,0.06534636224066169,0.08922518296035165,8629
2384,0.8220640940226892,0.18128801385561624,0.07645249723943977,3,15.850555259728957,0.0,0.05474755196988683,0.13821430663654907,8632
2385,0.9319400628127588,0.24614261587460837,0.07638371063203432,3,6.616132790683435,0.0,0.026865523811194357,0.049233422918838046,8635
2386,-2.2275353475963695,0.1777007356286049,0.0762920914182308,4,33.00721787376561,1.0,0.03887065413672493,0.07846637137675026,8639
2387,0.8422971572577953,0.2307684620221456,0.07622344913275919,3,13.16025910012367,0.0,0.03283946383817495,0.06933320908738984,8642
2388,-2.110571764557107,0.1851041465997696,0.0760635238798897,7,9.19402762827979,0.0,0.08290409677003553,0.05207520851391593,8649
2389,-2.119224785247532,0.14898336678743362,0.07599508724349553,3,19.498602499252563,1.0,0.04660302262533743,0.07937705083187703,8652
2390,0.7153539658669025,0.21606934070587158,0.07590393416794361,4,22.041416914119786,0.0,0.04481046755107384,0.057698759724747334,8656
2391,1.0493570578891025,0.22465671598911285,0.07588116298769323,1,1.6234441589556603,0.0,0.03592241770908775,0.028615146947024044,8657
2392,-2.0088851817450135,0.16472246497869492,0.0758356411192053,2,8.19336797147756,1.0,0.04088755530909232,0.07362001220588421,8659
2393,-2.3991451539462547,0.16761110510144914,0.07567652953057351,7,57.984994098060966,0.0,0.03652598441954194,0.023532220951748454,8666
2394,0.9973278685214575,0.11742398887872696,0.07565382657171434,1,8.320140799950096,0.0,0.053497560689598316,0.07942968847280191,8667
2395,-2.2751667120950696,0.25061086884566713,0.07549509645017455,7,34.92085201551816,0.0,0.020760822975305786,0.04530877629157733,8674
2396,0.9087045540883932,0.1436520516872406,0.07544980618686313,2,11.302178399666424,0.0,0.059533155185979174,0.10710281892217575,8676
2397,-2.0664112066583886,0.241326100059918,0.07529150412272574,7,12.348817898507683,0.0,0.04971886059063196,0.03847072757975644,8683
2398,0.9914207157641597,0.1758849248290062,0.07524633599648749,2,2.510144401430361,0.0,0.053276692062603354,0.14247943448284506,8685
2399,0.968286525773895,0.17908719182014465,0.07522376209568854,1,7.802407665683593,0.0,0.07658314227402661,0.1669349512527289,8686
2400,0.9841327283040039,0.1858556866645813,0.07520119496705983,1,7.2442287343535465,0.0,0.034735341959983804,0.06859467162940083,8687
2401,0.7556199697123835,0.16151053309440613,0.07508846083538344,5,16.797144913300485,0.0,0.017997173329470116,0.029491658795367106,8692
2402,0.9310723132731252,0.15614105761051178,0.0750434145168437,2,7.652243067465111,0.0,0.028741273979638163,0.08075687198291934,8694
2403,0.9448321750846101,0.2606147776047389,0.0749758957034743,3,7.180115864780537,0.0,0.04541943405816902,0.09420349175561116,8697
2404,-2.3813636724821405,0.1703080918107714,0.07481858795610892,7,48.70610999581789,0.0,0.042444961619963646,0.06569002579706709,8704
2405,0.9337224568563026,0.24446967244148254,0.07477370353700817,2,10.155681334698349,0.0,0.0647341240569972,0.1661499442514856,8706
2406,0.9526911625955957,0.25403352826833725,0.07472884604451929,2,7.7946015632358385,0.0,0.04444338428581974,0.10814474836638786,8708
2407,-2.0560004047584646,0.2607029477755229,0.07466161025785,3,9.476605562195864,1.0,0.03642425346561561,0.0978007482975841,8711
2408,-2.151600095644424,0.1571753727538245,0.07450496191621786,7,20.77389178821678,0.0,0.03698391992021925,0.05616684762174465,8718
2409,-2.1790703935727485,0.18456315994262695,0.07434864224018578,7,15.824737109980212,0.0,0.037113179056294736,0.05306278882251526,8725
2410,-2.3674885683331888,0.1626383023602622,0.07419265054017686,7,47.71807101201977,0.0,0.057787215037100416,0.04007998925047095,8732
2411,-2.2053780400692533,0.1670177336782217,0.07410365941554774,4,32.08914255561173,1.0,0.03596998881387009,0.07294523888717955,8736
2412,-2.057113127603197,0.13989561423659325,0.07405920388922776,2,9.966970244629893,1.0,0.032081682095741866,0.08089114931795992,8738
2413,0.9309336355279447,0.18309252709150314,0.07401477503222259,2,11.293862866228178,0.0,0.033029102764992144,0.05321159987276494,8740
2414,0.644607969381151,0.19563249498605728,0.07392599726216945,4,25.412560322956008,0.0,0.03777587627143623,0.061339192889568094,8744
2415,-2.206504702222268,0.2051772783909525,0.07377089231821461,7,34.211583462951154,1.0,0.06942354092431179,0.04758149543148104,8751
2416,-2.115687187979697,0.14454416930675507,0.07370451843127734,3,24.2195574117424,1.0,0.024264224584168846,0.06538985044613496,8754
2417,0.1816923293031134,0.15842082032135554,0.07354987817448164,7,44.26661480911191,0.0,0.0705151026755903,0.06607782384138522,8761
2418,1.0494063794451292,0.27329424023628235,0.07352781321102929,1,1.756179526909436,0.0,0.07510501982099588,0.1271831481468254,8762
2419,0.8205531842090465,0.16766157746315002,0.07348370314060586,2,16.0490545334315,0.0,0.07539910069580509,0.1841841213260728,8764
2420,-2.107860074698045,0.17975300550460815,0.07335153163827975,6,14.183225234934778,1.0,0.05003704640259114,0.04045143180592124,8770
2421,1.0049896061711292,0.09095092117786407,0.07332952617878827,1,7.569345717767252,0.0,0.06660318933347965,0.10169825612703616,8771
2422,0.8671384196634507,0.16615715622901917,0.07328553506273836,2,15.384160382684861,0.0,0.04790271638976674,0.09074249811039628,8773
2423,0.7709658914484891,0.1658198038736979,0.07321959786629764,3,18.992199905654488,0.0,0.03483638725610262,0.08408818758630462,8776
2424,-2.2539004972054215,0.1399486011692456,0.07306597502664662,7,36.36905057460511,0.0,0.02859621346048371,0.034751854356441264,8783
2425,-2.223910113758375,0.14981680549681187,0.07297833530435065,4,27.874061135760712,1.0,0.038394858160533576,0.05601972480777369,8787
2426,0.9952936853751254,0.18020910024642944,0.07295644180375935,1,7.1628098943065375,0.0,0.02738225420753622,0.05375546309552192,8788
2427,1.0427920607129828,0.13491511344909668,0.07293455487121822,1,1.090719361431196,0.0,0.05478140445475399,0.12756239396365684,8789
2428,0.98250461832251,0.2123199701309204,0.07291267450475686,1,9.374513345495142,0.0,0.051642847093536205,0.12668552626831592,8790
2429,-2.225415785564145,0.19219798914023808,0.07275969562436989,7,36.31624010446352,0.0,0.0315127688435285,0.03553671877310549,8797
2430,-2.0902322540967564,0.1615309715270996,0.07260703771064617,7,17.27300708847957,1.0,0.02751515746518676,0.04153083263572235,8804
2431,-2.3083556372696084,0.1568847330553191,0.07245470009016201,7,36.61658580073297,0.0,0.03919129802807813,0.036313435929798625,8811
2432,-2.0593830171808394,0.20929545909166336,0.07241123379103093,2,13.499278835062517,1.0,0.06638853037617248,0.08907891891221895,8813
2433,-2.405992981889485,0.17073115812880651,0.07225930698889353,7,49.993757020958185,0.0,0.09154700170226092,0.03362373514098783,8820
2434,-2.1604724832568345,0.19938800036907195,0.07215098304227942,5,25.188638430033013,1.0,0.06105338611198396,0.07603598755327125,8825
2435,-2.0,0.25070902705192566,0.07212933774736674,1,7.452216519237855,1.0,0.057787613051183254,0.1853706820433038,8826
2436,-2.1404046431114483,0.20844175219535827,0.07202120863767766,5,18.95148659889464,1.0,0.040387991436214674,0.053041343108445285,8831
2437,-2.3130177616599683,0.15597093956811087,0.07187010015158327,7,39.972374454707854,0.0,0.06179362213551898,0.04893608341628522,8838
2438,0.9841373274524045,0.13070714473724365,0.07182698455980134,2,8.520912048746705,0.0,0.05571044571570784,0.16154812013210854,8840
2439,-2.00934682909713,0.16136598587036133,0.07178389483349408,2,8.859284216423555,1.0,0.05495522591903572,0.10822708446021224,8842
2440,1.0163014254030565,0.1714392602443695,0.07176235966504403,1,3.5385180146333406,0.0,0.08064581485905337,0.19535748522991223,8843
2441,0.7518538922865592,0.1736596941947937,0.07165478069229726,5,18.95428393685638,0.0,0.01209102416909181,0.02438366017655005,8848
2442,0.917186452989024,0.2711668312549591,0.07161179427281214,2,11.125128767798373,0.0,0.040502533382289416,0.10697783224102705,8850
2443,0.5470983020819635,0.2208244390785694,0.0715258987823202,4,31.772909924584997,0.0,0.03590525777736111,0.05640103008019079,8854
2444,-2.4532630771482458,0.19317792249577387,0.07137582951125433,7,50.23918614228393,0.0,0.0813228910502323,0.05435163595361452,8861
2445,0.3704519449676439,0.13384070992469788,0.07122607510216855,7,36.83246572492429,0.0,0.03868618584743833,0.048936277234833854,8868
2446,-2.3571895291739593,0.1606283038854599,0.07111930007375475,5,44.63496937168776,1.0,0.06504770194922792,0.03000765432366109,8873
2447,0.8788635612622324,0.19451569765806198,0.07103399531040798,4,10.4670965197261,0.0,0.023140179121134592,0.08454264114715872,8877
2448,0.9383009014604606,0.17952009662985802,0.07099138130628131,2,11.92437656254377,0.0,0.03175615302442835,0.04292462172786812,8879
2449,-2.2354738901269773,0.15395777225494384,0.07088495810740027,5,40.56204183560453,1.0,0.033091376486662986,0.04167786370626036,8884
2450,1.0008360484679266,0.16532084345817566,0.07086369261996806,1,8.246670645813992,0.0,0.03949037834553504,0.1211084327619785,8885
2451,1.0427262894434302,0.17427408695220947,0.07084243351218207,1,1.742295709758272,0.0,0.044739718741152096,0.10657111337220432,8886
2452,0.9094921101135237,0.20822173357009888,0.07079993442789378,2,9.823422658202396,0.0,0.03172057800181517,0.06627167238385233,8888
2453,-2.0188584781195917,0.24945136904716492,0.07075746083923115,2,6.711472147440256,1.0,0.05122283421461171,0.13354254145326155,8890
2454,-2.3006504096616034,0.2061940257747968,0.07063019289409225,6,45.26999649416674,1.0,0.0569581715605324,0.09078328194575093,8896
2455,-2.217491755076534,0.1850150614976883,0.07052431115285743,5,34.617241171043354,1.0,0.01707241621974899,0.03844921116757925,8901
2456,-2.130881457618938,0.1960983842611313,0.07041858813896948,5,19.10967855623751,1.0,0.021892717518597817,0.040213832754902645,8906
2457,0.987005118038039,0.19839632511138916,0.0703974625625278,1,5.783421403157101,0.0,0.0835396303024907,0.14460017849627527,8907
2458,-2.128941922139733,0.17028825581073762,0.07029192970739587,5,16.737475037065344,1.0,0.04997127982012184,0.06918198800643623,8912
2459,1.0200514473128752,0.16371159255504608,0.07027084212848365,1,4.439178207164301,0.0,0.06009975882541442,0.10725650973840348,8913
2460,0.9633701123705517,0.13849947601556778,0.07022868594758236,2,6.253932230628324,0.0,0.07098815613953102,0.11428800799679933,8915
2461,-2.0792198682449077,0.17637932797273,0.07016549909007859,3,10.80114698021019,1.0,0.019472350211587795,0.04340474831174295,8918
2462,0.7198358634746223,0.16370393335819244,0.07010236908368782,3,24.907480786922143,0.0,0.032002500624437054,0.06769806111873092,8921
2463,0.7853571521910414,0.1812794953584671,0.07003929587725939,3,13.716953618088684,0.0,0.048459780933086775,0.06071758656900434,8924
2464,-2.067528746111805,0.17868146300315857,0.06997627941968869,3,12.070530282483297,1.0,0.03678509561830811,0.062128194215812796,8927
2465,0.9234977636254854,0.15715134888887405,0.06993429994990204,2,10.434122110044736,0.0,0.053396467044360456,0.14411790649153022,8929
2466,-2.0,0.20789018273353577,0.06991331965991707,1,4.995433685194325,1.0,0.03137137841485416,0.09539960774391801,8930
2467,-2.0642351486244306,0.1661958396434784,0.06987137796031989,2,16.411444231037592,1.0,0.07223213351895609,0.06191365768938632,8932
2468,-2.4181094356436934,0.1577572790639741,0.06972478005749894,7,35.230094602146934,0.0,0.10018465650498228,0.038146452850725245,8939
2469,0.8290727987013186,0.14297586679458618,0.06968295146469465,2,19.112063149844985,0.0,0.051501916127469835,0.1224207323610145,8941
2470,1.0109616111372055,0.2166478931903839,0.06966204657925525,1,3.1761365033557274,0.0,0.07932634300706382,0.17247437513572145,8942
2471,1.0260703572301662,0.14922985434532166,0.06964114796528147,1,5.017738291919747,0.0,0.04000463169216498,0.09558538920603522,8943
2472,1.0040765034812238,0.17330414056777954,0.06962025562089189,1,5.151498990799506,0.0,0.039250624607580616,0.07344454935133361,8944
2473,-2.0,0.10351049900054932,0.06959936954420562,1,4.915087341620888,1.0,0.060924244129372356,0.08600224995433174,8945
2474,-2.0661641119168226,0.1655157059431076,0.06945334234521956,7,10.372403308776533,0.0,0.052847230719925614,0.022972504233443162,8952
2475,-2.3384070661722918,0.1696544587612152,0.06930762152749793,7,48.51844292124643,0.0,0.01939817362848553,0.02574858525405121,8959
2476,-2.0349418198398364,0.19856248299280801,0.0692452633793097,3,13.257211511411622,1.0,0.08178499238771118,0.14952093786963452,8962
2477,-2.2868901740837257,0.1344674676656723,0.06912071534894847,6,39.00006376227842,1.0,0.06106268410332093,0.06343849338223918,8968
2478,0.8447136221258472,0.21290433903535208,0.06905852536586131,3,14.12803629181722,0.0,0.023484076466102836,0.06778326927096233,8971
2479,-2.2578879434218937,0.1735449263027736,0.06891363291796525,7,35.06205908846833,1.0,0.02690165767092763,0.02347900280473306,8978
2480,-2.0646234980542224,0.18174971640110016,0.06887229094044144,2,12.738322353119136,1.0,0.06588145441286154,0.07400012819182387,8980
2481,0.9383832775108794,0.1575380079448223,0.06883097376438337,2,9.36763638726827,0.0,0.04819532741098021,0.13356918793624345,8982
2482,1.0368787421279169,0.1709395945072174,0.06881032447225405,1,3.883671266363304,0.0,0.0428717190642373,0.10353000428378166,8983
2483,-2.356448078127847,0.2148625467504774,0.06866595277736934,7,52.519988458844324,0.0,0.012908402210096715,0.015126167602538782,8990
2484,-2.4889530414301,0.1673000571983201,0.06852188399031776,7,56.53825211652263,0.0,0.08188647453872075,0.06992112874223363,8997
2485,0.8887711165409272,0.1805524875720342,0.06846023279378508,3,7.74399357137383,0.0,0.04016016291202422,0.07858690857769603,9000
2486,-2.0155674091767293,0.13105128332972527,0.06841916281552976,2,8.866346484606376,1.0,0.03660012590269132,0.04978407133220354,9002
2487,0.5703874498054895,0.13774175321062407,0.06829610065139359,6,17.761741769897526,0.0,0.0784290562543557,0.041891613598560515,9008
2488,-2.2141345672447015,0.15830766782164574,0.06821418220313086,4,36.76072323113716,1.0,0.02913246803943776,0.05254262737431967,9012
2489,-2.3121644478871053,0.18244339951447078,0.0680710612808656,7,42.928420925423694,0.0,0.03764729234183642,0.027100988449569798,9019
2490,-2.179777134644856,0.1818120586020606,0.06792824064217377,7,32.08561417431965,0.0,0.04910994285855725,0.032516965829732215,9026
2491,-2.2538386022534103,0.1452508270740509,0.06782640939828924,5,39.641656391756634,1.0,0.07248123125617066,0.0519780472222437,9031
2492,0.8619239624465094,0.13991732522845268,0.06778571965702711,2,17.162414139107817,0.0,0.03543575770124098,0.10068967001314566,9033
2493,-2.164213359861744,0.17679556608200073,0.06768410206638988,5,29.766404143418697,1.0,0.036637181537304775,0.025088573289696978,9038
2494,-2.013256324168779,0.17726138730843863,0.06762320464741021,3,7.742285943959793,1.0,0.04571112985045422,0.09570973428819728,9041
2495,0.9338778804147124,0.17110179364681244,0.0675826368107102,2,8.638264065538307,0.0,0.029594846155447517,0.040082088397272404,9043
2496,-2.3107858821827554,0.13197267353534697,0.06748132366162268,5,43.46013175602194,1.0,0.06732343889467661,0.07152053091122698,9048
2497,-2.084117941062322,0.1651311181485653,0.06740038250585609,4,10.60833584434341,1.0,0.045157462974022976,0.08790193515824923,9052
2498,-2.2388715340526275,0.17665684819221497,0.0672993425742462,5,36.75692628984183,1.0,0.0199976594582961,0.04847779616413188,9057
2499,0.3350729858065087,0.16716757665077844,0.06717829457539158,6,48.212443222024525,0.0,0.049080983298296736,0.05991210784094539,9063
2500,1.0133495970697448,0.12419217079877853,0.06713799364469286,2,5.859562226680218,0.0,0.0481827252517309,0.06566271689791807,9065
2501,0.9085230710996212,0.20322008430957794,0.06709771689092547,2,14.313965012140415,0.0,0.04850063821187655,0.11729898068912352,9067
2502,0.9951974963511143,0.23788252472877502,0.0670775875758582,1,7.464985662650318,0.0,0.05457344085266241,0.1538871581477495,9068
2503,-2.1189142834303243,0.16944083997181483,0.06693685135522012,7,21.663105131291527,1.0,0.031421883816464005,0.06619593012405664,9075
2504,-2.174056986839506,0.2319347232580185,0.06683650630328328,5,16.739090734181673,1.0,0.06120005778111574,0.07824511364363598,9080
2505,-2.1041090982821755,0.20611541469891867,0.06677637149166245,3,17.92321718580204,1.0,0.03834434954412565,0.08881388364213619,9083
2506,-2.1351540031760403,0.17747002840042114,0.06663626725578736,7,12.149415818733036,0.0,0.07699570013215068,0.05232997174219034,9090
2507,1.0124733016106666,0.15045875310897827,0.06661627637561063,1,3.661912353207233,0.0,0.061540102924985546,0.14703037257251805,9091
2508,0.4054097702610231,0.1383149198123387,0.06647650803705071,7,38.17366284579003,0.0,0.03327319457847819,0.0733732561964382,9098
2509,1.0267943314176295,0.11360079050064087,0.0664565650846396,1,4.519562669434432,0.0,0.041680640034738446,0.12814022742350206,9099
2510,1.0188077339956394,0.1693284660577774,0.06643662811511421,1,1.0057729717156123,0.0,0.043906012495729334,0.08453719378148287,9100
2511,0.755772149009693,0.17458465695381165,0.06633703294797165,5,16.95840792483279,0.0,0.038283140638375554,0.05112513365484439,9105
2512,-2.0,0.16630052030086517,0.06631713183808725,1,3.2863902039274135,1.0,0.07729839105104179,0.13040712500679538,9106
2513,-2.0626368228189897,0.18227453529834747,0.06627734752752627,2,14.141498615322925,1.0,0.03727259405035618,0.08126737875175861,9108
2514,-2.2877735797605667,0.17836418322154454,0.06613829029929202,7,29.313933831217195,1.0,0.06661265915203919,0.009029013464784337,9115
2515,-2.3436851385894344,0.13051251002720424,0.06599952482855025,7,52.22349091992286,0.0,0.03883883702945804,0.028028069770509974,9122
2516,1.0059325219433541,0.13510017096996307,0.06597972497110169,1,4.865482989814108,0.0,0.038344015587377614,0.11697999546381754,9123
2517,0.9842090742731177,0.16576585173606873,0.06595993105361037,1,9.386567984630986,0.0,0.053408232446625674,0.11960117661047745,9124
2518,-2.255258906360536,0.17433681658336095,0.06582153980035405,7,25.949683740005995,1.0,0.027564892404031163,0.06225911113979024,9131
2519,-2.0639647669456522,0.18435783187548319,0.0657623181845723,3,13.84124656717249,1.0,0.025518108052600717,0.05299357197708607,9134
2520,1.0129931373382584,0.2666104733943939,0.06574258948911693,1,7.694119164262824,0.0,0.07245468276634302,0.14068402144530057,9135
2521,0.8960818226927975,0.20653784275054932,0.06570314985225652,2,10.801854098147434,0.0,0.07917666392646595,0.13440109669590125,9137
2522,0.9514986614319366,0.1601811647415161,0.06566373387562865,2,6.854469520059624,0.0,0.039015915821469876,0.10803643602084187,9139
2523,1.011091316875157,0.2030889391899109,0.06564403475546597,1,8.277146070393357,0.0,0.04053888689022637,0.0847794104165524,9140
2524,0.9275395561595737,0.18755209942658743,0.06558497284630306,3,7.820263495998466,0.0,0.04661860254648737,0.08946665717477874,9143
2525,0.8386979459860011,0.22920484840869904,0.06554562776524284,2,18.81756489819546,0.0,0.03215713490282139,0.08011017823042035,9145
2526,-2.1832534834469413,0.2002716600894928,0.0654473682969653,5,29.94820777240342,1.0,0.045071675920520596,0.08475554406548635,9150
2527,0.9456561156733717,0.2000279501080513,0.06540810576625028,2,7.424977706364684,0.0,0.05994369355743648,0.16827297692995583,9152
2528,-2.0655860386459124,0.18239126106103262,0.06534925612948321,3,10.037726698298426,1.0,0.02605782514209635,0.056557243787604745,9155
2529,-2.041387106267602,0.13842633863290152,0.0652904594415014,3,15.590736854469284,1.0,0.03229297628593135,0.07040159335173578,9158
2530,0.7022241860423112,0.13107188045978546,0.06523171565466526,3,20.847245306723686,0.0,0.051681599045304456,0.11016936365199412,9161
2531,-2.5124558937811425,0.17376217671803065,0.06509485227810759,7,58.01311098671894,1.0,0.06929134707508669,0.03290570009706717,9168
2532,-2.137839463383703,0.1884125918149948,0.06501677359956438,4,21.708587190357512,1.0,0.03280736513568914,0.05619943414311739,9172
2533,-2.1599922930136493,0.18212174624204636,0.06491930693670939,5,19.399739503648043,1.0,0.01279044361936333,0.03253652432624643,9177
2534,-2.102677786899921,0.16338388125101724,0.06480253979023913,6,22.685197607108826,1.0,0.035675200244668734,0.03241979172605013,9183
2535,0.7350363202629853,0.1860215425491333,0.06470539428534554,5,16.099165481328612,0.0,0.02485554517831468,0.05552343803814312,9188
2536,-2.1285389095533205,0.1512771633764108,0.06458901189298118,6,23.519477965317538,1.0,0.06797800199882345,0.12101691466506377,9194
2537,0.6863862778516163,0.23221526046593985,0.06453089921956681,3,24.935937713879447,0.0,0.0591990939248271,0.13060212805215876,9197
2538,-2.190077961430444,0.20160772800445556,0.06443416093112603,5,34.29696898405895,1.0,0.07370774570991108,0.04598864224090356,9202
2539,-2.1224905820458093,0.17384540736675264,0.06433756766307956,5,26.286100036728826,1.0,0.06323687041591461,0.05267456904481075,9207
2540,0.6959333156860005,0.17441722999016443,0.0642218468622679,6,18.01119109554653,0.0,0.054557797039158126,0.07129825853711211,9213
2541,0.6765744392071623,0.2176387906074524,0.06414481531889504,4,26.997583879106845,0.0,0.040498260995614155,0.06669340942381921,9217
2542,-2.15771447666035,0.23742673732340336,0.06406787617178553,4,27.13388202821363,1.0,0.024982061046593503,0.08623429551217145,9221
2543,0.8277834185040871,0.21650260537862778,0.06397183200132069,5,12.844583350080095,0.0,0.025339793584674197,0.05544783888124093,9226
2544,0.9244889538465986,0.19162803143262863,0.06393345465958478,2,11.245261571023688,0.0,0.06044147019625659,0.1551388690632394,9228
2545,-2.0,0.13974317908287048,0.0639142746231869,1,4.989600789836075,1.0,0.0803026431854885,0.17067029267646736,9229
2546,-2.1669050367918277,0.17729333341121672,0.06381846071684502,5,31.385847978672857,1.0,0.05254505165392827,0.02888004352799761,9234
2547,-2.023602535955089,0.22155490517616272,0.06378017538407638,2,12.868420205786181,1.0,0.03768766514217899,0.08997366742782423,9236
2548,-2.1765019066758473,0.19623400483812606,0.06364635750004713,7,26.1654505738429,0.0,0.04458213078880196,0.04169922779820946,9243
2549,0.7133832198823511,0.18235352635383606,0.06355094522833689,5,20.504851821815315,0.0,0.02405874228194415,0.07321050026798827,9248
2550,1.0151248327434979,0.09657293558120728,0.06353187994476839,1,6.237724186774466,0.0,0.028522402367806454,0.03987401494252515,9249
2551,-2.0377483925210536,0.16451524198055267,0.06349376653467072,2,10.801453589205309,1.0,0.04523101068119265,0.09079925087547892,9251
2552,-2.367159265395103,0.15125108723129546,0.06336054956818306,7,44.12051557879509,0.0,0.03274466326999038,0.03822393941516072,9258
2553,-2.0967739678604507,0.16741166512171426,0.06330354217920935,3,11.724191819217431,1.0,0.026350981084720705,0.05274354589258679,9261
2554,0.45728591511997463,0.15801721662282944,0.06320864382203911,5,34.56172753920495,0.0,0.05737695831006436,0.08814123619291579,9266
2555,-2.2907036533020957,0.18235469503062113,0.0630760250746354,7,37.52925882942695,0.0,0.04706055874580745,0.018090060061842675,9273
2556,0.45699376762045973,0.1513227105140686,0.06298146778841807,5,38.22748689864536,0.0,0.027080682023201668,0.058687010757921085,9278
2557,-2.280603534679276,0.14286126817266145,0.06286818613737809,6,47.49403381241234,1.0,0.04592493783237601,0.03550963485539664,9284
2558,-2.3007061827679944,0.1456974297761917,0.06273628170796879,7,39.722316121730955,0.0,0.04358598572969409,0.025001217939878192,9291
2559,-2.1353962020389434,0.18548982590436935,0.06266103204073635,4,25.448249292271417,1.0,0.026879172731979248,0.06602316403546002,9295
2560,-2.155776131331299,0.1844494960137776,0.06252956224360445,7,21.85158072989887,0.0,0.04152714845418064,0.05364023910337436,9302
2561,-2.3122526240660783,0.20016217231750488,0.06239836828469283,7,39.57077396219884,1.0,0.01815032442522878,0.03075600620241594,9309
2562,-2.2121115252290684,0.1738595724105835,0.062304826873952224,5,28.145143707476898,1.0,0.036341793484159245,0.04713245306761819,9314
2563,-2.0467858042755154,0.1808539181947708,0.06226744958526227,2,9.025607558448455,1.0,0.05309969063818562,0.16393974822850915,9316
2564,-2.1267272515954776,0.17181978623072305,0.06221142569116571,3,24.925086393560633,1.0,0.04297050035185208,0.08047598638294762,9319
2565,-2.4662339218860603,0.17132124730518886,0.06208089921803667,7,50.80982856144527,0.0,0.07485873198998912,0.03989872046348792,9326
2566,0.995582013277865,0.14160236716270447,0.06206227494827126,1,7.710519063756328,0.0,0.04146882135107272,0.08076441007835801,9327
2567,-2.0558623839945644,0.1943018138408661,0.06200643565595638,3,8.744913683562338,1.0,0.033203775601312206,0.07461268940974794,9330
2568,0.9296848417046784,0.1774633675813675,0.06196923737514202,2,10.026793180789463,0.0,0.04221541987376767,0.1210503801984267,9332
2569,0.7198189599310795,0.1660979688167572,0.06191348179152532,3,23.815657198729397,0.0,0.0285222438919509,0.06643259202010536,9335
2570,-2.147064669761082,0.13679184019565582,0.06185777637288137,3,23.884150661366807,1.0,0.025205311235169343,0.03173172084321317,9338
2571,1.037223211757125,0.21881043910980225,0.06183921903996951,1,2.5229482188228056,0.0,0.05518387269692664,0.13418955704418967,9339
2572,-2.1939505227156215,0.17044349610805512,0.06174651585001262,5,21.909820051028085,1.0,0.07472262475604041,0.07613279275610473,9344
2573,-2.07173385468053,0.13051779568195343,0.06167245336744304,4,15.482367100148114,1.0,0.05429658607112931,0.06504506165221186,9348
2574,-2.43798280335919,0.1967533039195197,0.0615430577180453,7,53.528337874334376,1.0,0.019046290500988102,0.01966928179837335,9355
2575,0.6568648995548858,0.1589813455939293,0.061450798503606054,5,19.558411903986727,0.0,0.04172914127997499,0.02248949259772748,9360
2576,-2.261044776475794,0.18457900094134466,0.061321867910704084,7,27.707787680340424,0.0,0.028911347553293335,0.028863230174995994,9367
2577,0.8696335995439584,0.14732832461595535,0.06128508030892578,2,12.228851937309031,0.0,0.047339837308346934,0.09998125404167187,9369
2578,-2.111895236332571,0.1768047618014472,0.06115649741118181,7,16.807840359467153,0.0,0.036286122114841654,0.04342513506739638,9376
2579,-2.074020749812572,0.20670882612466812,0.06111980901681987,2,17.90927130301128,1.0,0.04466542271826523,0.10346157804380209,9378
2580,-2.0467128435531503,0.18827911466360092,0.06108314263219259,2,12.475570740749797,1.0,0.050635513203774025,0.1160170533335739,9380
2581,-2.163341179095729,0.16335950791835785,0.06097327540471972,6,28.69679519850616,1.0,0.04918662307466336,0.040273139126470445,9386
2582,0.9666094722095293,0.18170509487390518,0.06093669692707168,2,5.433091387770457,0.0,0.055969819744940745,0.1257363533462343,9388
2583,1.0005981061541842,0.11617447435855865,0.06091841591799356,1,4.520066209294334,0.0,0.06067444858303092,0.1184448956816521,9389
2584,-2.250308763991759,0.19981864520481654,0.06079060232282124,7,38.33222150531098,0.0,0.024921579134161456,0.031543578619715296,9396
2585,0.890921270232801,0.15801750123500824,0.060754133432581764,2,12.283864294521837,0.0,0.07070490966422419,0.16307601459786922,9398
2586,-2.271847134510461,0.18414043954440526,0.06062666452029011,7,38.98972768474666,0.0,0.040289099544522616,0.052862482222043955,9405
2587,1.0206082376331018,0.1981128603219986,0.060608476520934026,1,4.214420500438437,0.0,0.057106100904576365,0.0724665411819735,9406
2588,-2.029191334431489,0.1319892629981041,0.06057211688978436,2,3.268919754701524,1.0,0.047420348058726844,0.09447364626055503,9408
2589,-2.152763763411435,0.1915852390229702,0.06049946305191845,4,29.654097265870696,1.0,0.05533816459411164,0.06560699689030619,9412
2590,0.9598476627242593,0.34629639983177185,0.06048131321300288,1,9.793996569971245,0.0,0.054209317561924306,0.1338208751210796,9413
2591,0.4705305838623074,0.1961602047085762,0.06039064566003777,5,31.906724857364242,0.0,0.02949707772644443,0.03852734176243669,9418
2592,0.9856814927975027,0.11595076322555542,0.06037252846633976,1,9.613401464726863,0.0,0.07691681064833335,0.16894083057732304,9419
2593,-2.2564540885054694,0.16597639556441987,0.06024586020360433,7,33.15973219117705,0.0,0.03664264005957153,0.04955612642011827,9426
2594,0.8543243774214643,0.13309545814990997,0.060209718109609595,2,14.479233100792523,0.0,0.04779322581095297,0.05644298206413566,9428
2595,-2.041449763968056,0.16622229665517807,0.060173597697618465,2,7.486552961497084,1.0,0.042601055008965036,0.05556518846423576,9430
2596,-2.2109992449351163,0.1781819462776184,0.060083391441065545,5,34.681565465779784,1.0,0.04365673683689021,0.08377347591951523,9435
2597,1.0306932073504786,0.17877289652824402,0.06006536642363323,1,2.995139978585144,0.0,0.06831638475088432,0.15046951229806446,9436
2598,0.7549234557826068,0.17779892683029175,0.06001132380987913,3,16.299723270291167,0.0,0.08581522901024982,0.07645257731086091,9439
2599,-2.2450555691697547,0.186138921550342,0.0598854133945867,7,28.37013206200728,1.0,0.06677632469344726,0.04889728381791717,9446
2600,0.5449793522067237,0.15278741270303725,0.059795639155200246,5,28.03417386642435,0.0,0.04759037686683197,0.08376831285436016,9451
2601,0.9614629730016727,0.17510498066743216,0.059741839223168655,3,5.897642857649629,0.0,0.021383869320089247,0.040634752727122476,9454
2602,-2.1956122813652477,0.19181476746286666,0.05961649421643705,7,31.637762692850487,0.0,0.02349364852552266,0.02269818136638339,9461
2603,-2.065702921180081,0.16964188814163209,0.05952712311386316,5,13.287119762397134,1.0,0.04465660048749949,0.02257379496987257,9466
2604,-2.5253552661707337,0.18887219258717128,0.0594022286053505,7,59.32194872378953,1.0,0.07456350092149819,0.038493021573165156,9473
2605,-2.246306934775282,0.13377284471477782,0.05927759613937308,7,34.514866198905395,0.0,0.035652143512860654,0.02139651431287624,9480
2606,-2.0,0.16643880307674408,0.059259812860531266,1,6.047096360524206,1.0,0.0890249691896532,0.25865586327933027,9481
2607,0.8014234231989406,0.15064150094985962,0.05920649502750625,3,17.457879295246414,0.0,0.025061997852225144,0.07448742712915343,9484
2608,-2.111448158146394,0.21132066349188486,0.05915322516613659,3,20.309267601282613,1.0,0.0471354639549484,0.11335717838503165,9487
2609,0.946265530552862,0.18003710359334946,0.05911773855482717,2,4.997437461084512,0.0,0.029588140561094416,0.07119059558376642,9489
2610,1.0016380337632902,0.27311158180236816,0.05910000323326073,1,6.224786437865062,0.0,0.07351269643684749,0.08699879789768918,9490
2611,-2.267471644133955,0.15770669813667024,0.05897600486964426,7,41.02049593275808,1.0,0.0675353960078431,0.028389151896878996,9497
2612,0.6031763211539661,0.16860467195510864,0.05890526550447439,4,30.553939891604927,0.0,0.023383736441605782,0.039172241959657066,9501
2613,-2.2467767813394914,0.14809160083532333,0.058816960605054605,5,39.031261532946495,1.0,0.03591941696638544,0.051317349540017015,9506
2614,0.40996475384663794,0.17711391832147325,0.0586935560962742,7,24.902985076484438,0.0,0.05887976126866706,0.03471109298502043,9513
2615,1.0458070170822988,0.14031389355659485,0.05867594802944532,1,1.4466055685880157,0.0,0.052558072018274477,0.11010279101730618,9514
2616,-2.011438683324846,0.18485282361507416,0.058640747741462974,2,4.2589130627554965,1.0,0.06127979519796068,0.14119184127849452,9516
2617,-2.0763826678315294,0.1432525316874186,0.05858798689991425,3,19.199474066331927,1.0,0.03607499131278774,0.06510975841345701,9519
2618,-2.2538974202248876,0.1719564167516572,0.05846506280337064,7,20.140387713391434,1.0,0.08227705997513242,0.02704313846269346,9526
2619,0.5933082102909983,0.15642693638801575,0.058394936292826764,4,28.373955362935284,0.0,0.044999738605490065,0.06985270406818235,9530
2620,-2.1587993551793074,0.15263757854700089,0.05830739642806593,5,21.419402001524414,1.0,0.027384254065867333,0.044438429005064846,9535
2621,-2.216604453832876,0.20293429493904114,0.0582374590320496,4,37.367430208690415,1.0,0.06771676610615633,0.07307830051208457,9539
2622,-2.0549946827626755,0.24824544191360473,0.05815015524149291,5,12.416384883258075,1.0,0.04812620695999744,0.10137194763497445,9544
2623,0.7524342867461906,0.1532250220576922,0.058097835800747434,3,20.7211222699789,0.0,0.024324789492272066,0.06236077386510096,9547
2624,0.8512965137398465,0.16223465651273727,0.058062982328072214,2,17.30571090543317,0.0,0.06987141168803987,0.09946089897024454,9549
2625,-2.1165099055346666,0.1480083018541336,0.057958547313560885,6,22.26018264274283,1.0,0.049180416453422665,0.04778540235084088,9555
2626,-2.1588230873569874,0.13449452966451644,0.05787166163963667,5,26.57993059010464,1.0,0.033782572110588376,0.07560486603258289,9560
2627,-2.1819449697406457,0.13652355819940568,0.057784906216049696,5,26.020514538116508,1.0,0.0571267284825612,0.060598519791160724,9565
2628,0.9209237384483463,0.1669982150197029,0.05775024047296163,2,11.158145127685337,0.0,0.038206259303205294,0.09338262400973213,9567
2629,1.0068995343959815,0.2457004189491272,0.05773291540081974,1,5.404073050634936,0.0,0.09014600331052636,0.3072603605676806,9568
2630,-2.1647813382583,0.17496857978403568,0.057663667071878394,4,18.59199975837311,1.0,0.04274299780080411,0.09409379095934854,9572
2631,-2.0314275658885674,0.18004103749990463,0.057629074061365304,2,8.896703686376394,1.0,0.024580899431927893,0.06606011545913515,9574
2632,-2.329578430213597,0.1360521146229335,0.057508161870343286,7,47.667557035428715,0.0,0.019952827454047257,0.041216137089373994,9581
2633,-2.3802600211505696,0.18608420874391282,0.057387503366512604,7,52.012156277980765,0.0,0.01748296402103364,0.013242681844197452,9588
2634,0.40044581844359317,0.13057129234075546,0.05730147374472357,5,39.10024041401984,0.0,0.04271040074801613,0.04183867413703773,9593
2635,-2.0298669414328887,0.17249086499214172,0.05726709801760938,2,8.914807034540798,1.0,0.03782237598671056,0.0850049644364505,9595
2636,-2.0817966633124176,0.13033942878246307,0.05723274291283764,2,17.980121840071337,1.0,0.022648742737542252,0.020648217065700504,9597
2637,-2.4782063739106963,0.22538088262081146,0.057112662268536084,7,59.01085176109847,1.0,0.10309914110485874,0.031275570915178234,9604
2638,0.9699961300674802,0.1202930137515068,0.057078399811314566,2,7.249930104730572,0.0,0.059150465146595166,0.10930652077034492,9606
2639,0.8177581127081776,0.22878880302111307,0.05702704466111121,3,15.226267440097896,0.0,0.021301078434157943,0.07360798229979504,9609
2640,-2.261542536716534,0.1498955488204956,0.05695864299596354,4,36.831860706699636,1.0,0.07366424143802214,0.061381754602616675,9613
2641,-2.0,0.16055946052074432,0.05694155540306475,1,1.3469378304535153,1.0,0.07578364298808576,0.1808120575061007,9614
2642,-2.062328289524025,0.152151670306921,0.05687325627887178,4,16.945954912632676,1.0,0.05675593856999802,0.05375081269761148,9618
2643,-2.1145438944925607,0.21700992286205292,0.05678799756503065,5,22.781109440054358,1.0,0.04715011452970259,0.04217074446754931,9623
2644,-2.040041968769403,0.20553232356905937,0.05671988262733866,4,9.163047255706747,1.0,0.0549775075518304,0.12486364067027293,9627
2645,-2.0,0.11855393648147583,0.05670286666255046,1,8.600713165024686,1.0,0.025889354826277307,0.05825779275521387,9628
2646,1.0127057603827705,0.17324984073638916,0.05668585580255169,1,7.371764484587972,0.0,0.02826171221851087,0.050156178536631,9629
2647,-2.3178260832109716,0.1587240993976593,0.05656692258808175,7,45.21256542821997,0.0,0.09222281903221001,0.038316588463841485,9636
2648,-2.0,0.1334967315196991,0.056549952511305325,1,3.74365055679589,1.0,0.06759030130397169,0.17971139646071702,9637
2649,-2.065625213358552,0.17078503370285034,0.05646517846222944,5,16.012357140912577,1.0,0.0580463758299384,0.1348941613538059,9642
2650,0.8742672389044113,0.16792841255664825,0.05641437504568706,3,14.578650765746868,0.0,0.02103755442405884,0.026126388082879586,9645
2651,-2.0,0.1134486272931099,0.05639745073317336,1,8.088471973595935,1.0,0.046580010685062234,0.10589537176146707,9646
2652,0.7767609170619887,0.1283544197678566,0.05631290529955423,5,15.198253071938908,0.0,0.02876077169301366,0.05034619332043617,9651
2653,0.8730558926009335,0.1817929707467556,0.05627912262453598,2,14.447237432996733,0.0,0.06515618611429665,0.15219469425569254,9653
2654,-2.1326661220132204,0.1937118818362554,0.05617789615024349,6,25.527371554613854,1.0,0.06337974891686295,0.06419872469124818,9659
2655,-2.197245275169483,0.17096892850739615,0.05606002869147953,7,22.065550663559634,0.0,0.04721742121137848,0.0566236899869053,9666
2656,0.916195557733363,0.16864356398582458,0.05602639771966723,2,11.37990909757324,0.0,0.05294505821792046,0.12250504309730356,9668
2657,-2.039696394696648,0.15282317996025085,0.05599278692341123,2,11.763816429999487,1.0,0.045274517104070315,0.08157721533153556,9670
2658,0.8615154914882708,0.14287119358778,0.05595919629060801,2,7.951364104681591,0.0,0.06622276910897565,0.1094876193784343,9672
2659,-2.064928389364065,0.2386612743139267,0.05592562580916132,2,19.126859579565398,1.0,0.060614996878777694,0.12790208038492135,9674
2660,0.825739566920343,0.19363902509212494,0.05585854525198875,4,16.201691901202487,0.0,0.03819177148701664,0.08138270934958314,9678
2661,-2.1589545461952895,0.1898013608796256,0.05574134782683962,7,26.84995685934011,0.0,0.030730270057169336,0.033859564591117323,9685
2662,-2.158062515436912,0.18420243561267852,0.055657785957264505,5,21.867555274248176,1.0,0.05701062347840227,0.04006577001567143,9690
2663,-2.3138099039610327,0.19055986617292678,0.05554100974738888,7,45.97176795994823,0.0,0.03439497352178759,0.06773918261656268,9697
2664,-2.2561552896668142,0.13461543513195856,0.0554244785469573,7,24.903218449004275,0.0,0.04148618318947953,0.04832829889134235,9704
2665,0.9827340800663614,0.15485398471355438,0.05540785120339321,1,9.30317679931969,0.0,0.04182100874902776,0.09763693581921086,9705
2666,-2.286149968459372,0.15845951544387,0.05529159938436015,7,40.933940186179704,0.0,0.045701023431004226,0.03778179552852152,9712
2667,-2.0,0.10862228274345398,0.05527501190454485,1,7.699806733620248,1.0,0.06413205767412476,0.1945015678686738,9713
2668,0.8525712341191636,0.1567693129181862,0.055225279316591554,3,15.4731439902736,0.0,0.045010470955323886,0.11809960575014494,9716
2669,-2.340677545458671,0.16072770633867808,0.0551094105536324,7,42.841832132956064,0.0,0.05993254266514352,0.04791086506206879,9723
2670,1.0215720615303532,0.12071465700864792,0.05509287773046631,1,5.104004881254877,0.0,0.06333514206541822,0.12392649255848504,9724
2671,-2.018773380413381,0.1713257059454918,0.05505982696218703,2,5.4559354146940535,1.0,0.03683356573004431,0.06002831919072243,9726
2672,0.9926062920764491,0.18268223106861115,0.055043309014098374,1,8.889739929943904,0.0,0.06000629176657419,0.13261583214649167,9727
2673,1.0201490535572622,0.109060138463974,0.055026796021394146,1,7.635282067517916,0.0,0.07027425416616627,0.14436877669454803,9728
2674,-2.304227187742217,0.15733079399381364,0.054911343698409,7,40.34418114861865,0.0,0.04286970838957538,0.04155393933249307,9735
2675,1.037676184134564,0.11687233299016953,0.05489487029529948,1,1.24739679568095,0.0,0.036470375913068925,0.11295177170001244,9736
2676,0.9721591205729072,0.10509278252720833,0.054861938313660624,2,9.18387189647587,0.0,0.048726786166289705,0.09532329122329308,9738
2677,-2.3597168875156864,0.18433989584445953,0.05474683188043639,7,39.5987369847762,0.0,0.05031045665595704,0.028988137003491714,9745
2678,-2.132454321868187,0.1414070086819785,0.05463196695327951,7,20.594216418634115,1.0,0.038273935631086824,0.020747642274614418,9752
2679,0.7633721023361874,0.23763304948806763,0.054599192689984574,2,18.10089210974061,0.0,0.07290181952059521,0.07682387938677565,9754
2680,-2.0852205115045837,0.1493705908457438,0.05455006815687144,3,19.128985792099442,1.0,0.06475268131007174,0.05753755677568368,9757
2681,1.0168688257022456,0.12529891729354858,0.05453370313642438,1,4.152378607743595,0.0,0.04924413718455188,0.13737459724193005,9758
2682,0.9043115545630681,0.13798915967345238,0.054500987822575814,2,13.018452606747356,0.0,0.040521416682294434,0.09013839350557579,9760
2683,0.9143336405717687,0.14274394512176514,0.054468292134971175,2,10.956111656784236,0.0,0.027721077931629787,0.05985613449740859,9762
2684,1.0252712739683483,0.18351614475250244,0.05445195164733069,1,6.747710843687859,0.0,0.05569426781275869,0.09121563438918726,9763
2685,-2.1531992731460687,0.13282936960458755,0.054370322711916365,5,21.226344830749557,1.0,0.04443451940327657,0.0869355740928475,9768
2686,0.9318652862807068,0.1101013571023941,0.05433770541161826,2,10.311697159289507,0.0,0.045957757541081584,0.08016143493487546,9770
2687,1.0464683469915583,0.1587081402540207,0.05432140409999478,1,1.6810976471428105,0.0,0.047143104323131214,0.13660417371076342,9771
2688,0.9319923838561551,0.24905512233575186,0.05427252950161722,3,7.356252909063457,0.0,0.0366109748607179,0.06336043053601836,9774
2689,0.8874302420415341,0.14629685878753662,0.05423997086844391,2,12.04202394223028,0.0,0.05320943730468019,0.13056415507574037,9776
2690,0.9809598313322488,0.1702757477760315,0.05422369887718338,1,8.843642086378697,0.0,0.07029094518560129,0.1279150429814097,9777
2691,0.7083649334777671,0.15112930536270142,0.054158659713472446,4,24.102676747045663,0.0,0.02521513766256904,0.05895376588626233,9781
2692,-2.1055974386621163,0.16385701298713684,0.05410993154110616,3,20.581271973308567,1.0,0.07131390947007304,0.11329056432026455,9784
2693,0.630729589603502,0.16172229995330176,0.05401260668352697,6,21.979900015904995,0.0,0.032505325820421,0.06077294112368007,9790
2694,0.9557246279556164,0.1304919272661209,0.05398020398065146,2,5.509052383139277,0.0,0.044589810023244705,0.12415399878911162,9792
2695,0.38738366921330497,0.18347797791163126,0.05388311245761892,6,42.170101938746335,0.0,0.036321486991291355,0.04724968574045926,9798
2696,-2.0958059719714153,0.14068945348262787,0.05380233626918745,5,24.877338227666492,1.0,0.017262242726389883,0.023633483386535946,9803
2697,0.9810831216014738,0.15166029334068298,0.053786195568306695,1,7.775267536138774,0.0,0.04335914431286382,0.07177739623675464,9804
2698,-2.0,0.151772141456604,0.053770059709636206,1,9.00794475904776,1.0,0.05402477060428404,0.10942088260729335,9805
2699,-2.1259461907075075,0.16875535249710083,0.05370556466801016,4,17.289640181202792,1.0,0.05287405242990598,0.07664132708076049,9809
2700,-2.035062137490031,0.17244715988636017,0.053673346162710175,2,9.449912051664803,1.0,0.038929320200377954,0.053494604338809135,9811
2701,-2.0541574917297045,0.1797892302274704,0.05362505464151802,3,11.68835866267549,1.0,0.04327455443035322,0.1081917042785486,9814
2702,1.012575838368905,0.10366043448448181,0.05360896712512556,1,5.371156566475804,0.0,0.037980589841759074,0.06764476645988161,9815
2703,0.7881992744601295,0.1735323245326678,0.05356073352768663,3,15.343824896366808,0.0,0.04389317798189734,0.06131458417938637,9818
2704,-2.041959931077039,0.16040313988924026,0.05352860190803604,2,10.724495153712873,1.0,0.054061683515307414,0.12218069741788398,9820
2705,-2.3716673693472696,0.21262741833925247,0.053416292962517424,7,42.72546219680486,0.0,0.027285121206668313,0.03316666572791574,9827
2706,0.8849503863127869,0.09945563226938248,0.05338424799420628,2,13.7343448676761,0.0,0.0513501827868912,0.06064133071627605,9829
2707,-2.2696231530772524,0.12092426121234894,0.05330421965362659,5,41.72890887604787,1.0,0.05243924191347914,0.09017667444406895,9834
2708,-2.0,0.09551273286342621,0.05328822838773051,1,8.431661839664212,1.0,0.07587818417290416,0.15312042621135877,9835
2709,0.47427909929115525,0.17138718217611312,0.0532083439901688,5,35.977359447725604,0.0,0.02635718034773144,0.039552907361789,9840
2710,1.0182571103120375,0.17478393018245697,0.05319238148697175,1,5.03478445544023,0.0,0.06277017758209309,0.15513336306198994,9841
2711,-2.1173128626769055,0.14747464781006178,0.053096706981292804,6,22.673869343314013,1.0,0.02890357509519317,0.039471621253130126,9847
2712,0.7225224719059054,0.15409937997659048,0.05304893427968692,3,24.46865679363158,0.0,0.023114558531138824,0.0808128958386427,9850
2713,-2.295012591087681,0.1661312331755956,0.05295351778540479,6,39.87721387847296,1.0,0.08313950582932146,0.07840353665821184,9856
2714,0.9614856632784468,0.15824918076395988,0.05292175044055015,2,6.45775068196301,0.0,0.03667216417825936,0.0778461124787097,9858
2715,-2.053878871993978,0.11818434596061707,0.052842415430178,5,14.990820447604953,1.0,0.05210942551002103,0.06477371913247841,9863
2716,0.9006834650049764,0.16076043248176575,0.052810714736737284,2,9.487893808854299,0.0,0.05338553955264849,0.16162028290088148,9865
2717,-2.197475877873208,0.13868476450443268,0.052715726716164694,6,18.264825377895235,1.0,0.08077690302226116,0.058139909016380345,9871
2718,-2.3117921418375635,0.19708658648388727,0.05260512327298285,7,36.40134199461179,0.0,0.04464037379101306,0.04118930364640821,9878
2719,-2.2144432746376936,0.17452868074178696,0.052510505039607525,6,23.760823430748523,1.0,0.036302748054022276,0.024938850926666537,9884
2720,-2.3211437763373732,0.16848676332405635,0.05240033217427134,7,31.2183465426143,0.0,0.10799225890699765,0.07003032527525413,9891
2721,0.9009668039915166,0.1374567672610283,0.05236889669099668,2,7.256587067539517,0.0,0.06633244867807783,0.13247022068288186,9893
2722,0.9498237116817537,0.1742810383439064,0.05233748006618279,2,8.443396851232587,0.0,0.04219408484238791,0.08534332480132617,9895
2723,0.919550683450963,0.13833901658654213,0.052306082288516284,2,12.980041090018526,0.0,0.03420923271358992,0.07593960718261109,9897
2724,0.7130446289996942,0.15239465609192848,0.052243343229405874,4,18.32045482667849,0.0,0.06074790105029621,0.07413806874039165,9901
2725,-2.0472116375606815,0.2090929038822651,0.05218067942329408,4,6.298018823549622,1.0,0.03190825080667346,0.027141569629884624,9905
2726,0.9217859836653028,0.13201201210419336,0.05213373089918769,3,11.652103998400271,0.0,0.03697806300088205,0.07338272163202547,9908
2727,0.8201733226863732,0.16392849882443747,0.052086824616078164,3,12.755595448896466,0.0,0.04588997024826679,0.08050047604061815,9911
2728,-2.2887690081761507,0.16284586489200592,0.051993138620861905,6,39.3516481897926,1.0,0.04381483656510153,0.058437749530011907,9917
2729,-2.029363217345001,0.1364179328083992,0.0519307749251969,4,4.1541916174729305,1.0,0.05523132862805906,0.07713465855096084,9921
2730,-2.039803013617177,0.1304747872054577,0.051899621134011524,2,14.277958875911752,1.0,0.06284066412174048,0.12030874757518725,9923
2731,1.0439444565154445,0.16045823693275452,0.05188405124767132,1,4.410952005258643,0.0,0.05079430943579195,0.11527239238582578,9924
2732,-2.219091420011063,0.15356774628162384,0.05177519275189236,7,17.75337434766492,0.0,0.045514417765605684,0.024202723828050388,9931
2733,-2.0544877020585037,0.15748056769371033,0.05174413229600857,2,13.786690132732648,1.0,0.06624061439346006,0.11920842428365523,9933
2734,-2.0744682025041516,0.1802375540137291,0.051713090473602875,2,19.85887760617919,1.0,0.061210244156840225,0.1673065065682019,9935
2735,-2.141370538837326,0.13595914244651794,0.051635567365713474,5,18.99742071931938,1.0,0.027217218042939913,0.04715594523569376,9940
2736,0.38580394191011447,0.17172979563474655,0.05155816047273602,5,40.12711283548934,0.0,0.023118903598543718,0.02492255294963016,9945
2737,0.9763221890377268,0.1749459207057953,0.05152723021668683,2,5.208425664598139,0.0,0.034095889531129284,0.0536012471402085,9947
2738,1.0159619052010307,0.1106705367565155,0.05151177204762183,1,4.183494410955133,0.0,0.07041901943658034,0.14265197624192724,9948
2739,0.9857875265233278,0.21427792310714722,0.05149631851600754,1,7.095791404928078,0.0,0.04624551423282666,0.05875429007446266,9949
2740,-2.1147357674195737,0.1401655077934265,0.05144998573195874,3,18.1376309166416,1.0,0.06333874953182271,0.0937670122787779,9952
2741,0.9192396351537496,0.14814048260450363,0.051419120371018284,2,8.851843691655315,0.0,0.03089217272094643,0.0863804745546474,9954
2742,-2.0603283556288954,0.16146562695503236,0.05134203795378901,5,11.88027757533225,1.0,0.033557538503270486,0.09461651881785309,9959
2743,-2.29885415112403,0.17066887340375356,0.05123431666203413,7,38.23222565581115,1.0,0.018484063229493,0.028056158555205636,9966
2744,1.0010615055469434,0.13621869683265686,0.05121894636703552,1,6.046705526189825,0.0,0.07700419293953466,0.1681051929678499,9967
2745,-2.0,0.22234666347503662,0.05120358068312541,1,7.895582074135934,1.0,0.0908548843234849,0.2524992367677551,9968
2746,-2.3438359102187976,0.18578321486711502,0.05111148333508601,6,47.652213842925285,1.0,0.03965528680459311,0.0359968201103231,9974
2747,-2.1931137623896553,0.19741877487727574,0.05100424577249998,7,25.119703055160873,0.0,0.06200438109938067,0.026111094569885716,9981
2748,1.0087294903322614,0.1287173181772232,0.05098894449876823,1,5.157911216343445,0.0,0.07189610678194978,0.19198742582532166,9982
2749,-2.2045743178453456,0.20879127085208893,0.050881964036255826,7,28.834833131367212,1.0,0.06645197024623947,0.036883306772592835,9989
2750,-2.3254911521203416,0.17527878284454346,0.0507752080306227,7,45.5089985839992,1.0,0.03987588402679024,0.04610304192754959,9996
2751,-2.266174591909517,0.15922877043485642,0.05069909090255675,5,33.55575780878724,1.0,0.05561226704190025,0.02282275184180637,10000
2752,-2.1889759606620895,0.16003281623125076,0.05063827936550768,4,24.370277042164673,1.0,0.06950036565792503,0.10087245477232895,10000
2753,-2.0306899464113846,0.1995321810245514,0.050607900955333525,2,5.09778549507495,1.0,0.02387320419642484,0.04371178929758422,10000
2754,0.4870156854619826,0.16856246590614318,0.05053203463734931,5,36.52989360554473,0.0,0.0198957033134679,0.02240381130369651,10000
2755,0.9949064282949521,0.3355000615119934,0.050516875026958105,1,6.7413645866197385,0.0,0.0905136061371259,0.16964932170126298,10000
2756,-2.1333199476836806,0.18701035901904106,0.05045628205058286,4,19.707444583968286,1.0,0.07328995405261209,0.040501364471152185,10000
2757,-2.0,0.15144681930541992,0.05044114516596769,1,6.279037613500878,1.0,0.04901213918511205,0.10050792472069517,10000
2758,-2.3957011198447145,0.17628535415445054,0.050335314047230954,7,60.46507762638677,0.0,0.021387206279613675,0.03700821689147302,10000
2759,-2.078223462452051,0.1828153431415558,0.05029002585376419,3,17.593567185400037,1.0,0.023026781741865582,0.04821918738949237,10000
2760,-2.3205380181121873,0.19277344644069672,0.050184511800110354,7,44.711312619013604,0.0,0.03236432838144437,0.04673245222105367,10000
2761,-2.20664227165885,0.17327096313238144,0.05012431748016708,4,32.445188911458175,1.0,0.07457134536074587,0.09958032431650883,10000
2762,-2.061638501829924,0.1442993089556694,0.050049176102301036,5,7.11724207053933,1.0,0.06343489878825734,0.0595497475845908,10000
2763,-2.0450421749704746,0.15457213670015335,0.05001915110106551,2,10.953654417796022,1.0,0.06366747422994444,0.14727785734663865,10000
2764,-2.239218822983035,0.18669813232762472,0.04991420537269495,7,37.35219931311158,1.0,0.03676298843651037,0.06417347499695923,10000
2765,-2.4803663971412595,0.20949067175388336,0.04980947983210568,7,66.74532910901479,0.0,0.03391636669682043,0.02323116518450885,10000
2766,0.5096416572514011,0.21664471179246902,0.04974973534804725,4,35.69470139637003,0.0,0.034602819432337575,0.07376595614823452,10000
2767,-2.070100831517546,0.18519226710001627,0.04970497401731931,3,11.55234608023388,1.0,0.03179845718394515,0.05916194629390064,10000
2768,0.916770820472102,0.09655900299549103,0.04967515550635659,2,13.578805484962981,0.0,0.036025360830587674,0.06287457739406052,10000
2769,0.8341264853551144,0.1442207470536232,0.04964535488381677,2,16.74675784762728,0.0,0.04671117545860431,0.05981129600843444,10000
2770,-2.2847148401409236,0.18252053260803222,0.04957093151890822,5,40.602944282173134,1.0,0.03904797637547722,0.03526633333160273,10000
2771,-2.0416427020855843,0.15206604450941086,0.04954119342138071,2,10.598180801260236,1.0,0.06968493974370774,0.08076664162125453,10000
2772,0.9854182068461028,0.1595689356327057,0.0495263310633543,1,7.1729439421846095,0.0,0.07192430706189347,0.11580973897739782,10000
2773,-2.259288877272382,0.2289136677980423,0.04945208612708713,5,41.65626845762044,1.0,0.05940990464978903,0.09843340399697105,10000
2774,1.0221003595748017,0.19122421741485596,0.04943725050124901,1,1.5192078209227016,0.0,0.053292144675768115,0.087864712341291,10000
2775,-2.0,0.19320935010910034,0.049422419326098636,1,5.72157762903638,1.0,0.07473414767506446,0.16797546781504022,10000
2776,0.9649505927571385,0.21083931624889374,0.04939277032252072,2,6.8074208469770845,0.0,0.04743577495512375,0.08748338458565298,10000
2777,1.001201931941189,0.20538529753684998,0.04937795249142397,1,9.38659709570907,0.0,0.05901069502343587,0.1251378429932262,10000
2778,0.8910943854237318,0.14531214783589044,0.049333525664895655,3,11.547577501032187,0.0,0.040751478602674154,0.09206647919480677,10000
2779,0.8924217352426365,0.2152901589870453,0.04930392998951403,2,14.781831098722439,0.0,0.05549344245856702,0.16088039565615636,10000
2780,-2.0377481503218764,0.18599494298299155,0.049259569763253366,3,13.52619266452208,1.0,0.050445031812165024,0.12308497342589143,10000
2781,0.9347814021543868,0.18776239454746246,0.0492300184547567,2,10.647912011724783,0.0,0.05117943210715885,0.1442751519444412,10000
2782,0.9988743853775607,0.2353578507900238,0.049215249449220275,1,9.33620030233485,0.0,0.03423781728375267,0.07474929524193415,10000
2783,-2.3695241530008757,0.18742064173732484,0.04911199039570393,7,49.03498010474541,0.0,0.026198857347113445,0.04636319919235699,10000
2784,-2.082809768663672,0.14992604404687881,0.0490089479911379,7,9.845654382993434,0.0,0.049354609279785334,0.07952831916750937,10000
2785,-2.3296786625170665,0.1892983466386795,0.04890612178096866,7,37.0119941669014,0.0,0.05634525905512956,0.05541921752678991,10000
2786,-2.0807673400895945,0.2656577602028847,0.04884746083885581,4,11.041695166182688,1.0,0.03621948418982661,0.07155843140395551,10000
2787,0.5982198804427845,0.21142324805259705,0.048774233597125446,5,26.682400317597033,0.0,0.03646269466516054,0.04210775681614979,10000
2788,-2.0887214832380736,0.2102983444929123,0.048730349954614206,3,17.305388502949082,1.0,0.04675102855555042,0.10284505636072148,10000
2789,-2.0,0.23865953087806702,0.048715730849627825,1,8.71206503889816,1.0,0.0685373561412854,0.14509223695413379,10000
2790,-2.2467693833844056,0.1933597752026149,0.04861351984155236,7,18.366541151557232,0.0,0.06914284981876148,0.07281509987703755,10000
2791,-2.3224353125315353,0.2307853028178215,0.04852608110784397,6,46.72678813517919,1.0,0.02820621900090969,0.018526631861641774,10000
2792,1.0001099750875904,0.1297793686389923,0.04851152328351162,1,6.457746962056021,0.0,0.057324800363584644,0.20166023600558558,10000
2793,-2.323090187245762,0.2223570187176977,0.04840974072556562,7,43.957411326928984,0.0,0.030330061179734184,0.04966350645664343,10000
2794,0.8203202805183083,0.1840747594833374,0.04836618502823555,3,18.28438819437817,0.0,0.030785652407352572,0.05484516906585239,10000
2795,-2.1026018269265156,0.21026312311490378,0.04832266851927421,3,18.040755404193796,1.0,0.04176415865393568,0.05994703745651973,10000
2796,-2.0364432121406666,0.15251482278108597,0.048293679267202815,2,7.690335201442351,1.0,0.05114890604869785,0.10736851576323758,10000
2797,0.8068450903295532,0.21401457488536835,0.048250227993851806,3,14.133600128282163,0.0,0.02453177350592635,0.045124906286742865,10000
2798,1.016170641418744,0.3905201554298401,0.04823575292545365,1,4.786248630288828,0.0,0.030844406265041903,0.08946959787791325,10000
2799,0.8430283026010982,0.20679210126399994,0.04820681581491615,2,15.242088592811161,0.0,0.07541481474223934,0.10160726252320226,10000
2800,0.7723352277354985,0.16555901368459067,0.048163442695221416,3,19.97891072728381,0.0,0.039371995301539,0.07203465382937206,10000
2801,-2.305559006632348,0.2057014810187476,0.04806239044896736,7,39.55551534118275,0.0,0.034320960066826556,0.0284191520981598,10000
2802,0.8479930994364884,0.18649105727672577,0.04803355734031312,2,16.257414307144867,0.0,0.03427180240731474,0.0728159837553608,10000
2803,-2.26166823172346,0.19123425441128866,0.047932777607943754,7,43.23028715736314,0.0,0.03338737111418648,0.03664621683196735,10000
2804,-2.4299115880880895,0.20880817941256932,0.04783220932263387,7,61.45063356315934,0.0,0.026464053045804733,0.06063690908664322,10000
2805,0.9978253681717502,0.22197720408439636,0.047817859659837085,1,5.604605725926486,0.0,0.08123617431264044,0.16360127786385878,10000
2806,-2.071904522119386,0.14760015904903412,0.04778917324764856,2,16.62786365256282,1.0,0.06312266964478562,0.09824686291829308,10000
2807,0.7971765881826226,0.14782037337621054,0.04774617589351215,3,17.740457687015716,0.0,0.03214556827786583,0.07167238185234186,10000
2808,0.9609335020892796,0.17169783264398575,0.04771753248513187,2,6.467317909623793,0.0,0.029132893282338486,0.04623090921203801,10000
2809,-2.321313403753309,0.14748323495898927,0.04761741580796996,7,44.67872405932931,0.0,0.03708031918338585,0.03771264708847028,10000
2810,1.052412338460035,0.13270071148872375,0.04760313058322757,1,3.6217174635833347,0.0,0.055532383723057695,0.08335039989847513,10000
2811,-2.076204343143754,0.160550619661808,0.047531768717319345,5,15.912092616580464,1.0,0.07698895116306838,0.06220120247164006,10000
2812,1.0263810208648088,0.11667509377002716,0.04751750918670415,1,2.544141247824196,0.0,0.07136501347077859,0.13965251059655698,10000
2813,0.9805906240050032,0.13718253374099731,0.04750325393394814,1,9.07678877579417,0.0,0.06537493625589953,0.14066600589057227,10000
2814,-2.0,0.21564286947250366,0.04748900295776796,1,7.818526329118489,1.0,0.07453827331480233,0.20299034410815758,10000
2815,1.0493256334223828,0.19330570101737976,0.04747475625688063,1,2.4837558605258496,0.0,0.061332126704327555,0.07508548477006562,10000
2816,-2.252667902771594,0.16712813717978342,0.047375148951180335,7,28.741795750715546,0.0,0.044474992794343984,0.04336027139279884,10000
2817,-2.2223868454082636,0.24365482230981192,0.04728993761394248,6,36.099656258311285,1.0,0.05740274009783664,0.042255150027854974,10000
2818,-2.0,0.24504108726978302,0.0472757506326583,1,7.366639386732236,1.0,0.07881400849520775,0.19312786181608388,10000
2819,-2.1942749734359652,0.2022392451763153,0.04721904525569905,4,27.445990391593536,1.0,0.0391064692201699,0.08960275907094443,10000
2820,-2.3359794251550254,0.22891862051827566,0.047119974460049015,7,42.490737887586675,0.0,0.02352778546518431,0.03631407569185727,10000
2821,0.7927004627636091,0.16754450276494026,0.04706345593039459,4,17.362258492215574,0.0,0.033974464208398704,0.058039733880694576,10000
2822,0.7438073964230871,0.18365123371283212,0.04702111152591963,3,22.376411710979614,0.0,0.027515958634619492,0.040847300710022884,10000
2823,1.0469311102579117,0.14977353811264038,0.047007005192461856,1,4.628435258277582,0.0,0.05214344568759096,0.08957018390970109,10000
2824,-2.3969339871553306,0.18999802214758738,0.04690837928038922,7,45.11963678319616,0.0,0.07035922246784236,0.01786668121624263,10000
2825,-2.2682047025614245,0.16734769088881357,0.04680996029642213,7,26.832311041716142,1.0,0.0614717269224605,0.05768155106145677,10000
2826,0.8766480737626374,0.24640391767024994,0.046781878533140704,2,13.66065228679943,0.0,0.07049910241315083,0.1476882887429191,10000
2827,1.0320660359380678,0.2732210159301758,0.046767843969580766,1,1.3051748141023196,0.0,0.054074721041777636,0.10676097603131834,10000
2828,-2.108454490905127,0.1639037032922109,0.046725765536063286,3,21.317499672865537,1.0,0.050903847043277106,0.1199376861039146,10000
2829,1.0047355674311456,0.15677574276924133,0.04671174780640247,1,3.7881618820496525,0.0,0.05939059664113515,0.12653075325569182,10000
2830,-2.3976771969743345,0.22336519828864507,0.04661374137708304,7,58.10329198130796,0.0,0.030132376636662364,0.021972442915663984,10000
2831,-2.0563055426256724,0.16057798266410828,0.04658577732749351,2,13.187153989032876,1.0,0.031399463540859505,0.09327171016949001,10000
2832,-2.0585042280836374,0.17473053336143493,0.0465159405761256,5,9.423341185579083,1.0,0.05411611317025848,0.029900260135873897,10000
2833,0.9768117436384604,0.18253493309020996,0.04650198579395276,1,5.94082643095541,0.0,0.0695446905707476,0.1256481180195056,10000
2834,0.8850098322815136,0.14702864487965903,0.046460146561018816,3,13.803294962828456,0.0,0.05799793205250724,0.149791595558541,10000
2835,-2.346773894492533,0.22065401715891703,0.04636266801902602,7,45.57993603739607,1.0,0.03586128198889839,0.026433571158049375,10000
2836,-2.069980670756697,0.19114698469638824,0.04633485459085473,2,13.384538051949308,1.0,0.02661518888611499,0.07680289067461697,10000
2837,-2.1348515193067787,0.18539353779384068,0.046237638925315815,7,21.547049016978256,1.0,0.06396967463103401,0.028010426224850633,10000
2838,-2.2168637603793204,0.17864362647136053,0.04615447357110009,6,35.690909976045674,1.0,0.046582373740010424,0.05104112135460715,10000
2839,-2.088500721308505,0.14538495242595673,0.0461129470053478,3,12.702749921643774,1.0,0.040359484928703754,0.09482307265102294,10000
2840,0.24373494230127069,0.17168868758848735,0.046016196926542755,7,45.23868190744124,0.0,0.051017259310579356,0.031030006681420332,10000
2841,0.9236321875970376,0.12789830565452576,0.04598859134984456,2,11.255988837898377,0.0,0.0590737078621633,0.14935562025882151,10000
2842,-2.1696150628278272,0.15225299075245857,0.04593342986909769,4,25.780769734293365,1.0,0.05517458661804764,0.06391464901917712,10000
2843,-2.0437863488635335,0.18447954952716827,0.04590587394518492,2,10.61578879224442,1.0,0.04230802974694718,0.06442228396144117,10000
2844,0.6800785195226396,0.20624223351478577,0.04586457105198077,3,24.515319224465145,0.0,0.04806560592874831,0.10135217142251834,10000
2845,-2.2218357254452092,0.16163577565125056,0.04576834209348189,7,22.391111109983836,0.0,0.034911143119637396,0.02359381774118208,10000
2846,-2.4057767124766762,0.19763318768569402,0.04567231503401404,7,54.032888476731685,0.0,0.044300499219158795,0.027682808298496755,10000
2847,-2.10153500161629,0.1562630832195282,0.045603847654216885,5,18.26150766881027,1.0,0.03332682199505829,0.05527576683969182,10000
2848,-2.2824467249922136,0.17554875782557897,0.0455081657223324,7,42.520845958227255,0.0,0.0341929435444215,0.05746108270547431,10000
2849,-2.0809922433878154,0.15721984207630157,0.04546722065915833,3,11.347656240956477,1.0,0.03316020481830984,0.09808691102376556,10000
2850,-2.1033634011467783,0.17230903605620065,0.04538544101817296,6,14.517159098270348,1.0,0.04402652254184324,0.04795938538890838,10000
2851,-2.4161514305945695,0.15326106335435594,0.04529021732764194,7,59.09840083862615,0.0,0.04340093695626794,0.05096831550430288,10000
2852,-2.1836045367963406,0.21587312434400832,0.045195193426978225,7,26.466726298015526,1.0,0.053661321510191984,0.03878202084950443,10000
2853,0.645588640684886,0.20572479565938315,0.04511390306792089,6,21.05561715151699,0.0,0.018892144303200933,0.03080028986283687,10000
2854,-2.0,0.1279326230287552,0.04510036889700051,1,8.502205652311815,1.0,0.04848381013107216,0.10945455272014575,10000
2855,0.9374848232748887,0.20143188536167145,0.04507331273469552,2,10.713004131862428,0.0,0.04504268335299587,0.09306137803636637,10000
2856,0.879313566760017,0.1857793927192688,0.045046272803652844,2,15.174947759125756,0.0,0.039552421684809554,0.11226523082055154,10000
2857,-2.041735728186572,0.20402009040117264,0.04501924909413521,2,10.051573456094015,1.0,0.029313934554968966,0.07449361841287623,10000
2858,0.8669529421004621,0.14664119482040405,0.04499224159641115,2,14.269358150578432,0.0,0.04252400653414438,0.07997700263831746,10000
2859,0.6761276267347378,0.2262600064277649,0.044924793714887896,5,20.994076723230908,0.0,0.037280755904388264,0.05753581675505454,10000
2860,-2.167357826268859,0.16881081213553747,0.04484398971041868,6,22.432921076206885,1.0,0.030256542678687555,0.048172866780949467,10000
2861,0.8035675206591684,0.16162702441215515,0.044817087352551514,2,17.724106962592742,0.0,0.02520216385887057,0.05752334527359741,10000
2862,1.0277105712581913,0.15045292675495148,0.04480364222634575,1,7.177451737319345,0.0,0.08598308403512916,0.17222385728186201,10000
2863,0.9353605675107725,0.18715573847293854,0.04477676407333775,2,6.318737709699712,0.0,0.04315339573279424,0.06717721643872389,10000
2864,0.9963276280787506,0.1737791895866394,0.04476333104411575,1,5.512123373944149,0.0,0.07599251214313102,0.14124348039774856,10000
2865,1.0322953010219735,0.15750283002853394,0.04474990204480252,1,1.9013403640804014,0.0,0.054629537650955955,0.09902782545610098,10000
2866,0.9870039469308143,0.13932521641254425,0.044736477074189075,1,8.718054716113958,0.0,0.06646856937312837,0.16771945960615048,10000
2867,-2.237421165573793,0.17243976145982742,0.04465601178554733,6,27.306622020066403,1.0,0.042266906765506936,0.02637335726665026,10000
2868,-2.6043973735853645,0.19109522231987544,0.04456231851847269,7,63.04236277748768,0.0,0.1298417059419548,0.034791853141701086,10000
2869,-2.0,0.128119558095932,0.04454894982291715,1,1.2091551130564455,1.0,0.06490989571239508,0.13376070470482895,10000
2870,1.0091532604384146,0.1390959918498993,0.04453558513797028,1,1.5969521161760492,0.0,0.055820659733473485,0.17351644454608894,10000
2871,0.36072800092484825,0.19086890348366328,0.04444214453936295,7,38.625658418692815,0.0,0.0196482578607079,0.0335645238496097,10000
2872,0.41346327724252013,0.17003393173217773,0.04436220865209388,6,34.890985508350106,0.0,0.059822926213625977,0.08503930423744949,10000
2873,-2.0,0.15612946450710297,0.04434889998949825,1,1.3261126373500995,1.0,0.06520831840735536,0.13359187221411278,10000
2874,1.0000790189496342,0.22253303229808807,0.0443355953195014,1,8.584529563979778,0.0,0.06939304853459494,0.12412039460517366,10000
2875,0.7572876088575315,0.1631019003689289,0.04428241654155159,4,20.19628942103336,0.0,0.024113226269289224,0.03851046930616796,10000
2876,0.6339418125460166,0.1951403667529424,0.04424257432172104,3,15.900452736492788,0.0,0.08970467899848925,0.0480999347303781,10000
2877,-2.0929952776996528,0.16526019821564356,0.04416299739153167,6,12.466252860415583,1.0,0.048291042111547694,0.07893668627825015,10000
2878,1.0598684156246356,0.24344106018543243,0.04414974849231421,1,3.080322300722407,0.0,0.044394298387977434,0.07574809213046499,10000
2879,-2.262535732352036,0.1778921795388063,0.04407033852335302,6,39.880079626346415,1.0,0.06579882289355811,0.07465968659274837,10000
2880,-2.261588592850381,0.1700010359287262,0.044004272666975465,5,39.72611608450728,1.0,0.027839203098858813,0.02992916517380081,10000
2881,-2.2136829555883026,0.13715200126171112,0.04395149129733023,4,24.588412756645006,1.0,0.05746730163852549,0.08293511111265114,10000
2882,0.888506977379281,0.14961247146129608,0.04392512435818605,2,13.716985177319232,0.0,0.033567918322768765,0.09611771207546747,10000
2883,-2.025106237338646,0.21852213889360428,0.04389877323683234,2,5.947951692385521,1.0,0.05058237946107587,0.06625228841832789,10000
2884,0.7953038807398157,0.20505350331465402,0.04385927619240271,3,17.00518003767448,0.0,0.05057505642405905,0.10663478970886686,10000
2885,-2.0,0.13631249964237213,0.04384611840954499,1,6.133374586094689,1.0,0.04474859193491927,0.09234602942931593,10000
2886,-2.171029042662518,0.166719417486872,0.043754124388626595,7,20.759780101954746,0.0,0.0566677755965059,0.0286447033182078,10000
2887,0.7508692625850021,0.2258328894774119,0.04371475748910906,3,19.226562102224005,0.0,0.038931530521421696,0.05458451885839836,10000
2888,1.0107680212333527,0.17663201689720154,0.043701643061862326,1,4.930917494307231,0.0,0.055363518817064396,0.08991003878802863,10000
2889,0.24536265869118867,0.16574682082448686,0.04360995216625215,7,46.42729877163099,0.0,0.06308539639106527,0.03166020051591579,10000
2890,0.9794801412342092,0.26998186111450195,0.04359686918060228,1,5.772655919108996,0.0,0.05363158559665142,0.10641852721434462,10000
2891,-2.3305910142054214,0.18403911888599395,0.04353151310224426,5,43.09964567246501,1.0,0.044487945597323615,0.09170326587852885,10000
2892,1.0012822364398524,0.1952754557132721,0.04351845364831359,1,4.652978092626412,0.0,0.07052137871891412,0.09910780532219315,10000
2893,-2.0394770318854496,0.24975109845399857,0.04349234649278543,2,9.04530278954547,1.0,0.08361922376274668,0.13847593624146953,10000
2894,0.3945285762821544,0.22216072926918665,0.04341411896028561,6,34.37638070581036,0.0,0.052875009872119745,0.04772424604562401,10000
2895,-2.0,0.21215488016605377,0.04340109472459752,1,4.375620610772884,1.0,0.05555518308025217,0.06555415767538343,10000
2896,0.8819760631460147,0.1493262971440951,0.043362045456469135,3,9.038560081253927,0.0,0.03154901520414541,0.05325799350752542,10000
2897,1.0062296047482682,0.12375175952911377,0.04334903684283219,1,5.5614768610254215,0.0,0.07732196176098505,0.08506299903164535,10000
2898,-2.166169126836908,0.19575743873914084,0.04327106707431163,6,28.503727100441274,1.0,0.05049865129217168,0.05009597838387338,10000
2899,0.9693585004215461,0.1566617339849472,0.04324510832846308,2,4.384176249304165,0.0,0.03569780933229938,0.06683052047261118,10000
2900,0.8847189642794611,0.12193449586629868,0.043219165155525756,2,12.878668105289648,0.0,0.06015784778688782,0.15470188520799233,10000
2901,0.8912110193217587,0.20779652148485184,0.04319323754615731,2,11.426196227215282,0.0,0.060501760885645135,0.09410806021319798,10000
2902,-2.1382028449689,0.17133301496505737,0.04314142898078568,4,21.56433693948993,1.0,0.02710302553994944,0.08564181488176469,10000
2903,-2.017469779716945,0.19217859208583832,0.04311554800612582,2,6.820349106259673,1.0,0.06837615339476628,0.16718787967553,10000
2904,0.8837515214180843,0.1947685033082962,0.04308968255772146,2,11.695086613379452,0.0,0.03571066179756488,0.0901311994683577,10000
2905,-2.278462821811821,0.1947205401957035,0.04303799820242745,4,38.97629927463157,1.0,0.048100982297235285,0.07076407878391527,10000
2906,-2.0641931550978234,0.1895272582769394,0.043012179276925834,2,18.601170320450546,1.0,0.06585700495383234,0.1615322744535644,10000
2907,-2.0,0.21902388334274292,0.042999275623142756,1,8.525896287674225,1.0,0.07383113899506824,0.15361960105790112,10000
2908,-2.128252567257812,0.14229697308370046,0.04290905837234297,7,18.49338905304126,0.0,0.026234447951064506,0.03764109477817697,10000
2909,-2.1499879363030647,0.12103492766618729,0.04285759066855385,4,24.85189653035165,1.0,0.04804950178019974,0.10196741235105582,10000
2910,-2.29888638002264,0.1901060598237174,0.04276767068850799,7,40.78130696864496,0.0,0.028532889721435615,0.02662821834282023,10000
2911,-2.2041197656847458,0.19402090992246354,0.042677939370556396,7,26.80087235413002,0.0,0.032327319277885395,0.032885936278479806,10000
2912,1.0256989294966463,0.21608951687812805,0.04266513598874523,1,6.19613650114066,0.0,0.05408889283042196,0.08402630793970961,10000
2913,0.6392150783483803,0.17573916539549828,0.042613960860124686,4,28.540334099793007,0.0,0.02588801188800309,0.05723701272871519,10000
2914,-2.0420782296012674,0.2708244413137436,0.04255007825989525,5,13.136445898424471,1.0,0.04840552308630742,0.06439755499069591,10000
2915,-2.3672754815181665,0.20867099506514414,0.04246080347499963,7,47.17851489987573,0.0,0.02232086962159513,0.017032294235636857,10000
2916,-2.335271640773206,0.19264259508677892,0.04237171599850728,7,46.23497513735109,0.0,0.01821533889383574,0.036560862792385865,10000
2917,0.995482853818316,0.18587525188922882,0.04235900448370773,1,6.671884030363049,0.0,0.05940534716677482,0.09715495164474186,10000
2918,0.9024340529936163,0.20884942263364792,0.042333592893327915,2,12.602691218763606,0.0,0.054903717085863106,0.11052067105916527,10000
2919,-2.0,0.1760048121213913,0.04232089281545992,1,3.3541799901636944,1.0,0.08302631434029098,0.19970151552975,10000
2920,0.8547218481293662,0.20614547530810037,0.042282815437424404,3,12.443869301801172,0.0,0.016462829152158007,0.024692490983903893,10000
2921,-2.015812585566404,0.19531485438346863,0.042257449553615344,2,8.937705870416934,1.0,0.08373161925167724,0.11235378946504126,10000
2922,0.4657946767044971,0.16056488156318666,0.04219410139958173,5,34.73123477457158,0.0,0.022950317174262064,0.035884653984125006,10000
2923,0.7412617033936035,0.19167265594005584,0.04213084821078292,5,14.666996977415486,0.0,0.041140691612206196,0.041465402815967715,10000
2924,0.44448400739794813,0.1729065366089344,0.04208031393903823,4,38.73981247634913,0.0,0.050477836042586724,0.07620821142082271,10000
2925,-2.1247187905452307,0.18835532168547311,0.0420424530170417,3,21.565015317120906,1.0,0.04193238764475282,0.07109796059281179,10000
2926,0.9126600746598496,0.19565771520137787,0.04201723132905225,2,8.449822926375791,0.0,0.03395517032254943,0.07860581995330139,10000
2927,0.88576145173917,0.19712220132350922,0.04199202477180564,2,13.111021738538536,0.0,0.03108617233131935,0.04947298916045772,10000
2928,-2.4172339133895604,0.2673412838152477,0.04190392084504112,7,56.20282621311232,0.0,0.023734640914580933,0.02380797090538911,10000
2929,-2.1413617004269634,0.22267117351293564,0.04185365876361905,4,25.380028327158914,1.0,0.03610662329432986,0.06198434612557248,10000
2930,1.0110775596065058,0.16011899709701538,0.04184110266598997,1,4.624113744856568,0.0,0.061942209966825944,0.08637712473581866,10000
2931,0.3674618785907352,0.2369697153568268,0.041778378657687985,5,37.70416646185256,0.0,0.04591013039692064,0.016109658649463905,10000
2932,-2.039600701005048,0.2618975564837456,0.041753315390547455,2,8.355758508170787,1.0,0.059170289028514546,0.1292767649913609,10000
2933,1.029510795915242,0.18357327580451965,0.04174078939593029,1,2.962101075915742,0.0,0.062162242398382576,0.10191215895161895,10000
2934,0.911334022245922,0.13830659165978432,0.04171574867896378,2,13.424197935051147,0.0,0.033016564120282685,0.045074461418446725,10000
2935,0.9715976028004947,0.23108884692192078,0.04170323395436009,1,7.915431571858763,0.0,0.03183443514969716,0.0832724407109134,10000
2936,-2.214943862920055,0.22045714727469853,0.04161573594277038,7,23.144736970661715,0.0,0.07484299720906741,0.038812142318081694,10000
2937,-2.0752889948705735,0.31215523183345795,0.04159077024662095,2,18.823686543629215,1.0,0.04385139892093654,0.07216150935808091,10000
2938,-2.051184000205548,0.26606067021687824,0.041553349781784016,3,4.619293341003205,1.0,0.03131779504951986,0.09014691260336874,10000
2939,0.32250348792859285,0.2910885832139424,0.04146616624381723,7,33.20818975426593,0.0,0.06902987372248592,0.04118407123663834,10000
2940,1.0147306109301586,0.20022252202033997,0.04145372639394408,1,7.974719023891706,0.0,0.08115982945865355,0.21054991011879215,10000
2941,0.9968077332865476,0.2506418228149414,0.0414412902760259,1,2.925878999632683,0.0,0.07765451182136346,0.13243741687671146,10000
2942,-2.055025743644511,0.19969464093446732,0.041416429231576415,2,14.276933703496736,1.0,0.03209695626901483,0.053459167200069456,10000
2943,0.9056068676092602,0.28646236658096313,0.0413915831015161,2,9.102414332600402,0.0,0.05558045846902516,0.11773431495385098,10000
2944,-2.476400254156209,0.1923187928540366,0.041304738967991673,7,60.43749147983811,1.0,0.054398995210324,0.010627398340992458,10000
2945,0.7315182810896339,0.22795198361078897,0.041267575854084776,3,19.274946427058932,0.0,0.061970484490061026,0.15351691142993054,10000
2946,0.9969817866730755,0.16566945612430573,0.04125519558132855,1,5.495200652143825,0.0,0.05775258112234512,0.09415036261085222,10000
2947,-2.2570321577107118,0.17628094802300134,0.041180991901523405,6,42.023299774115685,1.0,0.045851129239313296,0.06927188855897101,10000
2948,-2.367551448352397,0.23394479709012167,0.04109458961170055,7,47.998632401604965,0.0,0.04575523341517583,0.026251005469454802,10000
2949,-2.1078012941403643,0.21631790200869241,0.04105761557547966,3,18.433788689142517,1.0,0.03969820623466071,0.05234604022471944,10000
2950,0.4536533371157213,0.19293742179870604,0.04099606609288657,5,36.02484071753285,0.0,0.06354201907650671,0.051344897845154405,10000
2951,0.778713062486225,0.18413002789020538,0.04095918070123393,3,21.503402486833302,0.0,0.029671709541394583,0.049775202185897635,10000
2952,-2.4732277784494676,0.24263325333595276,0.04087324379591807,7,54.7506037448746,0.0,0.035758600163686774,0.06075263917863442,10000
2953,-2.243262522200023,0.18975498846599034,0.04078748719576379,7,36.66116381777933,0.0,0.023647897844984018,0.014139970588320212,10000
2954,-2.0647016878886624,0.2670062929391861,0.04076301837432018,2,9.934722591214925,1.0,0.04267560912231582,0.1211634278471592,10000
2955,-2.0,0.22160407900810242,0.040750789468807884,1,8.682110628267292,1.0,0.02797301141373247,0.08147086570337282,10000
2956,0.8132290618272644,0.1839627573887507,0.04071412475989884,3,16.04235926527131,0.0,0.04304265252491927,0.08948292228323806,10000
2957,-2.0,0.2335406392812729,0.04070191052247087,1,3.8878443291566263,1.0,0.05915972905683274,0.12517270896511723,10000
2958,-2.1904153058656686,0.19316977262496948,0.04062870200913555,6,27.125723140078296,1.0,0.03776554721962429,0.07265425281442878,10000
2959,-2.032049708367375,0.17156584560871124,0.040604328444513255,2,13.695906366662891,1.0,0.03282118788466832,0.10005935310408196,10000
2960,1.0000768111407314,0.1943589150905609,0.040592147145979904,1,7.318482665982357,0.0,0.039397265896091445,0.0951785230875229,10000
2961,1.0002690746217675,0.17452937364578247,0.04057996950183611,1,3.3270366079058236,0.0,0.07838915677932355,0.14111166392917113,10000
2962,0.7834746944109666,0.19748725990454355,0.04054345848478057,3,18.590888399473755,0.0,0.04022044237677294,0.10343295312380807,10000
2963,0.6660931898721931,0.2210073947906494,0.04048267977522094,5,25.67546580848341,0.0,0.03706917697839132,0.10147044258918372,10000
2964,-2.0,0.1748349815607071,0.04047053497128837,1,7.127535828059808,1.0,0.06108616140132044,0.1650987782595981,10000
2965,0.5034397166938436,0.2262071430683136,0.04040986558138751,5,29.53467411562293,0.0,0.022091672430850452,0.026334480767052096,10000
2966,-2.036711380289692,0.20527781546115875,0.04038562329892659,2,10.978300867420565,1.0,0.09938200057755327,0.14663751000644715,10000
2967,-2.0415397473705785,0.31885676831007004,0.04036139555965333,2,12.880896941585673,1.0,0.0670879067346253,0.16822432328964224,10000
2968,0.7107928283212904,0.21688385804494223,0.04032508120013669,3,23.508257170995495,0.0,0.0353416124519264,0.06932250267646381,10000
2969,1.0110217387594225,0.23215967416763306,0.040312983675776654,1,3.3175149967398223,0.0,0.054003279293548305,0.12915793280952184,10000
2970,-2.2373107501041694,0.20573032328060695,0.04022840256351233,7,33.12100871077887,0.0,0.07827275385673158,0.06351238858890888,10000
2971,-2.1830485584725423,0.18043574052197592,0.040143998911805374,7,27.034159776130466,1.0,0.04296720229720211,0.03600244216742416,10000
2972,-2.347574129861301,0.20698149715151107,0.04005977234832384,7,33.755077104279565,0.0,0.09647145435797537,0.02217561700080166,10000
2973,-2.125697393663864,0.21827932198842367,0.03998771881716213,6,23.927658660631423,1.0,0.09639874700337937,0.05059723149853687,10000
2974,-2.388332352781931,0.18221229953425272,0.0399038201466576,7,54.628301174111584,0.0,0.03183851404696801,0.028575339269697356,10000
2975,-2.1832182758996366,0.16674315184354782,0.039855957106235206,4,30.12835160712528,1.0,0.04618631724089738,0.048519690295495,10000
2976,0.7608902282993799,0.14149688929319382,0.03980815147562045,4,21.482168895914015,0.0,0.0395897186878799,0.06562767264463608,10000
2977,-2.0241862494011653,0.1503090262413025,0.039784270167468716,2,5.132574771340241,1.0,0.04771712278450769,0.11458109810802418,10000
2978,-2.1189603441318763,0.21251759358814784,0.0397007983548028,7,17.804268984728417,0.0,0.031767447338072866,0.04653856959519604,10000
2979,-2.082775918044672,0.2219590532282988,0.03962939049240834,6,20.325818778126298,1.0,0.04324200503501406,0.03516001001196965,10000
2980,-2.080845880783506,0.2100581427415212,0.03959373473983061,3,19.51813317427003,1.0,0.029654983637880716,0.07640165358549794,10000
2981,-2.0281098730158043,0.18154733628034592,0.03956998206242284,2,4.998440383936289,1.0,0.037477797596688414,0.05598016857602602,10000
2982,-2.1903613311986607,0.17570788306849344,0.039486959849975446,7,24.46780592041598,0.0,0.03563651185255443,0.04272086298105762,10000
2983,0.8389835507129145,0.1273028515279293,0.03943959681684952,4,15.440380059623704,0.0,0.035179009875984296,0.08684110303395351,10000
2984,-2.0,0.19439013302326202,0.03942776493780446,1,4.237826482580391,1.0,0.039518132883597984,0.09470197693542774,10000
2985,-2.210872783027867,0.19943587779998778,0.0393686587647423,5,31.472631379956702,1.0,0.03620767419749505,0.06775546019651671,10000
2986,-2.2426560904654735,0.2069319486618042,0.039297848305400805,6,40.56765608262552,1.0,0.014853921650617882,0.041752546859013785,10000
2987,-2.291878355343689,0.14697246501843134,0.03922716520933023,6,44.002633361644655,1.0,0.03261702352345142,0.0731463376928701,10000
2988,-2.4208602771572125,0.18154424641813552,0.03914486226467435,7,50.83477038083281,1.0,0.04305242602533564,0.03366862832176749,10000
2989,0.9286022588631343,0.12616431340575218,0.03912137887035315,2,12.19533105751627,0.0,0.04080324024482558,0.0362624846096069,10000
2990,1.0154922557835337,0.13442052900791168,0.039109642456692045,1,6.206093620142945,0.0,0.07386002533306754,0.20866178387117054,10000
2991,-2.058181852397313,0.184904046356678,0.03902758608780972,7,13.21365190001456,0.0,0.048013687194800356,0.07532484203100068,10000
2992,0.8587285335596102,0.16237732768058777,0.03900417304863979,2,12.931316024076013,0.0,0.039281689557246695,0.10195930255008766,10000
2993,-2.303930280323451,0.14982254377433232,0.03892233796627683,7,33.84787374136897,0.0,0.03550973671065198,0.03314716087647044,10000
2994,-2.460347356414206,0.13842250087431499,0.038840674582995845,7,58.29167466280121,0.0,0.10254176143760761,0.05070176240343237,10000
2995,-2.302693916553156,0.17182662870202745,0.038759182538553094,7,34.16216675795139,0.0,0.0322637797021405,0.03840328081855837,10000
2996,-2.1008450437209945,0.18999861180782318,0.038724309738201186,3,18.536742319431994,1.0,0.05501840555118108,0.10015589720729823,10000
2997,0.8235611441915307,0.184461310505867,0.03870107863754615,2,13.966864476359913,0.0,0.03714517250543526,0.04322423421748747,10000
2998,-2.04900603773801,0.21296685934066772,0.0386778614734607,2,7.983997029430366,1.0,0.06820473419175334,0.12137098224157258,10000
2999,0.8306308157654514,0.18839208036661148,0.03863146892156086,4,9.769006185428124,0.0,0.04106708481217611,0.07495644230933571,10000
3000,0.8869906025281028,0.16588326171040535,0.03860829351704013,2,11.244120096860904,0.0,0.07114393993866945,0.15248373555125466,10000
3001,-2.066550978265789,0.21112679690122604,0.03858513201567632,2,8.087509937559854,1.0,0.06785216112508298,0.13444711505425494,10000
3002,-2.0569327862681903,0.15893720090389252,0.0385619844091288,2,17.494570006884253,1.0,0.03844813372229367,0.07341135264652757,10000
3003,-2.0535687289323397,0.15530534833669662,0.03853885068906192,2,11.680709213924999,1.0,0.06272937428302729,0.1174412734659941,10000
3004,0.9712066566713098,0.2261507511138916,0.0385272890338552,1,6.259951581135951,0.0,0.07951882503249354,0.17058554269059295,10000
3005,-2.19030360375514,0.21290730578558786,0.03844645450706302,7,17.101812843355333,0.0,0.08922373094332008,0.03393585887646767,10000
3006,-2.0460821817034316,0.19700554758310318,0.0384233900945397,2,9.04029008984935,1.0,0.06457873400464743,0.11486539760558959,10000
3007,-2.0911639013791494,0.16800764948129654,0.038354279843202194,6,16.138851906811016,1.0,0.038164750368175994,0.02740334630423005,10000
3008,0.7120837558626116,0.14317077895005545,0.03831977134596331,3,21.481615087028665,0.0,0.03754759735367428,0.09718889658875618,10000
3009,-2.1661049988271004,0.2434891939163208,0.038262326166393794,5,26.734050350146667,1.0,0.033171921424905805,0.04652553912966276,10000
3010,0.7761475196171909,0.2577178676923116,0.03822790040263902,3,16.160036519891353,0.0,0.048153629959723616,0.07881797881763862,10000
3011,0.902033454229606,0.14582156389951706,0.03820496710290848,2,6.975011447451548,0.0,0.04891143527856211,0.11296770439069609,10000
3012,0.6998656893854501,0.1839507780969143,0.03815914176894141,4,24.533111273415503,0.0,0.032473965238798454,0.06915865058140783,10000
3013,-2.0641987421593555,0.19202926009893417,0.03811337140063436,4,6.937700535717207,1.0,0.06443275916437853,0.046311546314739625,10000
3014,0.9175471483504833,0.22429241985082626,0.03809050680799741,2,11.214575058363828,0.0,0.04869056244916567,0.11987152442692862,10000
3015,-2.1239834571569167,0.18194894279752458,0.03801058869877376,7,22.07568620336876,0.0,0.018444100945026198,0.026558059426923002,10000
3016,-2.2510204170434207,0.12365187207857768,0.03794222093288962,6,34.29212236652254,1.0,0.053833573969876876,0.06806984135929024,10000
3017,0.8814876817030914,0.15565946946541467,0.03790808317742523,3,13.461168228792062,0.0,0.038358256256832306,0.07228234475043996,10000
3018,-2.3463807179344833,0.14052105819185576,0.0378398997831524,6,57.19592294229258,1.0,0.05248195407854351,0.046276557653860066,10000
3019,-2.423706152338448,0.1484849452972412,0.037760507475270405,7,61.71183850786225,0.0,0.02554516432794993,0.033849001145964175,10000
3020,-2.110385403987786,0.1457386426627636,0.0377152152528963,4,10.478589908698723,1.0,0.04952987265418999,0.04030780800932895,10000
3021,1.0165142865292631,0.12344247102737427,0.03770390068832043,1,4.8040211379394195,0.0,0.06377908196409281,0.09819165535511067,10000
3022,0.8492997018369534,0.18797271947065988,0.03766997735673612,3,11.132720016267072,0.0,0.04968387202107513,0.13772040577792616,10000
3023,-2.4062487859459685,0.1912744641304016,0.03759094156495674,7,42.28679138508354,0.0,0.07943044656353769,0.03831029255719115,10000
3024,0.9771881230347846,0.17504507303237915,0.037579664282487255,1,8.940019463195455,0.0,0.08126986568469159,0.09743535849935335,10000
3025,-2.0620294351462447,0.1941956952214241,0.03755711986608755,2,14.577450745411163,1.0,0.04583659997158778,0.0715893267923246,10000
3026,-2.0910802610528103,0.24717555567622185,0.03751207159903711,4,23.779990217125686,1.0,0.03202353716855308,0.04904749595323199,10000
3027,-2.2463465145822,0.2086864411830902,0.037455837242376264,5,34.589622937334774,1.0,0.08140321179118742,0.06193917115143289,10000
3028,-2.00382380720156,0.1713746339082718,0.037433367111056194,2,10.266658877247608,1.0,0.021378954512466814,0.03887727575286236,10000
3029,-2.422051964662909,0.20915797352790833,0.0373548277538229,7,48.69052119340433,0.0,0.07473049206016415,0.06946645821087369,10000
3030,-2.2622862307635514,0.2197942410906156,0.037287639472716426,6,44.19878384305378,1.0,0.04952978740714506,0.04919310180033853,10000
3031,0.6576268446964275,0.159994675219059,0.037231741562316734,5,22.025940761373832,0.0,0.0398232026909104,0.059681959390331045,10000
3032,-2.084442038664039,0.18683146685361862,0.03720940586823609,2,16.416017231941,1.0,0.03695561194018219,0.107049322823748,10000
3033,-2.2167234276992738,0.19232551753520966,0.03713133640653755,7,36.644726229332335,0.0,0.048947131844775615,0.05339400583551861,10000
3034,0.774768048596519,0.18759104112784067,0.03709792822822995,3,18.830568744685582,0.0,0.031671557462307494,0.059967573999940904,10000
3035,0.8817628102318452,0.15933623909950256,0.037075672810106555,2,15.349304843343479,0.0,0.042526258004378106,0.08102002852732859,10000
3036,1.0018606351545718,0.12334375083446503,0.037064550108263525,1,3.5794675142712484,0.0,0.058035538644302095,0.16692696031842727,10000
3037,0.863466058973062,0.1817388633886973,0.037031202019593874,3,12.057181503495428,0.0,0.04096779288883669,0.08561277472835899,10000
3038,-2.0095665042906594,0.1597246304154396,0.0370089866311903,2,2.1989353951365,1.0,0.026680139954403163,0.026952603473564745,10000
3039,-2.1035161260370354,0.15785880386829376,0.03696459582808899,4,14.764495137427112,1.0,0.020648273625470833,0.020789848143153843,10000
3040,-2.1693192457706405,0.1532618522644043,0.03690918219250416,5,25.52237804306109,1.0,0.07086185671172084,0.060456584020781134,10000
3041,-2.0258314302179876,0.22012495497862497,0.03687597389301356,3,11.381704163160729,1.0,0.07368560548294895,0.09031692058466582,10000
3042,-2.273864086948543,0.17290464895112173,0.03679860400859156,7,33.83658402277203,1.0,0.07175261319538899,0.03634817968652457,10000
3043,-2.178480442217098,0.20727685519627162,0.03672139645477084,7,30.47365332979316,0.0,0.03778892894092829,0.03541614910087288,10000
3044,1.015365670161838,0.24772217869758606,0.03671038003583441,1,8.71531201296646,0.0,0.04861488346141381,0.11153587927733649,10000
3045,-2.0172074375867517,0.1456066519021988,0.036688357111747116,2,3.99765496221556,1.0,0.03447859745672404,0.08437886360688072,10000
3046,-2.5035207642007813,0.1773390578372138,0.0366113808681473,7,57.26264262799956,0.0,0.03102914986731453,0.03676504799057585,10000
3047,-2.187293532185469,0.143892625612872,0.03653456612924666,7,14.134772095558825,0.0,0.03618101150231734,0.030755455434873305,10000
3048,0.5462119830763495,0.16032652854919432,0.03647979715129947,5,30.669451200550146,0.0,0.023509491111212946,0.047587819348917836,10000
3049,0.8369943115350933,0.24055571854114532,0.036457912556190436,2,15.221955864403963,0.0,0.05403153955188494,0.1445961672945916,10000
3050,-2.0055874619401433,0.18747643381357193,0.03643604108986886,2,9.158451672138586,1.0,0.11167745291881048,0.1309251782824568,10000
3051,1.0009052037765835,0.20327317714691162,0.036425110277541896,1,6.880878091287521,0.0,0.07705360044935862,0.09871315792354168,10000
3052,0.9929634336507202,0.11440981924533844,0.03641418274445864,1,4.000640361798437,0.0,0.07525450610780623,0.1377169833179277,10000
3053,1.0024285662842238,0.1698532998561859,0.0364032584896353,1,7.534743933814879,0.0,0.05986761057421219,0.08991437565083069,10000
3054,0.8281877274105063,0.12860043346881866,0.036381419810834786,2,17.460674121103786,0.0,0.04526293050678771,0.0653462806497297,10000
3055,-2.4121260921492675,0.16932550711291178,0.03630508755574536,7,60.14764090205691,0.0,0.023065432729213645,0.040726673657729945,10000
3056,-2.0647911865306,0.23174145072698593,0.03628330777066979,2,16.095445493979476,1.0,0.03469700789488973,0.0843239941183172,10000
3057,-2.0,0.12733444571495056,0.036272422778338594,1,1.9481005087525793,1.0,0.035350716340108924,0.08478499428144663,10000
3058,-2.1299821410132163,0.1419674257437388,0.03623978739041289,3,25.080803428573535,1.0,0.03283603098941569,0.08673719504444628,10000
3059,0.9479763362836829,0.17025542259216309,0.03622891545419577,1,9.81177970595362,0.0,0.03832325568709772,0.09931697696199221,10000
3060,-2.108241520596553,0.164131011813879,0.03618546031535265,4,22.800431948886292,1.0,0.018009109841494994,0.042710784705868095,10000
3061,-2.0572792127866113,0.12369551882147789,0.03616375229585487,2,11.753266027687252,1.0,0.03794476859996046,0.04154354426731759,10000
3062,0.9824562251852338,0.22875791788101196,0.03615290317016611,1,4.473560607827673,0.0,0.08015406442344951,0.18231826757221903,10000
3063,-2.0,0.1365647315979004,0.03614205729921506,1,6.287015657990757,1.0,0.0851957093708823,0.1465367819125748,10000
3064,-2.0,0.2245475947856903,0.0361312146820253,1,6.187303143341536,1.0,0.05341447589304102,0.17602416490219072,10000
3065,0.8492369581648711,0.26262826720873517,0.0360987063432639,3,13.112404810097404,0.0,0.054672118830730025,0.07657215890552314,10000
3066,-2.1170298342911367,0.16595331827799478,0.03606622725323101,3,19.913908921025662,1.0,0.05514280577359951,0.07545352648151964,10000
3067,0.7472789507037135,0.19031253457069397,0.03601216036221928,5,13.96854627549604,0.0,0.014069717652736234,0.02285083006338623,10000
3068,1.0238533210302214,0.14116451144218445,0.03600135671411061,1,1.882802801562617,0.0,0.06172152853566046,0.1929818579976793,10000
3069,1.0098205124204551,0.15615561604499817,0.035990556307096376,1,7.004346409033072,0.0,0.04709284716334758,0.0948079708757077,10000
3070,0.9967830561017672,0.24207821488380432,0.03597975914020425,1,7.600929064822419,0.0,0.07025225116726994,0.1293440082766406,10000
3071,0.7190541233155696,0.22684019804000854,0.03594738707054159,3,21.19173057665084,0.0,0.03984193602007245,0.10602666553180753,10000
3072,-2.188399957123397,0.188277291400092,0.03587196546429494,7,28.244351607355235,0.0,0.014687821392433648,0.0354540904934807,10000
3073,-2.14540316721032,0.16363617777824402,0.03583969037983921,3,22.322291960064778,1.0,0.026951076145702024,0.04128629644184219,10000
3074,-2.1700482218964217,0.17237431704998016,0.03578596309031553,5,26.28656714752235,1.0,0.05030069062819778,0.02211632606446314,10000
3075,1.0197445764459019,0.1749584972858429,0.035775227301388435,1,2.7660081997615094,0.0,0.04028845279281285,0.11849527631522369,10000
3076,-2.31059388312072,0.19861449088369096,0.03570016690543767,7,46.30535406233177,1.0,0.043007888988062404,0.019273068073111112,10000
3077,0.9483244334471239,0.21815715730190277,0.035689456855366036,1,9.016397776629478,0.0,0.04760078681852045,0.1186373493670524,10000
3078,1.0311759174825526,0.18360936641693115,0.035678750018309426,1,1.4063833767978697,0.0,0.0367461348678881,0.03672143948124109,10000
3079,-2.025367693547365,0.20214049518108368,0.03565734597938594,2,10.674984545838132,1.0,0.058943275512637526,0.1200875740731256,10000
3080,0.979754872072045,0.1395934671163559,0.03564664877559213,1,6.836454863080082,0.0,0.0825966139480247,0.18700121137672804,10000
3081,-2.238051789180711,0.2006967897926058,0.0355718581516536,7,35.514291109969136,0.0,0.03420626671007056,0.03370227083693001,10000
3082,-2.225051590499462,0.21973436219351633,0.035497224446741714,7,27.735249394346305,0.0,0.04573538090576556,0.025402911293039978,10000
3083,0.8462543763605537,0.26032717029253644,0.035465286528031825,3,14.072792686390132,0.0,0.034462882582391295,0.08209178812274172,10000
3084,-2.3198320001755635,0.1945677970846494,0.03540149687127124,6,46.2801988868652,1.0,0.026266625086726482,0.052115407500976825,10000
3085,1.023335408992859,0.19474604725837708,0.03539087642220986,1,2.1595520454045753,0.0,0.03659815926070309,0.050570062673023,10000
3086,0.622471079037393,0.16416103020310402,0.035348426477754546,4,25.217594177220768,0.0,0.05036747362758227,0.09747831084524619,10000
3087,-2.0531325946899064,0.18785244226455688,0.03532722060322628,2,10.004685023858155,1.0,0.06815710473012096,0.09936272963442322,10000
3088,0.8217515171126892,0.17606600125630698,0.03529543564207911,3,14.708535978562985,0.0,0.0592970624014331,0.1224148678558874,10000
3089,0.9280148570190824,0.14224853366613388,0.035274261557283075,2,6.544247489653658,0.0,0.04329147345664889,0.09303245932187086,10000
3090,-2.094959694507442,0.19760580360889435,0.035210815487689257,6,13.872316946395287,1.0,0.027267318197387095,0.06407131862645761,10000
3091,0.7650379947464224,0.17664660513401031,0.03517913525971983,3,17.731901629195605,0.0,0.04025039679137156,0.10373075974788161,10000
3092,0.9908595799609929,0.18768471479415894,0.035168581519141914,1,5.182923683584046,0.0,0.040460061474042755,0.11727524754952608,10000
3093,-2.0,0.16359537839889526,0.035158030944686176,1,1.687175339154209,1.0,0.07965253673071523,0.16845601808545868,10000
3094,0.8615705264806224,0.11898917704820633,0.03513693929034215,2,18.17754149441826,0.0,0.04370135743540212,0.07341283492522216,10000
3095,-2.0536636687893774,0.14321240782737732,0.035115860289092485,2,9.552476551675513,1.0,0.05670521308685809,0.1259473661599177,10000
3096,-2.3598362354451288,0.15187193666185653,0.03504218331828681,7,60.14036185809171,0.0,0.02589888724822972,0.03504167776328163,10000
3097,-2.240175548417183,0.1950473678963525,0.03496866092993996,7,35.786868568710844,0.0,0.022861105699761516,0.029136877683260152,10000
3098,-2.3579062871948597,0.20929089720760072,0.03489529279972077,7,55.48305842222791,0.0,0.020337532333429942,0.034711778174715,10000
3099,0.9824307391139872,0.13624870777130127,0.034884824211880855,1,6.29086587492133,0.0,0.06152658399494875,0.1103655992787729,10000
3100,0.9967224433774893,0.17538416385650635,0.034874358764617294,1,9.651615046876547,0.0,0.09101824510249973,0.21253994948551574,10000
3101,0.7961873988935821,0.19567692875862122,0.034822078603978596,5,15.92021269006581,0.0,0.03204579560657691,0.0552856278858453,10000
3102,-2.1279715186254755,0.18542767564455667,0.03479074813425605,3,20.825190846199998,1.0,0.048268230827908314,0.09511446799693474,10000
3103,-2.423530329490628,0.20126802154949733,0.03471775328482069,7,59.069078508809184,0.0,0.03533229191608251,0.03671563894875826,10000
3104,-2.101432247742437,0.15703960756460825,0.034686516679720364,3,16.71450178543943,1.0,0.04305581380973053,0.12337859302650012,10000
3105,-2.3078077146383063,0.20749504970652716,0.03461374051944056,7,35.110301574605195,0.0,0.07984373505863084,0.06896837583812614,10000
3106,-2.308246186340373,0.21069886535406113,0.03454111705161914,7,48.6871625012852,0.0,0.047177423534833146,0.02561932063901863,10000
3107,1.0325252501094975,0.20498332381248474,0.03453075471650366,1,2.8631836075616395,0.0,0.04103388046806558,0.07476202506577957,10000
3108,-2.209187990601971,0.14816661179065704,0.03448933645372236,4,31.578196744043016,1.0,0.009239323188888015,0.021911726225828668,10000
3109,0.9847454382169273,0.15862219035625458,0.03447898965278624,1,4.793793693058108,0.0,0.057107567294728115,0.10705440175311196,10000
3110,-2.343363363962044,0.18994317310197012,0.03440664890723297,7,51.14662008524584,1.0,0.020802892109619883,0.027622510993190443,10000
3111,1.0323710309825083,0.215388223528862,0.034396326912560796,1,3.0811864392125843,0.0,0.04633719537578028,0.1167749502775109,10000
3112,-2.196100743167448,0.14201555773615837,0.03435506989056773,4,24.407433377034753,1.0,0.049895178575991975,0.12616146307246162,10000
3113,0.3312183209685385,0.19414045164982477,0.03429327712556151,6,40.57952906654897,0.0,0.024699367331742127,0.015806916941242595,10000
3114,-2.0,0.14309659600257874,0.03428298914242384,1,4.812628910422375,1.0,0.05440509776317862,0.08326098827051495,10000
3115,1.0148227679618476,0.2500271797180176,0.034272704245681115,1,5.814375448075325,0.0,0.04930514251512736,0.09856047311030129,10000
3116,0.910929090521646,0.23330364376306534,0.03425214370767709,2,8.288100595930922,0.0,0.06509718192234024,0.12066861809854458,10000
3117,1.0012088711096645,0.1952565461397171,0.034241868064564786,1,2.2638027465067143,0.0,0.060302997060943844,0.08946804713350945,10000
3118,-2.0155084491174176,0.13608566671609879,0.03422132602549417,2,4.527599699265288,1.0,0.049898668730749024,0.10750273520756373,10000
3119,0.7974297224838092,0.18009338155388832,0.03418027891008401,4,14.434264789808829,0.0,0.03407359528397981,0.08126525482187946,10000
3120,-2.0,0.2573373019695282,0.03417002482641099,1,2.4693299334278698,1.0,0.06238056118254375,0.15666558404500058,10000
3121,-2.141198619150184,0.18536729365587234,0.03412903924474262,4,19.567297741132325,1.0,0.023277614144220013,0.05673400038738891,10000
3122,-2.371063594708504,0.26354609642710003,0.034057432733970584,7,59.8370191727373,1.0,0.05695422233428168,0.061396007778023905,10000
3123,-2.3369200479817662,0.20504196839673178,0.0339859764616025,7,41.10636864780772,0.0,0.03153337395473792,0.0255655390535195,10000
3124,0.8636813911908402,0.1754095753033956,0.03395539825808309,3,11.63809736424152,0.0,0.06337407812399863,0.11929499822469886,10000
3125,0.48621279620085317,0.1732499934732914,0.033914670112421545,4,34.21610265166983,0.0,0.058468125098439384,0.12401166909428023,10000
3126,-2.193735524658539,0.2022716999053955,0.03386382862130043,5,28.66020289911804,1.0,0.052309052294955895,0.07826092390767325,10000
3127,-2.0635442378113313,0.15197693556547165,0.03384351337187223,2,12.234912593508,1.0,0.034309850197011174,0.06808966069170676,10000
3128,-2.0318979596165687,0.15778230130672455,0.03382321030976532,2,12.330817985102932,1.0,0.027863388965061155,0.03188697647858488,10000
3129,-2.248711685870352,0.16377135515213012,0.03377250592605906,5,40.510765355399236,1.0,0.03845439054517141,0.04357957092655422,10000
3130,-2.330899814438573,0.1411778564964022,0.033701647461745095,7,45.75191455446427,1.0,0.07516919961647152,0.044297270876531854,10000
3131,-2.3504862071756323,0.1732187079531806,0.033630937666350634,7,49.48473487769876,1.0,0.05153525107560468,0.03144432213813926,10000
3132,0.9910000857324056,0.26805543899536133,0.03361076213053522,2,6.085536145415849,0.0,0.051388943608071454,0.07703543122022914,10000
3133,0.9952681236860191,0.16393853724002838,0.03360067890189606,1,4.108186814789347,0.0,0.06384278846138754,0.09511838761352678,10000
3134,0.8978620166086155,0.1913982778787613,0.033570447362160444,3,10.306285375334099,0.0,0.028407265875194966,0.05582532447855949,10000
3135,-2.07424649259918,0.1765986979007721,0.033550308115083416,2,15.994155272102848,1.0,0.05632577482466386,0.10040265540978197,10000
3136,-2.0487265884640347,0.17792831361293793,0.033520121895457174,3,11.767714214585677,1.0,0.0386284008862777,0.0731952308161073,10000
3137,-2.3396750510313895,0.15818141400814056,0.033449792960840094,7,44.76455741977921,0.0,0.040643142256524004,0.03503456228140063,10000
3138,-2.0815811396471506,0.14268042519688606,0.03342972609554496,2,15.683049012943556,1.0,0.03776983543252388,0.06162955309030764,10000
3139,-2.0401812206904313,0.14533407241106033,0.033409671268562986,2,9.608433991329777,1.0,0.06525853208205531,0.11625096340831725,10000
3140,0.6578061407284213,0.2049791097640991,0.03335958682134503,5,21.60809881436711,0.0,0.04935592297524245,0.0722992187565176,10000
3141,0.866682164740278,0.22197545319795609,0.03333957407161504,2,13.274967782258088,0.0,0.03464607365339414,0.06971806179879805,10000
3142,-2.2909166057555344,0.19351639705044882,0.0332696239463632,7,32.69560121761289,0.0,0.033605878612764456,0.023709147160694048,10000
3143,-2.1505675938138875,0.16145654618740082,0.03321974944412376,5,22.932416125894335,1.0,0.03564579644956065,0.056292700830991645,10000
3144,-2.0,0.14381076395511627,0.03320978351929052,1,9.520681326735286,1.0,0.06027445936817736,0.138824221768251,10000
3145,-2.108322889939896,0.15885184705257416,0.033179903679868054,3,15.514008367922923,1.0,0.03975156434599188,0.1159223532863598,10000
3146,-2.0,0.22464030981063843,0.03316994970876409,1,7.04480188482584,1.0,0.06767548942022154,0.1364293113993446,10000
3147,0.5171882214769551,0.13097193092107773,0.033120224628201154,5,32.99952632240768,0.0,0.027257121846631392,0.054942196485547164,10000
3148,-2.0547087805723097,0.13095597550272942,0.033100355474244454,2,12.926212247041807,1.0,0.05566117232569629,0.15577838587449422,10000
3149,-2.101568458281576,0.14669841676950454,0.03305073472241727,5,15.647468012670458,1.0,0.07397416679150795,0.10310161907965691,10000
3150,-2.042557989300832,0.17623601853847504,0.03303090725614995,2,9.760952597838537,1.0,0.06733329641822892,0.15429032830574682,10000
3151,-2.0,0.17751732468605042,0.0330209979839731,1,2.483414204686322,1.0,0.040154646214806355,0.12131604974677343,10000
3152,0.7300315634055213,0.16901198029518127,0.03297149619698099,5,19.284195511420116,0.0,0.03718903268928498,0.08786418579021474,10000
3153,0.9292183151911088,0.151111401617527,0.03295171626669746,2,7.560427384729824,0.0,0.029986968309936066,0.05855946152626067,10000
3154,-2.1773453726387313,0.18873871862888336,0.03290231833994644,5,27.891007269347767,1.0,0.05153260642485576,0.048235777128202,10000
3155,0.9769389440491192,0.20080241560935974,0.032892447644444454,1,8.816634259548632,0.0,0.05797083878472597,0.09172016917402451,10000
3156,1.0006186662321463,0.16453735530376434,0.03288257991015112,1,4.010631225253569,0.0,0.05121590243513175,0.11677285039380052,10000
3157,-2.0655473049325987,0.15748953819274902,0.03286285332163723,2,16.08265129062748,1.0,0.07442236589123188,0.10141690766323867,10000
3158,-2.187745154666109,0.2313906571694783,0.03279390340940849,7,23.501569443255818,0.0,0.02837851823882471,0.038597449130894614,10000
3159,-2.150061311720663,0.14384212096532187,0.032764397749808515,3,21.463436233977628,1.0,0.030163574190928695,0.07359320800906978,10000
3160,0.9999430032569767,0.19694362580776215,0.03275456843048357,1,7.938132546818823,0.0,0.05133340586893663,0.13532232383213583,10000
3161,1.009785692143008,0.17232027649879456,0.032744742059954424,1,3.348837441656265,0.0,0.04937445539663041,0.08922911451316537,10000
3162,0.9009014856139169,0.17952081561088562,0.032725098161745236,2,10.714786251885602,0.0,0.05884809108963371,0.06150411528289389,10000
3163,-2.176796408676898,0.20389501111848013,0.03265643727512517,7,25.256442385089173,0.0,0.027174726703593537,0.026149195385738375,10000
3164,-2.2427324455901854,0.17827830676521575,0.032587920446662796,7,26.922465519210146,0.0,0.07699991108921365,0.03188127618692121,10000
3165,0.9089435123081265,0.2329980656504631,0.03256837062730764,2,12.956178826498506,0.0,0.024568465718988818,0.04220269409329081,10000
3166,0.7125128266229952,0.19845212499300638,0.032509791509895886,6,24.43603872985118,0.0,0.022523738168361437,0.056246298192067376,10000
3167,-2.1608057126089593,0.1859504170715809,0.032470797311860644,4,30.787329140632913,1.0,0.04828760069378205,0.017614340689291554,10000
3168,0.9458978964575148,0.18868423998355865,0.03246105607266709,1,8.759914018365869,0.0,0.06231920028794647,0.12921068509211014,10000
3169,0.9957505622341155,0.19997800886631012,0.03245131775584529,1,5.917905199664387,0.0,0.05514373995414019,0.0968662424644692,10000
3170,0.8078632819809121,0.18931837379932404,0.03242212033084464,3,16.259798576629727,0.0,0.032193535860501624,0.05072790767999594,10000
3171,0.8852849637724907,0.24249020218849182,0.03240266997663697,2,10.81536292179983,0.0,0.03212792527675135,0.07218260929853632,10000
3172,-2.2606372351405915,0.23070448424134934,0.032334685580120946,7,39.808457461045414,0.0,0.03138377305583732,0.04449176891311236,10000
3173,-2.0602548615800518,0.18327348679304123,0.03231528767889458,2,14.229579726769787,1.0,0.06573320393571953,0.1317004051454884,10000
3174,0.7706412124184734,0.1812061369419098,0.03228621264423873,3,19.562865662801762,0.0,0.02619733043316153,0.08941216587009332,10000
3175,-2.133373992540915,0.21555911004543304,0.03224748662013383,4,26.343118504662836,1.0,0.019510682762811798,0.026391518496593522,10000
3176,1.0164448217689654,0.29373741149902344,0.032237812374147794,1,2.040170365347598,0.0,0.06001347823654995,0.11407394336195667,10000
3177,0.8673297486749458,0.20332802087068558,0.03221847258812642,2,15.099022861284022,0.0,0.05132832603850709,0.0660894283504888,10000
3178,0.8694305458095437,0.1554029881954193,0.03219914440423608,2,9.759603756390371,0.0,0.02793460232426366,0.056143098998517736,10000
3179,0.7891363608158724,0.15355868637561798,0.032170173867171886,3,13.798008787511542,0.0,0.05171397704873139,0.0886585411228137,10000
3180,-2.4037357552702887,0.15949579966919764,0.03210267727328775,7,50.85970213641431,0.0,0.07801610323376448,0.013970793266472048,10000
3181,0.9835732113327159,0.23819318413734436,0.03209304647010577,1,9.119436290596362,0.0,0.053101542829341174,0.08372722562081127,10000
3182,0.8736322481630813,0.2130242884159088,0.03206417139253871,3,14.098545224265015,0.0,0.03193481058917651,0.05676682504165434,10000
3183,0.9933642935746367,0.16592642664909363,0.03205455214112095,1,7.556057747748816,0.0,0.050376733069336405,0.07827283318863418,10000
3184,1.041177469659542,0.13399261236190796,0.032044935775478615,1,2.816773319470384,0.0,0.04484469514091934,0.09286306526292093,10000
3185,0.7604305196587784,0.19377829134464264,0.03201610398454814,3,23.061960465597384,0.0,0.05720570716908003,0.11802771180005717,10000
3186,0.7687110533688403,0.17399234821399054,0.031987298134445695,3,17.929627044227228,0.0,0.053182478582793,0.07988290046299805,10000
3187,-2.1915746102315934,0.13717425614595413,0.031948930646370985,4,31.88392369941179,1.0,0.03854743910387811,0.06020521086549762,10000
3188,0.7515568501932282,0.17440274357795715,0.0319010359958141,5,13.18811860836788,0.0,0.030285623948406337,0.048786010875109406,10000
3189,0.9868410611499658,0.15098202228546143,0.03189146568501536,1,9.829655641119132,0.0,0.05044943445263216,0.10404688440308012,10000
3190,0.8632967808282479,0.1515332063039144,0.03186277197573351,3,12.52133324522638,0.0,0.0344080563188105,0.0500552754955191,10000
3191,-2.0524517967757476,0.15453720837831497,0.0318341040830435,3,14.32011246506297,1.0,0.03070738886291914,0.05990367487936503,10000
3192,-2.01330966164653,0.20407555252313614,0.031815006485663044,2,7.977067018789354,1.0,0.05523151768457683,0.15861684343787427,10000
3193,0.9970410576801291,0.20645321905612946,0.031805461983717344,1,6.161948332918169,0.0,0.02581731751900068,0.0754404683962997,10000
3194,0.75215833414982,0.1776617169380188,0.03175778240707136,5,12.583576985090355,0.0,0.03548252981705183,0.05882013119476566,10000
3195,-2.1049196487524457,0.15617801745732626,0.03172920897664879,3,15.201162688921922,1.0,0.029207731656787805,0.05812412707967522,10000
3196,0.796313773483844,0.18063652515411377,0.03170066125459955,3,16.117705591912042,0.0,0.03387560798047668,0.0606566022533135,10000
3197,0.8292042126489176,0.19638963416218758,0.03166263757602769,4,14.722181096225558,0.0,0.02629120838281337,0.08069156038765704,10000
3198,-2.3493653251108575,0.18523651574339187,0.03159620584959084,7,43.966117416255116,1.0,0.034906437946158796,0.05220142824026922,10000
3199,-2.013735662334899,0.1275613084435463,0.03157725096973961,2,8.091183700413193,1.0,0.03068625225573007,0.09012213796618165,10000
3200,0.8591334124068885,0.20995105803012848,0.03154883996887202,3,11.183553617416816,0.0,0.0421143136771602,0.09140013945524852,10000
3201,-2.035904021695963,0.2318689078092575,0.03152991350428629,2,7.652811126922215,1.0,0.039670988720331174,0.07757153861990293,10000
3202,0.44414579869170423,0.20112689584493637,0.03149209463082947,4,32.65369642898135,0.0,0.06018219622956337,0.06710607618289649,10000
3203,-2.2849784500751307,0.1941569596529007,0.03142602072241249,7,38.76468223432003,0.0,0.05685095571376778,0.05236558894817137,10000
3204,-2.0407178382028066,0.19330698624253273,0.03138832646420303,4,10.5434389851921,1.0,0.04230409759852601,0.08181967609718493,10000
3205,0.9870231780342631,0.12937301397323608,0.031378909966263774,1,7.10354126877571,0.0,0.03368340351826144,0.055242738669578344,10000
3206,-2.116061759766797,0.1669892023007075,0.031350677418752596,3,23.28182399963491,1.0,0.05548754327417486,0.11146973219393752,10000
3207,-2.0860546194717426,0.16930047848394938,0.03128490021933604,7,15.695046777405095,0.0,0.03029510183893443,0.041086849885611405,10000
3208,-2.1827769582523655,0.20172367990016937,0.031247375229540443,4,31.331019463970037,1.0,0.04344938930786695,0.09988187373496522,10000
3209,1.0187791760690088,0.17346778512001038,0.031238001016971582,1,7.280191886926332,0.0,0.03658168799389307,0.12539522523263513,10000
3210,-2.118359751190281,0.16958765188852945,0.031209895249473162,3,23.448166355557156,1.0,0.02353450580153462,0.07442801914630856,10000
3211,-2.1636134775218983,0.19459879025816917,0.031172460225146817,4,28.761330549131372,1.0,0.013770005650814625,0.042139326308372076,10000
3212,0.8121914045987414,0.16400005668401718,0.03115375955453315,2,16.315180147368313,0.0,0.0669651872977231,0.1710395424532957,10000
3213,-2.052648108915809,0.14031298086047173,0.031135070102638794,2,13.013082467687322,1.0,0.04381116481175178,0.05696619057309181,10000
3214,0.7903524656315686,0.15842839827140173,0.0311070569451747,3,17.13913357329501,0.0,0.032670308040105456,0.05009007915320854,10000
3215,1.0019766837871296,0.1642175167798996,0.031097724828091148,1,4.529212963145993,0.0,0.058409878810972746,0.1739006754849308,10000
3216,-2.4094251414625676,0.20384300500154495,0.031032478351273554,7,48.35094878703623,1.0,0.024670876236433267,0.0369139438377982,10000
3217,-2.078334082290046,0.21609747782349586,0.030995256131439084,4,9.666056170764886,1.0,0.04733100202614658,0.0667723802932621,10000
3218,-2.2999236945443826,0.15580102375575475,0.030930224645315422,7,39.6170229632286,0.0,0.06918539406898407,0.05703709552038767,10000
3219,-2.348977603616697,0.15512059841837203,0.03086532960246455,7,47.00377018637245,1.0,0.03280220083296036,0.024025211718395445,10000
3220,1.0108699970492503,0.172061949968338,0.030856070003583813,1,2.6474018159735175,0.0,0.050989176839980756,0.11420466659551076,10000
3221,0.9680766530761258,0.11549314856529236,0.030846813182582738,1,4.9894276983254855,0.0,0.04165455013938843,0.08335493275746503,10000
3222,-2.0,0.24245372414588928,0.030837559138627964,1,4.840023919227395,1.0,0.047085060177330613,0.09352407983432767,10000
3223,-2.0,0.12689915299415588,0.030828307870886376,1,4.026388357139193,1.0,0.06247165279628718,0.14521357176786423,10000
3224,0.9706888192297733,0.10076885670423508,0.03081905937852511,1,9.694097866104839,0.0,0.045433697308311885,0.0852268416331773,10000
3225,-2.0,0.1851401925086975,0.030809813660711553,1,3.2351357066695843,1.0,0.0851191656403983,0.1413124158470353,10000
3226,0.72708598231782,0.17601615687211355,0.03078209314623474,3,18.061997303968802,0.0,0.026947766138424704,0.04101653693928558,10000
3227,0.6801685799855888,0.12460598349571228,0.030754397572737163,3,15.828266718589724,0.0,0.07836216024765563,0.06467897337652316,10000
3228,1.0009077097132415,0.16293369233608246,0.03074517125346534,1,4.90015235391453,0.0,0.08143579803941016,0.1765111003000133,10000
3229,0.9742721611388876,0.19923469424247742,0.030735947702089303,1,9.22536899561094,0.0,0.04964759176732247,0.14950753890765836,10000
3230,-2.1061310625608116,0.1978860298792521,0.03070829364703344,3,24.417103836635256,1.0,0.03187874473728442,0.05756752493072887,10000
3231,-2.0,0.1813044548034668,0.03069908115893933,1,4.562830246637041,1.0,0.06707861325136034,0.19313854356914473,10000
3232,0.855752790292589,0.16573083897431692,0.030671460273819322,3,14.16368551880539,0.0,0.035373512636422424,0.08544950676497418,10000
3233,-2.1657758714348803,0.20775273442268372,0.030634671080767024,4,25.23447175816829,1.0,0.02427198723332591,0.08182257485185265,10000
3234,-2.0,0.14451223611831665,0.030625480679442794,1,3.081350445826083,1.0,0.056810304868393564,0.11178229783382733,10000
3235,1.0229571265098163,0.1953531801700592,0.03061629303523896,1,4.39068405869692,0.0,0.05554597625436712,0.1403262411424231,10000
3236,0.4440752726263617,0.1997375965118408,0.03057039614208468,5,38.53126760899352,0.0,0.026329371181768306,0.02602259016554209,10000
3237,0.8830901700165209,0.18079044669866562,0.030552056655735082,2,12.082779553830216,0.0,0.038030039106073436,0.09007263576404831,10000
3238,-2.2541147488529525,0.19825618217388788,0.03049710418253685,6,42.15110817395443,1.0,0.05803739898642217,0.024875261302887405,10000
3239,-2.4241826374520423,0.1626698076725006,0.03043311787446932,7,55.44215562614471,0.0,0.05769783737020751,0.038150413493694586,10000
3240,0.5232792129201291,0.16362731009721757,0.030387495579247997,5,29.023551265444226,0.0,0.03482983246341449,0.0838140952294434,10000
3241,0.8761704271211649,0.1481991782784462,0.030369265816775053,2,12.804221968596462,0.0,0.05720095420428015,0.10916121085668136,10000
3242,-2.52902241571444,0.1729432557310377,0.03030554772778188,7,69.89484288056602,0.0,0.03329177454652697,0.031850404401522474,10000
3243,-2.207249354739723,0.20206281542778015,0.0302601166730019,5,33.68441032929818,1.0,0.04758035553408934,0.08413596758694994,10000
3244,-2.245833070551631,0.17775486707687377,0.0302147537239284,5,38.978191604087804,1.0,0.0718110877726479,0.053617525187045476,10000
3245,0.8453743488771951,0.1493854634463787,0.03019662759102188,2,13.504093355715911,0.0,0.05972126996134963,0.1258538935322364,10000
3246,0.9142835452912912,0.12401584535837173,0.030178512332163752,2,9.807087421343708,0.0,0.05207975988417536,0.12039902206005887,10000
3247,-2.1574945770712572,0.15663433820009232,0.030142314410502784,4,17.616306924232084,1.0,0.07320012541747421,0.066158819911392,10000
3248,0.8066155424179912,0.10921662673354149,0.03012423173466478,2,15.74009276867173,0.0,0.04169556702165078,0.09771921555501804,10000
3249,0.9769963218351456,0.10577546805143356,0.030115194465144383,1,9.136699281500993,0.0,0.05070829076845308,0.12885948171524353,10000
3250,-2.0978180291596997,0.1666380800306797,0.030079072490739028,4,10.25133980426491,1.0,0.08543969313895929,0.14345363535668001,10000
3251,-2.0485778060928714,0.15907220542430878,0.03006102775436111,2,12.0067731311317,1.0,0.04977481157520291,0.13212174877555727,10000
3252,-2.0,0.0851806104183197,0.0300520094460348,1,7.279279462870884,1.0,0.06620146129960341,0.13347724979302078,10000
3253,0.9267947398645885,0.16414937376976013,0.03003398094504803,2,8.569650823274127,0.0,0.04737624602399688,0.10870894907045324,10000
3254,-2.3401319514949113,0.16404635831713676,0.029979960309006525,6,47.88738810636205,1.0,0.04633422156289519,0.05385074188148986,10000
3255,-2.0326174400863315,0.1305941753089428,0.02996197503101755,2,9.791584627470073,1.0,0.05919569582178708,0.10160908883679956,10000
3256,0.887012029518721,0.1564349283774694,0.029935017342413925,3,9.080388324164403,0.0,0.029896464138868723,0.045694887124489734,10000
3257,-2.027694919163808,0.16424651443958282,0.02990808390845219,3,6.813317379157131,1.0,0.04040574877744903,0.08327869611279407,10000
3258,1.0183114807995686,0.15480026602745056,0.029899111483279655,1,1.6938163821907148,0.0,0.05404996964020947,0.11522591903388563,10000
3259,1.0006405749537646,0.10772472620010376,0.029890141749834672,1,9.644074603796735,0.0,0.06439755316116665,0.11499193376983453,10000
3260,-2.1327944071976184,0.15111582229534784,0.029836379830239287,6,17.13596731199331,1.0,0.04635158111171126,0.02649730952708505,10000
3261,-2.0,0.28177395462989807,0.029827428916290217,1,2.770202240846032,1.0,0.06259442558381026,0.14459403382628286,10000
3262,0.9521039902066901,0.19379880279302597,0.029809535143409047,2,7.285206217910641,0.0,0.02392496537691957,0.04827671205654394,10000
3263,0.9776053029100291,0.15442214906215668,0.029800592282866026,1,5.446689065703078,0.0,0.08347937813482871,0.14609983123386888,10000
3264,-2.163605875197611,0.16792751476168633,0.0297648476612282,4,25.873374501991023,1.0,0.059924071515050636,0.06631830304807018,10000
3265,-2.097851402638015,0.15548203246934073,0.029702397708582365,7,16.54074679842614,0.0,0.05129945761304356,0.06285085414594932,10000
3266,0.9697627237903657,0.16586429253220558,0.02968457894317301,2,6.2436411070802915,0.0,0.044198659006196066,0.08190346048498962,10000
3267,1.0051541889583757,0.13490304350852966,0.029675673569490062,1,9.879668928739342,0.0,0.07400436426126132,0.1195756655590998,10000
3268,0.9356797287634824,0.23244360089302063,0.02965787083615899,2,9.544404827417164,0.0,0.04800209158070222,0.07349286293533824,10000
3269,-2.3219863619909047,0.23350063214699426,0.02960452669076789,6,46.591437596067664,1.0,0.03553863544386777,0.023123827361715008,10000
3270,-2.3523365239419585,0.19468715361186437,0.029542413109304846,7,51.003421069662515,1.0,0.03633653077892447,0.054239132551326855,10000
3271,0.8860803718326308,0.16262907286485037,0.02951583291316037,3,11.980706454429871,0.0,0.05029662762039688,0.11300131861549122,10000
3272,-2.0813497339167983,0.2010104606548945,0.029489276632016486,3,17.414263464341808,1.0,0.02332125804789776,0.049526362847825085,10000
3273,-2.0729733863781648,0.16505449265241623,0.029471585720072177,2,10.052756492672366,1.0,0.033358983117917636,0.04947051157752006,10000
3274,-2.214427749272542,0.16742497185866037,0.0294185766365057,6,31.68601967577677,1.0,0.050234878761501234,0.04544024266441831,10000
3275,0.9685776994847327,0.14981946349143982,0.02940975106351475,1,8.728279700063439,0.0,0.04519298035020742,0.056234470695044156,10000
3276,-2.0535094525875692,0.23945879936218262,0.02939210785975424,2,15.480371098241488,1.0,0.04587912655697641,0.08873537392768713,10000
3277,0.6379449794485721,0.19281046465039253,0.029356853198886677,4,26.596436202456662,0.0,0.021505209598523995,0.051412332708592794,10000
3278,-2.0541065531428435,0.20201652745405832,0.02933043995656541,3,7.202692837491118,1.0,0.06092810493039083,0.04512252973655444,10000
3279,-2.087142716829125,0.2163068801164627,0.029312844332331067,2,19.329489225275545,1.0,0.04191569299433428,0.07006571351781542,10000
3280,0.6091690063139993,0.20799173712730407,0.029268901439479193,5,22.161059165488425,0.0,0.03642723678061996,0.02145639344620263,10000
3281,-2.009320737734346,0.1873830109834671,0.029251342732816637,2,10.867610020473037,1.0,0.04886528239014795,0.11399985168859954,10000
3282,-2.207470420084539,0.19987483322620392,0.029198729789418093,6,29.814818053251216,1.0,0.02562082751867323,0.04116086633866681,10000
3283,0.7135130567593839,0.19266676306724548,0.029154957965708307,5,14.554737244054174,0.0,0.033925626356199154,0.07126698646832871,10000
3284,-2.2462962354816853,0.17770190217665263,0.029093787629307706,7,35.30804405905848,0.0,0.015021769393035568,0.028266935171524978,10000
3285,0.9987276826980256,0.2377488613128662,0.029085059493018914,1,6.63250151863013,0.0,0.050933319447698265,0.11918316777730194,10000
3286,-2.0031823285145895,0.17144055664539337,0.029067611074978458,2,4.507406779287565,1.0,0.03531842832805431,0.07432955464268179,10000
3287,0.9938781169082718,0.14388470351696014,0.029058890791655963,1,8.679421167718875,0.0,0.07274415742615073,0.12982321668367663,10000
3288,0.8925766000841696,0.18948984891176224,0.029041458072481142,2,10.77439167323337,0.0,0.04810038790061877,0.07560240865477998,10000
3289,0.818476726222046,0.14208316802978516,0.029015328600625473,3,18.219057443419047,0.0,0.03846153211721693,0.06052945053430441,10000
3290,0.6541602321873722,0.1579602286219597,0.02898052587144875,4,22.762572796258883,0.0,0.025373143185189614,0.035944326646280715,10000
3291,-2.171902291035441,0.19417624601296016,0.028919721512934232,7,31.82025848608117,1.0,0.03904538976659106,0.04081749840465217,10000
3292,-2.2421617881451588,0.19461025084768022,0.028859044728709798,7,38.32511948444085,0.0,0.03761142954183601,0.032960359206413464,10000
3293,1.0120424934965346,0.17896398901939392,0.028850387015291187,1,6.192944542756288,0.0,0.05309772774865995,0.16541505950750576,10000
3294,1.011920998032407,0.144394189119339,0.0288417318991866,1,3.3708893065780856,0.0,0.04641944234822781,0.1602058970847595,10000
3295,-2.0773048328563575,0.23262545466423035,0.02881578212696622,3,12.30000555218274,1.0,0.05724977755026124,0.0792548181428113,10000
3296,-2.2934735907917605,0.19691352120467595,0.028755323419105073,7,45.05941306098175,0.0,0.03969355007283734,0.02761964620753688,10000
3297,-2.0995054704264398,0.22949163243174553,0.028720832555771455,4,17.95120940724541,1.0,0.09348963456266682,0.06797906210869276,10000
3298,0.48299866095928234,0.22111336141824722,0.028669173814789263,6,34.04675397275026,0.0,0.02036795307080336,0.043226656710987806,10000
3299,-2.3790677615566933,0.17508938163518906,0.028617607989829423,6,51.10426343647225,1.0,0.05352109262712585,0.027973506584249366,10000
3300,0.7837371764569288,0.1846722662448883,0.028583282310659472,4,15.654037173749696,0.0,0.02736200447871304,0.07008931252712677,10000
3301,0.6652181189832707,0.18010848388075829,0.02853187097449991,6,22.23871065796628,0.0,0.03429664831689721,0.03937675263373202,10000
3302,0.915784070320947,0.27579762041568756,0.0285147544197836,2,7.526502222820977,0.0,0.050545117982967604,0.06513441733408519,10000
3303,-2.2124986874816894,0.17966057360172272,0.028463466341351957,6,28.677065627430284,1.0,0.05420252896596624,0.08785886005269002,10000
3304,0.9688609773426236,0.19936084747314453,0.028446390823259116,2,4.346859314135781,0.0,0.03144550147471686,0.0814937134473044,10000
3305,0.9896613021021147,0.2645876705646515,0.028437856906012138,1,9.354391331066159,0.0,0.0461729601312385,0.09942805511453687,10000
3306,-2.3942996319843135,0.19466380136353628,0.02837819112719336,7,55.047388556162545,0.0,0.04370205373663532,0.045294290111305265,10000
3307,0.7743670009036248,0.16003709038098654,0.028352658416524283,3,19.320228938171937,0.0,0.034092415096555445,0.04612263976712632,10000
3308,-2.0555886390602325,0.20356960222125053,0.02831865053379815,4,11.125108825166944,1.0,0.06386169368805909,0.09904462827241164,10000
3309,-2.368433075430271,0.13554342091083527,0.028267715177726912,6,53.76615415168694,1.0,0.020268533105561124,0.03632626382331599,10000
3310,-2.1624257084238248,0.17522857834895453,0.028216871436561368,6,25.361351740607983,1.0,0.03587231487005597,0.005190355295312384,10000
3311,-2.4076766006040335,0.2058028621332986,0.02815766930977466,7,37.90110911332345,0.0,0.09622293574781045,0.037597108429324164,10000
3312,-2.380735790141208,0.17576736318213598,0.02809859139561812,7,53.452791539300094,0.0,0.039166289674673775,0.07143643418650306,10000
3313,-2.1377012653225145,0.20924379924933115,0.028048051849034576,6,21.13485211534846,1.0,0.06006211062337792,0.06921470305280229,10000
3314,-2.0089734847158724,0.17678973078727722,0.02803122554224982,2,8.549059270305628,1.0,0.03588873073395426,0.12938987552226106,10000
3315,-2.055738023010141,0.20207605510950089,0.02801440932973477,2,14.12087929708523,1.0,0.0602601855178232,0.08319615261389134,10000
3316,-2.4661202710311603,0.24273580312728882,0.027955631990910293,7,54.99910068588818,0.0,0.053245487579526504,0.061128232340245434,10000
3317,1.0046830161336997,0.2090987265110016,0.027947245301313022,1,4.968295544308868,0.0,0.04852643591765847,0.07612276756726476,10000
3318,-2.015802178430733,0.22903963923454285,0.027930479469384314,2,7.112820035448067,1.0,0.053680862795934134,0.13025005856047753,10000
3319,-2.156563233001562,0.23309749364852905,0.027896977973463705,4,23.861303654712895,1.0,0.05265226694818311,0.06710345871243796,10000
3320,-2.1215988701302426,0.22948212176561356,0.027846801058970763,6,26.918478014397873,1.0,0.06033788314714865,0.055015725496933975,10000
3321,0.6767911878058152,0.19004611174265543,0.02782174645590212,3,20.819912930163223,0.0,0.025642968616088207,0.07174536543011109,10000
3322,0.8206849517861337,0.18086369584004083,0.02779671439521217,3,14.264918847481415,0.0,0.03021975059783592,0.05727221982192957,10000
3323,-2.3314009869160532,0.2229630776814052,0.027738393804512415,7,44.52160172737562,0.0,0.03952299819494017,0.04443640313735887,10000
3324,0.964164579282679,0.18922927975654602,0.027730072286371064,1,9.252739839296042,0.0,0.0803324714063971,0.16708620675932132,10000
3325,0.9518596278747559,0.3343318924307823,0.02771343673870575,2,7.2919301552150895,0.0,0.04324241698880194,0.1324246920534951,10000
3326,-2.235364891521886,0.18586282857826777,0.027655290873768567,7,37.674736407334876,1.0,0.03948411445056228,0.04654670325813958,10000
3327,-2.306834309535077,0.17642572628600256,0.027597267005307003,7,42.29120533763585,0.0,0.03353967847945098,0.019459654843607288,10000
3328,0.9833138533425217,0.2636450007557869,0.027580711128857852,2,5.528599429191221,0.0,0.05203845319409734,0.09918443453967297,10000
3329,0.9698938121041152,0.1395013928413391,0.027572436915519197,1,7.77674705392519,0.0,0.06809413516085186,0.13987433358235732,10000
3330,0.9055000294710245,0.19308988749980927,0.027555895934889208,2,11.421385981030276,0.0,0.06748379066232542,0.1156448436223833,10000
3331,-2.185248430271281,0.19794077106884547,0.027498080608036754,7,33.34077261848386,0.0,0.01994955859720365,0.03420861061683035,10000
3332,0.8818854035671355,0.23682738095521927,0.027481584234499187,2,10.317463222986603,0.0,0.043274332176584496,0.11474885253172112,10000
3333,-2.030410420829457,0.2153129205107689,0.02746509775730107,2,11.273125856516558,1.0,0.0332919162835414,0.10191876832236023,10000
3334,0.9476935777450302,0.2079712301492691,0.027448621170505488,2,6.318871890073299,0.0,0.0376818767697988,0.07234708902777948,10000
3335,0.7298593690957529,0.15001701563596725,0.027407472935098775,5,12.673205481892545,0.0,0.06581321743480918,0.06429821016541493,10000
3336,-2.0590370735065955,0.14940796792507172,0.027391030918010283,2,12.685421414000427,1.0,0.04429140728164069,0.08736664016571274,10000
3337,0.9946394035828624,0.1556890904903412,0.02738281360873488,1,3.848039984072087,0.0,0.04619296542666891,0.06413765572721908,10000
3338,-2.2055647481931824,0.19018910229206085,0.027341764025461783,5,26.041420436672812,1.0,0.0541215139422099,0.05092977476412537,10000
3339,-2.339487755919232,0.1803738304546901,0.02728439797111211,7,49.42002410128333,1.0,0.03800549893110549,0.06067832181837367,10000
3340,0.9958118828940161,0.20603644847869873,0.027276212651720776,1,8.307430756963495,0.0,0.02935986604277562,0.052759899434130904,10000
3341,0.9448367193211055,0.308673232793808,0.02726802978792526,1,9.1396350702318,0.0,0.04505579782726814,0.09347582169164842,10000
3342,-2.212957333783144,0.21153425957475389,0.027210818436186363,7,15.806579542517586,0.0,0.056354719509218255,0.017925012515542734,10000
3343,1.0303478727301085,0.1957598775625229,0.027202655190655508,1,3.1915683493610265,0.0,0.07472855024161154,0.15080190010874153,10000
3344,-2.0794819729283947,0.2197478860616684,0.027186336045780083,2,16.520685721004313,1.0,0.062192209905424053,0.04831577690508651,10000
3345,0.7865889630179843,0.1855017602443695,0.027145581002074644,5,12.906339249352737,0.0,0.038456554787509506,0.08060668793814588,10000
3346,0.8810200217474843,0.16764362156391144,0.027129296096575693,2,12.77854871772293,0.0,0.050632989359712534,0.07505157056541112,10000
3347,0.7306439733157342,0.17183761298656464,0.027096755588149952,4,22.259764449504654,0.0,0.04007386609168622,0.07476158857106872,10000
3348,0.9599350627035865,0.1620231717824936,0.027080499973505066,2,9.917873453572074,0.0,0.029263829039785503,0.07392354323384437,10000
3349,-2.346226754905836,0.18113578607638678,0.027031791617607548,6,46.47211253349449,1.0,0.03937501710312962,0.02977968902423463,10000
3350,0.989533160165139,0.1702316701412201,0.027023682080122267,1,5.259805789837298,0.0,0.08033315068532956,0.11413849942172162,10000
3351,-2.1049145662171944,0.20049307122826576,0.026991268251496107,4,19.10739547289139,1.0,0.05029036097604764,0.10456687115662099,10000
3352,-2.072589706130692,0.23943746089935303,0.026975075919759353,2,15.047602370966626,1.0,0.07246103717318567,0.12639060537282124,10000
3353,-2.1753720948437487,0.1849608485187803,0.026918479217737556,7,26.088852080452483,0.0,0.05582444348331375,0.040970431290442984,10000
3354,0.866167916399562,0.1939186379313469,0.026902330552870043,2,12.981542503238648,0.0,0.06717504971391602,0.18206030592350508,10000
3355,1.024864690164112,0.15174192190170288,0.026894259853704184,1,4.196249085258974,0.0,0.04735781328427003,0.07778213171978658,10000
3356,-2.1635767566869806,0.24387044991765702,0.026837832712755087,7,19.199310709384434,0.0,0.0420303658684638,0.04456207188640101,10000
3357,-2.1431432819695955,0.2383339958531516,0.026781523962207992,7,18.176246165022043,1.0,0.027475168725373426,0.040569253605651154,10000
3358,-2.0883848883474467,0.22505735357602438,0.026757427820930376,3,14.319300377563088,1.0,0.04546293129440249,0.051125301450186136,10000
3359,1.0053137677351767,0.12368069589138031,0.0267494005925841,1,4.182783682184535,0.0,0.0681626501758073,0.120226840018226,10000
3360,-2.3241097341623345,0.2161934437851111,0.02670128776876683,6,43.99753137927538,1.0,0.054969546359567606,0.053698891608203875,10000
3361,-2.1096576677058865,0.24745474755764008,0.026677263818401704,3,20.688787163416592,1.0,0.05855352929208292,0.10086549707327987,10000
3362,-2.4368278978319085,0.20909696178776876,0.02662129195920923,7,63.77844381939643,0.0,0.024681533360993383,0.04765763719233145,10000
3363,-2.373289572770326,0.15643430394785746,0.026565437535187128,7,47.633627130673844,1.0,0.0724686741788458,0.043646014390510635,10000
3364,0.9572414269716046,0.2145947515964508,0.0265495006635554,2,11.990062720068233,0.0,0.04682202423968805,0.10445295024261506,10000
3365,-2.0009138894433107,0.1885586604475975,0.026533573352612326,2,6.701831407521496,1.0,0.05094204879875276,0.0916049758815789,10000
3366,-2.014125111660661,0.19074823707342148,0.026517655596622364,2,7.122485295496626,1.0,0.027039344710761044,0.04984356558676785,10000
3367,0.502900375037884,0.18670352101325988,0.02647790297195878,5,29.996523934037768,0.0,0.03126848292439819,0.05685079131982729,10000
3368,-2.4463353725107964,0.15398424225194113,0.026422349393940173,7,63.08305205087096,0.0,0.04241371430986499,0.048705058897640166,10000
3369,0.2451124342426938,0.16636649146676064,0.026374824820937906,6,41.932210086890166,0.0,0.06601596799229,0.026485090788129387,10000
3370,0.8223723797410696,0.18281465023756027,0.02635900229977958,2,17.34147894070716,0.0,0.06409370492333331,0.1325962601632224,10000
3371,-2.330359934606344,0.1876065390450614,0.026303698188562607,7,37.51272372273989,0.0,0.025913063183739118,0.04230520874695538,10000
3372,-2.3831285849914225,0.1899446270295552,0.026248510111506668,7,51.85016376952928,0.0,0.054928205170485904,0.053634938493050094,10000
3373,-2.3918465774351203,0.14547763764858246,0.026193437825159222,7,58.360138663558764,1.0,0.0224405320109164,0.034337338085156925,10000
3374,-2.397307828047207,0.20749834605625697,0.02613848108657851,7,52.43223475816637,1.0,0.08382342713012683,0.05321987569572821,10000
3375,0.5901110306593513,0.18601869898183004,0.026083639653332505,7,22.113183232907247,0.0,0.06599707929019356,0.06604299803476085,10000
3376,0.9708569230382527,0.14504000544548035,0.026075814561436508,1,8.504366272416771,0.0,0.035373064891589416,0.08093951976482483,10000
3377,0.7791619632050004,0.19505470991134644,0.0260523533680971,3,20.302508531797876,0.0,0.029515564869767995,0.0809655670173845,10000
3378,1.0082026695129163,0.252093106508255,0.026044537662086673,1,1.6372580702600055,0.0,0.08922196780780413,0.1395685199038608,10000
3379,1.0196703319956024,0.1556379497051239,0.026036724300788048,1,4.125848507069111,0.0,0.041575115907951085,0.08083937700765335,10000
3380,-2.2820998408098574,0.18875366747379302,0.02599769264035988,5,43.64199518537742,1.0,0.05423969770168681,0.04278204375966626,10000
3381,0.9992293748073904,0.1517838090658188,0.025989893332567772,1,8.297917767468999,0.0,0.07669965590243871,0.11610259757201415,10000
3382,0.7995235925205123,0.14834625025590262,0.025966509445137936,3,13.862350171929773,0.0,0.03147415112146263,0.06465748909027551,10000
3383,-2.2751709939032936,0.21227515382426126,0.025912028827475016,7,42.56188303930788,0.0,0.025157745658222,0.02688776429300996,10000
3384,-2.143109689937603,0.16276108622550964,0.025873184098064557,5,27.033239481310837,1.0,0.04489789613084275,0.018765660869170718,10000
3385,-2.054771709952446,0.17892682552337646,0.025849905217437432,3,12.782745319764675,1.0,0.0701189107844075,0.07886123379480917,10000
3386,-2.045393783963659,0.1710260659456253,0.02583439760079844,2,12.965867425956244,1.0,0.06270492447795314,0.12478759574255018,10000
3387,-2.033722144023018,0.15130739410718283,0.025811153617547548,3,15.180280640311993,1.0,0.06467310786689295,0.06462549695305983,10000
3388,-2.2596294441493696,0.21382523434502737,0.025756998953646817,7,30.20488019360622,0.0,0.03789498229918606,0.01667132586936359,10000
3389,-2.4177194677379923,0.18691710702010564,0.025702957912239123,7,59.59024968844055,0.0,0.0173984867834978,0.02982020085278332,10000
3390,0.8326060789678691,0.1740805208683014,0.025687538450757993,2,17.227740561447774,0.0,0.046240558693751654,0.06391699161892822,10000
3391,-2.1675354782822587,0.1595826968550682,0.025633643145191638,7,21.676552411305952,0.0,0.02913413796446558,0.04040848791566077,10000
3392,-2.368493569759326,0.15889054323945725,0.025579860917955763,7,47.97549493108983,0.0,0.03485161256415494,0.046339253217921386,10000
3393,0.9879624829042624,0.1355433464050293,0.025572186959680377,1,6.732467593317638,0.0,0.035645485730291485,0.06110414018744358,10000
3394,1.0339975712866976,0.19314110279083252,0.025564515303592474,1,3.8459222800520205,0.0,0.05960589688803404,0.1294080589517135,10000
3395,-2.294930331374305,0.2061302661895752,0.02551087811423764,7,48.7446901617003,0.0,0.021716966827557752,0.030526430206157824,10000
3396,-2.0,0.11994744837284088,0.02550322485080337,1,1.1583068783613824,1.0,0.06169228565868117,0.11903267250004662,10000
3397,1.011119776295736,0.12469282001256943,0.02549557388334813,1,7.300656985765575,0.0,0.06819773456820279,0.12827678682409138,10000
3398,0.8703429519842625,0.21890592575073242,0.025480278833619772,2,10.617123778494111,0.0,0.02465581038783364,0.036265184885906014,10000
3399,0.7968139119873461,0.20431465407212576,0.025457353461656836,3,17.941689042978062,0.0,0.032801820447845076,0.07042978857510897,10000
3400,-2.0,0.0892765000462532,0.02544971625561834,1,9.950299567473666,1.0,0.05255043460365351,0.14480870478664334,10000
3401,1.0507616645225015,0.17042416334152222,0.025442081340741655,1,1.669679548197931,0.0,0.05031125428576717,0.1250269620792272,10000
3402,-2.235609687575807,0.2042871192097664,0.025396319927402506,6,29.03830909940036,1.0,0.012357563233587037,0.03481192317287048,10000
3403,0.5354008151695879,0.18928254544734954,0.02535824829734336,5,30.024824934248063,0.0,0.04718740490323666,0.045088712220000375,10000
3404,0.9758135307195385,0.1179669126868248,0.02535064082285416,1,5.923901397186125,0.0,0.030859005583451282,0.048085774816206836,10000
3405,0.7188405502089341,0.1961581458648046,0.02532783209010215,3,21.93265666342476,0.0,0.0353090509849897,0.08482425887636531,10000
3406,0.9694832440355402,0.09689517319202423,0.02532023374047512,1,5.089872973944927,0.0,0.06932953366843275,0.14790377801944168,10000
3407,1.0482070913196682,0.18375848233699799,0.025312637670352977,1,1.6248869323346473,0.0,0.044716028685303215,0.07448556739730255,10000
3408,-2.0249723763205134,0.25903045386075974,0.025297452365888158,2,8.630489652504753,1.0,0.06267093038749397,0.15400606601497804,10000
3409,-2.1224060731576095,0.1766001135110855,0.025259528948217168,5,13.065782323474327,1.0,0.034805984902452944,0.029218359508870386,10000
3410,-2.1988499330165756,0.20333246460982732,0.025206531654072536,7,33.53801374480933,0.0,0.023681004669401286,0.03686585244739197,10000
3411,-2.1397784667563675,0.14614453464746474,0.025168744535665175,5,20.840875394559703,1.0,0.06658607051160788,0.061504758942674376,10000
3412,1.036637936046518,0.2178552746772766,0.025161193912304477,1,3.7648861686239665,0.0,0.06297135611708665,0.11734066076435615,10000
3413,-2.458334340757867,0.14638305668319976,0.02510840293597494,7,52.21943176124767,0.0,0.06301047247036243,0.0766757521638798,10000
3414,-2.081328543143991,0.14419742425282797,0.02508581215192343,3,17.378374923930554,1.0,0.058430511648594995,0.16878375184368263,10000
3415,-2.121478495218271,0.16861135264237723,0.025063241693478667,3,25.10526147668147,1.0,0.04822687966460071,0.0866478298652963,10000
3416,-2.3061247171736543,0.17395822331309319,0.02501816168027559,6,46.20394815557104,1.0,0.06480297273823339,0.06551680878035336,10000
3417,0.8480591935210008,0.13360733911395073,0.025003153034901977,2,11.32559737679569,0.0,0.10199039647969592,0.11904566781242001,10000
3418,0.9998962968647601,0.14760801196098328,0.024988153393364812,2,4.498404192737397,0.0,0.04020929061779504,0.11340707988505726,10000
3419,0.9100252265621718,0.17512807995080948,0.0249731627502626,2,10.436293822520735,0.0,0.026397553521607057,0.08048552318124201,10000
3420,0.8489698950847999,0.14254424969355264,0.024950693645867033,3,13.334381095816116,0.0,0.029829982395025316,0.03396050828899499,10000
3421,-2.059512789115215,0.17093722522258759,0.024935725475241942,2,11.437604274918991,1.0,0.04932464924228473,0.11158171292262854,10000
3422,0.7794944470065222,0.14312367017070451,0.02489087481915364,6,12.930043098440654,0.0,0.034943176375931986,0.0659021752590377,10000
3423,1.052501175623585,0.10583756864070892,0.024883407556707895,1,2.104148393565326,0.0,0.0372826888649468,0.08496089252498432,10000
3424,0.8251473637717391,0.13385215401649475,0.024861019207755047,3,17.597064667112313,0.0,0.050897288772264994,0.12295040966126122,10000
3425,-2.121528072725359,0.17768981414181845,0.02480885803125845,7,26.08860046098686,0.0,0.023690013150497402,0.038199598448500814,10000
3426,-2.150940568248244,0.19856144274984086,0.02475680629469715,7,26.95548558905446,0.0,0.038195273038932796,0.04908555068683059,10000
3427,0.9741429340757052,0.15737465023994446,0.024749379252808745,1,8.094381822399761,0.0,0.06348247709531642,0.1355334482672038,10000
3428,-2.1465721795122814,0.16741305403411388,0.024719693359697443,4,26.477707889518392,1.0,0.027696806579804625,0.05289391006822134,10000
3429,-2.1442897225152926,0.1364260713259379,0.024697452309323492,3,25.05211880998059,1.0,0.033924268264956675,0.05075429210917721,10000
3430,0.8841022371623228,0.16525280475616455,0.02468263606070861,2,11.571333685156938,0.0,0.07901213591049903,0.24851939278213725,10000
3431,-2.10314518576558,0.15271293371915817,0.02466042835189928,3,15.230960502926015,1.0,0.027924827362096935,0.04880840585994184,10000
3432,0.8326348664197337,0.14603934064507484,0.024645634314326693,2,17.40003932346584,0.0,0.04667925262485169,0.11195926434529359,10000
3433,-2.380562479187351,0.21167424072821936,0.024601305430861586,6,54.72497921293901,1.0,0.029941362435165993,0.045080210984629554,10000
3434,-2.5479650322153544,0.17710165892328536,0.02454968916268279,7,62.77192658196674,0.0,0.06426373803874334,0.039859281038530744,10000
3435,-2.021264689636873,0.24849031120538712,0.024534961558657208,2,3.033910686540675,1.0,0.047686124692544476,0.07662348481274789,10000
3436,-2.127922708734457,0.22209560871124268,0.024505532851016486,4,24.163012041318865,1.0,0.0493614955711062,0.026457826611252306,10000
3437,-2.0,0.19077570736408234,0.02449818119116118,1,6.46156333885827,1.0,0.06358393591548625,0.1740559695657195,10000
3438,0.949692058893318,0.15098680555820465,0.024483484487282794,2,7.989164383172364,0.0,0.029271071019622022,0.0256362480205824,10000
3439,-2.1039368381964056,0.2143340359131495,0.024461455961124,3,21.062274701362377,1.0,0.03586184608251002,0.07537627594293915,10000
3440,-2.011529529244353,0.11802695691585541,0.024446781289078363,2,5.798741953513065,1.0,0.043231806966638184,0.05605072067136134,10000
3441,-2.0,0.2014428973197937,0.02443944725469164,1,8.487190813360547,1.0,0.0375070531973712,0.07940988052510616,10000
3442,0.9241026112300719,0.203777976334095,0.024424785785889077,2,11.667105538268153,0.0,0.032300904109971766,0.12056066482922936,10000
3443,-2.3078579414578817,0.20065679933343614,0.024373539875509352,7,43.79014352061318,0.0,0.025638181413211204,0.06537270784713271,10000
3444,-2.138634125842373,0.1589992493391037,0.02433700149530211,5,20.95765830380048,1.0,0.0522058248530119,0.07963366038366478,10000
3445,0.9060496528015445,0.16391991078853607,0.024322401484735065,2,11.543181600768548,0.0,0.049413527203529525,0.12502782828827338,10000
3446,0.9549010464560777,0.1646214835345745,0.02430781023286036,2,7.369787860572531,0.0,0.052012331993939794,0.11642486200687527,10000
3447,-2.0372554841924484,0.16664160788059235,0.024293227734423568,2,12.067058294294128,1.0,0.09316330902116048,0.14073571198715534,10000
3448,0.8724338542526988,0.1691157966852188,0.024278653984173414,2,10.224756925785634,0.0,0.04058187665287586,0.05194700652238771,10000
3449,-2.1062781240412503,0.13316603501637778,0.024256809750168713,3,18.567938670664788,1.0,0.05101397621152851,0.07548128696005843,10000
3450,0.9769341867647244,0.12877999246120453,0.024242257847431493,2,3.392931600903608,0.0,0.05008939870121406,0.06825123648223946,10000
3451,0.9071638730371185,0.19216515123844147,0.02422771467452624,2,12.195848097861788,0.0,0.016603279345228313,0.03338836944600031,10000
3452,0.9709802955415936,0.20211338996887207,0.02421318022621585,2,7.597142039955678,0.0,0.04545756139756623,0.09723786360532195,10000
3453,0.9861639134047481,0.1277104616165161,0.024205916272147986,1,9.722001953012628,0.0,0.03892032227611609,0.0679835297932637,10000
3454,0.9167699372907024,0.14267939825852713,0.02418413748244689,3,11.832433355224316,0.0,0.04384920367150546,0.13040295965125656,10000
3455,-2.180786046839952,0.22555118203163146,0.02414788303541822,5,28.956432990850885,1.0,0.017132505715700828,0.045881937010329055,10000
3456,-2.083409131689638,0.2665797173976898,0.02413339647890644,2,19.555345066224806,1.0,0.018237938299203085,0.035453437319711595,10000
3457,-2.193307438641308,0.2331293182713645,0.024082761935620867,7,29.46173077056094,0.0,0.06115212620584832,0.023769507042752228,10000
3458,-2.0859285210850818,0.25122224539518356,0.024068314445908068,2,18.366097793236847,1.0,0.04593290686584671,0.06892851439544308,10000
3459,-2.073495423965689,0.2031765878200531,0.024046659460701808,3,9.43752829080088,1.0,0.058224421025873115,0.04193779645858387,10000
3460,0.9870159339100719,0.1510905921459198,0.024039445462863598,1,3.19863325477708,0.0,0.045284597964727905,0.07706547559784085,10000
3461,-2.0526864559334728,0.15890130400657654,0.02402502395913597,2,8.173571582752757,1.0,0.06230412235197545,0.11079835659464678,10000
3462,-2.0762874680249466,0.22252469261487326,0.024003407923680546,3,14.07493157970274,1.0,0.03606597133769511,0.10700865198078219,10000
3463,0.6901007561359447,0.20981871088345846,0.023981811336821285,3,26.329663516703516,0.0,0.03999450276748873,0.07130564719047987,10000
3464,1.0243871280937358,0.211422860622406,0.02397461679342024,1,2.7667151584530743,0.0,0.04978788528786712,0.13259846370524173,10000
3465,0.986265237170314,0.11576021462678909,0.023967424408382215,1,5.3046702763637015,0.0,0.06582838219020931,0.12836829245977216,10000
3466,-2.0,0.15458154678344727,0.023960234181059702,1,6.645868682477966,1.0,0.06680088613253377,0.1690491037842354,10000
3467,0.9204388844319601,0.14978931844234467,0.023945860196972143,2,10.451337759656258,0.0,0.04204455967296308,0.1346903742281819,10000
3468,-2.0790421365728227,0.20843772292137147,0.023909962951486452,5,14.237697878456064,1.0,0.03687482869121242,0.10098927234762424,10000
3469,-2.1842035684560326,0.1957555204629898,0.023874119519571156,5,25.351592165413397,1.0,0.028763676963412768,0.046417672730354326,10000
3470,-2.442049251017721,0.2133934199810028,0.023824028968111678,7,54.15627470351963,0.0,0.020655177027052638,0.025548028087191203,10000
3471,0.7722744382597042,0.1899458964665731,0.023802593773884956,3,15.743520473788418,0.0,0.039006514520753356,0.07473985920407107,10000
3472,0.978356414912879,0.17612434178590775,0.023788314359854065,2,4.594466981742322,0.0,0.05667212121812236,0.11405648536481064,10000
3473,-2.0770518890209733,0.14248528083165488,0.02376691129913279,3,12.877900759904016,1.0,0.04737256766782373,0.10907357084668094,10000
3474,-2.032628175207158,0.20344188809394836,0.02375265329137533,2,10.296021841564935,1.0,0.0640695810196298,0.19006628887107563,10000
3475,-2.051284685857395,0.1321660578250885,0.02373128231598816,3,15.049895315947934,1.0,0.03843689251115926,0.07774890843327456,10000
3476,0.5295592294858955,0.258412167429924,0.0236885980322385,6,26.50521740821369,0.0,0.024749257369119648,0.0338549589902835,10000
3477,-2.2101462185323,0.18317023515701295,0.023653086448533416,5,29.436715855470638,1.0,0.02565878614663022,0.02745629664801325,10000
3478,1.0223167537105804,0.15760402381420135,0.023645990522598855,1,5.809791084802351,0.0,0.046919567866115314,0.09255505001339367,10000
3479,-2.2678714017773074,0.2849339872598648,0.023610542811822975,5,42.953214689673516,1.0,0.04979117830538361,0.06877604618464649,10000
3480,-2.228357722843642,0.18429059854575566,0.0235610052735388,7,22.42822469289746,0.0,0.05020798457408053,0.029728803837391075,10000
3481,-2.299556830329985,0.18562561592885427,0.023511571670505868,7,43.704190252555144,0.0,0.029877793998469158,0.032088219703491454,10000
3482,-2.1048091419824355,0.1991950049996376,0.02348337047821091,4,16.76129318359618,1.0,0.04665206944619915,0.066549462172623,10000
3483,0.8402305571769826,0.21389177441596985,0.023469282569427326,2,15.655483417147352,0.0,0.0700186302905783,0.15898168245106786,10000
3484,-2.259478136126998,0.18945182710886002,0.023434099761591744,5,32.5146221198644,1.0,0.06599784921227639,0.04863949136526902,10000
3485,0.8040795036416386,0.19812478870153427,0.02342004141080377,2,18.501929250839382,0.0,0.043614819215489625,0.10591090081335557,10000
3486,-2.319870289006339,0.18990969232150487,0.023370903565594053,7,44.83235645955274,0.0,0.06592620590128247,0.019827651169994152,10000
3487,-2.034369424830384,0.18221487601598105,0.023349876061897968,3,12.20897456096661,1.0,0.0474813490432372,0.08277361360557102,10000
3488,-2.048274815188037,0.21846794337034225,0.023335868237749677,2,15.612401763964808,1.0,0.043755169646628095,0.0711572324443407,10000
3489,-2.513057844189167,0.18607003348214285,0.023286906997195597,7,53.06264001085424,0.0,0.0970652285593259,0.030933165762294053,10000
3490,-2.3464952213916934,0.19653653601805368,0.023245021989352993,6,42.655404850543256,1.0,0.03713711276812583,0.04505783404287959,10000
3491,-2.172409286352952,0.16725198924541473,0.02321714051276737,4,33.6364088410357,1.0,0.054280982495837224,0.08377216389768369,10000
3492,1.0256976744318593,0.1601581573486328,0.023210175370613543,1,2.453551908435297,0.0,0.08330776563652398,0.15001836626917223,10000
3493,-2.052967745894869,0.19144652783870697,0.023196251354306956,2,13.592013666938131,1.0,0.033286705037337834,0.04779127355624165,10000
3494,0.4951920888886664,0.18628881747523943,0.02315452940428538,6,34.94650768417624,0.0,0.015936463119657993,0.03352908511557243,10000
3495,0.8702927711476744,0.19363345950841904,0.023140638770550455,2,15.025086571220147,0.0,0.03668463069824146,0.09175013898649526,10000
3496,0.8321516531623654,0.1372913122177124,0.023126756469945615,2,18.532342945975085,0.0,0.04772874684620582,0.10075611919905751,10000
3497,1.0127161968840501,0.19073310494422913,0.023119818443004633,1,4.562137248427094,0.0,0.031747786995308475,0.11202948110479816,10000
3498,-2.2289953906087994,0.1807217001914978,0.023071310498889514,7,40.21955233648619,0.0,0.03629915632350897,0.03411429960973305,10000
3499,1.001256920590236,0.21011463552713394,0.023057469789008127,2,6.0550181301975154,0.0,0.031027856265164303,0.0895394881928,10000
3500,1.0142216865797349,0.20860782265663147,0.023050552548071424,1,7.266180920687913,0.0,0.050561871258554644,0.15796077405559866,10000
3501,0.914681956163008,0.16149644553661346,0.02303672429109231,2,11.342535599792145,0.0,0.052259518901667835,0.1448876371728803,10000
3502,0.9573070529409932,0.20207887887954712,0.023029813273804985,1,7.851207393156124,0.0,0.0712308535657778,0.11223040457073666,10000
3503,-2.151399805318931,0.19521175963538034,0.022981494170520436,7,19.480487884217055,0.0,0.05431689748151015,0.03284075809110704,10000
3504,0.8303758748951144,0.20806656777858734,0.022960817030149898,3,13.185862710906296,0.0,0.0469705824257417,0.1402196548450361,10000
3505,-2.06530308155116,0.19780382017294565,0.022940158493623422,3,15.19852880806746,1.0,0.03475180303406275,0.05006821936389782,10000
3506,-2.0,0.12333372235298157,0.022933276446075335,1,8.308541133967367,1.0,0.048401205755338156,0.1102433430446019,10000
3507,0.4011681653252459,0.19415887764522008,0.02288515988776562,7,37.93705446994297,0.0,0.03233081653928197,0.06809646963141039,10000
3508,0.989501551679577,0.1921745240688324,0.02287829433979929,1,4.687047489954104,0.0,0.04778906158341995,0.07320660650593323,10000
3509,1.0258830193769293,0.21784964203834534,0.02287143085149735,1,3.8241269891116505,0.0,0.05446865427030424,0.08249271774436807,10000
3510,0.7259732824847279,0.19458847045898436,0.022837144283333513,5,19.598876940227356,0.0,0.049412052580430195,0.025192246904897145,10000
3511,1.003822368796355,0.12807226181030273,0.022830293140048512,1,4.551668201212744,0.0,0.046311676025598096,0.1510069942339952,10000
3512,0.6730265445238286,0.18557311967015266,0.022802909114173264,4,22.74049465094019,0.0,0.021082665379210948,0.05886477055933521,10000
3513,0.9907297483620674,0.18892218172550201,0.022796068241439014,1,7.211476104252315,0.0,0.06575513069390983,0.12376501560169398,10000
3514,0.9076448729644566,0.2062616546948751,0.02277555793434465,3,10.434498180909017,0.0,0.06362337434382179,0.1688490130137336,10000
3515,-2.2040026043892613,0.19168634414672853,0.0227414150892968,5,36.62089506344071,1.0,0.0364392458000862,0.024557392628201113,10000
3516,-2.2330622314338333,0.16848861745425633,0.022693701077399604,7,26.28653559280893,1.0,0.06817061910751736,0.09693383045099796,10000
3517,0.6724321437395282,0.19428112109502158,0.022673282873116506,3,20.0944462108459,0.0,0.045261083240866334,0.07864159532512044,10000
3518,0.8976644097585242,0.2015010491013527,0.022659680943988094,2,9.28150504293731,0.0,0.04592149718081183,0.04508153147560322,10000
3519,-2.405578696419881,0.1890183389186859,0.022612138419395734,7,40.00266408105518,0.0,0.061851621820108615,0.022135171586586046,10000
3520,0.7183530154034039,0.19840608537197113,0.022591793599485127,3,23.369913642111705,0.0,0.033405549818104556,0.05453456653454924,10000
3521,-2.147298529905668,0.1798376329243183,0.022564695644294565,4,25.935806448556686,1.0,0.07393849320823634,0.11570059666835314,10000
3522,0.6575490061398523,0.16345576445261636,0.022544393510073278,3,25.788621485497373,0.0,0.03777994164221633,0.0985629673048227,10000
3523,-2.0,0.16020387411117554,0.022537630192020257,1,9.603165504390962,1.0,0.0757921938788971,0.15903347306753385,10000
3524,0.9487274831933084,0.1675453931093216,0.022524109642291762,2,8.00961465565947,0.0,0.057348798140353985,0.12211879102118256,10000
3525,-2.0235975032128137,0.20552870631217957,0.022510597203676257,2,4.610525494900129,1.0,0.06462646048227873,0.09943494532187645,10000
3526,-2.1458314323329644,0.17962497472763062,0.02248359664032338,4,24.11459650321777,1.0,0.07598025223933923,0.09818016687358616,10000
3527,-2.2182637608525386,0.18134091198444366,0.022449891474530213,5,30.104593441828733,1.0,0.05135989890513482,0.0662657740015647,10000
3528,0.9819248069878183,0.18995743244886398,0.02243642356013573,2,5.77161675639773,0.0,0.049080119413117976,0.06860503055041665,10000
3529,0.9920389347589502,0.17466574907302856,0.02242969263306769,1,6.602580219752113,0.0,0.04829283790810606,0.11171311645881893,10000
3530,0.6406480321355525,0.21875244677066802,0.02239606827478635,5,19.474203248741595,0.0,0.08580098855663834,0.05907565581220756,10000
3531,-2.102438148723746,0.22018025318781534,0.022375917859672786,3,15.02487114995726,1.0,0.02012333290892326,0.06840798061987573,10000
3532,0.820642155714511,0.23623014241456985,0.02236249432278959,2,16.652937105086224,0.0,0.05153833340173337,0.07720945248124204,10000
3533,-2.0,0.26374560594558716,0.022355785574492755,1,5.609059862788521,1.0,0.041374164573964686,0.08487655034907148,10000
3534,0.843289972792292,0.1902529795964559,0.02233567140293421,3,11.467490062439461,0.0,0.03425245923891788,0.06048133448393118,10000
3535,0.98505779006304,0.1744396984577179,0.022328970701513334,1,8.316190761038959,0.0,0.05229009832339922,0.07961802847125449,10000
3536,-2.2442970260299306,0.1827291292803628,0.022282122043700236,7,28.094926848362277,0.0,0.03368593500589033,0.06728486699021224,10000
3537,-2.024660173243747,0.31358081102371216,0.022268754775865002,2,8.01045736241946,1.0,0.04504292102825726,0.09225621339802889,10000
3538,0.9639696371135291,0.3230922222137451,0.022262074149432244,1,9.17164620125306,0.0,0.05231620263645388,0.11654103602360831,10000
3539,-2.3744298247223177,0.18590559491089412,0.022215365848007235,7,51.51545321854139,0.0,0.0447011908611087,0.03694386687126501,10000
3540,-2.4480184628862127,0.18633778606142318,0.02216875554578065,7,57.84528182196195,0.0,0.06630858356100865,0.05175437167112814,10000
3541,-2.1394522897624584,0.15474250664313635,0.022148809650754893,3,22.324923970192078,1.0,0.027890074759416246,0.03831941596783796,10000
3542,0.9991954991977406,0.21737158298492432,0.022142165007859666,1,1.2432738149677376,0.0,0.0692841894433169,0.09383810668361588,10000
3543,-2.050188114814663,0.1467530479033788,0.02212224303713931,3,14.035876343817863,1.0,0.07723515337610991,0.11263406048177675,10000
3544,0.8884668849879213,0.14416293427348137,0.0221089716823189,2,8.31430330025345,0.0,0.04993267952632423,0.08147895575697664,10000
3545,-2.029502489294697,0.1507776379585266,0.022095708289116965,2,6.60146942869615,1.0,0.0369966147479788,0.10793067065012996,10000
3546,-2.0,0.22158318758010864,0.02208907957663023,1,7.448565739745233,1.0,0.04433834472180988,0.10614968807285266,10000
3547,-2.0351775985970617,0.20849619805812836,0.022075828116901414,2,8.009012266114016,1.0,0.0515864353330369,0.11302265969367091,10000
3548,0.9688509528795554,0.19580405950546265,0.022069205368466346,1,8.390580283092198,0.0,0.05342139245536674,0.09777549929215959,10000
3549,-2.3968392398236986,0.21127653618653616,0.022029510580315666,6,58.449569900115904,1.0,0.03479566550977448,0.03079236586166319,10000
3550,-2.0,0.23671142756938934,0.02202290172714157,1,2.3223089646689985,1.0,0.057014276499435905,0.10961493485093855,10000
3551,-2.4524974771265793,0.17386525869369507,0.021976695235993444,7,56.20135731242874,0.0,0.06597319101943515,0.030402208267076965,10000
3552,-2.067102611733539,0.18310075998306274,0.021963511196754423,2,17.85623785210865,1.0,0.051380514774391615,0.13407425400580572,10000
3553,-2.066311672538886,0.11599496752023697,0.02195033506675238,2,16.340981366677607,1.0,0.02905224803658142,0.04437392737168485,10000
3554,1.040418755621958,0.1580999195575714,0.021943749966232353,1,2.845054283349974,0.0,0.07290454844878724,0.23560406800549555,10000
3555,-2.127702988174173,0.15270017087459564,0.021924006515482753,3,18.641849181360065,1.0,0.06334537988399733,0.17380116605653573,10000
3556,-2.0818008572350726,0.16907582183678946,0.02190428082850863,3,17.908805237233597,1.0,0.03926314303873279,0.07923100705438141,10000
3557,-2.2729081751591718,0.2273779809474945,0.021864882681970788,6,36.02050339858968,1.0,0.03867483144833551,0.05791722598022407,10000
3558,-2.3780923863686425,0.206519820860454,0.021819007732310804,7,48.76311159265114,0.0,0.021283293779410996,0.05755792849941777,10000
3559,0.9838470454292948,0.11270518600940704,0.02181246202999111,1,8.069371289641724,0.0,0.0331643049963739,0.060916837514583606,10000
3560,-2.2034337565436872,0.2510678514838219,0.021779762962273474,5,28.772654351251333,1.0,0.06704867353092957,0.11823197407548795,10000
3561,0.8463657970957716,0.1230812519788742,0.021766697064674777,2,16.78685054140459,0.0,0.05601165515729239,0.07914759800713217,10000
3562,1.0146604655077323,0.12524792551994324,0.021760167055555377,1,7.401987304447784,0.0,0.03327793758759184,0.055282773839382474,10000
3563,-2.254464830354333,0.15190423130989075,0.02172754638324803,5,44.679143240363686,1.0,0.0663879857673182,0.08535117339564612,10000
3564,0.7675322609828583,0.23416593670845032,0.021701485058116782,4,12.618479109495887,0.0,0.055511946945428894,0.0341370361190467,10000
3565,-2.2818068166752474,0.18862798437476158,0.021662451670300842,6,40.37172998729132,1.0,0.035436155422614406,0.05806830874177589,10000
3566,-2.153159263478659,0.19598770886659622,0.021636468423681013,4,24.523568021825263,1.0,0.025125334044904114,0.03663934614993986,10000
3567,0.4141557000434436,0.14282520612080893,0.021597551978069705,6,38.84270891664722,0.0,0.04414477711161691,0.058465634519408075,10000
3568,-2.0,0.15781128406524658,0.021591072712476286,1,8.000182103770562,1.0,0.0584864726793477,0.12144150340980492,10000
3569,-2.109112094890838,0.21061394115289053,0.02157164657604173,3,18.619585270129132,1.0,0.07409121755572988,0.11877254446784949,10000
3570,-2.3761611812611574,0.1752332832132067,0.02152638686826499,7,55.76982681640582,0.0,0.038921486473176475,0.021887608095606713,10000
3571,-2.4162351067933567,0.21569892976965224,0.021481222120376488,7,60.406135946211634,0.0,0.02349148662157552,0.03717956998246123,10000
3572,-2.0728221723326152,0.16120307644208273,0.02144258490861243,6,10.608067442922001,1.0,0.05985155965778014,0.05925688073331909,10000
3573,1.0004543762678701,0.15665094554424286,0.021436152133139846,1,5.342881631147895,0.0,0.05591057250618254,0.08147083381996376,10000
3574,0.8758911635228646,0.17116765677928925,0.021423292371113654,2,12.249073020829044,0.0,0.020746464444880732,0.044260209872634675,10000
3575,-2.2638577500887784,0.15937583361353194,0.021378343926917967,7,28.296858793075323,0.0,0.034621249535499624,0.017804022903578402,10000
3576,0.615412348723591,0.19546488299965858,0.021352701456202695,4,31.048285361216486,0.0,0.029587209611418978,0.08032603687331494,10000
3577,-2.194217403720728,0.17846207107816422,0.021307901119578174,7,24.729703952780458,0.0,0.0410335740110201,0.04854219614924533,10000
3578,-2.0408353827599446,0.17530040442943573,0.021295118296617527,2,10.088883662750627,1.0,0.069035050924031,0.0710438420334372,10000
3579,0.9182466530919957,0.13670049607753754,0.021282343142200205,2,9.38165283805343,0.0,0.0485790894396566,0.052977174385548276,10000
3580,-2.0961523486115934,0.16023554801940917,0.021250438775850367,5,18.93077352818112,1.0,0.07736773534551461,0.0747534680907547,10000
3581,-2.2342173975277237,0.23731618374586105,0.021224949722261414,4,34.647742620657624,1.0,0.07452385024556958,0.08277574577750847,10000
3582,-2.1790744500095185,0.1871072550614675,0.02118677345498458,6,26.133308005565574,1.0,0.07077923135278683,0.0681957089605358,10000
3583,-2.182704965467658,0.15767154221733412,0.021148665853471492,6,26.51104670298261,1.0,0.026782866348680226,0.02889547682153027,10000
3584,-2.3244270666212694,0.20367462081568583,0.021104293606178177,7,40.71223210740523,0.0,0.030676389522617045,0.03439716141634951,10000
3585,-2.3649874612012827,0.21532170474529266,0.02106001445678255,7,50.076165548442546,0.0,0.02507981474163102,0.026730231943371506,10000
3586,0.6438486088774793,0.1392420046031475,0.021034753809567916,4,29.13956197315329,0.0,0.04578804431853111,0.07591517564727777,10000
3587,0.9200471357030858,0.20743651191393533,0.021015828209954894,3,7.768176962870529,0.0,0.04839021844808996,0.12860850637007973,10000
3588,1.0347650711827792,0.2746202349662781,0.02100952346149191,1,1.4244576924592984,0.0,0.05388206827975266,0.1656616224098538,10000
3589,-2.0133480967087727,0.09350436925888062,0.020996919638272125,2,9.163478382241898,1.0,0.08484239165692178,0.10642013694777923,10000
3590,-2.0969156257509685,0.1716204583644867,0.020978028079199067,3,15.232936929757008,1.0,0.03309608174628303,0.0841651635040593,10000
3591,0.89540296739918,0.19626474380493164,0.020965443150374078,2,12.78909113405177,0.0,0.04539544549293521,0.10079958517910245,10000
3592,0.9157239554090599,0.1788652241230011,0.020952865771373737,2,11.395017739394639,0.0,0.04015143058790126,0.08723020106847966,10000
3593,0.900272784853186,0.24981333315372467,0.020940295937668833,2,11.167055462145163,0.0,0.060599304234371626,0.17995413441058433,10000
3594,-2.164445196460669,0.19874015344040735,0.020896360873576412,7,15.115788715619901,0.0,0.037817827695305554,0.029047184651609412,10000
3595,-2.1732905953501684,0.2039703301021031,0.020852517990122818,7,25.635945898158496,0.0,0.03880893605754954,0.032473300663719694,10000
3596,0.860413448269975,0.13084346801042557,0.020840008356055366,2,12.220402744725453,0.0,0.0315815759591774,0.047947704703797715,10000
3597,-2.0217542545534894,0.1738769511381785,0.020821257974774493,3,3.4468526163889655,1.0,0.05900881139002083,0.043710716897388674,10000
3598,-2.084710511728579,0.135807233552138,0.020802524463774678,3,16.80791930469192,1.0,0.05045497608059819,0.09681893401112093,10000
3599,0.7472188480249726,0.16717704633871713,0.02078380780787722,3,19.39282924617764,0.0,0.03377067647726869,0.0573521870968212,10000
3600,-2.2665596984566316,0.22071310381094614,0.020746425000742856,6,40.23142791951102,1.0,0.03870598595284078,0.05130614304166395,10000
3601,-2.1257388434931164,0.13228936990102133,0.020727758819216784,3,17.956361781038005,1.0,0.04320009337317713,0.07396772927679299,10000
3602,1.0353771346720835,0.18073663115501404,0.02072154049157102,1,2.2920054030361996,0.0,0.08148022969540894,0.2963493335366497,10000
3603,1.0042904983324235,0.16533754765987396,0.02071532402942355,1,3.5226716209905624,0.0,0.062394425972765274,0.1291040588846556,10000
3604,-2.4172220553886183,0.19295217948300497,0.02067186098135407,7,62.51004476217484,0.0,0.027118957933023845,0.0251082853180616,10000
3605,1.031693399078539,0.18776269257068634,0.020665659423059667,1,4.444409294151727,0.0,0.0714789983270078,0.17589830376864454,10000
3606,0.983939108885176,0.17016559839248657,0.02065945972523275,1,8.750500234579631,0.0,0.06550907119176191,0.17335945136519862,10000
3607,1.0130138220470923,0.18417759239673615,0.020653261887315182,1,2.232015989346992,0.0,0.03448292395431523,0.07664744518397887,10000
3608,0.9882592674570982,0.16136008501052856,0.02064706590874899,1,9.27016627628945,0.0,0.07055780005799078,0.17984107506957112,10000
3609,0.40498840304587747,0.19625426083803177,0.020609929052505315,6,38.38207734350985,0.0,0.024060045822013158,0.03680933623559192,10000
3610,-2.369107907333924,0.15996808026518142,0.02056668713479043,7,51.58342894646367,0.0,0.03582359977214431,0.052536081150597755,10000
3611,-2.14190579668848,0.21960728828396117,0.020523535943416375,7,27.549651661997967,0.0,0.03323683197936262,0.04227607979498508,10000
3612,1.0606196604246132,0.21168404817581177,0.02051737888263335,1,2.0270302445243913,0.0,0.0920433104665058,0.2245789739163943,10000
3613,-2.3397101106805187,0.25130662818749744,0.02048047528802922,6,48.33510418644075,1.0,0.042588844777049974,0.02889043227758457,10000
3614,-2.3311942326221713,0.20907475054264069,0.02043750497867441,7,55.065638387992934,0.0,0.03258353573867528,0.0437943677640841,10000
3615,-2.264165145542269,0.2061085763076941,0.02040074504931075,6,39.93437308407553,1.0,0.06208612638731915,0.061140664862591,10000
3616,0.8389356854831264,0.22660673161347708,0.02038238988641672,3,14.018716671779853,0.0,0.029836186901686927,0.0860340186349948,10000
3617,-2.056201775928992,0.17485712468624115,0.02037016228689996,2,10.933537208036938,1.0,0.04656299609712978,0.01865064677457085,10000
3618,1.0070695589421788,0.17122812569141388,0.02036405123821389,1,5.751451987526026,0.0,0.03216594172189858,0.07325179866752465,10000
3619,-2.1443038289160854,0.16264040342399053,0.02032132519943223,7,28.995806918716426,0.0,0.02665107701803902,0.045438366560368475,10000
3620,-2.0764518911261534,0.16532847923891886,0.020278688804620162,7,13.174550804111302,1.0,0.029217959112721684,0.04418921309649834,10000
3621,1.0099188711397904,0.3319098949432373,0.020272605197978775,1,7.457840114568249,0.0,0.06908466996271932,0.18271745820581733,10000
3622,0.1321541144670052,0.20012825514589036,0.02023007102313499,7,62.483599300749525,0.0,0.03303199622374273,0.03003220931405855,10000
3623,0.9672159628597954,0.1596646010875702,0.02022400200182805,1,8.493995851190554,0.0,0.04976169423840992,0.08879484518695151,10000
3624,-2.135571565370045,0.13843019753694535,0.020193684194967452,5,21.957959181240124,1.0,0.06059490803488551,0.06053918552832857,10000
3625,0.9897182075717813,0.1287122219800949,0.020187626089708963,1,8.887100541994041,0.0,0.05629241951750601,0.10817699769600236,10000
3626,0.9949492259074433,0.20537856221199036,0.02018156980188205,1,4.205018917174177,0.0,0.03793657304515509,0.0855565952713977,10000
3627,0.6945434714062749,0.18307767063379288,0.020157362813988042,4,25.30300559919128,0.0,0.03233070441120526,0.06679515085852486,10000
3628,0.964213764995492,0.14955125004053116,0.020145270210462304,2,11.702551579959861,0.0,0.07996123603575055,0.1641397005526485,10000
3629,0.9588052330090883,0.1658363789319992,0.020133184861410344,2,6.316743741466599,0.0,0.06273978263365879,0.07873457510131138,10000
3630,0.5933473958298849,0.1890038326382637,0.020109035909322257,4,31.909127336721422,0.0,0.025919252371134335,0.0510490076371706,10000
3631,0.9373032859917236,0.24351657181978226,0.0200969722975899,2,6.714617634357459,0.0,0.05328084038692887,0.14437492249822526,10000
3632,-2.158144881524314,0.16865090600081853,0.020054806620056664,7,27.234826796899654,0.0,0.0240771523485794,0.029942451742245562,10000
3633,-2.068365563167845,0.1734680011868477,0.02004277554101723,2,12.406159324405515,1.0,0.05377112143022789,0.09249910594134766,10000
3634,0.9546429535019824,0.140731293708086,0.020030751679542422,2,6.096196366346453,0.0,0.029860598333878552,0.07198886035473429,10000
3635,1.0180274004016505,0.2219049334526062,0.02002474245403856,1,7.80811462298094,0.0,0.048081307655781884,0.10124022756137742,10000
3636,0.8234427850399839,0.17839851677417756,0.019994723357219846,5,10.449544619124765,0.0,0.02844578288886714,0.07222973840026502,10000
3637,0.7998077895178719,0.22535758217175803,0.0199767335042338,3,14.155227745062561,0.0,0.05989583619680923,0.11225817751415018,10000
3638,0.8138870957746003,0.2281496450304985,0.019964749262037278,2,15.056057766718334,0.0,0.045766823536547784,0.06973647332522294,10000
3639,0.9733469062201541,0.13046536967158318,0.019952772209307492,2,2.7272327987839837,0.0,0.06265960925615036,0.13937690056552055,10000
3640,1.063159117041526,0.1708928793668747,0.0199467863776447,1,1.046806430946578,0.0,0.0676437471365703,0.13434732856983078,10000
3641,0.8678011919258981,0.20018725097179413,0.01992883965499858,3,12.101131020144564,0.0,0.031115804551301807,0.05714898364672147,10000
3642,-2.224431156446414,0.1657803558877536,0.019887026738402928,7,27.763519246425787,1.0,0.06641741055279021,0.03128722848768369,10000
3643,-2.1254775156376238,0.1566363364458084,0.0198572140912507,5,21.720988840116004,1.0,0.023257889123985534,0.03779311406026021,10000
3644,-2.0,0.38342323899269104,0.019851256927023324,1,7.74880372047938,1.0,0.028576174378615284,0.09708853025208786,10000
3645,0.8661133037491882,0.24525489658117294,0.019839347959480235,2,11.838381972207427,0.0,0.045873410982157456,0.08549491197348956,10000
3646,-2.1731344140896045,0.15590898990631102,0.019809606787598362,5,26.459789936323006,1.0,0.05065143405987415,0.034837495146372015,10000
3647,-2.146212677836758,0.1591021567583084,0.019779910200715282,5,24.395798212468428,1.0,0.06977848824690037,0.08719955437567307,10000
3648,-2.3475457671735054,0.15411075736795152,0.019738409754637656,7,47.85036794597218,0.0,0.0692696258316665,0.060693967288893105,10000
3649,0.8573851105935554,0.1988748957713445,0.01972065051469618,3,12.556779373724092,0.0,0.037484394193363434,0.10040129940568221,10000
3650,-2.22648249446355,0.17866073548793793,0.019679274402014366,7,32.51496948594306,0.0,0.035369527369781245,0.04053230717688705,10000
3651,-2.391238981720627,0.19379117339849472,0.019637985101007425,7,53.60465537906926,0.0,0.01941966964935534,0.03229963806879635,10000
3652,0.9618300949262485,0.11997540543476741,0.019620316216142273,3,5.7274747707989935,0.0,0.05423224918063397,0.10899938960305075,10000
3653,-2.387410759685319,0.19477177730628423,0.019579150615950388,7,59.47710806490201,0.0,0.035589211904307715,0.03952992780887083,10000
3654,-2.0,0.17167329788208008,0.019573276870765603,1,3.849401003313387,1.0,0.058077125496203225,0.09743193918307494,10000
3655,-2.0,0.1345265954732895,0.019567404887704372,1,7.724951199993909,1.0,0.07633530592123562,0.1587627822506755,10000
3656,-2.521479046896522,0.16783760700907027,0.019526350301349783,7,46.09224063715784,0.0,0.10406159353624195,0.02689040789809289,10000
3657,0.9231008950664209,0.15464434772729874,0.019514636248540503,2,9.661285182983537,0.0,0.03387767233219324,0.06380651802325073,10000
3658,0.9909143934929427,0.27343422174453735,0.01950878185766594,1,4.550785998427882,0.0,0.05212850326605275,0.09885396796739537,10000
3659,-2.0458465502610936,0.2784174084663391,0.01949707834434171,2,15.102845106642704,1.0,0.04824970884522896,0.1319692850963704,10000
3660,0.9848400250006635,0.3178091049194336,0.019491229220838405,1,3.6537267420085087,0.0,0.05263201481941853,0.12505588562351358,10000
3661,0.6019986054675698,0.21501232087612152,0.019462009913851604,5,25.435820693612182,0.0,0.053954254207748846,0.02943614081778931,10000
3662,0.7488001505166519,0.19765445962548256,0.0194386660093386,4,22.061425258663125,0.0,0.026539337391513537,0.1017570585904859,10000
3663,1.0046514027597995,0.12594738602638245,0.019432834409535797,1,4.981535654258742,0.0,0.05928945772194017,0.10934966421166512,10000
3664,0.9729189695609065,0.11291487514972687,0.019427004559212938,1,8.152292990170153,0.0,0.05200102262365985,0.12961783778211633,10000
3665,-2.257272671257918,0.15986118838191032,0.01940370264222639,4,35.92570587802541,1.0,0.0698801323165347,0.03317252089845614,10000
3666,1.0190659933171364,0.14357388019561768,0.019397881531433722,1,1.4357963761923893,0.0,0.04592153068792266,0.07752672608093951,10000
3667,1.0183177385696942,0.1714547872543335,0.019392062166974294,1,4.861776199773234,0.0,0.07112674192741857,0.1497069851717608,10000
3668,-2.318930431111651,0.1490276778737704,0.01935718262388831,6,35.823628030277234,1.0,0.02934451700487883,0.07070455807087915,10000
3669,-2.246623569985285,0.1769780640800794,0.019322365816911328,6,38.64080847672146,1.0,0.03444490617543005,0.04755181426857275,10000
3670,-2.086854001862694,0.18174860094274795,0.019281825349713053,7,17.71676350522663,0.0,0.02860952775073748,0.02468194956515107,10000
3671,0.9120529485090962,0.18644505739212036,0.019270257989867506,2,9.331215161271846,0.0,0.035224175794956875,0.07297406782280327,10000
3672,-2.0618046574856055,0.24657279253005981,0.019258697569396806,2,12.543653379077059,1.0,0.04232763974398837,0.07876271647189229,10000
3673,-2.2959813277019214,0.16505064495972224,0.01921829068524547,7,46.0905138657474,0.0,0.019208946756234274,0.02703725081023835,10000
3674,-2.0757941828212463,0.21452906727790833,0.019200999412048343,3,10.155251172499929,1.0,0.03266883735595265,0.06344552453870785,10000
3675,0.9946245536036638,0.19094058871269226,0.01919523911222473,1,3.28930916855607,0.0,0.07758798656096254,0.19368864901707444,10000
3676,-2.1176058645903564,0.1897251009941101,0.01917796857922002,3,20.663582235826425,1.0,0.05533594463598514,0.08766441543582283,10000
3677,-2.10969376106886,0.16497928276658058,0.019154965370956924,4,21.686460745245455,1.0,0.07507425746490705,0.10479528101897896,10000
3678,-2.0416147555632596,0.18960438668727875,0.019143474115681236,2,8.75427563964133,1.0,0.05062463776429253,0.13601602134105428,10000
3679,-2.074369799944353,0.2572658210992813,0.019131989754124498,2,10.963892547766022,1.0,0.07058968103714977,0.10339145233762262,10000
3680,0.31915174373843747,0.19558482468128205,0.01910330898311923,5,36.50860346605596,0.0,0.09971613621442225,0.0790095897702623,10000
3681,0.9914185347571509,0.21754297614097595,0.019097577990424296,1,7.04187451427457,0.0,0.04926725795011959,0.10164134574534936,10000
3682,-2.0,0.1907685101032257,0.01909184871702717,1,5.128740040566259,1.0,0.030346856628653492,0.06801631088005261,10000
3683,0.49387686320095714,0.1642211452126503,0.01906894880610328,4,34.846661915433025,0.0,0.06552025307583989,0.09550281413066523,10000
3684,0.9831299710871564,0.253678061068058,0.019057509153025013,2,5.466382221710372,0.0,0.044650884648520996,0.06689466058841924,10000
3685,0.99349521440784,0.2595793902873993,0.019051791900279107,1,8.418224976740998,0.0,0.07036585783439234,0.08186435735205823,10000
3686,0.6462575905828936,0.13852135092020035,0.019034650431038275,3,26.332885808232817,0.0,0.019142740473984197,0.05382123986059113,10000
3687,1.0111151018014055,0.2282886654138565,0.019028940035908964,1,6.546805583659256,0.0,0.06405357658778973,0.1169771627348539,10000
3688,-2.1042336837276556,0.16978242745002112,0.019011819127176678,3,16.068594755459817,1.0,0.03343036057452338,0.05132076180981563,10000
3689,0.8223061159734825,0.2393999695777893,0.019000413746764096,2,17.83270260301473,0.0,0.0358577151450465,0.09423012620514191,10000
3690,0.7099624519490292,0.15010565519332886,0.018977623508439515,4,21.37531867206715,0.0,0.03155906391346917,0.04773146373199899,10000
3691,-2.0,0.13045215606689453,0.018971930221386983,1,5.890411237850891,1.0,0.05826664723332463,0.09389299902713975,10000
3692,-2.2294207294765473,0.2279986036675317,0.018932125006947097,7,24.426233207230744,1.0,0.04768893322016074,0.03594422304025787,10000
3693,0.531150106233421,0.16245307475328447,0.018903743853238276,5,34.31083180677177,0.0,0.02787664912759754,0.04042361610111763,10000
3694,0.8177351468504408,0.2403372824192047,0.01889240330826328,2,17.731627417394957,0.0,0.052290356884144816,0.09309877043046864,10000
3695,0.3947618265996167,0.2049184650182724,0.018864081701363684,5,46.71941360657845,0.0,0.022851937687414857,0.05273773951457745,10000
3696,0.9767000780218865,0.2260955274105072,0.018858422476853275,1,6.2519629372589725,0.0,0.07188973686584707,0.13398205092124726,10000
3697,-2.226788154667127,0.19089602554837862,0.01882450276508403,6,32.43071912857022,1.0,0.04684406758738997,0.031996945478498254,10000
3698,1.0003211113702803,0.19456110894680023,0.018818855414254505,1,4.937079906889233,0.0,0.06538343667161911,0.1839792786033045,10000
3699,0.9388507482590359,0.1856972873210907,0.01880756579470294,2,10.383308271068728,0.0,0.0413516505861392,0.07903193948828877,10000
3700,0.845179658605091,0.24557402729988098,0.018796282947907042,2,16.784686706258775,0.0,0.04531677730517964,0.09997191273023144,10000
3701,0.9318486264632161,0.14462822675704956,0.018785006869803764,2,7.363200606126659,0.0,0.05938534510152035,0.13723013655207783,10000
3702,0.988700072843565,0.19669616222381592,0.018779371367742822,1,8.234644717044365,0.0,0.06366398385352998,0.14938297305743903,10000
3703,-2.1650711147958996,0.2345736984695707,0.01873997016314127,7,29.686330231622247,0.0,0.05860472239137553,0.05914753317405422,10000
3704,0.895321625383219,0.15274936705827713,0.0187287278676407,2,9.960218388911315,0.0,0.036760820885528935,0.10366555009562399,10000
3705,0.935940268172125,0.18993312865495682,0.018717492316505623,2,11.075729537114842,0.0,0.06917519177855687,0.10295539632410143,10000
3706,0.9585593670499438,0.20138190686702728,0.01870626350569003,2,7.858341733700961,0.0,0.03316753409162914,0.08346080806486453,10000
3707,0.9045374806075995,0.17764651775360107,0.018695041431150333,2,10.280091229498215,0.0,0.0677334584219904,0.14727702522034325,10000
3708,0.8331474699308109,0.18156168858210245,0.01867822094101872,3,16.482166640001225,0.0,0.05490657088556547,0.08270119298100947,10000
3709,-2.122432747492656,0.2468493531147639,0.018661415584787146,3,19.74432729643056,1.0,0.05370613061698201,0.09195991934130252,10000
3710,-2.1484199454492767,0.24390901625156403,0.018639031961234537,4,26.734832543692573,1.0,0.030659488470736483,0.084911007821137,10000
3711,-2.0517485737099093,0.16280584782361984,0.018627850219570672,2,11.868910828473807,1.0,0.05164075618481467,0.09196531819139714,10000
3712,1.0170241791554726,0.20754024386405945,0.018622261864504802,1,1.5299269928525454,0.0,0.04834712058917026,0.07060469091209404,10000
3713,-2.3229114176373384,0.20290438405105046,0.018583190293071514,7,46.66042264862094,0.0,0.04485237912641237,0.05006060699644842,10000
3714,-2.0,0.340614914894104,0.018577615335983594,1,1.964262692087586,1.0,0.047854672802664054,0.1105500986518555,10000
3715,0.9501998090329036,0.18201802670955658,0.018566470438767385,2,7.976067755985424,0.0,0.05629868714296746,0.1242551862143153,10000
3716,0.990912177362813,0.21082071959972382,0.018560900497635757,1,8.335049160829154,0.0,0.04206682268065936,0.09227626657512131,10000
3717,-2.3036836543206842,0.20091242839892706,0.018527515923935062,6,41.30157127560607,1.0,0.0426576756672349,0.07807879087280482,10000
3718,0.8541197929384827,0.2467453976472219,0.018510846161532576,3,9.909641423336781,0.0,0.04820944195279954,0.1039328540743632,10000
3719,0.9996328684640067,0.1760048270225525,0.01850529290768412,1,7.411277724948143,0.0,0.04826721954120291,0.08529565513579138,10000
3720,-2.088442860983867,0.16206775605678558,0.01849419139741587,2,13.300565671652043,1.0,0.030728837875535733,0.04830019127762781,10000
3721,-2.069317901852175,0.1605356385310491,0.01847755161809053,3,16.264149146225275,1.0,0.0339326772885344,0.09604690663845832,10000
3722,0.8439992995872609,0.19479259103536606,0.01846646675009932,2,15.679181681379768,0.0,0.06152069740916751,0.10470012815933814,10000
3723,0.9809083504642517,0.18770626187324524,0.01846092681007429,1,8.454189081484449,0.0,0.03283826744026217,0.055640136910045865,10000
3724,-2.326834821909066,0.1927248782345227,0.018422193737484462,7,46.54476349080492,0.0,0.02387324909489423,0.042506893315715284,10000
3725,0.5580127960577776,0.25453484803438187,0.018400097050994654,4,28.794415925192745,0.0,0.02166904891044656,0.03224358234942618,10000
3726,0.9452735822272847,0.16853606700897217,0.018394577021879355,1,8.636166299585181,0.0,0.07934574551014088,0.15646580469693838,10000
3727,-2.167182058863508,0.17401030021054403,0.018355983158506322,7,29.38267758072302,0.0,0.019678017986016608,0.026172487384178163,10000
3728,0.8366053425395004,0.14529413481553397,0.01833946772928351,3,15.526207146386081,0.0,0.03983540531894999,0.08391200431379309,10000
3729,-2.0,0.22638088464736938,0.018333965888964725,1,2.2320769015571806,1.0,0.06421002724834911,0.11496380760020182,10000
3730,0.8946578520222085,0.18336880207061768,0.018322967159488276,2,9.828526505534441,0.0,0.059642009091106694,0.08500799933932274,10000
3731,0.994158838667495,0.22581887245178223,0.01831747026934043,1,3.03019533878752,0.0,0.04553843548868827,0.08031134774832603,10000
3732,1.0230293719542194,0.1313474476337433,0.01831197502825963,1,1.8287024014905628,0.0,0.05610429311747002,0.11518298139245418,10000
3733,0.9943938378094034,0.15820226073265076,0.01830648143575115,1,9.903356290579776,0.0,0.0667013272307908,0.09864432047531699,10000
3734,0.7974536134451271,0.17454329133033752,0.01829001054471469,3,13.272658420375008,0.0,0.04971389001747652,0.09031794607568346,10000
3735,-2.014151542561574,0.17540566623210907,0.01827903818448881,2,8.61701924396808,1.0,0.07284421495559289,0.05674647602246471,10000
3736,1.027695383261567,0.16544486582279205,0.018273554473033464,1,2.397288524484847,0.0,0.05913812039004872,0.113823268908451,10000
3737,0.8808030376396395,0.24980247765779495,0.01826259198496955,2,12.614572948475896,0.0,0.05264434775056982,0.11737276038967207,10000
3738,-2.0704454516234616,0.1315258890390396,0.01824616058258982,3,13.842610830007962,1.0,0.035049554650687174,0.07114523102079968,10000
3739,-2.2474576264423183,0.17853802868298121,0.018207878113372433,7,40.48528978424101,1.0,0.03191450854565815,0.024847604951943287,10000
3740,-2.2107096959095145,0.202406145632267,0.01817512850357378,6,26.792047012611683,1.0,0.04965630041752377,0.04307542034613617,10000
3741,1.0018473627732372,0.14346805214881897,0.018169675965022707,1,7.750566351508201,0.0,0.026226190379544753,0.05857592765814542,10000
3742,0.905122107264233,0.1832856610417366,0.018158775794714532,2,10.3066265718591,0.0,0.06078898098966338,0.11144478562306895,10000
3743,1.0079531666871515,0.18435809016227722,0.01815332816197612,1,4.103292290473565,0.0,0.07203504484169726,0.16482771842503793,10000
3744,0.8228363927979847,0.15121225516001383,0.018136995067538807,3,13.8329011941529,0.0,0.04945763973027119,0.0807755075232815,10000
3745,1.0547378361816608,0.2613871693611145,0.018131553969018548,1,2.2790118417735865,0.0,0.05678745904258088,0.08071947692560945,10000
3746,-2.065707509410556,0.21464736759662628,0.018120676668476995,2,15.48618078070806,1.0,0.03920783744852038,0.056839476905635525,10000
3747,0.9978815644333006,0.16950522363185883,0.018115240465476454,1,3.8687498497109454,0.0,0.06840680797287378,0.09307144482068953,10000
3748,-2.1978048775362526,0.15388917736709118,0.018093511957191437,4,26.45457791381266,1.0,0.058824238697960954,0.08436938165060945,10000
3749,-2.0,0.18358910083770752,0.01808808390360428,1,7.686563362003998,1.0,0.05618089586744928,0.1409042783525086,10000
3750,1.0107389190181701,0.15324629843235016,0.018082657478433198,1,5.015675880335989,0.0,0.08323981567075187,0.1701222684184721,10000
3751,0.7878493981937678,0.15593606233596802,0.0180663879685319,3,13.882307018293151,0.0,0.026366265006663978,0.03828689634754766,10000
3752,0.9327049375240783,0.17284462600946426,0.018055549761725697,2,8.201029472001768,0.0,0.04295454811838812,0.08045907268853424,10000
3753,1.0672420743701554,0.17474350333213806,0.01805013309679718,1,1.890447563681862,0.0,0.09655427276423643,0.11454117962353842,10000
3754,-2.2752992776266625,0.15355755175862992,0.018012261914993204,7,37.02277114758139,0.0,0.018678387643171143,0.04405316152543738,10000
3755,-2.2683653442238016,0.1899308945451464,0.017974470191130257,7,34.38970199403096,1.0,0.02821485993032687,0.026804526658566877,10000
3756,0.7294934725831719,0.18037200967470804,0.017958298020579883,3,21.657039626464957,0.0,0.051632368860605266,0.12225822275272047,10000
3757,-2.0,0.26481425762176514,0.017952910531173708,1,1.123245226879734,1.0,0.08529476494915149,0.21836448596181826,10000
3758,0.9274472990154914,0.15232031047344208,0.017942140400616955,2,8.210288980798024,0.0,0.054140207361039444,0.1349477116014422,10000
3759,-2.0322340242031873,0.124300267547369,0.01793137673116922,2,9.188891138970408,1.0,0.042847429939721085,0.1297558736610687,10000
3760,-2.3800752019813944,0.19673287495970726,0.017899124450730945,6,53.49453982455871,1.0,0.06900743908478274,0.053157399575046296,10000
3761,-2.207829213478798,0.18201981484889984,0.01786693018087429,6,33.897313037503274,1.0,0.05282086605200707,0.08756340797874854,10000
3762,-2.1604225928832004,0.13775787651538848,0.017840145861016798,5,27.006950489321213,1.0,0.048281693164342165,0.05204971605840276,10000
3763,-2.2890898496387617,0.1778963252902031,0.01781340169354043,5,36.6085128411443,1.0,0.06312931722905492,0.07928999403299965,10000
3764,-2.3225595945825144,0.2497091939051946,0.01778136160896727,6,47.202331875833266,1.0,0.04839959919648128,0.09584255190738772,10000
3765,-2.0801241454279538,0.23256731033325195,0.01776536318400674,3,10.770950052894264,1.0,0.05655783758834687,0.046117519917133386,10000
3766,0.9157592135451781,0.3589126020669937,0.017754705564979024,2,12.148406175975442,0.0,0.061858011437081147,0.11678978423142938,10000
3767,-2.2823724527087155,0.16690378529684885,0.01771745422291293,7,41.70074842104527,0.0,0.03429821130929711,0.02902108816279013,10000
3768,-2.2610445244660067,0.17667591997555324,0.017680281038295328,7,36.94469560389774,0.0,0.050146084951323604,0.04080150370156356,10000
3769,-2.013668854370263,0.13016463816165924,0.017669674460897643,2,7.240666245355825,1.0,0.04235658701479497,0.07928120437687315,10000
3770,0.9682860074373129,0.16152456402778625,0.017664373558559373,1,9.296939142643067,0.0,0.05077306803985364,0.051832377443153305,10000
3771,1.007205404720015,0.14521291851997375,0.017659074246491806,1,3.3458673072788674,0.0,0.01850569257931669,0.029834939857492228,10000
3772,0.9016346099278365,0.21497109532356262,0.017648480391260594,2,11.25169870674507,0.0,0.03172648198987959,0.11198306908426438,10000
3773,-2.3589854626289632,0.1282444010887827,0.01761145192139408,7,37.39652547329522,0.0,0.06682765618720864,0.053965371226767846,10000
3774,0.9963127305204831,0.12022565305233002,0.017606168485817662,1,6.17827876217876,0.0,0.07450832051305345,0.15366492101078147,10000
3775,1.029354284678105,0.10197152197360992,0.017600886635271918,1,2.213769744239263,0.0,0.04296042601927583,0.09336574765021194,10000
3776,-2.0,0.13954311609268188,0.017595606369281338,1,2.676867039596293,1.0,0.056362033660328686,0.13229464059821397,10000
3777,0.9062768923482353,0.12173095345497131,0.017585050589064344,2,9.37418310192683,0.0,0.03587848862332084,0.0955038236815911,10000
3778,1.004308358921351,0.1639399230480194,0.017579775073887624,1,4.4192669458267755,0.0,0.07041513512152663,0.11163049416600451,10000
3779,0.9139233981537924,0.21501793712377548,0.01756922879102305,2,12.87688424914634,0.0,0.0468239551591865,0.09044235683631875,10000
3780,0.8336582544713879,0.17008216679096222,0.01755868883497903,2,16.663047883640246,0.0,0.051161941032879646,0.0863001640195967,10000
3781,0.8890742079145366,0.12945521995425224,0.01754815520196004,2,14.12700629349725,0.0,0.03161037719886155,0.08260229064356811,10000
3782,-2.074009542231408,0.18906479701399803,0.01752710688982644,4,7.222047904100547,1.0,0.06371007587330113,0.04993800310356932,10000
3783,0.5688830359537279,0.15213065594434738,0.01750083199915629,5,30.044437000996545,0.0,0.03104867110959005,0.035924472651663514,10000
3784,0.8741100459543534,0.22779856622219086,0.01749033307503168,2,10.665837503746925,0.0,0.06575375927653884,0.16372375140002995,10000
3785,0.949645586055856,0.18306469172239304,0.01747984044931664,2,8.801935742970564,0.0,0.04127650520815075,0.06369823016875373,10000
3786,1.022861010063663,0.24339351058006287,0.017474596497181846,1,2.8889572609660963,0.0,0.057277993089598245,0.10704244932824933,10000
3787,0.8936305335888513,0.19165394455194473,0.017464113311997223,2,15.259085716202712,0.0,0.061853899139812984,0.13417862443204054,10000
3788,-2.0985299992898456,0.20789340635140738,0.017448400324855493,3,22.1518424048633,1.0,0.036925130161972124,0.07106040851026584,10000
3789,1.0332706658959057,0.16848164796829224,0.017443165804758038,1,1.7468710658097952,0.0,0.05656630439710616,0.13501503447530552,10000
3790,-2.0392253163402465,0.2126909146706263,0.01742747166471756,3,14.26332147010022,1.0,0.038083209677442546,0.062416433126443356,10000
3791,1.0086343876656287,0.21736502647399902,0.01741701675019118,2,3.055329086424304,0.0,0.038135020212000756,0.06277053436416268,10000
3792,0.962494913417678,0.16301771998405457,0.017411791645166125,1,9.871094826034048,0.0,0.05662012242292423,0.14800386480688646,10000
3793,-2.1987073440988634,0.20538651943206787,0.01738568962361038,5,36.289893398377444,1.0,0.06424488007344714,0.09846013803531138,10000
3794,1.0076192006581541,0.17050498723983765,0.0173804739167233,1,3.3221131352134416,0.0,0.067896722674828,0.1580702227450266,10000
3795,0.7704682316326927,0.17494158446788788,0.017364836182456937,3,15.822675637762995,0.0,0.014632961720870703,0.023801812593193618,10000
3796,-2.2543877775888985,0.18683241804440817,0.01733360291048246,6,35.31298387928225,1.0,0.04808670173714705,0.04576312458223894,10000
3797,-2.2414165827664947,0.2028431168624333,0.01729723508850461,7,27.575029562570222,0.0,0.05964053704149172,0.04337612340626151,10000
3798,0.9740799625960106,0.3635116219520569,0.01729204591797806,1,9.897789494104435,0.0,0.07284253576171566,0.12333430593548092,10000
3799,1.027079937109157,0.19466538727283478,0.01728685830420267,1,6.108263756182155,0.0,0.05382960602144866,0.10323506971773089,10000
3800,0.6896754224701499,0.18425809840361276,0.017271304798713884,3,25.083315271240725,0.0,0.050018562920639505,0.10264317089940168,10000
3801,-2.139671331345237,0.19714609107800893,0.01723506768508617,7,19.468684818579344,0.0,0.019468375911007287,0.03593327258563146,10000
3802,0.928396007586191,0.2191857025027275,0.01722472819563121,2,7.714651287089713,0.0,0.05426615791222447,0.1674253090356508,10000
3803,0.6569468296039498,0.2056327424943447,0.017204067821289554,4,24.416711429963552,0.0,0.04301352026537648,0.05730112460731523,10000
3804,0.9747609929062399,0.19045376777648926,0.017198906600943167,1,8.997926776076572,0.0,0.03724005660335762,0.07767079366288598,10000
3805,0.9598262583361694,0.14553768932819366,0.017193746928962885,1,9.306635720218006,0.0,0.07324884457330195,0.1616077588689169,10000
3806,-2.0703219086337206,0.21091265231370926,0.017183432228242732,2,16.92097390983568,1.0,0.050508902876616434,0.08483867176040606,10000
3807,-2.191791929878288,0.17504032807690756,0.017147379481016863,7,32.093124285672054,0.0,0.024727528125242607,0.02475502971594489,10000
3808,-2.0617316239138734,0.21227075904607773,0.017137092596592407,2,16.16800364308171,1.0,0.04768167163715893,0.10707713002977362,10000
3809,0.8819323605356496,0.17142094671726227,0.017126811883372783,2,13.517819834318784,0.0,0.04793927836785735,0.09212913387863335,10000
3810,-2.116381317755105,0.175359845161438,0.017111402376454535,3,24.539926605730074,1.0,0.021476549748818855,0.05286229347409239,10000
3811,0.9011044823624225,0.15909618884325027,0.017101137075054878,2,9.355836228287297,0.0,0.06405773164106501,0.1299589864263146,10000
3812,-2.0875498284997698,0.18557291850447655,0.017080624943332054,4,13.14054553726006,1.0,0.02942228853809111,0.04739813707828641,10000
3813,-2.201595328491662,0.18844424188137054,0.017055019373868434,5,36.94950331733477,1.0,0.036040701252679705,0.02458701770281704,10000
3814,-2.000966446040977,0.13735632598400116,0.017044787897195858,2,3.901229925328925,1.0,0.07530198766788031,0.07223535203550184,10000
3815,-2.1123733774718856,0.18082502484321594,0.017019236051057773,5,14.056800952283796,1.0,0.026658315468670604,0.06367281836068009,10000
3816,-2.0547562572904092,0.2173703834414482,0.017009026041158386,2,15.475678511140217,1.0,0.043736863493181365,0.0979328246904869,10000
3817,-2.011931371105399,0.14575276523828506,0.016998822156346037,2,3.540189136802205,1.0,0.03737265015914677,0.055280282753583085,10000
3818,0.9941504305374518,0.14767034351825714,0.016993722509699133,1,2.1799590849580492,0.0,0.06352612438595467,0.09313430846307498,10000
3819,0.8329451164968532,0.21751106530427933,0.01698352780562834,2,15.983484270688047,0.0,0.04560187369048218,0.08573224840946507,10000
3820,-2.2880801463018026,0.2323648078101022,0.016947894480059452,7,45.289421678502684,0.0,0.03075724569465763,0.036821586654168285,10000
3821,0.9540618216451382,0.14269046857953072,0.01693772726868192,2,6.016938970192854,0.0,0.026712585244475427,0.05679678199334444,10000
3822,-2.1193040990809657,0.17003831267356873,0.01692248788686915,3,17.27507380648816,1.0,0.08215073924039282,0.12493525745615434,10000
3823,0.8293680779524728,0.19513042271137238,0.016907262216385794,3,14.903117914550911,0.0,0.05291916644989602,0.12127703941992858,10000
3824,0.9855842649818204,0.14173072576522827,0.01690219003772088,1,9.495595257004824,0.0,0.0706390472818724,0.10044869127903072,10000
3825,-2.155401944080484,0.13278334587812424,0.01688698262982188,3,28.078937683750716,1.0,0.02269575040109115,0.04796018610945484,10000
3826,0.8004352754908737,0.15604229271411896,0.016871788904484406,3,17.440757756254662,0.0,0.036658803626517106,0.07285649444419029,10000
3827,0.8064140579154181,0.19950267300009727,0.01685155186674302,4,16.055046985521848,0.0,0.03362839613273966,0.0956486752639434,10000
3828,0.9907119656006406,0.12413661926984787,0.016846496401183,1,6.602633852308815,0.0,0.06510466283898758,0.09635433462956135,10000
3829,1.015375856041527,0.15194353461265564,0.016841442452262646,1,6.379748977122552,0.0,0.052726720187232054,0.07645562830873356,10000
3830,0.9879100037063782,0.17121224105358124,0.016836390019526967,1,6.510380248056381,0.0,0.06648053240528994,0.1809815842511842,10000
3831,-2.2154662451260516,0.22963754460215569,0.01680610723752874,6,35.073055799645466,1.0,0.05755606057094585,0.05035090501933289,10000
3832,-2.0,0.3314937651157379,0.01680106540535748,1,2.117664379049639,1.0,0.06087791263511613,0.1279743980098562,10000
3833,-2.1676311959535606,0.20992141962051392,0.0167708461599956,6,23.766860440129513,1.0,0.039821540895208556,0.05945036686609494,10000
3834,-2.0135306058830853,0.156751811504364,0.016760785161675756,2,12.42966626207868,1.0,0.06843437583639,0.10319199605465457,10000
3835,0.9720741074887331,0.15620692819356918,0.016750730199049418,2,7.433905912526336,0.0,0.056176526460934184,0.15488645179810637,10000
3836,-2.3461015847774256,0.11798497910300891,0.016720601489133544,6,41.78776265508496,1.0,0.08003488404032741,0.05275936976456719,10000
3837,-2.0665722031150873,0.17284982651472092,0.0167105706330942,2,11.275061183498568,1.0,0.040473054751726904,0.10069087848899977,10000
3838,1.0567202860447533,0.13688123226165771,0.01670555746190427,1,1.2478105155984518,0.0,0.04509817253469368,0.10824277917646175,10000
3839,-2.0664509436077427,0.16764396925767264,0.016690526970238026,3,11.022447367024618,1.0,0.03424338336190518,0.052558391300861845,10000
3840,1.0273851249594155,0.19586843252182007,0.016685519812146957,1,3.339450904002684,0.0,0.062064731271381485,0.1603708019366779,10000
3841,-2.1086765192569756,0.23564121276140212,0.016660506544892154,5,16.86547765440021,1.0,0.06333349438331444,0.07549371781878979,10000
3842,0.8514415699339222,0.22661211341619492,0.01665051174041081,2,10.614535269668012,0.0,0.022094367393301315,0.039615844467238544,10000
3843,-2.176326054255073,0.17743803560733795,0.0166255509537658,5,22.52600201429871,1.0,0.06081608170079486,0.08986668676541655,10000
3844,0.8746827950615899,0.15922807157039642,0.016610592446357278,3,10.106629694446163,0.0,0.049337251732593325,0.11141793875324534,10000
3845,1.0114758476555332,0.1885155439376831,0.01660560926862337,1,5.664707337315162,0.0,0.07188896508031796,0.14161131600001495,10000
3846,-2.375105997176639,0.22085598324026381,0.016570768858073192,7,50.85111331106933,1.0,0.04579347371361683,0.04555300512960551,10000
3847,0.8519252436752092,0.19394586235284805,0.016560827888127547,2,14.005922329070366,0.0,0.04445131012221089,0.06169498725159639,10000
3848,-2.080977397190729,0.13095499078432718,0.016545927614004623,3,14.335229359632974,1.0,0.06997815696367617,0.08750396610395385,10000
3849,-2.1966438109075352,0.19733869135379792,0.01652112360945174,5,28.604397945592645,1.0,0.053585661754451244,0.06379821392919606,10000
3850,-2.0485536339119594,0.253608763217926,0.016511212422187196,2,9.355930224379367,1.0,0.09186287715194437,0.14171811704722057,10000
3851,-2.0629205314779147,0.24159815410772958,0.01649635678858878,3,12.16055193965667,1.0,0.012332567427334483,0.028188278239113754,10000
3852,-2.22743006100929,0.16661080718040466,0.016461745601862702,7,31.158288279347097,0.0,0.030310159166908365,0.03793256050597993,10000
3853,-2.42587004469051,0.19220896065235138,0.016427207033246297,7,60.68108855342622,0.0,0.04818980546383821,0.0356862005531615,10000
3854,-2.013351991596362,0.16694795340299606,0.016417352187474983,2,2.855284561596525,1.0,0.04287916265982011,0.059695776075762375,10000
3855,-2.259498032671284,0.21504229945795877,0.016382906761167184,7,31.266636700257514,0.0,0.03678401033808676,0.047469829901935996,10000
3856,-2.19147835895705,0.1525861069560051,0.016358347141218796,5,24.931567510475997,1.0,0.03876820330752083,0.06050053376244562,10000
3857,1.0206311095117782,0.26642507314682007,0.01635343963707643,1,2.8066442325600374,0.0,0.059718118206246874,0.11717225491064272,10000
3858,0.8987088147538902,0.18067464232444763,0.016343629045103756,2,7.7706194674288565,0.0,0.07098484335264851,0.12365504751069217,10000
3859,-2.0,0.1081140860915184,0.016338725956390226,1,6.647279930329743,1.0,0.07465376525395284,0.16846415781547122,10000
3860,0.9828087077298301,0.1503634862601757,0.01632892419130173,2,5.196851666675724,0.0,0.05026461526377733,0.08400398723957835,10000
3861,0.8673275280281459,0.1520397812128067,0.016319128306390127,2,12.934130605119687,0.0,0.04665956410141313,0.10076002547215525,10000
3862,-2.3695851977877442,0.1812927552631923,0.016284888964682262,7,52.240150551535066,0.0,0.03285987827849615,0.022778129526854533,10000
3863,1.0263113559917174,0.1952262967824936,0.016280003497992857,1,2.679818763605422,0.0,0.06927065697681375,0.18922564672809036,10000
3864,-2.0748363076466565,0.16160938640435538,0.01626535589000605,3,9.554643439970206,1.0,0.06070837659752341,0.15419562956868565,10000
3865,0.99049640570716,0.24147774279117584,0.01626047628323905,1,5.448812001373431,0.0,0.05750550671398521,0.10136639930995531,10000
3866,0.9852489096297365,0.16161058843135834,0.01625559814035408,1,6.02700437202922,0.0,0.04513452808838396,0.11062432196694537,10000
3867,-2.41397567085777,0.17662125613008225,0.016221492091982898,7,42.991647855839936,0.0,0.10389776825304578,0.05914097256760999,10000
3868,-2.3609880469531905,0.17651051921503885,0.01618745760188508,7,44.43615170560313,0.0,0.031273363260979285,0.0327786516371885,10000
3869,-2.152792781908616,0.20489882358482905,0.01615349451992343,7,26.24919276960756,0.0,0.0465569184931289,0.055647243709569444,10000
3870,1.0431814608242989,0.32924410700798035,0.016148648471567457,1,4.255214521680359,0.0,0.05215369508968314,0.1287400885302054,10000
3871,-2.035408352726111,0.22614800930023193,0.016138960735862882,2,8.631353620668317,1.0,0.03939127891922229,0.09884888871027107,10000
3872,0.8844679924891142,0.1910635605454445,0.016129278811927834,2,13.301731187063004,0.0,0.05718085177121194,0.13892031690341097,10000
3873,0.8274128285801905,0.17011748999357224,0.016119602696275773,2,17.50255847019306,0.0,0.028418035987936525,0.06010127617172878,10000
3874,0.851602296163522,0.17439719289541245,0.01610993238542225,2,16.602608043977657,0.0,0.04156103835800654,0.0964806806225358,10000
3875,0.99419185997704,0.3325050175189972,0.016105099405706622,1,7.368809003329582,0.0,0.05712460395677855,0.129021591033412,10000
3876,-2.237388979004281,0.2090434469282627,0.016085781981434233,4,36.99632528118704,1.0,0.042485067101862076,0.048148288575338226,10000
3877,0.8656244565617551,0.20052094757556915,0.01607613195996575,2,11.195813318711366,0.0,0.03987223599688386,0.07596615105778114,10000
3878,0.8557229843861153,0.09604928269982338,0.01606648772764165,2,9.78722663078957,0.0,0.04133444723043135,0.06483674031115269,10000
3879,-2.0926763726642728,0.23176520069440207,0.016052032226204667,3,19.02021975563867,1.0,0.0770894437512787,0.059602438852840826,10000
3880,0.8951578902798443,0.12458055466413498,0.016042402451551845,2,10.217649077839981,0.0,0.06802867965566763,0.15211033926755452,10000
3881,0.8781181540064719,0.18347894648710886,0.016027968620360968,3,12.320639155234435,0.0,0.050700613140856936,0.08655757730950721,10000
3882,-2.041416009337796,0.14449290931224823,0.016013547775721417,3,12.8976028138531,1.0,0.04924123147903013,0.09607129748797458,10000
3883,-2.2700324145124298,0.2053335638982909,0.01597994957586944,7,46.284423113037185,0.0,0.029968328978137632,0.06289287980924968,10000
3884,-2.1501400781028246,0.19385895558765956,0.015946421868768296,7,23.604732623850385,0.0,0.021844064998098763,0.03402981866187328,10000
3885,1.0032753045874536,0.21843037009239197,0.015941637942207664,1,7.441458288730394,0.0,0.09570043420001843,0.14008276844937315,10000
3886,-2.1209739471165663,0.19705040603876114,0.015917739828464905,5,20.05553285507416,1.0,0.03944454116254529,0.02521923388404564,10000
3887,-2.0204597396900357,0.13760116696357727,0.015908190617164412,2,6.90266242217324,1.0,0.028923199043988938,0.09746728150163345,10000
3888,0.8246312380517935,0.16354624927043915,0.015893877540390913,3,12.571489322311958,0.0,0.02196245307641877,0.05006821858434499,10000
3889,0.783827433845667,0.22522001564502717,0.01587005102427941,5,14.641317072668812,0.0,0.029267894872298646,0.03347496061338629,10000
3890,-2.0,0.24325984716415405,0.01586529000897213,1,1.6745123327491673,1.0,0.0720708268531512,0.17699521393077783,10000
3891,-2.1851487184469733,0.14401456862688064,0.015841506348436698,5,31.665167300653042,1.0,0.06212340402563616,0.1297517968682503,10000
3892,-2.1000194821306915,0.19229843094944954,0.015822505093521247,4,17.1436256295986,1.0,0.029974396994677598,0.02782156039339077,10000
3893,-2.0,0.23291432857513428,0.015817758341993192,1,6.362813140185588,1.0,0.036192073358507854,0.06534624992481207,10000
3894,0.950992458431358,0.14149756729602814,0.015813013014490594,1,7.491283378806964,0.0,0.052930218591704534,0.09499903458365083,10000
3895,0.9864501277988802,0.16484957933425903,0.01580826911058625,1,3.547859810543966,0.0,0.05039975478628096,0.0763501517739484,10000
3896,-2.1047710794157677,0.20034373551607132,0.01577983555881595,6,22.626257998212814,1.0,0.057657241312176644,0.05773258774365438,10000
3897,-2.0,0.0993126779794693,0.015775101608148306,1,7.9293972800735455,1.0,0.05599398784342943,0.1097184672511537,10000
3898,-2.2709446526046384,0.1895911076239177,0.015742003694810235,7,41.89399336389123,1.0,0.04063123184437614,0.032579543550528604,10000
3899,-2.1016590452106096,0.18542207529147467,0.015713689331365795,6,12.142176889625597,1.0,0.026545810321033758,0.03176574686017375,10000
3900,-2.1870431338423333,0.17672976851463318,0.015685425895566457,6,28.902557541610463,1.0,0.04301817361137761,0.0433745051336624,10000
3901,-2.0813506994651556,0.1849393000205358,0.015671313246901932,3,12.128011918816052,1.0,0.042164330478058044,0.06505077580367946,10000
3902,0.7939468560638073,0.21082977205514908,0.01566191186937198,2,17.257869976974444,0.0,0.05753462486636708,0.1828878016509707,10000
3903,-2.0814156338086973,0.1808129996061325,0.01564782037698288,3,12.783885705412706,1.0,0.06046329884821051,0.15048630442694605,10000
3904,-2.039499157767943,0.21815039962530136,0.01563843309306052,2,8.860097194936943,1.0,0.04811906462243542,0.10341001235768234,10000
3905,1.0460753243365672,0.2888910472393036,0.015633741563132603,1,4.652225013138892,0.0,0.06281609832179601,0.15895929370716774,10000
3906,0.9412005974915543,0.15418443083763123,0.015624362725231464,2,10.896321045568747,0.0,0.053359444417695995,0.0931413676379452,10000
3907,-2.1425478383917254,0.2052536408106486,0.015610305016934837,3,20.401569968044562,1.0,0.0482953566373964,0.05884687759662633,10000
3908,0.8088243763357282,0.2439645603299141,0.015600940238852128,2,17.47974479164215,0.0,0.052208696376061556,0.06610376894165625,10000
3909,-2.068896728517805,0.17608110109965006,0.015586903604469802,3,13.347334666578792,1.0,0.04868260961915332,0.12648427091417175,10000
3910,-2.0,0.23345381021499634,0.01558222753338846,1,8.66779640798647,1.0,0.06803771874418676,0.14397725131992384,10000
3911,-2.3154455951156425,0.22481528563158854,0.0155495342912576,7,41.0554587559907,0.0,0.03498083153860749,0.04956176133156701,10000
3912,-2.018827066530041,0.13065705448389053,0.015540205970140933,2,6.2854530964699835,1.0,0.06142259019575547,0.16254200071291183,10000
3913,-2.1524127999843152,0.16736854932137898,0.015507600893911832,7,29.530802017750457,0.0,0.019211984408206033,0.010681947369783121,10000
3914,0.9367709697865153,0.15333916246891022,0.015498297729059567,2,10.128727299127968,0.0,0.04615014921814997,0.08948127262538258,10000
3915,-2.325561546234969,0.2226074082510812,0.015465780580969753,7,40.24072533284712,0.0,0.049817788157314365,0.02892142485920031,10000
3916,0.9955432915823245,0.2321329489350319,0.015456502504541425,2,3.1502327700004216,0.0,0.03934078227244042,0.08647156135929841,10000
3917,-2.3474871140957427,0.1892837459842364,0.015428701657967,6,53.69873851746857,1.0,0.037265484338262336,0.05335873268631726,10000
3918,-2.210025657076561,0.18471446633338928,0.015400950815400275,6,36.03797630264189,1.0,0.04563373734824318,0.04991564349769514,10000
3919,0.9799235358037497,0.18792812526226044,0.015396330530155655,1,3.9319478540868262,0.0,0.0646850812444245,0.17157196370852337,10000
3920,0.4846968385145447,0.21638877441485724,0.015368637911935447,6,35.74184715079369,0.0,0.02613705728865017,0.04960110013935183,10000
3921,-2.1843966714559215,0.24998797476291656,0.01535020384384591,4,30.4729618310187,1.0,0.03099538834881275,0.04183443713169252,10000
3922,-2.3875411489501337,0.22915274969169072,0.01531799741315751,7,54.51140800976623,0.0,0.019631590409637474,0.03824286614114825,10000
3923,-2.1615193106073316,0.18499525317123958,0.015285858555133825,7,20.654391203701877,0.0,0.03539750749396804,0.029832310387636337,10000
3924,1.0250791965556976,0.20089395344257355,0.015281272797567285,1,2.774995128165056,0.0,0.08011629751058238,0.09505474079731482,10000
3925,-2.025944362588698,0.148477490991354,0.015272105409203297,2,8.86235538386887,1.0,0.05170138444056304,0.08810511741146537,10000
3926,-2.402656045698157,0.18055153212377004,0.015240062837695386,7,57.86260620999103,0.0,0.04765517974928339,0.04904373809718947,10000
3927,-2.0711408043719546,0.23070639371871948,0.015217216455381197,5,13.376489469832524,1.0,0.04344683116635136,0.03737150038247561,10000
3928,-2.264936107124198,0.20605642880712235,0.015185289046988041,7,33.499157698806385,1.0,0.06273758557885808,0.05026629698727794,10000
3929,0.9549859628953993,0.3163855969905853,0.015180733460273946,1,9.510632988966671,0.0,0.049674054469193304,0.06847541619251908,10000
3930,0.6780053066899552,0.1852332055568695,0.015153428625839876,6,9.374051888668768,0.0,0.09371502084772976,0.03585458421191391,10000
3931,0.753499022232877,0.15909646451473236,0.015139794631093209,3,22.272753694352247,0.0,0.05789356837987156,0.10379315061027573,10000
3932,0.4250196416447157,0.22621406863133112,0.015112563431306347,6,40.304110616131766,0.0,0.03552034377444076,0.03591515449073564,10000
3933,-2.0631114979848273,0.15625626097122827,0.015098966204202261,3,9.92021491911862,1.0,0.06959401508255061,0.05701645937408936,10000
3934,-2.1126746275020323,0.20519550144672394,0.015076331339889434,5,17.963885136761153,1.0,0.026012575096431092,0.05946274929341295,10000
3935,0.8587452264639757,0.16623453795909882,0.01505824788187237,4,8.862510530094713,0.0,0.024420411073888117,0.07043061567336152,10000
3936,0.9853077858501097,0.2114163041114807,0.01505373040750781,1,6.581108295031902,0.0,0.07723233026396395,0.15600177764538106,10000
3937,1.0052810260147793,0.19654914736747742,0.015049214288385558,1,3.1102263839507884,0.0,0.057219677555118593,0.10132632014849388,10000
3938,-2.3163917412468873,0.18642021396330424,0.015017639367177716,7,46.104153188957305,0.0,0.05312300128974031,0.03344035859620273,10000
3939,0.8967796375347845,0.25780899822711945,0.015008630135144954,2,10.418090938353004,0.0,0.04023166917448374,0.10491618479662511,10000
3940,-2.0343975910471648,0.15234585106372833,0.01499962630784058,2,14.03640706846992,1.0,0.07677572312115091,0.08288980674821064,10000
3941,-2.1000738433253967,0.14977538834015527,0.014986130693657639,3,15.130771059759411,1.0,0.07276649286379261,0.07940905781898613,10000
3942,-2.2398652230163187,0.14711329340934753,0.014959175881594804,6,35.00045242346207,1.0,0.06456927261392258,0.06607651389794728,10000
3943,0.8016804075581194,0.18107367555300394,0.01494571666187496,3,10.687510200661388,0.0,0.06121887155032675,0.04349988668365042,10000
3944,1.0380582743329938,0.23720192909240723,0.014941232946876399,1,2.5063039672586576,0.0,0.0740228789892397,0.13837984678217718,10000
3945,1.0166484827224482,0.14315447211265564,0.014936750576992336,1,4.849846919022598,0.0,0.0506232686867785,0.16476369137738983,10000
3946,1.0226857460811303,0.14392158389091492,0.01493226955181924,1,2.059508147340325,0.0,0.06515454773740495,0.11194400747072088,10000
3947,0.956842159097413,0.16628888994455338,0.01492331153399241,2,8.625050818525512,0.0,0.04108190267833202,0.056368083581789685,10000
3948,-2.063651661813846,0.16843482106924057,0.014914358890170053,2,17.46867535076733,1.0,0.05581008251307665,0.13742355888363786,10000
3949,-2.300261850641672,0.21236734837293625,0.01488753317050031,6,47.948344679008954,1.0,0.06430689311809387,0.10226048830980969,10000
3950,-2.1243232220773987,0.13903519085475377,0.014856297474215456,7,16.617429103159584,0.0,0.02803826041956921,0.015507369933753585,10000
3951,0.22647825511154923,0.16553820172945657,0.014829576186742867,6,50.76173724956533,0.0,0.023383451714676935,0.06206124648221219,10000
3952,0.8304444852854211,0.16039767861366272,0.014820679775692678,2,15.73256196610695,0.0,0.029494671637106087,0.06587649926778856,10000
3953,-2.3597524388990467,0.1864191187279565,0.01478958434524716,7,55.20243674442561,0.0,0.02398490903514641,0.01698756947988473,10000
3954,0.9719765293803916,0.26496970653533936,0.014785147469943586,1,9.115390841031838,0.0,0.07930910933682908,0.23625418083075797,10000
3955,0.9650464924394315,0.18541072309017181,0.014780711925702603,1,7.53364569868392,0.0,0.03375787106999507,0.0425391098685698,10000
3956,0.8477800197055467,0.20330340415239334,0.014762983051380005,4,10.562533223207609,0.0,0.030559270864591266,0.03627235994536183,10000
3957,-2.0742217865158086,0.1919056385755539,0.014740851859502274,5,13.563356779398958,1.0,0.05603179933299789,0.04813201116571105,10000
3958,0.9827329110949563,0.18265104293823242,0.014736429603944425,1,8.035433994434769,0.0,0.045926583869339524,0.13445226022147733,10000
3959,1.0086591115923242,0.12140348553657532,0.014732008675063241,1,8.5323382218102,0.0,0.07057423540169384,0.1285403915628004,10000
3960,0.6951849272242705,0.19344121515750884,0.014709923916881409,5,11.997323988700908,0.0,0.06458347777289594,0.05210103960185265,10000
3961,0.7717095201602608,0.1451740711927414,0.014696688956638506,3,21.485593824493293,0.0,0.024533889175226784,0.046673924197437246,10000
3962,0.8334611890507192,0.2014426290988922,0.01468787226596653,2,16.270758435748625,0.0,0.0461531058526798,0.05549856709613361,10000
3963,-2.2656883121362967,0.19458021223545074,0.014657055480410708,7,32.94279364395814,1.0,0.042897319668896955,0.05494116868975193,10000
3964,0.5046488590083688,0.17567292898893355,0.014635083084583216,5,37.10060302334709,0.0,0.02221415248852262,0.05096905527876953,10000
3965,1.0242771123076548,0.15832383930683136,0.014630692559657842,1,6.011462365790215,0.0,0.06645639530665341,0.11527900635770495,10000
3966,-2.4114560422734326,0.1587240014757429,0.014599995743469645,7,58.30358063359735,0.0,0.05114075956319432,0.06311942347301379,10000
3967,0.9365344857233715,0.16580703854560852,0.01459123706002318,2,8.377475716918806,0.0,0.0354265358147745,0.09098255193882308,10000
3968,1.009957960538955,0.15553121268749237,0.014586859688905175,1,1.2385701062922632,0.0,0.0787379269117213,0.18471395498997267,10000
3969,0.8948059665597264,0.24128318826357523,0.014573735453243433,3,13.543040581005911,0.0,0.01871307358298438,0.04314318763512896,10000
3970,-2.274083280255009,0.1976083048752376,0.014543158139383582,7,19.183240871962127,0.0,0.0981246310116841,0.024460568699794145,10000
3971,-2.085273340570769,0.15503569940725961,0.01453007322331817,3,8.58417559023264,1.0,0.04028829769364148,0.06872615030418097,10000
3972,1.0297818619346337,0.13416673243045807,0.014525714201351176,1,4.77409258357775,0.0,0.06529147739354046,0.17483331816119657,10000
3973,-2.0,0.18960514664649963,0.014521356487090771,1,8.831952327278959,1.0,0.0722475593691225,0.12697427395922384,10000
3974,0.42653826829403096,0.21308640539646148,0.014499587517660797,5,39.57327248131292,0.0,0.022523838799431165,0.03416376339619278,10000
3975,-2.1035454478819546,0.2189258635044098,0.014486541803392044,3,17.790394737820264,1.0,0.031692246485420246,0.07656805933010094,10000
3976,0.9669818331009532,0.19478745013475418,0.014477851182098773,2,8.818110439251715,0.0,0.05117476307811117,0.12988722842063777,10000
3977,0.49262264486528295,0.2294446498155594,0.014456147431483258,5,32.0705451336143,0.0,0.043934873902136413,0.05446673266417415,10000
3978,0.6542312538761194,0.23446550326687948,0.014425816830338832,7,19.07680554782719,0.0,0.06735177998953625,0.03429094560510779,10000
3979,-2.068060554462728,0.16763504594564438,0.014417162638564145,2,11.69149071244702,1.0,0.024909369381347295,0.05874623136240327,10000
3980,0.9638158856410906,0.21982362866401672,0.014408513638525645,2,6.528393338332748,0.0,0.027147208424070375,0.04837007459858504,10000
3981,-2.1082908990721783,0.1746643309791883,0.014382597757690867,6,22.70687485058273,1.0,0.014727771666678298,0.02301597639115248,10000
3982,-2.190147756106546,0.20647759983936945,0.014356728490469145,6,32.105101308752424,1.0,0.021690560771185405,0.04297468400546382,10000
3983,-2.2705135630454882,0.17872285204274313,0.01432660648129297,7,36.77191329782211,0.0,0.0406970085985304,0.0601269392914281,10000
3984,1.0396601118314346,0.14900749921798706,0.014322308499348582,1,3.4457551051863913,0.0,0.05655570366154519,0.13528094582181852,10000
3985,0.9980299233540443,0.13813073933124542,0.014318011806798777,1,7.3411296625263756,0.0,0.05856913886668304,0.12399896746376143,10000
3986,-2.266569430258583,0.19126022482911745,0.014292258707132494,6,39.54883539463484,1.0,0.06952031712165636,0.0277213065801062,10000
3987,0.9488704083983651,0.17172907292842865,0.014287971029520355,1,9.649938948698317,0.0,0.06933818305824906,0.13549412295095917,10000
3988,0.990432529991716,0.37785646319389343,0.014283684638211499,1,9.959105347934662,0.0,0.06964518812795659,0.16039094100911194,10000
3989,-2.0,0.15299876034259796,0.014279399532820036,1,9.054466671768523,1.0,0.05065342761273438,0.13537814826718841,10000
3990,0.6162624576498591,0.14103850722312927,0.014262271962714342,4,23.324085677622993,0.0,0.031059959216562547,0.03322760974579708,10000
3991,0.6801926851289474,0.21203657984733582,0.014245164936445738,4,25.570269703548853,0.0,0.01154488253273097,0.03277190057370786,10000
3992,1.014737613830562,0.37525784969329834,0.014240891386964804,1,1.9057564815944437,0.0,0.07454711267862212,0.20039344420156993,10000
3993,0.845234245661457,0.18157722055912018,0.014232348133812852,2,14.642418648597891,0.0,0.04448852854793476,0.06856216431354757,10000
3994,-2.148962716582384,0.1381330657750368,0.014215276999983293,4,19.010235984556072,1.0,0.031943784403579936,0.037417013244509544,10000
3995,-2.146047816637667,0.1748213976621628,0.01419396687439507,5,20.993675525011696,1.0,0.039873478185591726,0.0635185163649966,10000
3996,0.8022949185922363,0.22346135477224985,0.014181196136195935,3,17.240629272687375,0.0,0.03336290098255224,0.06797829994802312,10000
3997,-2.0,0.35515397787094116,0.014176941777355076,1,9.187929576026729,1.0,0.06237867427112573,0.14370268402819877,10000
3998,0.8329454529790793,0.15714117884635925,0.014168436888213422,2,15.728166058209025,0.0,0.041858638442259455,0.1047842899798383,10000
3999,0.9769791738455018,0.24085399508476257,0.014164186357146958,1,8.185102150956025,0.0,0.06758175647189904,0.11999492742913082,10000
4000,-2.0249181675792194,0.15589892566204072,0.014142952821555204,5,7.440940563235278,1.0,0.058766756035618394,0.07046764011374229,10000
4001,0.6229071889959181,0.15913023799657822,0.014125988913836542,4,23.32170840839805,0.0,0.058099425838374234,0.0707687829507761,10000
4002,1.0365014549557958,0.22022424638271332,0.014121751117162391,1,2.734259723848042,0.0,0.07368741380514386,0.16278654301443793,10000
4003,0.9177201144730612,0.20908793807029724,0.014113279337449694,2,10.749096213389919,0.0,0.03826184949424162,0.06402818136063108,10000
4004,0.88056978173361,0.16217141350110373,0.014100581196250354,3,12.923976707024067,0.0,0.044888560987258797,0.06753886949102475,10000
4005,-2.313646272949558,0.1583936991436141,0.014070996612515638,7,44.08408220097537,0.0,0.018158033044131498,0.015789529375531394,10000
4006,-2.0841523837075298,0.14913716912269592,0.014062555280937824,2,13.120549757638516,1.0,0.036107945489894794,0.09622817989289721,10000
4007,0.4018185558918615,0.18481890112161636,0.014041474100519851,5,36.401881075650294,0.0,0.06114688262005403,0.07079178314365088,10000
4008,0.237661452908365,0.20887710366930282,0.014012013530029599,7,54.9070779918236,0.0,0.03013842654782861,0.03380639830949616,10000
4009,0.7971342192067657,0.249311164021492,0.013999406500717902,3,17.83712659015245,0.0,0.027831848718677048,0.04602166926011851,10000
4010,-2.049383885987439,0.1576727330684662,0.013991008116764058,2,13.132677162103914,1.0,0.06087513492060827,0.08043097147667554,10000
4011,-2.0444346519977277,0.13663378730416298,0.01398261477108473,2,10.764677027243604,1.0,0.038660372357663314,0.09491575480453188,10000
4012,-2.0253803837818447,0.21598615745703378,0.013970034192719213,3,8.582297534041915,1.0,0.047652011035709915,0.07112035333256779,10000
4013,0.8806505939047321,0.15176460519433022,0.013961653429506659,2,14.566778182645423,0.0,0.044409535878039266,0.085044081434621,10000
4014,-2.404707005682378,0.17445792878667513,0.013936541294028082,6,49.65440773215023,1.0,0.024929475223144093,0.06802742598512206,10000
4015,-2.2080478899252847,0.19889765977859497,0.013919824968702513,4,32.11911167459552,1.0,0.0644308208949683,0.04721720470418565,10000
4016,-2.0668317859434233,0.32137352228164673,0.013907300884207588,3,8.637476815712159,1.0,0.040904936807954664,0.13031231910959284,10000
4017,-2.098638078825215,0.21453294157981873,0.013878121824010969,7,16.930240839070287,0.0,0.036705414922937635,0.035771312278451387,10000
4018,0.5866198263334623,0.17577822208404542,0.013857317127838066,5,26.57723350175531,0.0,0.027432546767784498,0.03892549561220419,10000
4019,0.7502465333456507,0.16003572444121042,0.01384484928352449,3,17.415975417362922,0.0,0.03817722790999858,0.09738065499121604,10000
4020,0.7562608654592751,0.1689761777718862,0.013832392656904816,3,22.75280332908932,0.0,0.04281040141462825,0.07743353305945104,10000
4021,0.8793125918575059,0.16451315581798553,0.013824094466226013,2,15.18578512945624,0.0,0.03207725342683068,0.05954909749879904,10000
4022,0.8702976715271187,0.23435888439416885,0.013815801253714781,2,12.515984771121936,0.0,0.05457016888170772,0.17817590937238922,10000
4023,0.9432768483834695,0.20863163471221924,0.013807513016384667,2,7.599466815176946,0.0,0.03654884522438009,0.06353278019549909,10000
4024,0.8605310653430202,0.2140708714723587,0.013795089982325634,3,12.474809790873634,0.0,0.05431713866692865,0.11426651526165296,10000
4025,0.6692265138341977,0.1891922265291214,0.013774409759209016,5,21.967746143897944,0.0,0.052337457460512854,0.032847482857987206,10000
4026,-2.269357308973244,0.2121564656496048,0.013753760537820455,5,37.05468390245762,1.0,0.06220660389210137,0.06664610914142512,10000
4027,0.6932565189030346,0.22540879746278128,0.013741385866480412,3,26.117255565168655,0.0,0.043951146074630174,0.06331457790696268,10000
4028,-2.2165825783422672,0.17406579639230454,0.013712554914398378,7,32.77204316288481,0.0,0.04517707783517165,0.061426688878914386,10000
4029,0.9972699209761114,0.18367308378219604,0.013708441147924058,1,7.267946995231289,0.0,0.038616086260378706,0.08088113746383098,10000
4030,0.3649953507363648,0.20865733921527863,0.013687890820098483,5,37.570998076156066,0.0,0.06429980506548834,0.07660858637472515,10000
4031,-2.0589047460706866,0.2124361644188563,0.013675575413721344,3,16.702706130071995,1.0,0.052637361799838835,0.10602885288922916,10000
4032,-2.1425597440555557,0.1496338297923406,0.013663271087885117,3,25.69556539723572,1.0,0.05634590976554173,0.1249998136340375,10000
4033,0.9926433991058213,0.1653781533241272,0.013659172106558752,1,7.820394596273561,0.0,0.07383765670149729,0.11060642564645012,10000
4034,0.8706105336300436,0.2359004244208336,0.013650977832620308,2,16.43454353235239,0.0,0.043093818492415885,0.0873926851529654,10000
4035,-2.202891082050654,0.22896274711404527,0.013622336566623606,7,23.33457269090182,0.0,0.022993926761609607,0.02988492046981375,10000
4036,-2.051753181831947,0.24878170490264892,0.013601915318199103,5,12.141857571653986,1.0,0.04032652762178737,0.04405675995995629,10000
4037,0.8936308351396981,0.16207286715507507,0.013593755393180564,2,12.46208014859981,0.0,0.039085903105774825,0.11440987680172987,10000
4038,1.031976321000459,0.3014620542526245,0.01358967726656261,1,6.071455433067611,0.0,0.033150819696607346,0.07109680854368736,10000
4039,-2.0876373614784445,0.20822983980178833,0.013577450225868645,3,11.622168502736944,1.0,0.04707111337985497,0.11035017463882218,10000
4040,0.9478794901682935,0.26550088822841644,0.013569304977703645,2,9.853444241646525,0.0,0.02986988140717172,0.04803643198548045,10000
4041,-2.380855099955129,0.2049067339726857,0.01354083507041773,7,38.02772004396717,0.0,0.06456792965835374,0.05922539891427587,10000
4042,0.8988669553375702,0.3152398020029068,0.013532711788050636,2,10.673436789315957,0.0,0.0482659978500567,0.08491427059479044,10000
4043,-2.093586920110858,0.19798707067966462,0.013512424896155888,5,16.995359627486483,1.0,0.040866074223869266,0.05133363293364887,10000
4044,-2.0,0.14286625385284424,0.013508371168687042,1,5.458468803354388,1.0,0.038125843530558784,0.07729872909008581,10000
4045,1.0140561683411229,0.12024550139904022,0.013504318657336437,1,5.865494600589299,0.0,0.07115443388922506,0.13880778381664205,10000
4046,0.8108458413566398,0.2551734074950218,0.013484074329591608,5,11.657698803456235,0.0,0.04163673540677499,0.04120820945180232,10000
4047,0.6702864374736375,0.20452751964330673,0.013467900720340067,4,24.383940132470563,0.0,0.020371818339151974,0.03638941086712482,10000
4048,-2.065320636600321,0.19909953574339548,0.013455783245661324,3,17.163123815123253,1.0,0.03658720031918964,0.0644071979688498,10000
4049,-2.1661956127024378,0.23754022419452667,0.013435611677365239,5,27.779541287405625,1.0,0.02285026136417501,0.07599771055226655,10000
4050,-2.111873029588087,0.1842053011059761,0.01341949619713177,4,21.023907103705398,1.0,0.03810709323026271,0.10654251978654318,10000
4051,0.911819504242246,0.18112818151712418,0.01341144570716815,2,8.828924258651384,0.0,0.055396932148087906,0.15115395996916556,10000
4052,0.9351859056924576,0.2156696394085884,0.013403400046773963,2,11.748252570710005,0.0,0.047193081947309486,0.08462341961734217,10000
4053,0.4384131122020509,0.17162078619003296,0.013375278226439415,7,22.803227572903438,0.0,0.06259173666585531,0.039921137039661186,10000
4054,-2.2387474438802393,0.2403616692338671,0.013347215408803894,7,32.60226704576583,0.0,0.031101445241313856,0.05967616120124476,10000
4055,0.8664681511247636,0.19695013761520386,0.013339208280808,2,14.330839415177032,0.0,0.03651007037356825,0.08653612766275962,10000
4056,0.9991317701142104,0.20038309693336487,0.013335206518323758,1,3.184661060172698,0.0,0.048828883232701195,0.055166694922802975,10000
4057,0.9891858849199209,0.17499032616615295,0.013331205956368261,1,4.451400013130476,0.0,0.05025693736656903,0.06456214212272648,10000
4058,1.0274770715748325,0.14331939816474915,0.01332720659458135,1,2.2642497305321188,0.0,0.03876162549217141,0.09974446985861972,10000
4059,0.972211411042626,0.17061200737953186,0.013323208432602977,1,6.524613022470243,0.0,0.06387834348204321,0.14254865783034928,10000
4060,-2.4181617301558926,0.17564295658043452,0.013295254863171797,7,59.35978371248483,0.0,0.03222330365376639,0.052246682399599245,10000
4061,-2.0271276709403208,0.1296018473803997,0.013287278906826832,2,5.417466462520277,1.0,0.036443690172341336,0.0726055000584678,10000
4062,0.9864289545054797,0.11665761470794678,0.013283292723154785,1,3.303151312969261,0.0,0.038143386862761634,0.07483122511405756,10000
4063,1.027525135069475,0.1449401080608368,0.013279307735337838,1,1.7295041500001664,0.0,0.05463788497321578,0.14600063424292517,10000
4064,-2.1032117746278516,0.15706840753555298,0.01325940072152692,5,25.697029726304354,1.0,0.046878650413834946,0.06387339209391163,10000
4065,-2.2122196425760334,0.1834918608268102,0.013235551693260683,6,27.958785483898666,1.0,0.040800436357785345,0.05774131979143823,10000
4066,-2.0,0.14299261569976807,0.013231581027752706,1,7.142780573718062,1.0,0.08371583448103713,0.17641392221138633,10000
4067,-2.1032865702905004,0.16511546447873116,0.013215710274144254,4,22.32279409769947,1.0,0.05182480244852773,0.04988612371260705,10000
4068,0.9788837567846946,0.20838692784309387,0.013211745561062012,1,9.079125570796672,0.0,0.091172320158053,0.1928655794196432,10000
4069,1.0494655109650926,0.18297377228736877,0.013207782037393694,1,4.356566181353043,0.0,0.04716070724189082,0.17331082156720878,10000
4070,-2.061663710115696,0.1921423077583313,0.013199858556871643,2,12.751990097392849,1.0,0.03577726391038238,0.07609681213519698,10000
4071,-2.0721074240321284,0.2255316749215126,0.01319193982972479,2,15.671412302566221,1.0,0.033605303403000227,0.04301128691542512,10000
4072,0.9921169773503318,0.14541396498680115,0.013187982247775874,1,3.496039760915428,0.0,0.04391348877770491,0.08138825546000764,10000
4073,-2.3264600226748997,0.18839780134814127,0.013160312397883091,7,47.63275692752594,0.0,0.036758418433738886,0.06202308707060625,10000
4074,-2.0,0.19824141263961792,0.013156364304163727,1,8.733203805604806,1.0,0.06060207443392306,0.09587742927154157,10000
4075,-2.116531168703703,0.18010717133680978,0.013132700602405208,6,17.887400897942786,1.0,0.030277504918122342,0.03291572443329304,10000
4076,1.001692795150206,0.17069120705127716,0.013128760792224487,1,1.28636627184344,0.0,0.01952039871609757,0.05460128771878326,10000
4077,0.9731187867724055,0.13011176884174347,0.01312482216398682,1,9.653191301322265,0.0,0.06774688922091175,0.12731677887174922,10000
4078,-2.020221743877337,0.1567457765340805,0.013116948451922423,2,10.150099642335126,1.0,0.031143322598796194,0.04100646253500152,10000
4079,-2.148306911279051,0.22169500589370728,0.013097284830957102,5,29.386965575516527,1.0,0.05922651124819923,0.07839603692258906,10000
4080,-2.324327023812828,0.17271385490894317,0.013077650687731283,5,41.19013832169339,1.0,0.054013358462340344,0.05740695143488751,10000
4081,0.6609225212702983,0.17780441604554653,0.013061964567425099,4,22.45317164913916,0.0,0.044634466503437754,0.07674007084777476,10000
4082,0.7956522313074014,0.17842590312163034,0.013050212325692178,3,16.16250711839474,0.0,0.029735747026481775,0.045046006125742465,10000
4083,-2.064590852310675,0.29700304567813873,0.013042383372815873,2,18.776123806857726,1.0,0.06444179038587518,0.12098504069155694,10000
4084,0.969268393491977,0.2708148956298828,0.013038470657804028,1,8.18279491679339,0.0,0.056589378823028495,0.0787594991089498,10000
4085,-2.0210117645741468,0.1724778264760971,0.013030648748871705,2,11.130709951275307,1.0,0.036676191217647564,0.047628826753775284,10000
4086,0.900748649303638,0.11605294421315193,0.01302283153238077,2,13.12895589818659,0.0,0.040730199588060005,0.1234547303467918,10000
4087,-2.0504811883711356,0.15464824438095093,0.013007211165464582,4,6.339368503656461,1.0,0.07184348987738608,0.11481331877557782,10000
4088,0.907324431791943,0.17823243141174316,0.012999408009414308,2,10.242869803665851,0.0,0.030345949215340548,0.03485631777789481,10000
4089,0.7848490456073631,0.16453278809785843,0.012987712051695015,3,18.554980766137746,0.0,0.02822953688429438,0.05149308749449629,10000
4090,0.5203965212216012,0.17537486851215361,0.012968242169052164,5,32.56269139844123,0.0,0.027517948078538204,0.05731839962076911,10000
4091,0.8219840284723451,0.1969329466422399,0.012956574252175262,3,14.965005361754903,0.0,0.02754188902111256,0.02797132147918735,10000
4092,-2.0276383201377017,0.18776150047779083,0.01294880147371564,2,6.497271588584894,1.0,0.043324196563022596,0.09119683386722063,10000
4093,-2.0,0.25387686491012573,0.012944916833273527,1,4.362196502075214,1.0,0.06053662755925977,0.17237164259351923,10000
4094,0.8800209343940093,0.2093537151813507,0.01293715104821608,2,14.554778287713056,0.0,0.04669040369598178,0.08387880887972485,10000
4095,0.8923580643954805,0.16416076570749283,0.012929389921930745,2,11.425213534197624,0.0,0.06004157294801207,0.20257628457104856,10000
4096,-2.0,0.14721882343292236,0.012925511104954166,1,4.400558084986453,1.0,0.043586012418632775,0.09548551808270743,10000
4097,-2.158155071288288,0.19325211644172668,0.012898391948638809,7,29.551750582446466,0.0,0.021206529620501548,0.04201023139119084,10000
4098,0.59759727114238,0.20966896042227745,0.012882920842039175,4,27.766870866524375,0.0,0.047877444492856164,0.12704089797788656,10000
4099,1.0277033193276082,0.19586721062660217,0.012879055965786564,1,6.82395282124705,0.0,0.06237732817792961,0.14477538490328945,10000
4100,0.5194734910584219,0.18631640076637268,0.012859748969511432,5,34.91237517020827,0.0,0.045173678752223514,0.05359816374144459,10000
4101,0.985099891651651,0.21233436465263367,0.012855891044820579,1,7.625985342939149,0.0,0.05574335560704274,0.15816114639089737,10000
4102,0.9268561979320072,0.1813342645764351,0.012848178667223882,2,7.419991030022052,0.0,0.05463678426609452,0.12400655333127228,10000
4103,-2.0435665688875915,0.1687058678695134,0.012821221762942508,7,15.540621583411852,0.0,0.03571137840977813,0.04048000517099261,10000
4104,-2.0523292095496646,0.186306931078434,0.012813530183794703,2,8.691361759379104,1.0,0.07587254599299496,0.13346078212389437,10000
4105,0.9520180869505469,0.1338115632534027,0.012809686124739565,1,9.422091216786132,0.0,0.039241474634556246,0.11792551429856815,10000
4106,0.7030461121917945,0.18497171501318613,0.012798160865496693,3,21.556137601266826,0.0,0.057134096848837315,0.17731627988779036,10000
4107,0.8490093256613017,0.18856645623842874,0.012786645975875631,3,17.418870830090647,0.0,0.036912035355685865,0.057644201329296305,10000
4108,-2.13179616505741,0.18825242668390274,0.012771308904112556,4,24.59943223468711,1.0,0.042629447351351255,0.06393802900663206,10000
4109,1.0366767780130994,0.1641375571489334,0.012767477511441323,1,3.800298561897324,0.0,0.028585277313370773,0.05963195322937947,10000
4110,-2.1632202264997247,0.20867839455604553,0.012755990228555232,3,29.492006558028855,1.0,0.02124594636545198,0.05372497152073365,10000
4111,-2.228766383473712,0.2387313342520169,0.012729226745846004,7,32.03159856465023,0.0,0.02170218841407203,0.03178999888651783,10000
4112,0.9090710595938696,0.2873900607228279,0.012721590355428905,2,11.470731215866977,0.0,0.05165008787613376,0.11417475788359788,10000
4113,-2.1580844197652667,0.18795312568545341,0.012706331315287353,4,22.756094008353536,1.0,0.023209076390512395,0.03439391823287053,10000
4114,0.9869176225036382,0.12949439883232117,0.012702519415892767,1,5.676935631107683,0.0,0.06906233288807835,0.15484293857342393,10000
4115,0.9769510409691342,0.0946781188249588,0.012698708660068,1,9.560899063263193,0.0,0.05627501431487279,0.07563871901525894,10000
4116,0.8274561813130437,0.24221634566783906,0.012679672022487556,5,11.452418902555555,0.0,0.052761952215696496,0.06345872423554468,10000
4117,0.7331668719048456,0.16799258068203926,0.012664463261714163,4,20.836229971348676,0.0,0.016711579592869105,0.02748573016172977,10000
4118,0.8290077031928189,0.18794651329517365,0.012653068663841761,3,10.689954904905228,0.0,0.04617625852201808,0.0887316517320993,10000
4119,1.0532487026808621,0.14328143000602722,0.01264927274324261,1,3.72963375764993,0.0,0.07388175951721898,0.15322079520851176,10000
4120,0.4165680205682947,0.20278554558753967,0.012630310215058426,5,38.04842251073444,0.0,0.048634732379771,0.09879551651808113,10000
4121,-2.025030490774185,0.26295024156570435,0.012622733165657311,2,5.888745106203665,1.0,0.04675422525414185,0.05229524601132071,10000
4122,-2.0536256632269563,0.18391269942124686,0.012611376113605362,3,16.313108671026935,1.0,0.08995852128494039,0.13308761209424644,10000
4123,-2.139712904125353,0.15680831670761108,0.012600029279834161,3,26.02288837651975,1.0,0.04546308935883018,0.09281109138113397,10000
4124,0.6018249636118338,0.1774965152144432,0.012584916047353473,4,29.85772966989665,0.0,0.04130303194642127,0.06681075534336708,10000
4125,1.0236153244485797,0.251471608877182,0.012581140572539267,1,1.3904777431621986,0.0,0.050221696819148336,0.07388132304582323,10000
4126,-2.140256994612361,0.18529974562781198,0.012554743943807007,7,20.89003670157779,0.0,0.034933792353631254,0.01905322728529342,10000
4127,-2.2548405224520476,0.1363649219274521,0.012539685029280361,4,37.82282088677278,1.0,0.04776281926609059,0.022954360712393033,10000
4128,0.5734200528335429,0.17859312146902084,0.012520886784067762,5,31.706599430824248,0.0,0.03585386138505494,0.09001195391126816,10000
4129,0.8150201344688061,0.13517238199710846,0.01250962136626347,3,17.324673240115658,0.0,0.026261746942615845,0.07456144694419636,10000
4130,0.9186765641516252,0.16462326049804688,0.012502116719309635,2,9.698682266876723,0.0,0.050488914281877954,0.12399336437764097,10000
4131,-2.3459803445027663,0.1843944936990738,0.012475885891388731,7,51.99596169089203,1.0,0.055026657615374765,0.035734765029345535,10000
4132,0.4251137340997452,0.14806187748908997,0.01245718328748097,5,35.12458983258578,0.0,0.021458425131551637,0.04437811697352396,10000
4133,-2.0957667525753085,0.1576051875948906,0.012438508720651774,5,15.83388949607198,1.0,0.06533408525321767,0.06125588947767791,10000
4134,0.3905454002537201,0.15732824355363845,0.012419862148870753,5,41.00107250622652,0.0,0.04826042229543719,0.062088931621745655,10000
4135,0.9403032214626055,0.20281297713518143,0.012412411349369023,2,9.87231857330087,0.0,0.02887540953543864,0.058616263400278416,10000
4136,0.46228062882476617,0.14748773276805877,0.012393803900164337,5,32.912878481407105,0.0,0.02956856249417063,0.0423431610419219,10000
4137,1.0187776220237583,0.13716387748718262,0.012390085758994288,1,6.0641922911012855,0.0,0.08716151790673309,0.23524928221264385,10000
4138,-2.156620445604755,0.1524381846189499,0.01237151177808816,5,23.90706342059191,1.0,0.05295884607657243,0.06528197974799017,10000
4139,-2.234754830009077,0.21050422319344111,0.012345554973823865,7,34.18074588702382,1.0,0.026394693869464952,0.04001586002414411,10000
4140,-2.2410810501677805,0.18861747426646097,0.012319652629814689,7,30.834860981386964,0.0,0.05120614543469438,0.03409838205706344,10000
4141,-2.102365786270848,0.16718179732561111,0.01229749387996096,6,9.828063565727042,1.0,0.0602571958279307,0.07225023267872542,10000
4142,0.967856350967848,0.13430804014205933,0.012293804631796973,1,7.9249048856658675,0.0,0.03865594955448482,0.09996829350732793,10000
4143,-2.1891618231787247,0.1823825431721551,0.012268010865746795,7,25.65450845633303,0.0,0.025165646594940992,0.029287293235067163,10000
4144,-2.1268367704170585,0.1685433430331094,0.012242271217879474,7,14.442952531492598,0.0,0.08618864879311768,0.04171770920489085,10000
4145,-2.083810044189597,0.1509973183274269,0.012234926956953157,2,10.847979291387158,1.0,0.046736397230135236,0.11146415185199648,10000
4146,-2.1226081833199477,0.18215702686991012,0.012209256722796968,7,25.360657648158206,0.0,0.04743214508206604,0.0208708824890328,10000
4147,-2.0629965548043248,0.1746748983860016,0.01219095382274782,5,14.030547253513083,1.0,0.06590529193431162,0.06881039868070553,10000
4148,-2.4093547604556025,0.19968353637627193,0.012165375849105783,7,57.88020200270984,0.0,0.023371450525260958,0.037485233044239605,10000
4149,-2.3111383850129514,0.1958790762083871,0.012139851540890187,7,29.670881135823077,0.0,0.04852724703355322,0.060887910396284974,10000
4150,-2.1202708914063844,0.13598674784104028,0.012128928951935528,3,21.138786488662344,1.0,0.036682268648896704,0.06237770307983096,10000
4151,1.0041776762654946,0.14302489161491394,0.012125290273249947,1,3.9517217761305505,0.0,0.08578218416068784,0.19694607404542205,10000
4152,0.9299637023668978,0.18732456862926483,0.012118016190362122,2,10.526780889378761,0.0,0.036246900004736675,0.0658965631303167,10000
4153,-2.0942996963558853,0.161406842370828,0.012107113247327984,3,19.47095302755563,1.0,0.03457149879652266,0.05435757657324531,10000
4154,-2.0138752605596157,0.1726301908493042,0.01209985006901978,2,5.928592635001818,1.0,0.07736620221273058,0.13332931339817422,10000
4155,-2.1805790964999794,0.1894106924533844,0.012081711180514845,5,26.711231216796026,1.0,0.0412119535840622,0.11127826113471438,10000
4156,-2.1783952549826266,0.1569543495774269,0.012063599484022565,5,26.16274385565569,1.0,0.01908760607413218,0.058042593436742236,10000
4157,-2.0,0.14789092540740967,0.012059980404177358,1,7.332580056774307,1.0,0.0527488567142285,0.13657021208225,10000
4158,-2.017035172716306,0.17517183224360147,0.012049129677682688,3,3.530629442349577,1.0,0.043458392771733696,0.13536426813660554,10000
4159,1.022735130469903,0.20755654573440552,0.012045514938779384,1,1.5932203368099822,0.0,0.026827657368927713,0.05605171349697991,10000
4160,-2.2850666075861397,0.2399512997695378,0.012020242112051587,7,31.587454712527943,1.0,0.035637774453444696,0.05000738774058138,10000
4161,0.8141848580897495,0.2731632540623347,0.012009427139291564,3,16.064064662654275,0.0,0.04049234894443957,0.056988309273744396,10000
4162,1.0343507099151736,0.13283473253250122,0.012005824311149776,1,3.554099624335738,0.0,0.05145942216087351,0.09193907441589233,10000
4163,-2.2826064393555088,0.1875371305005891,0.01198063475976221,7,41.10021245845886,0.0,0.05694673756986003,0.06587972733504231,10000
4164,0.864723895058144,0.23154544830322266,0.011973447457163482,2,16.98265162665938,0.0,0.045150199993920434,0.1082168899563997,10000
4165,0.8393461842593584,0.17272289097309113,0.011962674586959567,3,15.18399863185806,0.0,0.03436598204862858,0.04992209866227282,10000
4166,-2.384497666015037,0.1907830536365509,0.01193757556848059,7,55.0900792074502,0.0,0.031420147927310765,0.04416820599099492,10000
4167,1.005079843545782,0.20603464543819427,0.011933994295810046,1,6.178290702754596,0.0,0.07157767132900533,0.19343459608625932,10000
4168,0.8776414070145256,0.19206444174051285,0.011926834973292048,2,10.686090803257986,0.0,0.04123847021555961,0.08988931013289324,10000
4169,-2.095737260318808,0.19669316336512566,0.011912529210526983,4,16.559515979574766,1.0,0.03373198953026874,0.05685903178476856,10000
4170,0.5483520352651667,0.1746373288333416,0.011898240606953669,4,35.1151428826084,0.0,0.04193803163337636,0.09836664990775282,10000
4171,1.029173021458556,0.10967664420604706,0.011894671134771584,1,2.521140067217364,0.0,0.05488194564563334,0.1581323706383657,10000
4172,-2.2995558541772967,0.13584881126880646,0.01187683983006237,5,42.6351491499589,1.0,0.05719969561578179,0.03320808517555353,10000
4173,0.7417530714163494,0.14065075665712357,0.011862594034477203,4,17.813771345573205,0.0,0.042263785507899214,0.1158233961473853,10000
4174,0.9959508936525905,0.09062332659959793,0.01185903525626686,1,5.907503523178887,0.0,0.03149017759769376,0.055513783288509484,10000
4175,0.9891552254706725,0.22936727106571198,0.01185547754568998,1,3.9857159045991803,0.0,0.037822520943146025,0.10306805240726247,10000
4176,0.8876446809190183,0.2458755373954773,0.011848365326155547,2,11.421366401485693,0.0,0.031920733686564014,0.07851263120672217,10000
4177,-2.3096964918797385,0.19093808106013707,0.011823506141187743,7,22.939954079913903,0.0,0.09462725639662092,0.03977003860063466,10000
4178,-2.3095564169619536,0.21823418779032572,0.011798699113547997,7,47.34273606809253,0.0,0.02577491272067439,0.04431611883237663,10000
4179,-2.172932130081975,0.1595411023923329,0.01177394413380445,7,26.424907941165742,0.0,0.023323946982408965,0.025359403287905778,10000
4180,1.0325799361762245,0.09863162785768509,0.01177041195056431,1,2.0216511431734423,0.0,0.05334069447286818,0.13073964265509144,10000
4181,-2.0761681988545306,0.2578003257513046,0.011763350762731047,2,18.683546906124963,1.0,0.05032570698663174,0.1603892355009836,10000
4182,-2.0855324634213193,0.22039166944367544,0.011738669947749223,7,11.247409178572969,1.0,0.0660617112575162,0.04956365313975712,10000
4183,0.9957534684742603,0.15312820672988892,0.011735148346764899,1,6.001922330146337,0.0,0.06670008003538654,0.15768899194674724,10000
4184,-2.373377258618225,0.1720759410943304,0.011710526703580682,7,53.58284585919948,0.0,0.03670867997888337,0.10082580047508237,10000
4185,1.0615566716071407,0.18326562643051147,0.011707013545569609,1,1.5610800495312729,0.0,0.036262090341753664,0.06713695033019836,10000
4186,0.9739825512033007,0.1349175125360489,0.011699990391073488,2,4.841011824187401,0.0,0.05066154507981207,0.14521318827002677,10000
4187,0.9525734318362741,0.13579706475138664,0.011692971449837981,2,7.841585896893005,0.0,0.03843993772515622,0.040528973853147784,10000
4188,-2.2035966098521405,0.2377379059791565,0.0116754425131809,5,33.68205381567596,1.0,0.0758626053653121,0.07462118740551639,10000
4189,-2.0,0.16766074299812317,0.011671939880426946,1,1.787804981294676,1.0,0.055960564348298096,0.12216460023921417,10000
4190,-2.0117179951343647,0.20411569625139236,0.01166493776697328,2,6.570240658144925,1.0,0.0413499160343029,0.08770416996224295,10000
4191,0.854021980529952,0.2285531610250473,0.011657939854157497,2,14.419029124534575,0.0,0.05757377260869857,0.10834840659221658,10000
4192,-2.261236201940553,0.168918639421463,0.011633480202956646,7,45.553350027887575,1.0,0.03595859025431928,0.06293594537192089,10000
4193,-2.0,0.1890508532524109,0.01162999015889576,1,5.4077157510435665,1.0,0.10040319028483784,0.23396081029194007,10000
4194,0.7537700862243308,0.202947864929835,0.011619526307536088,3,20.26364596025514,0.0,0.057256375222026056,0.11984141879791885,10000
4195,-2.092439619709995,0.1972942277789116,0.011605589149256438,4,18.815399862303448,1.0,0.0402789833186307,0.09556313167221281,10000
4196,-2.283220328014898,0.1828286988394601,0.011581239335642502,7,45.68443515265502,0.0,0.03797893987195989,0.034903270637985775,10000
4197,-2.198435683335349,0.20692900036062514,0.011556940610639011,7,34.04793093680041,0.0,0.03452500458969488,0.048836150800899474,10000
4198,0.9295880711225891,0.25250209122896194,0.011550007486397285,2,11.673784023131898,0.0,0.03134441742284783,0.09426921574128785,10000
4199,-2.047562233883647,0.1480372523268064,0.0115396155978497,3,6.798555507948878,1.0,0.05709522956898979,0.08553232137850895,10000
4200,-2.117267013249821,0.200839849455016,0.011515404204066033,7,19.7755349347879,0.0,0.027971420233890112,0.01670711730095086,10000
4201,0.8945793894234808,0.18563158810138702,0.011508495997929972,2,14.10922557887975,0.0,0.05393541237962519,0.1176773922406359,10000
4202,-2.0076073025368983,0.2448263317346573,0.011501591936095854,2,5.744830796781227,1.0,0.02457258315866678,0.06427415652019051,10000
4203,0.9027560777975192,0.21748339384794235,0.011494692016077472,2,9.607718527671192,0.0,0.04008964004554795,0.07387681562866498,10000
4204,-2.5461226168106528,0.19884411352021353,0.011470574876952397,7,64.9074138768488,0.0,0.09224433475433914,0.021763192148248164,10000
4205,0.8733218228905393,0.16870900988578796,0.011463693564377965,2,15.055382620753763,0.0,0.04067145314353825,0.0776852366712569,10000
4206,-2.0348158390945907,0.3452188968658447,0.01145681637997176,2,11.035000121331825,1.0,0.05650359903538672,0.13863699529163181,10000
4207,-2.1189757477957594,0.17854617039362589,0.011446508338260875,3,24.569147291774808,1.0,0.03788590572168506,0.07392478109094242,10000
4208,0.9785964035421247,0.21015018224716187,0.011443074385759398,1,7.861838492911884,0.0,0.064423192009013,0.20070518880936558,10000
4209,0.8866122363320005,0.14084038883447647,0.011436209571004639,2,13.0085458503051,0.0,0.049891113695875705,0.0953617164080535,10000
4210,0.5456620822893796,0.17152964004448482,0.011412215134537645,7,24.67359346199011,0.0,0.04322735608964797,0.03864458522708732,10000
4211,-2.025329038851121,0.19513123482465744,0.011405368832556285,2,7.186420628842485,1.0,0.04182562138172338,0.07943262767392031,10000
4212,1.0299842102683365,0.17986631393432617,0.011401947221906518,1,4.4804088773279585,0.0,0.07611944277401378,0.1287049964706217,10000
4213,-2.0,0.2555272579193115,0.011398526637739947,1,8.559646020264452,1.0,0.0634898694368364,0.16356152562207096,10000
4214,1.0239392314559193,0.12515588104724884,0.011395107079748626,1,2.6225339320264784,0.0,0.01702011856595304,0.040904155817174735,10000
4215,1.0531419568525113,0.1285419911146164,0.011391688547624701,1,1.275597620137422,0.0,0.05480198484221251,0.11819617658530149,10000
4216,0.9813180968135302,0.15635204315185547,0.011388271041060414,1,8.515307225629158,0.0,0.036455217790125276,0.11221961242794992,10000
4217,0.8340116352309308,0.2267402485013008,0.011381439103380173,2,14.325808726352316,0.0,0.049421188541677756,0.06700446963964814,10000
4218,-2.0935603573340944,0.210753433406353,0.01136778752120413,4,18.24625614984566,1.0,0.018199159069528396,0.0400203047334642,10000
4219,-2.0720456689145013,0.21849770843982697,0.011357559581430749,3,19.766313740057086,1.0,0.05080254560174773,0.05884779326062131,10000
4220,0.7684948464590147,0.24075181782245636,0.011343936641788682,4,19.403926457636935,0.0,0.030202138154608822,0.09414185734232124,10000
4221,-2.2967813357214584,0.1856435053050518,0.011323532864023583,6,44.530406236229915,1.0,0.0400593673702033,0.053256276977670054,10000
4222,-2.164263988607053,0.15889456016676767,0.01129977483578872,7,20.74220450368945,1.0,0.056231533445170075,0.03805420232082595,10000
4223,0.8343294917820894,0.3474544361233711,0.011292995987866983,2,18.19699889761703,0.0,0.03776886793629795,0.0933688354185733,10000
4224,1.0322901877014,0.14210806787014008,0.011289608089070624,1,3.6699237963570948,0.0,0.041142347985310954,0.09549466264069663,10000
4225,0.9543294265019013,0.1808483749628067,0.011286221206643902,1,9.351203644005754,0.0,0.048683404827802076,0.08876986497694331,10000
4226,0.9808996999827021,0.19846633821725845,0.011279450489679826,2,4.847697177918656,0.0,0.04609527879643163,0.09491736901399456,10000
4227,0.5007719919908735,0.24492392937342325,0.011259162699967034,6,33.51331280020202,0.0,0.01821680158656436,0.028217198897593217,10000
4228,-2.3439504944564393,0.19834337383508682,0.011235539727477888,7,52.37358304384827,1.0,0.05290006705833606,0.07005704941195859,10000
4229,-2.0426604082621673,0.17723273485898972,0.011228799414839978,2,8.80954467010105,1.0,0.0726834145792045,0.10833046907959937,10000
4230,0.964177979912642,0.22726550698280334,0.011225430775015525,1,7.2330960112003915,0.0,0.04755282830889388,0.09838154499761112,10000
4231,0.7984653921003579,0.22748298197984695,0.011211966318605873,4,16.380827728149207,0.0,0.023854527878336137,0.05572873020489591,10000
4232,0.8302740897852073,0.2642306983470917,0.011205240147891678,2,15.855955485436525,0.0,0.034797207661079806,0.07051856912411364,10000
4233,-2.0612507650990457,0.16129980236291885,0.011198518012274557,2,16.549195450260093,1.0,0.04803395127718556,0.10437140127688913,10000
4234,0.8154596622886319,0.18249163031578064,0.011191799909333814,2,16.289811641625942,0.0,0.028662855075305787,0.06232732303443357,10000
4235,-2.1427698043163717,0.18937793746590614,0.011178375791805943,4,22.135681404175994,1.0,0.01924014983745252,0.04604092475592781,10000
4236,0.8795228816954941,0.18766002357006073,0.011171669772384681,2,12.124864843903818,0.0,0.04494520642790137,0.10341205839516202,10000
4237,0.5998445989577277,0.21713530719280244,0.011154922319213001,5,32.70865515198075,0.0,0.0449450723863013,0.05013943537369539,10000
4238,-2.315985502475127,0.21543661008278528,0.011134858512161245,6,43.81916879495508,1.0,0.024084714907785746,0.030995050698521598,10000
4239,1.0334952926001406,0.28113579750061035,0.011131518054607596,1,2.8687991275875655,0.0,0.08756816677998389,0.160942615093096,10000
4240,-2.074343939299103,0.18830188177525997,0.011118166242759705,4,11.144415375628023,1.0,0.03571182231527636,0.05325775586343496,10000
4241,-2.031580990948179,0.1788286603987217,0.01111149634364901,2,13.440419988809579,1.0,0.04345306731666202,0.1006002613258565,10000
4242,0.9974990092218983,0.2259518802165985,0.011108162894745916,1,8.317712572635532,0.0,0.060971304033915055,0.09924218671565009,10000
4243,-2.225324401660555,0.17224293308598654,0.011084856736600757,7,38.92934993920795,0.0,0.028435493095438417,0.03838557580537633,10000
4244,0.9700138464345811,0.24045461416244507,0.011081531279579776,1,6.450398849652369,0.0,0.03694044996813571,0.09243034491874672,10000
4245,-2.1573812804187793,0.20065687596797943,0.011064918953046995,5,15.54108556884801,1.0,0.05543732649100874,0.033854264766821386,10000
4246,1.0063914882027762,0.18337897956371307,0.011061599477361081,1,2.128960275978591,0.0,0.07902071120313628,0.21040177237675564,10000
4247,0.8443652424880984,0.21769400437672934,0.011051647024164654,3,14.1101238590257,0.0,0.03838693467888459,0.08222775971901247,10000
4248,0.7812725709587298,0.1822440673907598,0.01104170352548921,3,17.554588575097,0.0,0.02742136831103696,0.06027979012115798,10000
4249,-2.0917187288334245,0.15722155074278513,0.011031768973278098,3,21.43379588002068,1.0,0.03762882830480986,0.06373767869235653,10000
4250,0.9318277588990551,0.15276700258255005,0.011028459442586114,1,9.940299166414833,0.0,0.03805124149546169,0.06618454281922745,10000
4251,-2.2394735900024694,0.2243732362985611,0.011011926676058497,5,28.284126887813176,1.0,0.07429651379746403,0.0579697419056633,10000
4252,0.9443417851228366,0.188055582344532,0.011005320511126264,2,12.475761722091264,0.0,0.06881276866415362,0.1395259836797722,10000
4253,0.977395868002775,0.1808926910161972,0.011002018914972926,1,9.710135083165294,0.0,0.07895448885356854,0.14367836896485792,10000
4254,-2.007109426477006,0.23283035308122635,0.010995418693805646,2,5.959392897398842,1.0,0.04788102436395471,0.08507578974709892,10000
4255,0.9552590248027967,0.1591031327843666,0.010988822432177046,2,3.87232007269123,0.0,0.055374396627822446,0.05925563347381086,10000
4256,0.9883810257037452,0.19224126636981964,0.010985525785447394,1,8.452023733441749,0.0,0.058938303030739256,0.13102953380836357,10000
4257,-2.189027172845893,0.20139485970139503,0.010972349085502434,4,33.60279885312221,1.0,0.022221606427682537,0.03614051942035982,10000
4258,1.0295397652048126,0.09638087451457977,0.010969057380776784,1,3.7989721297190684,0.0,0.06838864465530985,0.16644800471482904,10000
4259,1.0400961009944212,0.25673598051071167,0.010965766663562552,1,1.0237061347483227,0.0,0.033313714599875414,0.05304383437342656,10000
4260,0.40015169895553804,0.185413264802524,0.010942759268508528,7,27.69036524387767,0.0,0.06367777690792979,0.06099083246309444,10000
4261,-2.1618425685793414,0.18464834775243485,0.010919800145521874,7,22.399962925232916,0.0,0.03173370402876839,0.05167761720706275,10000
4262,0.8589354969786493,0.21177498499552408,0.010909975273442112,3,10.701784466211251,0.0,0.05006992381173647,0.13609297000458714,10000
4263,-2.2846943906718766,0.17728653337274278,0.010887084934914318,7,43.32935372943477,0.0,0.04408120149997712,0.05558276107381698,10000
4264,-2.4167162839322005,0.17093354037829808,0.010864242622856318,7,41.259968226472175,1.0,0.01735981889192211,0.020917023386808932,10000
4265,0.8913863981821752,0.16160399839282036,0.010857725055064441,2,14.56100486674287,0.0,0.054539279710139305,0.052126486890797796,10000
4266,-2.1519242680464,0.16252196729183196,0.01084144823650325,5,19.227102023148923,1.0,0.05795090146342986,0.06896553557143646,10000
4267,0.9857561933363063,0.2662017345428467,0.010838195802032298,1,8.147136504356869,0.0,0.041539315827652835,0.06395351617103433,10000
4268,-2.144807051089576,0.16074155569076537,0.0108219482597796,5,14.952543783175486,1.0,0.06606806616595803,0.06993348312992193,10000
4269,-2.1306077013228077,0.16052630841732024,0.010805725074221879,5,19.568349857842207,1.0,0.03024155930615729,0.07567918763052241,10000
4270,-2.1187823307496516,0.21879579623540243,0.010796002838909096,3,15.842463311740666,1.0,0.03486256099175478,0.06550867554564363,10000
4271,-2.0979508990560625,0.21240270882844925,0.010786289350983354,3,14.092452548224896,1.0,0.021887885964196423,0.04491902542296952,10000
4272,-2.073071079280874,0.18334216624498367,0.010779818548138807,2,14.972404625470833,1.0,0.04963217311356885,0.1089529249380734,10000
4273,-2.042679107514135,0.15812886506319046,0.010773351627193594,2,11.23566166567404,1.0,0.0784089835077789,0.07593442086319427,10000
4274,-2.2409521302518436,0.1852988260132926,0.010750747940233302,7,35.931586421582885,0.0,0.029776269544489746,0.03490769207614328,10000
4275,-2.2997013336665435,0.16973651306969778,0.010728191678316013,7,42.89880698234448,0.0,0.02175248834110997,0.03522467164332764,10000
4276,0.982063127816975,0.1309489756822586,0.010724973220812518,1,9.180766921156298,0.0,0.04243019901958649,0.06754941998717603,10000
4277,0.9762637208779723,0.2063395380973816,0.010721755728846274,1,8.335588994435696,0.0,0.05757739887942934,0.08122790014423116,10000
4278,-2.219515652245877,0.17067260046799979,0.010702471037116142,6,38.4526707993913,1.0,0.05790481943836907,0.07554701955460372,10000
4279,-2.1773152968922913,0.22186389033283507,0.010680016065497658,7,24.051225003954393,1.0,0.05088760188667894,0.031260539034252514,10000
4280,-2.2037618664963894,0.20840400829911232,0.010667205812274382,4,30.65458460514152,1.0,0.025767293644863656,0.05664803266631076,10000
4281,-2.0,0.17372402548789978,0.0106640056505307,1,1.5536236019171055,1.0,0.05313348380086215,0.10429850814487099,10000
4282,-2.2159060922182414,0.19865982979536057,0.010644824831010107,6,34.25134356735518,1.0,0.054645204862571344,0.040914798341727586,10000
4283,0.7135400255454029,0.22235044836997986,0.010635247362477493,3,19.70206350114018,0.0,0.02362573608409395,0.05017882981776452,10000
4284,0.9275865679472691,0.25928811728954315,0.01062886717123227,2,11.21437535988727,0.0,0.0157012070634114,0.05963895446088204,10000
4285,-2.3788529330783352,0.18945337193352835,0.010606566628690374,7,52.52284763470408,0.0,0.03251915598369588,0.034255479726788156,10000
4286,-2.1344976376696763,0.19895019133885702,0.010597023582211167,3,23.088026575548447,1.0,0.03736936755849172,0.0560264575383919,10000
4287,-2.0214410681080457,0.2867698073387146,0.010590666321793963,2,4.135360300693933,1.0,0.05003368615252638,0.10202597329764941,10000
4288,-2.100250637030931,0.1421897754073143,0.010574789851051912,5,22.660122519304593,1.0,0.06219232661499036,0.08432528850201625,10000
4289,0.9964310857269844,0.24153867363929749,0.010571617414096597,1,2.3958412028273806,0.0,0.05400662727517825,0.11134920107200785,10000
4290,-2.026223629457189,0.19744708637396494,0.01056210581247518,3,5.990762476449696,1.0,0.045885149815834275,0.08500345931064072,10000
4291,-2.0,0.10537253320217133,0.010558937180731438,1,7.358649671778749,1.0,0.06292551044555515,0.0923166618332177,10000
4292,0.3890123594363999,0.21338415997368948,0.01053678335906797,7,39.22909768626236,0.0,0.03340343715491449,0.03350889375228561,10000
4293,-2.2964557446230485,0.2484075746365956,0.010514676018580206,7,44.170092509598035,0.0,0.027064470809701188,0.04026707891020527,10000
4294,0.9608254257953665,0.15550342202186584,0.0105083681592899,2,9.091086008358072,0.0,0.04511102923551058,0.08739984540363774,10000
4295,1.0423888936503445,0.16494430601596832,0.010505215648842114,1,4.92199342672345,0.0,0.06216942557060013,0.12783816938520937,10000
4296,-2.0451157591636737,0.1691563824812571,0.010495763790882741,3,8.555911330539457,1.0,0.07698024422728461,0.1138125410682907,10000
4297,1.0075396334544262,0.15811994671821594,0.010492615061745477,1,5.87774279064652,0.0,0.04629692794147763,0.09903842143458813,10000
4298,-2.159994519640173,0.22327260971069335,0.010476885579673833,5,27.87043367973918,1.0,0.02243319827915938,0.04677408308021252,10000
4299,0.8179657901223053,0.21688200533390045,0.010461179677673009,5,18.553145394192367,0.0,0.028508361522190863,0.04489830592523996,10000
4300,-2.2043441131383217,0.19688551723957062,0.010445497320394116,5,37.85890735893436,1.0,0.015693292517790433,0.03069427140950505,10000
4301,-2.4227008463594752,0.19099993790899003,0.010423581508143192,7,61.944262075440435,0.0,0.051428377516356934,0.06207898721942536,10000
4302,-2.110374602694217,0.19233152642846107,0.010411078837941774,4,18.712950633832186,1.0,0.031293283607852856,0.06156140605439687,10000
4303,0.7175253648441426,0.2293296903371811,0.010401711677697816,3,22.172078701350053,0.0,0.03817400184782221,0.045253849851559856,10000
4304,-2.2526182935781796,0.21240060925483703,0.010386118468913741,5,31.390834455660524,1.0,0.03254703916645858,0.06188713445319061,10000
4305,-2.148552872958895,0.2080611859758695,0.010367437471322386,6,20.604475933114273,1.0,0.041925907800058934,0.048437640107632594,10000
4306,-2.3166556028534737,0.1703176647424698,0.01034568543729514,7,48.615877678150156,0.0,0.018382323755985544,0.020991162577370943,10000
4307,0.7158449848423947,0.18862909078598022,0.010333276200323274,4,22.377618896857815,0.0,0.021758645936597716,0.05779953474352981,10000
4308,-2.053390576384553,0.14443392306566238,0.010327077164597938,2,10.16276122634934,1.0,0.09099686970767978,0.14339973370095793,10000
4309,0.9815903038123153,0.1787402480840683,0.010323979041448559,1,8.999809488200796,0.0,0.0673614872601102,0.17726527392811559,10000
4310,-2.2360831116093096,0.20393534111125128,0.010302318188028674,7,30.3755944649442,0.0,0.022587856873200238,0.02365813772568456,10000
4311,-2.2951166833796695,0.20791512089116232,0.010280702781482421,7,42.09570257774852,0.0,0.04610506438023976,0.04565126527022608,10000
4312,-2.2328201220488038,0.14846025655666986,0.01026221138987418,6,21.180520801325336,1.0,0.0911620083349533,0.052071407345152684,10000
4313,-2.0496308805634142,0.18023964017629623,0.010256054986639281,2,8.252230980061128,1.0,0.09428686591480945,0.09482159328423036,10000
4314,-2.0,0.2162686586380005,0.01025297817014329,1,3.471315197293852,1.0,0.03476842097545168,0.051235305078675894,10000
4315,-2.113542844633229,0.19822454204161963,0.010234536645422202,6,19.142436542242756,1.0,0.04198445796690488,0.02862208793257657,10000
4316,0.9341469491095686,0.19133734703063965,0.010228396844543249,2,10.93145260977799,0.0,0.05448968359245762,0.1355612013009067,10000
4317,0.8092609963916987,0.20879086355368295,0.010219194048774142,3,18.59345836915232,0.0,0.04034435778934863,0.0729142184421032,10000
4318,-2.108833566806507,0.19886513302723566,0.010209999533036722,3,22.293763156276853,1.0,0.034719647114020896,0.0779896403645137,10000
4319,-2.046823899136267,0.15881505608558655,0.01020387445221686,2,9.140661898680676,1.0,0.05398082214085685,0.08085687787947998,10000
4320,-2.165628256626494,0.23731825394289835,0.010182465591550153,7,21.27238572363613,1.0,0.06094000811011383,0.05038146171098061,10000
4321,-2.020083138265766,0.14188943058252335,0.010176357028617126,2,8.585916846839346,1.0,0.07092292002004887,0.16862587578415764,10000
4322,-2.235537171729802,0.18752319046429225,0.010155005902558046,7,29.54926873138801,1.0,0.061233605320729745,0.021506002726671445,10000
4323,1.015983518125531,0.1828407645225525,0.010151959400787279,1,6.692127993529181,0.0,0.07064570677872477,0.121105356998875,10000
4324,-2.120163951080582,0.19301561017831168,0.010133699573530231,6,22.927990146487737,1.0,0.03574547033449048,0.042541117111594855,10000
4325,-2.1484559096275335,0.18209948922906602,0.010112437947544541,7,20.039423600954404,0.0,0.024397344338779117,0.04496145731165972,10000
4326,-2.0,0.4661247134208679,0.010109404216160278,1,6.71657547333545,1.0,0.061559119254279496,0.10682981769019537,10000
4327,0.714500312114734,0.17298676570256552,0.010100308481631919,3,20.91775735168865,0.0,0.054533941942924505,0.1300993240769594,10000
4328,1.0124373641998008,0.12052961438894272,0.01009727838908743,1,2.9989136736766526,0.0,0.03793960776657852,0.12934373255428142,10000
4329,0.6474326780463606,0.24501670002937317,0.010082141556328495,5,17.064965940327784,0.0,0.055322653626887076,0.07648032852473582,10000
4330,-2.2718624851397204,0.2268409218106951,0.010060988104782983,7,38.38164055159875,0.0,0.04437080664256586,0.015167005621624263,10000
4331,-2.0340175947014334,0.214376762509346,0.010054952417409042,2,11.563418987717956,1.0,0.03416517570819317,0.09195255552109402,10000
4332,1.032369617427406,0.13655555248260498,0.01005193593168382,1,2.735395252716032,0.0,0.03415736060473195,0.06969507807847881,10000
4333,-2.0483326934824433,0.2286819020907084,0.010042891903096604,3,7.9935501430338505,1.0,0.0417884941370535,0.11559490190369903,10000
4334,0.7543446493585099,0.25699763496716815,0.010033856011693475,3,22.47747861606222,0.0,0.03636004338419147,0.041901137454011333,10000
4335,0.814843983825088,0.23503616452217102,0.010024828250153162,3,16.085931140109558,0.0,0.020700679561758063,0.058218002172268905,10000
4336,-2.269337357421567,0.15730687379837036,0.010009800027417061,5,44.40697342610409,1.0,0.048285846045708875,0.05080510068957747,10000
4337,0.8896932993754175,0.16377592831850052,0.010003795048282615,2,13.66106049509545,0.0,0.03730005628756288,0.05269033569452421,10000
4338,0.7885221036630052,0.14284713566303253,0.01,4,16.80396229236303,0.0,0.027963112253314548,0.06432588325717684,10000
4339,0.9039469388246164,0.20359462002913156,0.01,3,10.763902194166771,0.0,0.05344179330946451,0.07469838619086774,10000
4340,0.960446551511392,0.22366833686828613,0.01,1,8.728029010584407,0.0,0.06657600629948586,0.10259687696051213,10000
4341,-2.3838657836814776,0.19805521624428885,0.01,7,52.51956203957689,1.0,0.036084436513349215,0.04645983452037465,10000
4342,0.8591652323202827,0.18668446689844131,0.01,2,12.189599420751563,0.0,0.03894345666086749,0.0792489396707989,10000
4343,0.969885996331442,0.12744006514549255,0.01,1,9.851191969848237,0.0,0.0438581181079934,0.0805656653547454,10000
4344,-2.0954735739746058,0.18051405747731528,0.01,6,12.207272174770392,1.0,0.05293213139205091,0.030020872469754357,10000
4345,-2.06563624472568,0.17758742719888687,0.01,2,11.972591044274242,1.0,0.03381193994364779,0.039600485043838216,10000
4346,-2.0,0.19266769289970398,0.01,1,6.553326271878646,1.0,0.0643063609976636,0.11895691231917373,10000
4347,-2.2580565180812004,0.20024700462818146,0.01,7,40.875411250662786,1.0,0.05867873271639839,0.021430174055968063,10000
4348,0.8409091246525535,0.22461534291505814,0.01,2,13.997738408540254,0.0,0.039796248729793135,0.07310396869925634,10000
4349,-2.1906813605945676,0.20390219880001886,0.01,7,30.988673151761603,0.0,0.03568893305075627,0.04013336432791906,10000
4350,0.9049909748489633,0.16052699461579323,0.01,2,13.592807760370594,0.0,0.036094516381614435,0.10947814276255803,10000
4351,-2.2333130223155417,0.16181400865316392,0.01,5,39.863080488348125,1.0,0.0313110075148994,0.026237657843903955,10000
4352,-2.023902842020936,0.16198857128620148,0.01,2,7.449232840533882,1.0,0.04561921842832207,0.10551838702515533,10000
4353,0.9653157122642521,0.12032186985015869,0.01,1,5.789623925569478,0.0,0.06703338043628362,0.1886462921673266,10000
4354,-2.2595099876358176,0.20893914004166922,0.01,6,37.876231153381255,1.0,0.05388184910141322,0.048970512308413566,10000
4355,-2.122268309163467,0.23172667026519775,0.01,5,13.613269365682772,1.0,0.046333869401649894,0.14525027757998202,10000
4356,-2.132350440515808,0.19849523529410362,0.01,4,23.26036770727955,1.0,0.04556715059675149,0.10998524743552866,10000
4357,-2.3662660215440607,0.2238920224564416,0.01,7,47.41226204971493,0.0,0.046517327923990784,0.0284853673420686,10000
4358,0.9911517984684032,0.1716155856847763,0.01,1,3.0144298770905706,0.0,0.07547908969319314,0.2170746022854244,10000
4359,0.8906901278958493,0.15836701542139053,0.01,2,11.977056826375755,0.0,0.06420389947079025,0.12277007000105271,10000
4360,1.0000888535220565,0.13742920756340027,0.01,1,6.777255255620434,0.0,0.04157821759211234,0.09816287873639623,10000
4361,0.9619123759956042,0.1486441195011139,0.01,1,7.003420095365258,0.0,0.07964603921155107,0.16904337595773727,10000
4362,-2.0766904299864977,0.1920090690255165,0.01,4,16.027973300224865,1.0,0.05976953414873779,0.055161249577842804,10000
4363,-2.0960229407018804,0.22325032949447632,0.01,7,14.308297739735961,0.0,0.031824283064337426,0.04883995508425538,10000
4364,1.0571565274240466,0.1381586492061615,0.01,1,1.633596954059884,0.0,0.0886150736983539,0.18491255734751882,10000
4365,-2.2183115611684467,0.15477743297815322,0.01,5,35.910501361689455,1.0,0.06262214255677748,0.11670306784920582,10000
4366,0.7202961476582967,0.23312871158123016,0.01,3,23.33923859455748,0.0,0.03382540408735829,0.06196833789345606,10000
4367,0.5812958452732258,0.21009860187768936,0.01,4,27.143744364954344,0.0,0.019471695240336664,0.02096360816799745,10000
4368,-2.0,0.16410410404205322,0.01,1,4.326473100808218,1.0,0.037961497002289055,0.1017001442039199,10000
4369,-2.1964125278289925,0.19384203354517618,0.01,6,28.966551456206602,1.0,0.07431957920949409,0.09294100410864586,10000
4370,-2.0776315478140477,0.1656719371676445,0.01,4,15.786428699589406,1.0,0.06653661544810682,0.07136433198849389,10000
4371,-2.278694931107209,0.18646366681371415,0.01,7,34.60379856570276,0.0,0.02959565369612275,0.047299685522229594,10000
4372,-2.3006806691621016,0.2517093658447266,0.01,5,42.903797992005664,1.0,0.06784055093888004,0.06491885209369022,10000
4373,0.8621304671565937,0.18165720999240875,0.01,2,14.415053609799283,0.0,0.057326819350149084,0.13972363297368662,10000
4374,-2.064060725331291,0.1695011928677559,0.01,4,11.43066098138837,1.0,0.07175440907008356,0.07088038997156978,10000
4375,-2.397803790234555,0.1637113434927804,0.01,7,58.93594713104295,0.0,0.03025710983773779,0.06265381964154629,10000
4376,0.7810073928509897,0.17593079308668771,0.01,3,16.57957213212286,0.0,0.04728903800457565,0.13314497118362376,10000
4377,1.015682358343488,0.2193978875875473,0.01,1,6.03429956898192,0.0,0.08023637133950719,0.13020478753212555,10000
4378,-2.4172721863116164,0.18881055286952428,0.01,7,47.26472384211388,0.0,0.04726165320362456,0.06531814947309479,10000
4379,-2.0864160163339567,0.1927102009455363,0.01,3,13.546798466223262,1.0,0.028312734680711476,0.06841164462450565,10000
4380,-2.050437810927023,0.3205939531326294,0.01,3,14.948222051552548,1.0,0.029273868333157236,0.048965264271038166,10000
4381,-2.2670303036630566,0.1787090301513672,0.01,7,23.67669993849041,0.0,0.12887617377001157,0.03441316349757455,10000
4382,-2.1381633598163647,0.171201561888059,0.01,3,18.854329131726725,1.0,0.039207009792175465,0.11082972290701562,10000
4383,-2.0670597074201043,0.2007578214009603,0.01,3,7.753170298796656,1.0,0.04677355133453265,0.06862911543129914,10000
4384,-2.2075515277536577,0.2202850260904857,0.01,7,26.967737218521677,0.0,0.06743389306563305,0.026867963184347955,10000
4385,-2.049026334321276,0.16228701174259186,0.01,2,14.29854947154119,1.0,0.04672771130752255,0.11416288464411681,10000
4386,-2.2928016652382546,0.1471770363194602,0.01,7,43.77747644309234,0.0,0.015340080028100998,0.009680964506671583,10000
4387,0.8278163885715876,0.26748452087243396,0.01,3,11.424694476446183,0.0,0.03083825642753494,0.07069249348531353,10000
4388,0.8149538039415741,0.1269597988575697,0.01,4,11.665802167719056,0.0,0.0900183657288547,0.10056373084674045,10000
4389,0.993920435846977,0.43805569410324097,0.01,1,7.610392361449245,0.0,0.05092120757831739,0.11844872031523362,10000
4390,-2.4270484248479667,0.21027729979583196,0.01,7,57.19178454370349,0.0,0.054782435718473396,0.037565359221514764,10000
4391,-2.016844514154867,0.16594352573156357,0.01,2,7.06221321648375,1.0,0.04655619824132529,0.10534838868922324,10000
4392,0.7430535718115653,0.19610609486699104,0.01,4,19.03715811116019,0.0,0.04130735574056239,0.06165296263559818,10000
4393,1.0357279123118432,0.26654648780822754,0.01,1,1.643624441684655,0.0,0.040947831115715635,0.07931279157164448,10000
4394,-2.0972996627251432,0.23629799857735634,0.01,4,16.082981966780586,1.0,0.0623317842694817,0.08390273360313366,10000
4395,-2.5153499144588976,0.2085801437497139,0.01,6,45.793124443024645,1.0,0.10548649693521094,0.05108704546182112,10000
4396,-2.0789707476625012,0.14922515898942948,0.01,5,12.465452153014612,1.0,0.06906637115989613,0.08065576755414082,10000
4397,0.9767537464416717,0.17191075533628464,0.01,2,6.243345405639798,0.0,0.047778192271181706,0.06450478311970326,10000
4398,1.0369251859844701,0.21829348802566528,0.01,1,1.3341697307576705,0.0,0.06238567320811395,0.1308750393174084,10000
4399,1.0411395873938134,0.15235325694084167,0.01,1,2.663065392709062,0.0,0.07368298122610571,0.1275190994858544,10000
4400,0.9141928936451952,0.1369982250034809,0.01,2,9.36603731952394,0.0,0.05463459384756385,0.10125841431997085,10000
4401,0.9418069535260654,0.2069522738456726,0.01,2,9.211008186944749,0.0,0.0440172420482267,0.14794242252744724,10000
4402,0.9882349775450748,0.16391107439994812,0.01,1,8.6923254772666,0.0,0.0411924490692182,0.07921246674690503,10000
4403,-2.1117118819918512,0.16898180544376373,0.01,7,19.7523250489387,1.0,0.03402298450541993,0.022970174015197416,10000
4404,0.9959950324766985,0.17670908570289612,0.01,1,7.935687602216642,0.0,0.0626247861846873,0.11422316875875214,10000
4405,1.0116416761012563,0.26619452238082886,0.01,1,6.728679809929986,0.0,0.04991167616338644,0.040328167188710524,10000
4406,-2.340037172996216,0.18501913334642137,0.01,7,33.38595831717642,0.0,0.0883253884048761,0.02173010959161721,10000
4407,0.9667808578438385,0.3149275779724121,0.01,1,6.776840559211987,0.0,0.07051555103470672,0.1745952787214796,10000
4408,-2.200162720240885,0.21102330684661866,0.01,5,31.668528024544756,1.0,0.05201004092951455,0.04212276723197649,10000
4409,-2.552919478889509,0.1987450761454446,0.01,7,64.19682175038938,0.0,0.08895486205925231,0.028614889189521243,10000
4410,0.8316580536398169,0.19890981167554855,0.01,2,18.887828314378197,0.0,0.050499447811066446,0.12595055957914697,10000
4411,-2.4556197321356206,0.1698708917413439,0.01,7,55.92863047226079,1.0,0.08747278496162009,0.06166354604009783,10000
4412,0.959876577814531,0.19485311955213547,0.01,2,9.374289364007563,0.0,0.02698014849705717,0.07735941805243324,10000
4413,0.8528751243763024,0.22893605381250381,0.01,2,9.237487108187587,0.0,0.052414068647243,0.11541771740995757,10000
4414,1.0398807932761813,0.18746402859687805,0.01,1,2.0000175401078235,0.0,0.06987382611807348,0.17303036081208523,10000
4415,-2.050112724745314,0.2494700849056244,0.01,2,16.045365921475806,1.0,0.07050914716263103,0.11282777136020165,10000
4416,0.9067216515787111,0.17786367237567902,0.01,3,7.208617861196512,0.0,0.029934901435394054,0.04860518322365906,10000
4417,0.9010188902301428,0.17663615942001343,0.01,2,9.569442318821922,0.0,0.05198540100543222,0.08317381865024391,10000
4418,0.6749810607133953,0.2111370861530304,0.01,4,27.244223171528922,0.0,0.01930875137418827,0.03912211684853551,10000
4419,-2.0158827876268792,0.11892903223633766,0.01,2,4.265684241001659,1.0,0.05064132673541509,0.09359281384380558,10000
4420,-2.0,0.1322564035654068,0.01,1,3.6797997907398368,1.0,0.04797348983738499,0.10249359989958506,10000
4421,-2.051975633826835,0.16204419881105422,0.01,5,15.199695329831695,1.0,0.0671986083953453,0.09231601854795991,10000
4422,0.9135479818052255,0.14535227417945862,0.01,2,11.90274590177583,0.0,0.07372586264594652,0.15197702349888803,10000
4423,1.0224315404404458,0.15558409690856934,0.01,1,2.4851198539565686,0.0,0.0558118104133069,0.12117849503397403,10000
4424,0.731162347443535,0.15337194999059042,0.01,3,23.032543779736134,0.0,0.04226590652003734,0.08818497931578147,10000
4425,-2.264328086258129,0.2221589003290449,0.01,7,26.556393343694225,0.0,0.03070777226036437,0.019692367252846767,10000
4426,0.9905869228220103,0.16640633344650269,0.01,1,7.281476969617081,0.0,0.06860052332711039,0.11587232414917466,10000
4427,1.0340482603014598,0.2530841827392578,0.01,1,1.2792932728495954,0.0,0.0632774351414393,0.12949320242629717,10000
4428,0.8846602952390411,0.17313844710588455,0.01,3,10.529878268960855,0.0,0.014699282601054003,0.041339109832529336,10000
4429,-2.190154294743039,0.20560272889477865,0.01,7,25.86172897374353,0.0,0.033274626930265096,0.05402375503044289,10000
4430,-2.4418046097777584,0.17086918652057648,0.01,7,56.75987408335592,1.0,0.06036080247258486,0.033271392692828826,10000
4431,-2.0418334189811858,0.17716143280267715,0.01,4,9.335548080419969,1.0,0.06244667624860954,0.1209949430654747,10000
4432,-2.432003905704251,0.14766393708331244,0.01,7,48.052776783001065,0.0,0.027077588602380635,0.04664937975908191,10000
4433,0.9367017223420244,0.22979625314474106,0.01,2,7.273397797253473,0.0,0.04813610588419688,0.10999667598864639,10000
4434,1.046199738496139,0.12502160668373108,0.01,1,2.4455017720507226,0.0,0.047032871946166274,0.06947497232544862,10000
4435,0.7469092969697375,0.16894056648015976,0.01,4,16.825708653165826,0.0,0.019887846899654282,0.0424436906526162,10000
4436,-2.016663693444598,0.14098993440469107,0.01,3,6.858419220562974,1.0,0.05791823899856015,0.10440561880048536,10000
4437,-2.024839338584558,0.1955844834446907,0.01,2,3.064741824606629,1.0,0.03320728895671448,0.043145143021269566,10000
4438,-2.108439766373227,0.21642976626753807,0.01,4,14.118688013005745,1.0,0.02982617761574908,0.06817943651201051,10000
4439,-2.2813818304989484,0.21457359194755554,0.01,7,38.27483700273203,0.0,0.022628121919255333,0.05703948820729597,10000
4440,0.8986691675866483,0.22468862682580948,0.01,2,10.543020459526119,0.0,0.046193537284847166,0.12088181874079161,10000
4441,-2.023161215908404,0.17589447647333145,0.01,2,6.055708408577327,1.0,0.05089753712807737,0.14308147508614763,10000
4442,0.627210269825266,0.23183951526880264,0.01,4,25.71868229870518,0.0,0.04429264844261533,0.05706601157425438,10000
4443,-2.3934447480952623,0.16869469306298665,0.01,7,53.56936313508828,0.0,0.06302226586706138,0.0535388693766667,10000
4444,-2.1735402238692205,0.1624576896429062,0.01,7,27.764540269811405,0.0,0.039068170153676134,0.0328716484484394,10000
4445,0.6225330562705117,0.23869581893086433,0.01,4,23.74299023747638,0.0,0.0417535113228461,0.06881211348544836,10000
4446,0.7204289937662604,0.14210367699464163,0.01,3,24.37681829394578,0.0,0.061410885719255806,0.13622790926846756,10000
4447,-2.0740493737713033,0.28717002272605896,0.01,2,18.327812602644315,1.0,0.06384280699089631,0.144247873672348,10000
4448,-2.409175780085069,0.18020656385592052,0.01,7,60.34248276272304,0.0,0.044795558573565195,0.03613718097669855,10000
4449,0.8995121576652502,0.2039278745651245,0.01,2,11.277031379805674,0.0,0.05655111475274566,0.16220914906281564,10000
4450,0.94552651666418,0.20657598972320557,0.01,2,7.279818358446257,0.0,0.06280923015846004,0.1500395682848622,10000
4451,-2.2401046819159114,0.18197829063449586,0.01,7,39.91741349842276,1.0,0.033813589957003724,0.0636969378930505,10000
4452,0.994739149084127,0.0641479566693306,0.01,1,9.926482704908736,0.0,0.044754411815971284,0.081295497458199,10000
4453,-2.0,0.10253030806779861,0.01,1,5.18512291242755,1.0,0.0823861245279957,0.2409010627269051,10000
4454,-2.17956891814768,0.15249506756663322,0.01,4,20.660276149314758,1.0,0.05217965898696892,0.06253690888689648,10000
4455,0.9628101059898032,0.19831439852714539,0.01,1,8.905702100183646,0.0,0.0644753245069432,0.11590124054991965,10000
4456,0.9382432280347356,0.18912890553474426,0.01,1,9.415078853408763,0.0,0.07185471693209576,0.16450875075933385,10000
4457,-2.1047085392792875,0.16420278449853262,0.01,3,19.96156466952046,1.0,0.022741655539444388,0.043020787323921186,10000
4458,0.8600023697038215,0.2591591030359268,0.01,2,15.075047080886169,0.0,0.016475630802675674,0.028471218534707538,10000
4459,0.9173790528461562,0.15142713487148285,0.01,2,10.903902292389514,0.0,0.037069802799876074,0.07518830094533845,10000
4460,-1.9980531231231553,0.2092595472931862,0.01,2,2.2152564080981474,1.0,0.054395672883906857,0.07367955352404115,10000
4461,0.9134805382241681,0.18731141835451126,0.01,2,8.611274872121495,0.0,0.048051598696944704,0.07785587255202306,10000
4462,-2.098419497482993,0.31492382287979126,0.01,3,14.865552716757154,1.0,0.033208763381406936,0.06624618677426061,10000
4463,1.0279342144648649,0.16262418031692505,0.01,1,3.5750559796405437,0.0,0.08922470508381829,0.1972003361370972,10000
4464,-2.0726490271502094,0.1628461867570877,0.01,5,15.886619210748721,1.0,0.0138691704052591,0.025979314077786843,10000
4465,-2.0175184261743335,0.16764932870864868,0.01,2,10.570995844175515,1.0,0.042895000179774795,0.06998626791350791,10000
4466,-2.0,0.23176851868629456,0.01,1,6.223634994352235,1.0,0.060376131108972504,0.17361450035371606,10000
4467,-2.302509708730282,0.2069645800760814,0.01,7,37.76239217738998,0.0,0.07518774002287248,0.046524161943221905,10000
4468,-2.0606600922491256,0.22063513845205307,0.01,2,13.50208148772272,1.0,0.040025495329079994,0.09062388204544518,10000
4469,0.9934897789379885,0.18721994757652283,0.01,1,3.8960574136128026,0.0,0.039554422250981706,0.06367182456397032,10000
4470,1.0236365222689838,0.2388300597667694,0.01,1,3.759309928851824,0.0,0.039779926347089316,0.08210886882536216,10000
4471,-2.201025901461671,0.15816175937652588,0.01,7,25.289792572188876,0.0,0.02155755278795825,0.0489381885424789,10000
4472,-2.013582356936044,0.27765512466430664,0.01,2,10.784467033813737,1.0,0.05984672034836972,0.09347939002912799,10000
4473,1.009679971351481,0.18592725694179535,0.01,1,2.861775405418911,0.0,0.06243299897336634,0.08352963192568663,10000
4474,-2.176309441462678,0.14648215721050897,0.01,6,18.05466891325045,1.0,0.03902870673413253,0.021041239770199834,10000
4475,0.8741218401596467,0.14416223019361496,0.01,2,12.801440338842864,0.0,0.04917864640748193,0.09362172646649955,10000
4476,0.983262044176049,0.1210295632481575,0.01,1,5.949923309427119,0.0,0.03490651471715918,0.06094104079328991,10000
4477,0.8885895994730484,0.13156082853674889,0.01,4,9.877444807553765,0.0,0.04179962100493666,0.09476491280061981,10000
4478,0.9361697200670467,0.3167866915464401,0.01,2,8.337410375245677,0.0,0.06509810114529958,0.10462722954239517,10000
4479,-2.3032912885512458,0.20504874416760036,0.01,7,33.70975085060105,0.0,0.03946403086428781,0.034177596610802115,10000
4480,0.9982318820906567,0.2997826337814331,0.01,1,6.320379300606859,0.0,0.07043812761379196,0.16113191138297733,10000
4481,-2.1809415478118477,0.1760187273224195,0.01,6,22.906388917984614,1.0,0.050969821136417064,0.019269199873371518,10000
4482,-2.1211084412757932,0.18939535692334175,0.01,4,18.543382340471457,1.0,0.06522924243107434,0.08744072284541876,10000
4483,-2.235307439613862,0.16762601708372435,0.01,6,36.88072337883068,1.0,0.04983494841282873,0.0438889140147507,10000
4484,1.016987758857161,0.126708984375,0.01,1,7.360729245638751,0.0,0.042417641053334454,0.07476355169763911,10000
4485,-2.273484893536999,0.16633903831243516,0.01,5,35.29338726584328,1.0,0.04036088145358728,0.06779287747898605,10000
4486,-2.0,0.1772419959306717,0.01,1,6.736904923192871,1.0,0.054396436526649355,0.10290303532053488,10000
4487,0.9193269369885056,0.14206525683403015,0.01,2,11.46408541308464,0.0,0.042159011703313494,0.05566662094029072,10000
4488,-2.4297485524678906,0.18292726576328278,0.01,7,40.62801494563842,0.0,0.13525120763795953,0.039753938943399084,10000
4489,-2.0178723964572023,0.1835545152425766,0.01,2,10.206180622673699,1.0,0.05126629134094654,0.1320959868811053,10000
4490,-2.311457950955649,0.17721925250121526,0.01,7,34.42791458948722,1.0,0.1231907982740396,0.07710636056007399,10000
4491,-2.070171995857971,0.2757608890533447,0.01,2,12.607242689227295,1.0,0.033802816424334935,0.06915845223780784,10000
4492,0.933859295262535,0.23163119703531265,0.01,2,11.597770637418236,0.0,0.02917555801755977,0.06409995098462674,10000
4493,-2.0993409414724167,0.21266997357209524,0.01,3,19.168349952526818,1.0,0.03603231527704281,0.10153454554923722,10000
4494,0.8328816715929779,0.27676597237586975,0.01,2,16.933564224329853,0.0,0.05240312466885948,0.08487958179617018,10000
4495,0.8956722511129742,0.16145667433738708,0.01,2,13.564816639395874,0.0,0.042945233937320755,0.09574108549688037,10000
4496,-2.25326371123106,0.14841026599918092,0.01,7,29.97296294212081,1.0,0.031086366469606854,0.025393282782470106,10000
4497,1.0438441689636413,0.21745231747627258,0.01,1,2.5765705225943694,0.0,0.0634922684423889,0.13726857026957767,10000
4498,0.8799548182317257,0.17846015095710754,0.01,2,13.132563836975336,0.0,0.06577656435533219,0.1270481546157939,10000
4499,-2.2049891263933774,0.19623806646892003,0.01,7,30.89096090002769,0.0,0.022838185134910337,0.020293500826855198,10000
4500,0.3777879306573439,0.21627900962318694,0.01,7,37.921011385802245,0.0,0.03701871786513448,0.024471498370660077,10000
4501,0.5399960991159757,0.15188972949981688,0.01,5,26.846129124959226,0.0,0.03141686966345302,0.04748128717791907,10000
4502,-2.052148548126874,0.13367939492066702,0.01,3,17.537387370987574,1.0,0.022920997545809303,0.06236537559430225,10000
4503,-2.0262863368464767,0.16260278224945068,0.01,2,6.113126648845106,1.0,0.05750962084935946,0.13007764691358287,10000
4504,0.8507510991659156,0.23267020285129547,0.01,2,14.992272878054823,0.0,0.037477980585987065,0.10296949778733173,10000
4505,0.9708492055681119,0.17566436529159546,0.01,1,7.369099037200883,0.0,0.04904826174021375,0.12454615755218598,10000
4506,-2.0,0.19821658730506897,0.01,1,9.59380750383664,1.0,0.054648076655612624,0.13869531112498107,10000
4507,-2.0726402859837,0.19265955438216528,0.01,3,10.945451096168,1.0,0.04016925255517918,0.059260638894518616,10000
4508,0.9126969106109476,0.17672841995954514,0.01,2,10.775474649877717,0.0,0.039783368645973614,0.08887441897772486,10000
4509,0.7006705700598389,0.1765064001083374,0.01,3,24.594351021222444,0.0,0.044875040457281856,0.1088922880352858,10000
4510,-2.190595748485461,0.1633851985846247,0.01,7,23.125793257871727,0.0,0.06324059216913708,0.05149858739276317,10000
4511,-2.0130168259883416,0.23309004306793213,0.01,2,7.292784620644305,1.0,0.06502609764651729,0.09237994580107103,10000
4512,-2.060526604499871,0.17452426254749298,0.01,3,13.42120359314471,1.0,0.02606199824834303,0.03875164756607082,10000
4513,0.897467049606538,0.21921174973249435,0.01,2,10.732895178102083,0.0,0.054339421361572,0.06741842424201565,10000
4514,0.858993253869359,0.1622949242591858,0.01,2,15.193361671457655,0.0,0.036211813513928076,0.08837508550350724,10000
4515,0.7639177221090231,0.18713716665903726,0.01,3,20.918351617232695,0.0,0.03910959223264911,0.08256613695206873,10000
4516,-2.0315314486339235,0.18969649821519852,0.01,3,10.003351792406647,1.0,0.02527054133025095,0.05007727455044779,10000
4517,0.8915719018135376,0.1845269277691841,0.01,2,12.57292990744295,0.0,0.051607159742639665,0.10733627758930278,10000
4518,-2.246974199119506,0.19990002736449242,0.01,4,35.78503704826396,1.0,0.06879353442173573,0.07427183808673402,10000
4519,0.7991374603581329,0.1441381685435772,0.01,4,11.893719261194498,0.0,0.05365994369137517,0.15018272480845007,10000
4520,0.8799046498077572,0.19224388152360916,0.01,2,11.613627856665554,0.0,0.049472528432137994,0.12249326241387047,10000
4521,1.0235178012778392,0.08027607947587967,0.01,1,1.287906617304647,0.0,0.04626712600722581,0.15581045255135267,10000
4522,0.8701065906148545,0.15436528623104095,0.01,2,15.659568679079154,0.0,0.03619455293524028,0.05214130724519509,10000
4523,-2.221620632506983,0.22084794299943106,0.01,7,26.90533553603555,0.0,0.02966829000354041,0.031622208898954646,10000
4524,-2.0,0.20095089077949524,0.01,1,1.8961357340633587,1.0,0.08905769519731094,0.13354076134594725,10000
4525,0.907147878988507,0.27166303992271423,0.01,2,11.691445422954388,0.0,0.04718428947211191,0.11367620397205723,10000
4526,-2.1249368379872786,0.2169407946722848,0.01,7,24.972780750882652,0.0,0.029184527593477727,0.0523608911350433,10000
4527,1.0234343944125939,0.16014364361763,0.01,1,1.4058970735519263,0.0,0.04171849412854718,0.0524542580828877,10000
4528,-2.2442612190759204,0.18231454491615295,0.01,4,39.83662011828965,1.0,0.06969766061713539,0.07859472131139554,10000
4529,-2.308918045809276,0.22775700092315673,0.01,5,44.046361837198546,1.0,0.04847911741089016,0.0798720392895543,10000
4530,-2.0880622789927687,0.19221997261047363,0.01,3,13.431920412585445,1.0,0.031075002746958787,0.08590705911327172,10000
4531,0.2079292033313867,0.14639326930046082,0.01,7,40.2014985340937,0.0,0.07898236180021091,0.02911907335443477,10000
4532,0.75119490676145,0.1571542888879776,0.01,5,12.47597830966573,0.0,0.044283279249990495,0.06397624204728747,10000
4533,-2.0553130584540935,0.13736717402935028,0.01,2,15.396457099566902,1.0,0.04164520445896707,0.09451174449036825,10000
4534,0.8748440770559106,0.14049208164215088,0.01,2,11.63200449330744,0.0,0.0384965031715032,0.06523366519391197,10000
4535,-2.2694775827314944,0.13630556634494237,0.01,7,43.812237330775474,0.0,0.025452624379702107,0.0248217410869229,10000
4536,-2.1889700478916403,0.19265910344464438,0.01,7,35.558168925053245,0.0,0.04907823597775704,0.03853230574239386,10000
4537,0.9561938980390701,0.21235831081867218,0.01,2,7.524487170236649,0.0,0.05026859834021976,0.1507247403741353,10000
4538,1.0122839592511128,0.14661958813667297,0.01,1,5.471663536119278,0.0,0.057500822519383106,0.1508393195422426,10000
4539,-2.0859427925461143,0.19655431807041168,0.01,2,14.473108439248914,1.0,0.058571685781070096,0.1930803980798888,10000
4540,0.9434529585933144,0.1561766415834427,0.01,2,8.426574498044069,0.0,0.04257590592386636,0.06651136896267691,10000
4541,-2.136454206729219,0.21039956382342748,0.01,7,24.878375208766805,1.0,0.036043409920149164,0.054316959977164,10000
4542,-2.274757176993311,0.19207334305558885,0.01,7,39.58308685311102,0.0,0.03739500357452959,0.05819493330100857,10000
4543,-2.0697852677380593,0.18625201284885406,0.01,2,16.240091841443302,1.0,0.05325439833911539,0.07291167998091819,10000
4544,1.0029072558137184,0.20427286624908447,0.01,1,4.249432261236164,0.0,0.06825408060981543,0.16257550141013258,10000
4545,0.5564470570152507,0.23416597644488016,0.01,6,27.310788705102212,0.0,0.03339758975186703,0.05345532343337434,10000
4546,1.0124729237871315,0.1651589274406433,0.01,1,2.4482115728931486,0.0,0.08266107328127374,0.18966863676970597,10000
4547,0.9351936438132181,0.17085080593824387,0.01,2,10.810185721697449,0.0,0.025363573668895453,0.06309959259345209,10000
4548,0.9837320548933335,0.29534202814102173,0.01,1,4.139978332737341,0.0,0.08742816880808967,0.22861196408688894,10000
4549,-2.1209641513563953,0.18806853517889977,0.01,4,18.81927531558086,1.0,0.07588223141527456,0.1377310389617039,10000
4550,-2.0,0.21471872925758362,0.01,1,3.5381727086591743,1.0,0.05338741042580076,0.1428184789468981,10000
4551,0.7175487946512178,0.17643549740314485,0.01,5,21.69001981415358,0.0,0.02307550961649229,0.029581738211760147,10000
4552,0.906935164509803,0.15718680620193481,0.01,2,12.799210407000157,0.0,0.05459219560977784,0.11908218820935859,10000
4553,0.7811283363220474,0.1983517954746882,0.01,6,14.355910429717182,0.0,0.02545389421962718,0.0473144911050753,10000
4554,0.9700993848086575,0.1160619705915451,0.01,1,5.6005738875758775,0.0,0.06542021393499821,0.14936760756660403,10000
4555,0.7400469522786036,0.15900512536366782,0.01,3,18.932843178341507,0.0,0.04051797369611709,0.08208746391511602,10000
4556,0.9250383933231497,0.1625884547829628,0.01,2,6.851198976895912,0.0,0.04544918429420004,0.06624510431997417,10000
4557,-2.067263499585243,0.19938865602016448,0.01,5,16.60065398804871,1.0,0.06500016685948122,0.08125744820199382,10000
4558,-2.0261099244197336,0.18304070830345154,0.01,2,6.38135829347543,1.0,0.024897007338044348,0.08441609867112333,10000
4559,-2.191329869525359,0.18708334863185883,0.01,5,29.5808848972028,1.0,0.07236461622592533,0.044171638830383636,10000
4560,-2.138712011208232,0.1630420506000519,0.01,5,22.835744021844807,1.0,0.03484842186921691,0.06320618643860641,10000
4561,-2.3231861069675044,0.1634642162493297,0.01,7,35.845397012212004,0.0,0.045191410047853584,0.038872212687272985,10000
4562,-2.0384596434172457,0.15512318909168243,0.01,2,9.313681058644326,1.0,0.05617753448209575,0.1527880721893405,10000
4563,-2.2413779685655757,0.172303373614947,0.01,6,29.534358133834168,1.0,0.03411943187622325,0.07456024561300642,10000
4564,-2.3191841378022104,0.1941762775182724,0.01,5,45.74139351403309,1.0,0.0415568270128485,0.05235755307987322,10000
4565,0.6969439362438448,0.15870442489782968,0.01,3,23.647284326472892,0.0,0.042206688121237367,0.11361809949078566,10000
4566,1.0090368635726028,0.12639787793159485,0.01,1,6.822254757075058,0.0,0.06633289741062068,0.15002338892771536,10000
4567,0.9339093026067697,0.16335293650627136,0.01,2,9.054071639787594,0.0,0.03116828849372437,0.043405854053113375,10000
4568,0.9944293743686297,0.09484276920557022,0.01,1,5.260185588762327,0.0,0.02770702644214936,0.06861624990802422,10000
4569,0.9489213361317083,0.18542640656232834,0.01,2,11.188422975110374,0.0,0.054572605862503135,0.198470500904471,10000
4570,0.8368587752000937,0.1557219922542572,0.01,2,13.192610237486726,0.0,0.028095357980311906,0.08711562094025482,10000
4571,-2.0,0.197147935628891,0.01,1,2.394881562402655,1.0,0.0623930359039878,0.1660524516460044,10000
4572,0.907692098372706,0.2013849914073944,0.01,2,9.528863083398537,0.0,0.0485238998927341,0.10069934530012686,10000
4573,-2.0813453380240663,0.2046351619064808,0.01,4,14.596984325885172,1.0,0.06145989291945224,0.06593404535364557,10000
4574,-2.254714897972244,0.2139648824930191,0.01,5,42.30597396132617,1.0,0.05776162077129154,0.05030914656704355,10000
4575,0.7084432874365926,0.16175756603479385,0.01,4,13.33545575115431,0.0,0.041120341979590025,0.023224738952115957,10000
4576,-2.287165366754462,0.2241830199956894,0.01,5,37.88606255740255,1.0,0.03153488851839378,0.050455994304488175,10000
4577,0.8941356243737444,0.19743937253952026,0.01,2,12.405376263908117,0.0,0.062444140650073414,0.17569634410287233,10000
4578,-2.042632329878347,0.2166730761528015,0.01,2,9.751566288327195,1.0,0.048329850517602566,0.1101494495841165,10000
4579,0.803362229332056,0.21397898718714714,0.01,4,18.555532404600637,0.0,0.023299343525073294,0.054554030528984096,10000
4580,-2.25983799176055,0.1518507793545723,0.01,5,38.619502159844345,1.0,0.02121148722543392,0.011064116438916137,10000
4581,1.0093998599414076,0.23592665791511536,0.01,1,4.800391401208518,0.0,0.042403146248763735,0.05503006383463184,10000
4582,0.8027705274197647,0.15849063048760095,0.01,3,14.867774618394895,0.0,0.03734125944700088,0.09038938490804609,10000
4583,-2.129009616891216,0.1527793010075887,0.01,6,13.01474058484221,1.0,0.0620532950511036,0.05060196475483068,10000
4584,-2.2814673478523777,0.18666597668613708,0.01,7,42.65932120250524,0.0,0.02394033225547887,0.032242188056795955,10000
4585,-2.0265922145628004,0.1885753075281779,0.01,3,5.084730204573392,1.0,0.02848345930413813,0.06983709208113521,10000
4586,-2.3736293298562554,0.17343176688466752,0.01,7,56.99350979120967,1.0,0.049447695925812954,0.04611265643689728,10000
4587,-2.409237791830279,0.22930482029914856,0.01,7,57.54538638031206,0.0,0.014210375792934457,0.0299072655158078,10000
4588,-2.232115361537034,0.1703753277659416,0.01,5,39.145377832876896,1.0,0.05149060735897689,0.050054069248819756,10000
4589,-2.1516096374556715,0.1527873668819666,0.01,4,23.032531478778928,1.0,0.03236972261159455,0.07325259205091988,10000
4590,0.7559494643707839,0.22199861705303192,0.01,3,20.38596468289821,0.0,0.022000932153863798,0.04888458473241846,10000
4591,-2.0,0.21528878808021545,0.01,1,2.161135603917417,1.0,0.06185980095260542,0.1112729626463313,10000
4592,-2.357350867849351,0.21785467330898559,0.01,7,44.80530073253133,0.0,0.02641337634117193,0.03614181454369833,10000
4593,0.8441598344058595,0.17871807515621185,0.01,3,13.522689750290034,0.0,0.01597097683544907,0.019067153250124168,10000
4594,0.8686931225998938,0.17734602590401968,0.01,3,15.093575131345416,0.0,0.03045529193039746,0.07438444836837298,10000
4595,1.0158945906876757,0.14080826938152313,0.01,1,3.635186193769251,0.0,0.06872173741879464,0.09162869743097837,10000
4596,-2.081249752413851,0.17449515561262766,0.01,3,13.666974559442465,1.0,0.028122267533777445,0.08313589404060949,10000
4597,0.8216326426872348,0.2132380704085032,0.01,3,15.79641777350372,0.0,0.031114053137305326,0.07850336736659512,10000
4598,-2.009847868593895,0.19310876727104187,0.01,3,11.455953349881455,1.0,0.059773799237223826,0.1649733408251275,10000
4599,0.9172976411974832,0.27578581869602203,0.01,2,6.728620303762011,0.0,0.07518536286291885,0.07757898268890998,10000
4600,-2.057463631840864,0.16865484416484833,0.01,2,17.348887764110934,1.0,0.03297776356441335,0.048087908938012944,10000
4601,-2.237443611816239,0.17180074006319046,0.01,6,33.04088279744409,1.0,0.10448965815367427,0.07168275017936043,10000
4602,0.9136984956122538,0.21246066689491272,0.01,2,2.9012291171151454,0.0,0.0741695558021558,0.09055936705819266,10000
4603,-2.336084900796087,0.20959196559020452,0.01,7,43.42264222440339,0.0,0.04527522318476426,0.06912278642178653,10000
4604,1.0058842874606504,0.19908438622951508,0.01,1,2.504379718056312,0.0,0.08957328046727754,0.15773502418023086,10000
4605,1.0316836400216662,0.15010520815849304,0.01,1,6.5426112968584995,0.0,0.07242678393469076,0.13998961134058924,10000
4606,0.278254352521411,0.2178368479013443,0.01,5,36.696341955824565,0.0,0.06023604717225917,0.0290836532880361,10000
4607,0.8221025566337408,0.201362873117129,0.01,3,15.259958340503594,0.0,0.04680316675592022,0.10625194798785749,10000
4608,-2.3516456123228564,0.21433853251593454,0.01,7,49.64610412103162,0.0,0.02393892025165907,0.03316089298233605,10000
4609,-2.129429428920937,0.21603502333164215,0.01,3,21.45464410373164,1.0,0.03623179207417439,0.08501451708129225,10000
4610,0.7208911000049947,0.22388248518109322,0.01,4,19.942145333376093,0.0,0.041523798614752354,0.06854409797692025,10000
4611,-2.3371541372092697,0.19017026254108974,0.01,7,48.35315706585094,0.0,0.05747971837194277,0.06960053155944691,10000
4612,0.7122175968765296,0.2043192058801651,0.01,5,16.91222297457616,0.0,0.04248968301056068,0.08730546281318798,10000
4613,-2.4374204580374577,0.16981598734855652,0.01,7,57.63719822645833,0.0,0.016811244471405612,0.05872516880472109,10000
4614,0.9632860853014632,0.18308717012405396,0.01,1,6.794268925979537,0.0,0.0538472041409683,0.10236780793037173,10000
4615,-2.038875490994027,0.19962746649980545,0.01,2,10.755174950772425,1.0,0.06791278499811167,0.1475720438387833,10000
4616,1.0194430904196226,0.15877512097358704,0.01,1,3.303932893132437,0.0,0.08017738717457441,0.21084048926182083,10000
4617,-2.2768944315665753,0.22844362365347998,0.01,7,36.1896069911336,0.0,0.04854350039905015,0.03202677438758726,10000
4618,0.8215814378730507,0.18653021256128946,0.01,3,15.47309976063115,0.0,0.044662050168579354,0.10357911104053952,10000
4619,-2.1169263304164985,0.21251389980316163,0.01,5,15.39305490708233,1.0,0.026010773933296167,0.04651784444760362,10000
4620,0.8678899745364205,0.21554510792096457,0.01,3,11.189073048055956,0.0,0.040346501880250574,0.10330485306364266,10000
4621,0.955837942813594,0.16960780322551727,0.01,2,7.824165981902574,0.0,0.030233519814168667,0.07161234669316391,10000
4622,-2.3036606649132074,0.16040593811443873,0.01,7,36.569606796169985,1.0,0.08909829969475042,0.0655178505743529,10000
4623,0.7578059404395555,0.18705443541208902,0.01,3,18.35131638064015,0.0,0.030551983909511023,0.06370685112205304,10000
4624,0.9306306142261932,0.12897083908319473,0.01,2,11.137022243566086,0.0,0.03768241096304108,0.05665372394257699,10000
4625,-2.21751600221548,0.20174474020799002,0.01,6,26.04990156181686,1.0,0.04394597562470745,0.0570188169548497,10000
4626,-2.0268626376379237,0.21859387308359146,0.01,2,5.303623167998156,1.0,0.03476821254305559,0.053981740259333263,10000
4627,-2.0947584638462495,0.25889092187086743,0.01,3,17.71896007796765,1.0,0.03221906930846882,0.044568788109569074,10000
4628,0.39182036696459815,0.16988429427146912,0.01,6,44.08824776926405,0.0,0.04433643581690856,0.08453329932197066,10000
4629,-2.227832534324487,0.19164841622114182,0.01,4,35.60660914595302,1.0,0.060705994035705826,0.05207720792259314,10000
4630,0.9824523732634498,0.15742826461791992,0.01,1,5.481128546255777,0.0,0.046938096394206257,0.08480080719780986,10000
4631,-2.2490093206227324,0.18440628548463187,0.01,6,32.285333499097305,1.0,0.02778855358764905,0.03995666611562669,10000
4632,0.3981348145797115,0.16143387804428735,0.01,6,41.642339779087166,0.0,0.028547846792840052,0.06580131140727048,10000
4633,-2.061131873202438,0.21238944679498672,0.01,2,12.969656455823745,1.0,0.06313250366437627,0.03963841522423743,10000
4634,0.9581134700460981,0.17192572355270386,0.01,1,7.619658662737179,0.0,0.05905485404043314,0.06957536185386481,10000
4635,0.9330794704138837,0.23024657368659973,0.01,2,8.495293143082401,0.0,0.045036128114126966,0.09042503247508873,10000
4636,0.8453732530070316,0.1554861217737198,0.01,2,15.66662857952703,0.0,0.07466336640701819,0.20651570877177866,10000
4637,-2.48695927282435,0.1796585896185466,0.01,7,59.27349705483105,0.0,0.09577098216574455,0.0419162603233031,10000
4638,-2.0587152453807285,0.27701838811238605,0.01,3,10.731194791180549,1.0,0.03244287271976904,0.08865439957933705,10000
4639,0.9548279114151303,0.379459410905838,0.01,1,8.484803536010418,0.0,0.06056239391869085,0.11592410053812685,10000
4640,0.3955068460093502,0.2309595091002328,0.01,7,26.979930896400646,0.0,0.07842923830314373,0.04909694444750008,10000
4641,-2.382417048563251,0.23535991140774318,0.01,7,33.275900578128585,1.0,0.10523484883792962,0.05417627965678441,10000
4642,0.9714092665018776,0.30443617701530457,0.01,1,8.270167111754462,0.0,0.08908332532208117,0.15437240129593285,10000
4643,-2.328479494065083,0.1888431285818418,0.01,6,43.30588128173278,1.0,0.016996480912973566,0.042974508573049304,10000
4644,-2.0,0.21855571866035461,0.01,1,2.3550765508724627,1.0,0.06375177840857094,0.11087570147791788,10000
4645,-2.0913337895304984,0.218193918466568,0.01,3,18.175790505435597,1.0,0.06946509491858703,0.1114316976289362,10000
4646,1.0564942412827756,0.28580665588378906,0.01,1,1.5885008969340406,0.0,0.03835135061136786,0.061988456234642234,10000
4647,0.9813138156382687,0.20769861340522766,0.01,1,7.541839548758007,0.0,0.0736605864767731,0.17211900867179517,10000
4648,0.9438287668105059,0.15571763118108115,0.01,3,3.7997535034574867,0.0,0.0494612606615686,0.10372420149572403,10000
4649,0.6629930286177897,0.1844170242547989,0.01,4,27.96845506733427,0.0,0.05531154813327072,0.11776425227386762,10000
4650,0.867617309222553,0.2915904720624288,0.01,3,10.467779160687309,0.0,0.02801390492397177,0.054256351517294646,10000
4651,0.7823706770931383,0.22269411385059357,0.01,2,10.691710368063596,0.0,0.0922009170514936,0.08059672365184398,10000
4652,1.0010011970463106,0.1473873108625412,0.01,1,7.111086005312455,0.0,0.046017973314291326,0.11160248528353948,10000
4653,-2.2034340071168113,0.20454364269971848,0.01,4,32.7227446256981,1.0,0.017377135877942027,0.03581925077296745,10000
4654,0.8865179239978659,0.17390270034472147,0.01,3,13.203360105510784,0.0,0.05278795253468627,0.11600600695901728,10000
4655,1.0179181662606307,0.2785613238811493,0.01,1,4.02349840671585,0.0,0.04011131381426291,0.07847603862824916,10000
4656,-2.3252189369283176,0.20272694953850337,0.01,7,38.19559195912054,0.0,0.036481852317813784,0.045949198526347004,10000
4657,0.07439753440491798,0.2108588633792741,0.01,7,48.83867434547192,0.0,0.05306724092728655,0.03429614842970071,10000
4658,1.028625258684066,0.24554626643657684,0.01,1,1.089009918064717,0.0,0.03785494741845647,0.11129168591040996,10000
4659,0.8808424688445246,0.13227097690105438,0.01,2,8.457244058875954,0.0,0.0381060116205696,0.08133531455868247,10000
4660,1.0035939060338739,0.12959149479866028,0.01,1,6.181373895040884,0.0,0.032276365613124934,0.08103641834553839,10000
4661,-2.3958070379457967,0.19724234300000326,0.01,7,50.24136754490094,0.0,0.06507048772223009,0.04597669930425447,10000
4662,-2.0743246215856774,0.17045340314507484,0.01,4,10.58646142949846,1.0,0.06687995364127987,0.05959109961165517,10000
4663,0.8315822691550205,0.19785704215367636,0.01,3,16.35031315504074,0.0,0.040586014441877476,0.06766470766830493,10000
4664,0.93273532954758,0.14648602902889252,0.01,2,8.157079652841176,0.0,0.03025980321581584,0.06526124803187795,10000
4665,1.0219255803881906,0.12320220470428467,0.01,1,5.633834734903409,0.0,0.038753986693532014,0.09060800726871529,10000
4666,0.8726545104367264,0.20605573058128357,0.01,2,16.143401684388454,0.0,0.038872913402719735,0.08453794385955773,10000
4667,0.9814657754846334,0.18934553861618042,0.01,1,6.237194610123126,0.0,0.04463340941078312,0.13982498511863584,10000
4668,0.9672419118161381,0.23593589663505554,0.01,1,6.689735844194676,0.0,0.09069011369957586,0.14000720820849882,10000
4669,0.47226463410639147,0.16715685427188873,0.01,5,30.682151672320614,0.0,0.035134595619437534,0.050743057664720474,10000
4670,-2.0,0.1482691913843155,0.01,1,1.7050460404236778,1.0,0.09473687412236406,0.17844447491215887,10000
4671,0.9737186853970228,0.1673804223537445,0.01,1,8.933216241547296,0.0,0.04130419669334747,0.0750316748343895,10000
4672,0.8774440837297515,0.20170288532972336,0.01,2,13.125193749998687,0.0,0.0357908869470172,0.06515781585268085,10000
4673,-2.194021169289863,0.16182065222944533,0.01,7,29.23330665676771,1.0,0.03945544820330261,0.049870279050309614,10000
4674,-2.054320337352512,0.16928885132074356,0.01,2,15.33194299554445,1.0,0.06786179580447307,0.04809791058976568,10000
4675,0.6808882226883857,0.19190595299005508,0.01,4,22.27592772722314,0.0,0.0374641776044219,0.08970515114957796,10000
4676,0.6741899663713462,0.1501468817392985,0.01,3,25.800997894164986,0.0,0.01280681508931033,0.04113679902028081,10000
4677,1.0334670162600488,0.27418941259384155,0.01,1,1.8552129805221542,0.0,0.04396256844058599,0.051887678205017156,10000
4678,-2.5312457664843655,0.1839760286467416,0.01,7,50.12539444456408,0.0,0.11296913747051109,0.0442273143177881,10000
4679,-2.0248035250407685,0.16420772671699524,0.01,2,3.0681391989431983,1.0,0.06387272958223962,0.17594687855328392,10000
4680,-2.1322816154961273,0.2154500216245651,0.01,5,25.426149580553382,1.0,0.030069063879525244,0.052191616105256244,10000
4681,1.019914824582778,0.1375364512205124,0.01,1,1.8778355243321951,0.0,0.07220964879750506,0.2040881595566601,10000
4682,0.9754791924880807,0.20718926191329956,0.01,1,8.90058219313129,0.0,0.042132172989931736,0.06020279777072722,10000
4683,-2.1403720116297453,0.242739537358284,0.01,5,21.464870783401125,1.0,0.0349718313882033,0.09854082723895977,10000
4684,0.5230665944575102,0.24581360816955566,0.01,6,36.4800474548626,0.0,0.02318535722986496,0.03401407233843548,10000
4685,-2.3373571216877504,0.18736739882401057,0.01,7,41.07278854258431,0.0,0.01734693141622636,0.02775093093857782,10000
4686,-2.0619941918677833,0.21942647397518159,0.01,5,17.508392312334713,1.0,0.04750540712757935,0.054783587219087035,10000
4687,0.666679991509294,0.1970876932144165,0.01,5,26.84516877930937,0.0,0.027988565862641812,0.0420785807893455,10000
4688,0.7714879696799782,0.20226248105367026,0.01,3,17.271105876784276,0.0,0.027491131984932873,0.0860710047661975,10000
4689,1.0057291284051395,0.15085342526435852,0.01,2,5.733017360526426,0.0,0.041045885313985536,0.04767288558132761,10000
4690,0.9178123456605398,0.22512580454349518,0.01,2,6.974219919635752,0.0,0.055013479861379305,0.10519046185419588,10000
4691,-2.106437080226878,0.14880820363759995,0.01,3,17.216354463114804,1.0,0.05240195567256722,0.08501950733407646,10000
4692,0.8960655709575067,0.1784199277559916,0.01,3,9.813991976827614,0.0,0.04505540229391888,0.05335900434968983,10000
4693,-2.420480930785248,0.1676760305251394,0.01,7,62.08447648477416,0.0,0.03377142752638264,0.053170027289851415,10000
4694,-2.199321783390838,0.2200961091688701,0.01,7,26.969259775099093,0.0,0.05197586925547578,0.01773041573872248,10000
4695,-2.029418141361046,0.28356321156024933,0.01,2,8.952663113101677,1.0,0.053805361382632984,0.07672859212635517,10000
4696,0.855247468911057,0.30276254564523697,0.01,4,9.623250633075644,0.0,0.037941574896335845,0.07313760085793139,10000
4697,0.8756309891951535,0.19281335920095444,0.01,2,11.95512839161831,0.0,0.0424259757533908,0.0909485734798668,10000
4698,0.9221466741281277,0.19288114458322525,0.01,2,13.091465047017898,0.0,0.04978391262885002,0.11403695902088849,10000
4699,0.8149673152356037,0.16039280220866203,0.01,4,6.854503901626595,0.0,0.03706171264813228,0.029632368101121093,10000
4700,0.901315224599456,0.18519017100334167,0.01,2,10.434860217979761,0.0,0.04081284715256209,0.11465685492247588,10000
4701,0.9814653493788956,0.13247725367546082,0.01,1,2.5903778156448074,0.0,0.04474789120339565,0.0927082920096874,10000
4702,-2.201409782240886,0.22338632742563883,0.01,6,21.370724581984888,1.0,0.015525231198170734,0.015180695483044031,10000
4703,0.696372611830291,0.2212478630244732,0.01,4,20.940273617287154,0.0,0.04029247392804047,0.06607740852421715,10000
4704,-2.0850984090369167,0.1482625976204872,0.01,2,15.165873323387107,1.0,0.040023767153159646,0.11425777794184165,10000
4705,0.9608649532759697,0.35953229665756226,0.01,1,7.626207022993969,0.0,0.056243165124908706,0.13468324718582192,10000
4706,0.7983711222627399,0.15705845753351846,0.01,3,15.516123815224507,0.0,0.046310768290300945,0.14050258138077948,10000
4707,0.9710824149554964,0.20103681832551956,0.01,2,5.269395904836244,0.0,0.0411075463989525,0.10077512978186265,10000
4708,0.6077590726087156,0.17529849335551262,0.01,4,23.288768733990103,0.0,0.053652116351749865,0.04025181349576127,10000
4709,-2.3322716390644223,0.17063390215237936,0.01,6,51.63864805317682,1.0,0.050638616767351936,0.045580110278580936,10000
4710,-2.027517896595085,0.2052788883447647,0.01,2,8.387383107062739,1.0,0.037262950853035985,0.07222764006937409,10000
4711,-2.2750907089413532,0.19714441299438476,0.01,5,40.03110760873841,1.0,0.04188375374158962,0.044822892070599335,10000
4712,0.14021601650947318,0.14322680979967117,0.01,6,38.319640762019276,0.0,0.09541586185359846,0.041954728064848915,10000
4713,0.5917455333306463,0.17000299990177153,0.01,5,28.01904784431251,0.0,0.020010430286891197,0.027704045870528382,10000
4714,-2.018464108426294,0.15596404671669006,0.01,2,3.4303985126408367,1.0,0.044223463297587515,0.0905989525732148,10000
4715,-2.182788718110225,0.17713198065757751,0.01,6,28.95364191643065,1.0,0.026105684860614372,0.059043569048586764,10000
4716,1.0286228437580391,0.1458098292350769,0.01,1,4.278071445121194,0.0,0.055725872432647636,0.09417828211958269,10000
4717,0.8225570128951516,0.1867562010884285,0.01,2,17.705064726387697,0.0,0.04031100152078139,0.06351040857876827,10000
4718,1.0294936685947293,0.20963087677955627,0.01,1,3.597090936081578,0.0,0.08181891416973902,0.14858637556438098,10000
4719,0.9913702686107404,0.14985328912734985,0.01,1,7.775414384660906,0.0,0.07401168658551444,0.10073077644712279,10000
4720,-2.259871152251651,0.1860297748020717,0.01,7,36.64995935328657,0.0,0.024195373413795778,0.021624842508290464,10000
4721,0.9674842372144061,0.22376295924186707,0.01,1,7.3297561165372755,0.0,0.06139947745515387,0.13257894882562105,10000
4722,0.9048227508957556,0.17900580167770386,0.01,2,8.020691400025685,0.0,0.06022008919329469,0.08930587865221805,10000
4723,-2.213321321524753,0.22909556754997798,0.01,7,27.502322062119195,0.0,0.07733073760198456,0.031226909548611882,10000
4724,0.9585323710933562,0.16471855342388153,0.01,2,10.456045352742036,0.0,0.05036255294882223,0.17125373632023186,10000
4725,0.518393584979254,0.20629080012440681,0.01,4,32.37024342976509,0.0,0.04334685096247164,0.05861526433133764,10000
4726,-2.1101416644813336,0.18512764821449915,0.01,3,13.467344438266398,1.0,0.03071116211138671,0.049848931482419215,10000
4727,-2.041053552138815,0.20695287734270096,0.01,2,8.504041939843885,1.0,0.019408882723928714,0.049257341523354994,10000
4728,0.96556460824669,0.13869279623031616,0.01,1,5.471156013449432,0.0,0.07731774938175051,0.12223761297042252,10000
4729,-2.291565550595685,0.1756226271390915,0.01,7,47.452754350781134,1.0,0.04877646465460488,0.06863997703052457,10000
4730,-2.046508047458569,0.15665437777837118,0.01,3,8.242040148093814,1.0,0.023657592776953337,0.047833960685995165,10000
4731,0.7741568491783131,0.2119824836651484,0.01,3,19.75590094973724,0.0,0.04605929144251112,0.10062275863591155,10000
4732,-2.0192779026690055,0.1863599196076393,0.01,2,10.359812843411309,1.0,0.0566968104244876,0.10054868286555395,10000
4733,0.7182127536093722,0.20426608622074127,0.01,5,17.63727532079514,0.0,0.06533242544757738,0.09021724887144916,10000
4734,0.9705321704874085,0.2119566947221756,0.01,1,9.846565482034594,0.0,0.04621407243353586,0.07096304890085671,10000
4735,1.016170595602212,0.2291749268770218,0.01,1,3.905299060463552,0.0,0.03149029071819212,0.07154228501857338,10000
4736,1.026927514591008,0.30626922845840454,0.01,1,4.073015667185251,0.0,0.05126710636448642,0.06868581510117139,10000
4737,1.0280642456924303,0.1526501625776291,0.01,1,4.137189297085072,0.0,0.06990850569093159,0.18520943251392585,10000
4738,-2.0849624502137227,0.2432695279518763,0.01,3,18.376701522070363,1.0,0.053947594237533626,0.1099340345097725,10000
4739,-2.5193323379700057,0.21359851317746298,0.01,7,50.12436233753936,0.0,0.09082887602243488,0.017496216252092172,10000
4740,-2.098688099229096,0.2064750548452139,0.01,4,18.893841370657952,1.0,0.03675267845963647,0.056365091014943136,10000
4741,1.0281366164435426,0.16348598897457123,0.01,1,6.812550225977742,0.0,0.05204167008664998,0.11854509322629408,10000
4742,-2.425339159336226,0.20091026702097484,0.01,7,56.2265475442899,0.0,0.04117309137315958,0.04803071770551818,10000
4743,-2.055404609965455,0.231790229678154,0.01,2,11.984207841880067,1.0,0.02194033363978859,0.037853228838885165,10000
4744,-2.0309954259495715,0.19869831949472427,0.01,2,10.894768589482785,1.0,0.06110238707938213,0.16804673210938098,10000
4745,0.6360263260794907,0.1866466671228409,0.01,5,22.372158560854892,0.0,0.05012656804814275,0.04558821016218431,10000
4746,-2.318790243660247,0.2080093515770776,0.01,7,49.19383604109546,1.0,0.05238597554698661,0.031032210464243253,10000
4747,0.7076470629532894,0.15185382217168808,0.01,4,24.346888270856898,0.0,0.015849480645963688,0.031376930397712485,10000
4748,-2.271149772772779,0.18387439846992493,0.01,6,46.52941443252184,1.0,0.045899861676753966,0.055402463531889275,10000
4749,-2.0,0.14808706939220428,0.01,1,8.426295250084166,1.0,0.05164860377857668,0.15462980009591554,10000
4750,-2.301631581858751,0.22079362188066756,0.01,7,43.43097989618507,0.0,0.04435838922890818,0.0400537736854011,10000
4751,0.9463122471656842,0.18465892225503922,0.01,2,11.901117199211875,0.0,0.04976658002443815,0.14306800514041046,10000
4752,-2.3019701256590857,0.21091749199799129,0.01,7,40.2722701545642,0.0,0.041816689244973976,0.031079918050619142,10000
4753,0.717542580237378,0.21102121472358704,0.01,3,27.082931433174714,0.0,0.04005161051893222,0.08877555458483646,10000
4754,1.0434765524562797,0.18637818098068237,0.01,1,2.3350512031251576,0.0,0.05263042703295421,0.07395068499252298,10000
4755,0.5309079580242708,0.1545812947054704,0.01,6,27.796351563352218,0.0,0.048351878554361516,0.03315235931512694,10000
4756,0.9898368778892119,0.25584036111831665,0.01,1,6.944657316602038,0.0,0.035155747285353804,0.09585496000490175,10000
4757,-2.229752126187842,0.19928034501416342,0.01,7,39.39090905074238,0.0,0.03511939110733325,0.038778682061482904,10000
4758,0.6042541833761821,0.17515764944255352,0.01,4,30.55467404697672,0.0,0.043907883691651335,0.08461752202139303,10000
4759,0.6950866934354321,0.22577218413352967,0.01,5,23.226994978436355,0.0,0.059786402989006546,0.06602600543610002,10000
4760,-2.2260219367252168,0.1513512751885823,0.01,7,30.409343802130294,0.0,0.04677423852092321,0.04837107971703135,10000
4761,-2.230206788365023,0.16936010122299194,0.01,7,40.19984949370648,0.0,0.03044858611605529,0.03458704274553161,10000
4762,0.858084868946944,0.0903194472193718,0.01,2,13.453686237151574,0.0,0.020959779086115595,0.05950864557422691,10000
4763,-2.268008040776392,0.1456498235464096,0.01,5,46.39961309800291,1.0,0.05690772694120986,0.08360280668299408,10000
4764,-2.1446071766790813,0.17061211417118707,0.01,6,14.14955440609331,1.0,0.03884845590805128,0.06281495199256441,10000
4765,0.9116671257314911,0.20265666395425797,0.01,2,11.382314385100656,0.0,0.060463106286153194,0.11641532040406123,10000
4766,-2.0804020914052606,0.1275542825460434,0.01,2,14.979250698408446,1.0,0.07472675474589587,0.16347099342871038,10000
4767,-2.077589507042744,0.14850799987713495,0.01,3,11.624576901718894,1.0,0.02000712761241362,0.046560254063957744,10000
4768,0.5407779222038968,0.1875480736295382,0.01,6,32.94866356536545,0.0,0.028906516506797122,0.06674379987428862,10000
4769,1.0074216562278755,0.1623893529176712,0.01,1,4.798825678690826,0.0,0.08260479908751651,0.21882955384762873,10000
4770,-2.0446828927446306,0.15402275323867798,0.01,2,9.045696333200805,1.0,0.04202990076552647,0.06791310758309932,10000
4771,1.0206357154173404,0.09685121476650238,0.01,1,4.90170368254004,0.0,0.06529129997039226,0.07919855762109552,10000
4772,-2.3525570344532545,0.1687255918979645,0.01,5,42.26729379384799,1.0,0.02538667530577894,0.05148276414712345,10000
4773,-2.171049236628252,0.18792941868305207,0.01,5,26.26031156080398,1.0,0.035668303042219976,0.06005717703178467,10000
4774,0.9899209796297456,0.16085079312324524,0.01,1,8.52766228398894,0.0,0.03838751565444764,0.08356564223030563,10000
4775,-2.1646807949073112,0.15285689570009708,0.01,4,28.737465847423245,1.0,0.02115511048981259,0.03820090207003763,10000
4776,0.9910573968962139,0.11976268142461777,0.01,1,8.732782820194505,0.0,0.051179706341093686,0.11178371979235509,10000
4777,-2.0744720528373,0.12312844023108482,0.01,2,18.112712009352425,1.0,0.06071167473061992,0.16441161528873646,10000
4778,-2.019740848501836,0.18267308920621872,0.01,2,4.707112970774347,1.0,0.0634897033045961,0.08677718317763583,10000
4779,1.0064179803633564,0.24074479937553406,0.01,1,5.18909516722832,0.0,0.06016245260253629,0.16608371175380698,10000
4780,0.8701664923585307,0.18728960305452347,0.01,2,14.253559919644136,0.0,0.05852209759065628,0.10203523763165491,10000
4781,0.9022115344775488,0.18447478860616684,0.01,2,11.482729181168093,0.0,0.03584575707501226,0.10294004383892003,10000
4782,-2.096771799393487,0.1765952067715781,0.01,7,14.029616418429386,0.0,0.06815003739459394,0.046000958587122005,10000
4783,0.931812213829146,0.15296753495931625,0.01,2,10.158644227837305,0.0,0.02774220598783991,0.03164903189318421,10000
4784,0.8777209875092887,0.14316944777965546,0.01,2,12.139506119724754,0.0,0.04560575998351943,0.06002827400031404,10000
4785,0.8639784591496804,0.24478185176849365,0.01,2,10.840989324536956,0.0,0.04642864653621538,0.0905027148355757,10000
4786,-2.152945668551162,0.2054330004113061,0.01,7,25.613887518557522,0.0,0.028118115832771146,0.04094312772893021,10000
4787,-2.2246053550136153,0.15902545054753622,0.01,6,28.510392423392098,1.0,0.040419357899350576,0.024384502357959893,10000
4788,0.5340413681334006,0.13223570287227632,0.01,5,32.93695064578167,0.0,0.03982071010639189,0.030083320589705028,10000
4789,0.8593134090233645,0.1970481127500534,0.01,2,11.927892506504211,0.0,0.05900558883530289,0.05975316388646922,10000
4790,0.9098815320383462,0.21001068502664566,0.01,2,11.211293579443566,0.0,0.054602610463549445,0.10802746263045132,10000
4791,0.8527835665814728,0.2017862250407537,0.01,3,17.85944509306949,0.0,0.03336293758836921,0.04447988080595684,10000
4792,-2.342686770950082,0.17833436280488968,0.01,7,35.186586520708886,0.0,0.07005341003294523,0.029305097117619465,10000
4793,0.701090376331837,0.1313364158074061,0.01,3,22.127289245842462,0.0,0.0416982780209537,0.07933110052971432,10000
4794,1.0230950532786058,0.1968429982662201,0.01,1,3.7808472533603017,0.0,0.032653032519861944,0.06845661715088319,10000
4795,-2.009015620548137,0.1642605115969976,0.01,3,10.103193358880059,1.0,0.04014097797614795,0.04821714876399708,10000
4796,0.9813815957560854,0.09458892792463303,0.01,1,6.09775068953698,0.0,0.028813720875829448,0.0696897216739269,10000
4797,-2.1563816625346153,0.16172313541173935,0.01,5,26.050757397713763,1.0,0.04632638894407225,0.03704153785978965,10000
4798,-2.1121962048421454,0.15496626123785973,0.01,4,15.934826775164156,1.0,0.06547037758728444,0.036862595843141936,10000
4799,-2.184604234220341,0.20256777852773666,0.01,4,32.364193754855506,1.0,0.0216394631707208,0.04096146129639282,10000
4800,0.85506982729639,0.1575932502746582,0.01,2,9.913154740477463,0.0,0.02958986810229843,0.05363793605247168,10000
4801,-2.1078393848671957,0.28399139642715454,0.01,4,20.10441718021936,1.0,0.06274198023357022,0.08006310907879852,10000
4802,1.067810843454765,0.14894527196884155,0.01,1,1.0817977625315638,0.0,0.05370479874940304,0.08487310963069108,10000
4803,0.9771030480353736,0.21652397513389587,0.01,1,6.979424061653946,0.0,0.06275145204411216,0.09484848956801245,10000
4804,-2.4008389253522395,0.1713967121073178,0.01,7,46.650432949824356,0.0,0.06096261752130523,0.05793314570646192,10000
4805,-2.0,0.13421237468719482,0.01,1,6.4150179813701875,1.0,0.03235863583359552,0.08133132919036531,10000
4806,0.6800492876933111,0.18970734775066375,0.01,5,17.518407547641797,0.0,0.05711756473066133,0.07751894894657638,10000
4807,-2.075597697658614,0.16610247641801834,0.01,2,14.35310512989151,1.0,0.06493787677429398,0.1425744006643164,10000
4808,0.9615372572689722,0.15950343012809753,0.01,2,6.688851314970902,0.0,0.02918525998302677,0.07751161594668053,10000
4809,0.9891214671446396,0.15699397027492523,0.01,1,8.45795767449837,0.0,0.0704275207494565,0.1434494519334688,10000
4810,0.6429304338769963,0.15692772567272187,0.01,5,27.03390071841148,0.0,0.026991714773871738,0.06500983353816325,10000
4811,0.987687513182848,0.15596546232700348,0.01,1,7.496361750262078,0.0,0.060512082312758717,0.08916251005997203,10000
4812,-2.0222716049425586,0.18254928787549338,0.01,3,7.425408179472813,1.0,0.03389995137665311,0.09083661105791316,10000
4813,0.8283159565302896,0.16397113104661307,0.01,3,13.728618433070418,0.0,0.045727043237179237,0.13404428966624662,10000
4814,0.7208914373130848,0.16026924550533295,0.01,4,15.081082865774206,0.0,0.022264791522007506,0.05364403595022471,10000
4815,-2.0537947107708745,0.17379480600357056,0.01,3,16.247980710624827,1.0,0.04415623564367833,0.08887152895389508,10000
4816,-2.0852069687193486,0.21879002451896667,0.01,2,18.806474131597074,1.0,0.0407316094868238,0.08188624534221275,10000
4817,-2.2361591265706284,0.16655583892549788,0.01,7,33.183687655510795,0.0,0.052837802088771264,0.04836659024500847,10000
4818,-2.28062245975274,0.15335366626580557,0.01,6,36.49604428181928,1.0,0.05941196392231776,0.049663553562410555,10000
4819,-2.1435800131886142,0.18958083788553873,0.01,3,17.3961334759404,1.0,0.026442321713584464,0.045600712220020836,10000
4820,0.48051382227842376,0.17668994409697397,0.01,7,35.34938899154166,0.0,0.025566948204920788,0.030139930180725822,10000
4821,0.9378222706043882,0.171092689037323,0.01,2,11.04253555959584,0.0,0.024908711402642027,0.05961927330504383,10000
4822,-2.096303294380307,0.16854625443617502,0.01,3,17.069948898967414,1.0,0.017576622415707226,0.051881572452649134,10000
4823,0.7508132173180943,0.1566522220770518,0.01,3,19.99966727519673,0.0,0.0243806616197377,0.053579119708711605,10000
4824,0.560190261806206,0.2056641230980555,0.01,6,25.740369580228524,0.0,0.022805083140433776,0.02897994679064639,10000
4825,-2.069634574510447,0.1651014486948649,0.01,3,14.342877638752638,1.0,0.03716965896614514,0.09401283472597351,10000
4826,0.8808008426697895,0.1586985538403193,0.01,3,11.245030245333991,0.0,0.0302192104489708,0.05445251086377165,10000
4827,-2.08193307606334,0.2141579563419024,0.01,3,13.46202921319834,1.0,0.02366752231979554,0.07705603088210228,10000
4828,1.0249096779417766,0.15605151653289795,0.01,1,2.2066037807080976,0.0,0.05003288389099196,0.09345472499652184,10000
4829,0.9954555563712604,0.3075634837150574,0.01,1,5.98251257126385,0.0,0.04441811094461226,0.06685337236868846,10000
4830,-2.064379045274147,0.19841646999120713,0.01,5,16.63439180365055,1.0,0.04735797483607145,0.07102639869612401,10000
4831,0.7854359273674117,0.15238398810227713,0.01,3,16.624466700209922,0.0,0.016791198920273327,0.02313091485729281,10000
4832,0.3077143777703881,0.15898392349481583,0.01,6,44.211891781288045,0.0,0.02695488777301279,0.04601025129832671,10000
4833,0.7865599376783082,0.15952091291546822,0.01,4,15.21818569164119,0.0,0.02651874149341283,0.049330170298782575,10000
4834,1.0080971137979602,0.20366685092449188,0.01,1,1.8716280503556009,0.0,0.045791080062511307,0.0961507938707443,10000
4835,-2.3694100706865826,0.1887808463403157,0.01,7,55.71207297471205,0.0,0.01859496727416762,0.032235295978757135,10000
4836,-2.2781784160524197,0.19026825726032257,0.01,5,38.56651569744484,1.0,0.05819820278203585,0.07223493005834755,10000
4837,-2.086231495874453,0.1672848179936409,0.01,5,14.200407157091108,1.0,0.05726431419620957,0.07577234599713882,10000
4838,-2.025392384136933,0.18208328187465667,0.01,5,7.318668068987698,1.0,0.062475653237151756,0.03894213318520043,10000
4839,0.9371190396955564,0.15615037083625793,0.01,2,10.339212991948397,0.0,0.052650510880153316,0.10233216930337215,10000
4840,1.0380413716465056,0.20630612969398499,0.01,1,3.055354769869675,0.0,0.06872416353802986,0.17309186035971427,10000
4841,0.9804575639366891,0.14336206018924713,0.01,1,6.1823519747102145,0.0,0.05137996089348705,0.10525477914250453,10000
4842,0.5404831783221953,0.16511416137218476,0.01,5,32.13478459334732,0.0,0.04821719190833022,0.06355631802905376,10000
4843,0.9922071032884575,0.2987420856952667,0.01,1,9.442531672042449,0.0,0.06896663756936826,0.16034860889264427,10000
4844,-2.158382130404863,0.1845304731811796,0.01,7,20.785853772194088,0.0,0.022996711409355428,0.02224457113365411,10000
4845,-2.224150125314491,0.17011751873152597,0.01,7,28.53217775203221,0.0,0.0158106731174937,0.01726488961632094,10000
4846,-2.0485080466256336,0.16101741790771484,0.01,3,7.001714745606012,1.0,0.030106499137179447,0.0851665298381815,10000
4847,-2.2038844868971648,0.127991284430027,0.01,5,25.31305324700716,1.0,0.03830941151142294,0.059942041170641364,10000
4848,0.5367514689692092,0.14134784936904907,0.01,5,38.075576530596194,0.0,0.037203258826493786,0.05157393090529588,10000
4849,1.0211449430555544,0.15348102152347565,0.01,1,8.141171871248767,0.0,0.05995445717931329,0.12187847923109654,10000
4850,0.915616883885611,0.1209779791533947,0.01,2,10.561956349735071,0.0,0.05240984576489268,0.08069607143678298,10000
4851,0.8669278891066095,0.2123226523399353,0.01,2,13.5989186177415,0.0,0.025570714804450684,0.07028528602513923,10000
4852,0.7435501133915225,0.14347775280475616,0.01,3,21.758171725742635,0.0,0.049463039414291754,0.08244424511724222,10000
4853,1.0277296099741726,0.1826191544532776,0.01,1,3.2208939588406085,0.0,0.04689993325140847,0.0850751248821246,10000
4854,-2.0285864309211155,0.22209449112415314,0.01,2,8.61289566328696,1.0,0.0521010647777093,0.14180057076645577,10000
4855,0.8543019922845482,0.13042709231376648,0.01,2,15.258927735514138,0.0,0.040041598344900585,0.0687289630775883,10000
4856,-2.1217440611949376,0.18467670803268751,0.01,6,19.56649017979141,1.0,0.03471038123180695,0.038344434088024584,10000
4857,-2.172928491429782,0.2048120324810346,0.01,6,33.82492105018614,1.0,0.05892664873642776,0.054583920519508375,10000
4858,-2.0806612453685482,0.1786804124712944,0.01,4,17.646080201671566,1.0,0.060539432770941135,0.06717886742298175,10000
4859,-2.008216727826026,0.1695905476808548,0.01,2,6.195471092640425,1.0,0.06139966356799372,0.07621165581840525,10000
4860,0.8683078830998862,0.19608443478743234,0.01,3,13.973700499943941,0.0,0.03671555681822502,0.09179471317912753,10000
4861,0.9159243923656051,0.1963045746088028,0.01,2,8.412277120407115,0.0,0.043805465278936154,0.09302135172668682,10000
4862,1.0121398382324638,0.27809542417526245,0.01,1,3.9415473575930657,0.0,0.06985604581660664,0.11339891565463721,10000
4863,0.9993338046237552,0.16234607994556427,0.01,1,2.2445311040170584,0.0,0.04630961339381239,0.12052498813280943,10000
4864,1.033501296600046,0.1924055963754654,0.01,1,2.0607529374795286,0.0,0.05471943483486504,0.0963911245121022,10000
4865,-2.0569470332896738,0.19925491015116373,0.01,3,10.321664704849734,1.0,0.04050010292207025,0.05476714062288693,10000
4866,0.5491100265487712,0.2444110244512558,0.01,5,29.59777314417883,0.0,0.015244177973458164,0.02617693385401149,10000
4867,0.6474231132119171,0.1748310774564743,0.01,4,23.94401737051662,0.0,0.04760817142866476,0.08539273645274909,10000
4868,0.691172377089336,0.1784602776169777,0.01,4,21.49401711319755,0.0,0.03352636446000884,0.05452663900089168,10000
4869,1.0178144121182733,0.17132289707660675,0.01,1,4.038361579242462,0.0,0.07157195096527356,0.14472544378555943,10000
4870,-2.27030476742871,0.1924102336168289,0.01,5,40.099892672931894,1.0,0.04247618203613269,0.042424897109106956,10000
4871,-2.2036143646461515,0.2472204677760601,0.01,4,32.92780065459303,1.0,0.06860408699417885,0.06630638256010629,10000
4872,-2.252442933048413,0.18219269067049026,0.01,7,30.66517396146802,0.0,0.039066751562254,0.02300690254383295,10000
4873,1.0180229950224393,0.21033254265785217,0.01,1,6.780962717260763,0.0,0.0722140031787343,0.11719856028619847,10000
4874,0.48248906785318985,0.17999473214149475,0.01,6,33.96074422249035,0.0,0.0648967152682447,0.06960603339588169,10000
4875,1.0040561690887257,0.16379296779632568,0.01,1,6.852679073171361,0.0,0.06421319517441722,0.17166583165391278,10000
4876,-2.299360368399872,0.22579979648192725,0.01,6,41.19060889684791,1.0,0.05254335952493245,0.029386577475114476,10000
4877,-2.050206784656806,0.18998781219124794,0.01,4,12.938945805893763,1.0,0.04382219956084932,0.07190029200984395,10000
4878,0.971676527428421,0.2006072700023651,0.01,1,8.993068797471896,0.0,0.04306747022646021,0.10761790271534674,10000
4879,0.9848245802460273,0.2615627944469452,0.01,1,8.913920132463748,0.0,0.06117860114813172,0.13329940409780774,10000
4880,-2.4161366970806526,0.2098272911139897,0.01,7,58.653037371784414,0.0,0.09973748891237182,0.046326033968432226,10000
4881,0.9073506819336365,0.15959970653057098,0.01,2,8.156513836831811,0.0,0.02674794204029267,0.06549494351699978,10000
4882,-2.0708420564232486,0.2509699687361717,0.01,2,16.779206931153446,1.0,0.01886828159380153,0.04149023172556618,10000
4883,0.7526119903429002,0.2240916738907496,0.01,3,21.069211638065518,0.0,0.04668614269557588,0.10197541360428228,10000
4884,-2.3357236829126227,0.18486201018095016,0.01,6,30.407519808973014,1.0,0.09213337146151868,0.07321046760643876,10000
4885,-2.3205391850758375,0.21498150484902517,0.01,7,44.27514094488603,0.0,0.02977412895151901,0.03840199719891875,10000
4886,-2.1506742272255996,0.19509527583916983,0.01,3,20.54433022157886,1.0,0.04310358027810088,0.06382822186545137,10000
4887,-2.0106307664723513,0.1668114736676216,0.01,2,8.479575700744682,1.0,0.028862822040487044,0.07520555789916086,10000
4888,-2.2765205695955633,0.15724109609921774,0.01,6,39.318176934754106,1.0,0.05556526481302671,0.02689272980423749,10000
4889,0.8189324254597072,0.19651786734660467,0.01,3,14.320997280895599,0.0,0.030346877278714206,0.07841780727974686,10000
4890,-2.1971399547797152,0.16367490589618683,0.01,5,32.0371098493557,1.0,0.046773713572304004,0.06836586364742364,10000
4891,-2.073701442147367,0.1487786148985227,0.01,3,13.15478462532258,1.0,0.03529741576507465,0.06900854733453642,10000
4892,-2.3062551025235765,0.2357871936900275,0.01,7,41.54470854750478,1.0,0.04617466408273348,0.10563798683775717,10000
4893,-2.3391391629497162,0.20020547615630285,0.01,7,44.70611005078361,0.0,0.03707238415617713,0.036486458444309644,10000
4894,-2.1579803127493142,0.1903134435415268,0.01,7,15.505973808063944,0.0,0.07667691582007456,0.03342532472358969,10000
4895,0.9860697603394252,0.16548940539360046,0.01,1,6.93677647004745,0.0,0.03539432938688322,0.12804124464723932,10000
4896,0.6356095721446197,0.21896107122302055,0.01,4,27.09828953441517,0.0,0.03852656908365017,0.08685495260989563,10000
4897,0.929481688704201,0.2264689952135086,0.01,2,7.45971643594545,0.0,0.03139482691177441,0.08010110538714534,10000
4898,-2.0,0.1612969934940338,0.01,1,1.2406109992569778,1.0,0.08278094700787506,0.16829896970416103,10000
4899,0.8946718800335065,0.16285399347543716,0.01,2,12.76966719547071,0.0,0.04790719989551527,0.09693114018937846,10000
4900,0.9677840759507833,0.0937003642320633,0.01,1,9.041703003383352,0.0,0.056434009289625504,0.0722379353095671,10000
4901,-2.1828423951146574,0.15659066076789582,0.01,7,35.26828484213752,0.0,0.02002796853576993,0.029763956331128383,10000
4902,0.9136475149742787,0.20374546945095062,0.01,2,10.996969656664014,0.0,0.03548889669073177,0.0713384471158207,10000
4903,-2.0174563672962273,0.16811829060316086,0.01,2,4.299410535970757,1.0,0.04167260111195593,0.09432359445834984,10000
4904,0.7972693205233116,0.1979197934269905,0.01,2,17.337051995347935,0.0,0.06034756173338746,0.1131842591933193,10000
4905,0.8031950374141081,0.13776575028896332,0.01,3,15.29977854233902,0.0,0.04467809704879825,0.08582817991548178,10000
4906,0.22412090252245476,0.18301002149071013,0.01,7,53.26221774578271,0.0,0.0328075697806529,0.046323230221023436,10000
4907,-2.4093658597497694,0.202570270214762,0.01,7,43.091629458810445,0.0,0.07325523249142377,0.030797052285192396,10000
4908,-2.0262225130729545,0.1808972954750061,0.01,2,11.699726746920696,1.0,0.0470805698490336,0.11086868805555126,10000
4909,-2.060024138185598,0.14227285236120224,0.01,2,13.31152315443093,1.0,0.056051798530482484,0.09183356106662492,10000
4910,0.9845600494364137,0.12294062227010727,0.01,2,5.596817320516763,0.0,0.033437684188074863,0.07099150966395022,10000
4911,0.986393799053328,0.22227418422698975,0.01,1,3.938605491837098,0.0,0.034089772716534704,0.08131202032159249,10000
4912,0.7343152839569327,0.1343019256989161,0.01,3,19.801375440191638,0.0,0.03689174284921819,0.10488779028203998,10000
4913,-2.2443667789724264,0.19826576113700867,0.01,7,34.19120806058554,0.0,0.01997268641281954,0.026654446720655388,10000
4914,0.792345995944522,0.1741239974896113,0.01,3,19.469695199897338,0.0,0.0356984442156362,0.09767295095814796,10000
4915,0.9977524004943474,0.17790931463241577,0.01,1,9.518223484558705,0.0,0.05349387502067238,0.10060557734266827,10000
4916,1.014868326546734,0.1923046112060547,0.01,1,4.334323812758942,0.0,0.06938819569888904,0.14755518102718962,10000
4917,-2.1323153839633338,0.18968553841114044,0.01,4,21.358554876428308,1.0,0.07161865442778663,0.0685984476705397,10000
4918,0.8755943069947109,0.1565958485007286,0.01,2,11.294730178296017,0.0,0.020311368120714768,0.05828550305378088,10000
4919,-2.343129759072098,0.18249310851097106,0.01,5,41.93364164762275,1.0,0.04802269723922496,0.07274011789221649,10000
4920,-2.140858370493384,0.16462540328502656,0.01,5,22.341967512822173,1.0,0.05595530941177413,0.025515145427432002,10000
4921,-2.0204891901007755,0.1465303599834442,0.01,2,8.599402693170012,1.0,0.03513445772348903,0.07732871171672717,10000
4922,-2.3559886824369354,0.1849158542851607,0.01,6,52.05046086116981,1.0,0.029257946670372362,0.01934271551726024,10000
4923,1.0480029491343084,0.1219058558344841,0.01,1,1.6570448603535644,0.0,0.051833987343946744,0.11523412885936546,10000
4924,-2.0,0.21529629826545715,0.01,1,6.019017357772089,1.0,0.08095628608834192,0.26672155285760574,10000
4925,-2.1946280345629576,0.21252399682998657,0.01,7,26.800230732112286,1.0,0.026195854399257076,0.02726743433087725,10000
4926,-2.1792641829134123,0.1651092150381633,0.01,7,31.633885764081036,1.0,0.013365689558730435,0.0206821732767168,10000
4927,0.8947861423814037,0.23491839319467545,0.01,2,11.408298861805864,0.0,0.045832450174359135,0.10698743322082546,10000
4928,-2.379658646433451,0.18260667969783148,0.01,6,56.997307456012905,1.0,0.08376073863502696,0.0901773436118972,10000
4929,0.1421056925451929,0.22242478529612222,0.01,6,48.91997306616068,0.0,0.04006069150774215,0.05828382116400271,10000
4930,-2.1873907938135324,0.12385616078972816,0.01,4,30.596009794972026,1.0,0.04720908630328223,0.045240502472620195,10000
4931,-2.1432012613050757,0.22567198744841985,0.01,7,20.29612106728426,0.0,0.024672015181701326,0.05594358978851255,10000
4932,-2.251480825155415,0.15668088623455592,0.01,7,20.703837053699672,0.0,0.08335190526193398,0.02007187698798626,10000
4933,-2.4687551560942333,0.19584219051258905,0.01,7,42.697199646577545,0.0,0.07023343831142964,0.05396884058880347,10000
4934,-2.2328511910076494,0.17258593333618982,0.01,7,30.64155183024478,0.0,0.017668361734754036,0.03295555028697414,10000
4935,1.0009595832804912,0.18018800020217896,0.01,1,8.195689849965003,0.0,0.04967111117387097,0.10314666092329539,10000
4936,-2.06246647305866,0.22353223711252213,0.01,2,9.466676595545692,1.0,0.05301674265433106,0.10180089454932363,10000
4937,-2.1642056132556915,0.19077132216521672,0.01,7,22.524753344832884,0.0,0.03933435885401983,0.042119160830745024,10000
4938,-2.144221218568803,0.1854504644870758,0.01,3,28.968879220289388,1.0,0.08162446879685595,0.10900537396552094,10000
4939,-2.4396325072241813,0.15762069182736532,0.01,7,51.901413059137276,0.0,0.03529785946293097,0.04197772145043318,10000
4940,-2.322352697913233,0.18986939106668746,0.01,7,36.642811936396946,0.0,0.0719571147099388,0.02404044527119847,10000
4941,0.8406956118360979,0.18009061366319656,0.01,2,16.821929117658197,0.0,0.05283010694138409,0.10625806409516834,10000
4942,0.9882982548740342,0.547053873538971,0.01,1,3.8958775728678723,0.0,0.05564330531403605,0.11927205077649863,10000
4943,-2.179817403718552,0.16869018226861954,0.01,4,26.998848877072888,1.0,0.07270769744937006,0.08304512181420068,10000
4944,0.9579827357492773,0.12380768358707428,0.01,1,9.950147558284531,0.0,0.057851955869192624,0.0781315538735282,10000
4945,-2.059294812832878,0.19347474724054337,0.01,2,18.689302555773054,1.0,0.04943920225499365,0.13595257549906029,10000
4946,-2.2425721236140026,0.18512267938682012,0.01,7,31.030291864267383,0.0,0.01693173869213842,0.02719774240024305,10000
4947,1.0322651156625005,0.19140493869781494,0.01,1,2.9882544235746353,0.0,0.04955554030761947,0.11534505368730218,10000
4948,-2.330968333357196,0.19306241969267526,0.01,6,51.22637499810853,1.0,0.05766876703030788,0.037017858754895605,10000
4949,0.16126844595961431,0.20191838343938193,0.01,6,53.58058777812966,0.0,0.04834144639126766,0.03863262874489318,10000
4950,0.5571370889880016,0.17748526909521647,0.01,7,23.501586394685383,0.0,0.03850188995279481,0.015966257410787204,10000
4951,0.9638849539929586,0.28847503662109375,0.01,1,8.972533017569106,0.0,0.04592759558938657,0.10339911129802268,10000
4952,0.9099604123334234,0.17160950601100922,0.01,2,9.599042186600919,0.0,0.04957995574837223,0.0905472656955914,10000
4953,-2.2210254189220593,0.18240927159786224,0.01,7,31.48630841804786,0.0,0.04330580796752283,0.04220703787908297,10000
4954,0.8352874125433606,0.1889803409576416,0.01,2,15.375297529061406,0.0,0.05982990714311778,0.1900021932504006,10000
4955,-2.0,0.22374115884304047,0.01,1,5.337928755738306,1.0,0.05646344922026473,0.11098432676520546,10000
4956,1.0100649805985709,0.1232040673494339,0.01,1,3.3442936452134604,0.0,0.034769470742421676,0.04588348417739715,10000
4957,0.9220879086887886,0.22362887859344482,0.01,2,8.350397226274596,0.0,0.04036911161210244,0.07443264743922663,10000
4958,0.471474058154304,0.18466376140713692,0.01,4,28.568681525887,0.0,0.045083730092011234,0.07772644950488766,10000
4959,0.8244233479796109,0.22696835547685623,0.01,3,13.028738801811128,0.0,0.025322895311856317,0.04890001111646894,10000
4960,-2.1493728404534784,0.17726666160992213,0.01,7,28.121235917679645,0.0,0.05015908283212316,0.029644238039231496,10000
4961,-2.069822284707012,0.12568425138791403,0.01,3,14.362089957639949,1.0,0.07626540212441933,0.06454698000627401,10000
4962,-2.199076607924979,0.2094075083732605,0.01,4,28.482612533364676,1.0,0.03473345467471881,0.05093018838094902,10000
4963,1.0592751688503212,0.19653929769992828,0.01,1,1.5194267874841143,0.0,0.031462321255773015,0.05968410419907928,10000
4964,-2.069808848585631,0.18736007064580917,0.01,2,17.623057886757152,1.0,0.04511666085985451,0.09634645021528263,10000
4965,-2.010655332504731,0.16420697420835495,0.01,2,9.352640729656727,1.0,0.07002824996009274,0.18478073185687638,10000
4966,-2.040357184125887,0.2450311779975891,0.01,2,11.925178217135063,1.0,0.05860089079276083,0.12306228874435793,10000
4967,-2.0413609852510706,0.2182421088218689,0.01,2,9.774934778303637,1.0,0.0685530498376275,0.06495923759931382,10000
4968,-2.106113728452016,0.19265536218881607,0.01,4,17.22596444786352,1.0,0.04726554639887219,0.031044466418596508,10000
4969,0.9203841580262558,0.15738830715417862,0.01,2,9.863003576471348,0.0,0.03666465451134683,0.17182734675486014,10000
4970,-2.0,0.1704448163509369,0.01,1,6.603290549559394,1.0,0.03215748999576122,0.06055759805543671,10000
4971,-2.0327160325421136,0.18566486984491348,0.01,2,10.935946526993611,1.0,0.024664140438587598,0.027184971700882486,10000
4972,1.016383027429015,0.22852978110313416,0.01,1,4.597589096566269,0.0,0.04577554125342615,0.11532045101097015,10000
4973,0.8351256488156054,0.21093609432379404,0.01,3,14.402148220775567,0.0,0.040702831000137246,0.035149721170700074,10000
4974,-2.030034198716127,0.17360958456993103,0.01,2,5.479712297253644,1.0,0.05640289017641741,0.14085189030598871,10000
4975,-2.0491790777622505,0.17853209376335144,0.01,2,7.590476060630137,1.0,0.05886405796909534,0.10198342494414613,10000
4976,-2.2271153990592634,0.15919173806905745,0.01,5,27.862668481664,1.0,0.026659196984877745,0.053666783383612304,10000
4977,0.8843283910027768,0.16303157806396484,0.01,2,14.485792127514504,0.0,0.0377375029192297,0.05341904325068965,10000
4978,0.9022853454316239,0.2268345057964325,0.01,2,12.299562094480763,0.0,0.054266068815880746,0.11939980812810802,10000
4979,-2.0649277570326974,0.17903567850589752,0.01,2,12.9166117853758,1.0,0.05193925945118495,0.09261184699894873,10000
4980,-2.03216118788532,0.16287068277597427,0.01,4,9.166502487378668,1.0,0.04421007324430948,0.06937721947175407,10000
4981,0.8793783225776902,0.2255372256040573,0.01,2,11.292115261686963,0.0,0.07018704231268272,0.08532269829219952,10000
4982,-2.1270117248270957,0.1865103468298912,0.01,6,18.539882687880365,1.0,0.009765698827358045,0.022582870083667342,10000
4983,0.9611821794537467,0.13841617107391357,0.01,1,8.614143214385086,0.0,0.023505902815931755,0.061544706532330844,10000
4984,-2.313990560226932,0.199289898787226,0.01,7,38.8915175272673,1.0,0.05746277094063169,0.04725133755867528,10000
4985,0.7600478063423389,0.17877955238024393,0.01,3,14.956754342342737,0.0,0.02750310580980475,0.07674353582609461,10000
4986,-2.138762088290412,0.17259879037737846,0.01,4,23.20943935049314,1.0,0.038634154077009514,0.0946776860282243,10000
4987,0.9570842588297916,0.19185607880353928,0.01,2,8.348153084268626,0.0,0.039209942478867325,0.0704280020930944,10000
4988,0.6671831323793176,0.12779714725911617,0.01,4,24.622943336929875,0.0,0.035291272390198365,0.09334716454293933,10000
4989,-2.3495036098610025,0.1919898156608854,0.01,7,54.73127173584111,0.0,0.032880629353430404,0.04448128671133684,10000
4990,0.9125130193558973,0.17362051705519357,0.01,3,11.36992564977955,0.0,0.036050904340704557,0.06874231275836247,10000
4991,-2.028514421540637,0.16430386900901794,0.01,2,7.437131154693045,1.0,0.04379885800481105,0.09210139597753221,10000
4992,0.7628112982907156,0.13748611323535442,0.01,4,18.45798768717457,0.0,0.03805757634773638,0.08046413253307558,10000
4993,0.9833204532472698,0.19873657822608948,0.01,1,5.421825111428487,0.0,0.06371407260842027,0.10805667282061573,10000
4994,0.8915595080606877,0.16810919344425201,0.01,2,14.443881025839701,0.0,0.043455389502336364,0.06054332349911213,10000
4995,-2.0695715480754378,0.1416100114583969,0.01,2,15.74551507073153,1.0,0.058232739141730404,0.09603753478924276,10000
4996,0.8945611768605175,0.17396362125873566,0.01,2,14.25978320754442,0.0,0.04953300604918322,0.07817659108846377,10000
4997,-2.241952631704479,0.1833598635026387,0.01,7,24.076262337131894,0.0,0.09536439137022769,0.042614632155275424,10000
4998,-2.2210679855476605,0.19207443669438362,0.01,4,33.77544116505801,1.0,0.05639300773836038,0.06454771684197268,10000
4999,-2.025596456294377,0.2094154804944992,0.01,2,11.847256667439542,1.0,0.03783482210803723,0.06206280324982537,10000
5000,0.996756935373835,0.23674890398979187,0.01,1,4.483812825856881,0.0,0.043579330116055824,0.08953011202806158,10000
